step,nspecies_per_node_1,nspecies_per_node_2,nspecies_per_node_3,nspecies_per_node_4,nspecies_per_node_5,nspecies_per_node_6,nspecies_per_node_7,nspecies_per_node_8,nspecies_per_node_9,nspecies_per_node_10,nspecies_per_node_11,nspecies_per_node_12,nspecies_per_node_13,nspecies_per_node_14,nspecies_per_node_15,nspecies_per_node_16,nspecies_per_node_17,nspecies_per_node_18,nspecies_per_node_19,nspecies_per_node_20,nspecies_per_node_21,nspecies_per_node_22,nspecies_per_node_23,nspecies_per_node_24,nspecies_per_node_25,nspecies_per_node_26,nspecies_per_node_27,nspecies_per_node_28,nspecies_per_node_29,nspecies_per_node_30,nspecies_per_node_31,nspecies_per_node_32,nspecies_per_node_33,nspecies_per_node_34,nspecies_per_node_35,nspecies_per_node_36,nspecies_per_node_37,nspecies_per_node_38,nspecies_per_node_39,nspecies_per_node_40,nspecies_per_node_41,nspecies_per_node_42,nspecies_per_node_43,nspecies_per_node_44,nspecies_per_node_45,nspecies_per_node_46,nspecies_per_node_47,nspecies_per_node_48,nspecies_per_node_49,nspecies_per_node_50,nspecies_per_node_51,nspecies_per_node_52,nspecies_per_node_53,nspecies_per_node_54,nspecies_per_node_55,nspecies_per_node_56,nspecies_per_node_57,nspecies_per_node_58,nspecies_per_node_59,nspecies_per_node_60,nspecies_per_node_61,nspecies_per_node_62,nspecies_per_node_63,nspecies_per_node_64,nspecies_per_node_65,nspecies_per_node_66,nspecies_per_node_67,nspecies_per_node_68,nspecies_per_node_69,nspecies_per_node_70,nspecies_per_node_71,nspecies_per_node_72,nspecies_per_node_73,nspecies_per_node_74,nspecies_per_node_75,nspecies_per_node_76,nspecies_per_node_77,nspecies_per_node_78,nspecies_per_node_79,nspecies_per_node_80,nspecies_per_node_81,nspecies_per_node_82,nspecies_per_node_83,nspecies_per_node_84,nspecies_per_node_85,nspecies_per_node_86,nspecies_per_node_87,nspecies_per_node_88,nspecies_per_node_89,nspecies_per_node_90,nspecies_per_node_91,nspecies_per_node_92,nspecies_per_node_93,nspecies_per_node_94,nspecies_per_node_95,nspecies_per_node_96,nspecies_per_node_97,nspecies_per_node_98,nspecies_per_node_99,nspecies_per_node_100
0,100.0,100.0,100.0,100.0,100.0,100.0,100.0,100.0,100.0,100.0,100.0,100.0,100.0,100.0,100.0,100.0,100.0,100.0,100.0,100.0,100.0,100.0,100.0,100.0,100.0,100.0,100.0,100.0,100.0,100.0,100.0,100.0,100.0,100.0,100.0,100.0,100.0,100.0,100.0,100.0,100.0,100.0,100.0,100.0,100.0,100.0,100.0,100.0,100.0,100.0,100.0,100.0,100.0,100.0,100.0,100.0,100.0,100.0,100.0,100.0,100.0,100.0,100.0,100.0,100.0,100.0,100.0,100.0,100.0,100.0,100.0,100.0,100.0,100.0,100.0,100.0,100.0,100.0,100.0,100.0,100.0,100.0,100.0,100.0,100.0,100.0,100.0,100.0,100.0,100.0,100.0,100.0,100.0,100.0,100.0,100.0,100.0,100.0,100.0,100.0
1,123.0,120.0,128.0,124.0,146.0,148.0,123.0,121.0,138.0,111.0,124.0,119.0,114.0,121.0,106.0,126.0,129.0,122.0,123.0,106.0,120.0,125.0,131.0,109.0,119.0,118.0,160.0,160.0,133.0,126.0,121.0,100.0,94.0,109.0,111.0,95.0,90.0,82.0,113.0,120.0,94.0,99.0,91.0,108.0,97.0,85.0,101.0,93.0,91.0,108.0,111.0,123.0,134.0,117.0,111.0,115.0,105.0,124.0,117.0,132.0,123.0,121.0,108.0,110.0,127.0,112.0,123.0,112.0,90.0,119.0,84.0,101.0,111.0,104.0,92.0,110.0,104.0,101.0,103.0,94.0,85.0,85.0,78.0,96.0,90.0,91.0,65.0,90.0,83.0,74.0,105.0,96.0,101.0,93.0,92.0,90.0,91.0,85.0,100.0,100.0
2,154.0,138.0,143.0,141.0,145.0,154.0,145.0,153.0,163.0,137.0,145.0,139.0,145.0,125.0,126.0,125.0,132.0,132.0,124.0,129.0,131.0,147.0,118.0,147.0,142.0,133.0,118.0,124.0,145.0,136.0,124.0,115.0,120.0,95.0,113.0,119.0,124.0,123.0,126.0,117.0,99.0,111.0,99.0,123.0,98.0,96.0,121.0,99.0,100.0,98.0,122.0,131.0,128.0,132.0,143.0,129.0,131.0,122.0,121.0,114.0,88.0,110.0,122.0,134.0,127.0,125.0,118.0,120.0,110.0,128.0,112.0,104.0,109.0,90.0,114.0,90.0,100.0,128.0,109.0,105.0,96.0,88.0,97.0,103.0,88.0,92.0,95.0,94.0,91.0,98.0,115.0,103.0,106.0,99.0,90.0,124.0,106.0,92.0,99.0,124.0
3,171.0,165.0,132.0,176.0,151.0,169.0,162.0,154.0,145.0,164.0,137.0,148.0,158.0,147.0,135.0,151.0,147.0,147.0,146.0,138.0,138.0,143.0,150.0,140.0,147.0,155.0,170.0,147.0,141.0,149.0,134.0,132.0,135.0,132.0,132.0,135.0,132.0,155.0,146.0,121.0,105.0,124.0,95.0,131.0,121.0,98.0,115.0,112.0,112.0,123.0,152.0,155.0,139.0,148.0,134.0,135.0,151.0,160.0,134.0,121.0,118.0,100.0,127.0,114.0,121.0,109.0,121.0,118.0,122.0,119.0,108.0,110.0,111.0,106.0,122.0,109.0,100.0,108.0,104.0,113.0,101.0,106.0,117.0,88.0,109.0,113.0,85.0,86.0,112.0,128.0,126.0,107.0,127.0,112.0,120.0,117.0,111.0,105.0,132.0,114.0
4,194.0,181.0,177.0,181.0,162.0,170.0,180.0,173.0,176.0,162.0,145.0,148.0,163.0,181.0,165.0,175.0,156.0,175.0,171.0,140.0,185.0,163.0,179.0,158.0,151.0,140.0,157.0,180.0,182.0,180.0,114.0,127.0,152.0,146.0,160.0,154.0,149.0,142.0,135.0,151.0,129.0,114.0,125.0,111.0,122.0,98.0,113.0,122.0,132.0,103.0,160.0,163.0,140.0,165.0,149.0,177.0,156.0,148.0,133.0,164.0,131.0,147.0,125.0,117.0,132.0,128.0,137.0,121.0,141.0,123.0,120.0,122.0,121.0,126.0,119.0,128.0,119.0,118.0,117.0,146.0,106.0,111.0,96.0,100.0,117.0,111.0,109.0,101.0,112.0,109.0,119.0,126.0,125.0,121.0,129.0,121.0,129.0,124.0,108.0,125.0
5,186.0,197.0,186.0,200.0,196.0,192.0,177.0,190.0,179.0,180.0,178.0,161.0,161.0,147.0,177.0,181.0,193.0,186.0,171.0,161.0,177.0,172.0,175.0,188.0,164.0,187.0,168.0,175.0,192.0,172.0,138.0,142.0,147.0,152.0,139.0,177.0,158.0,160.0,155.0,167.0,117.0,122.0,122.0,138.0,139.0,117.0,127.0,115.0,126.0,126.0,175.0,165.0,178.0,186.0,173.0,178.0,168.0,162.0,169.0,179.0,151.0,155.0,173.0,158.0,154.0,123.0,154.0,146.0,150.0,153.0,135.0,133.0,131.0,124.0,129.0,136.0,132.0,139.0,142.0,149.0,126.0,141.0,134.0,120.0,114.0,101.0,115.0,127.0,106.0,108.0,141.0,134.0,118.0,112.0,140.0,131.0,133.0,124.0,137.0,128.0
6,175.0,203.0,194.0,197.0,208.0,199.0,183.0,209.0,202.0,188.0,184.0,185.0,203.0,177.0,189.0,208.0,188.0,182.0,164.0,185.0,201.0,182.0,172.0,170.0,194.0,170.0,212.0,221.0,174.0,197.0,175.0,155.0,179.0,194.0,165.0,176.0,161.0,169.0,176.0,147.0,140.0,143.0,148.0,147.0,147.0,151.0,141.0,128.0,150.0,132.0,193.0,172.0,184.0,200.0,188.0,163.0,181.0,180.0,194.0,186.0,168.0,167.0,167.0,145.0,177.0,161.0,179.0,158.0,164.0,179.0,151.0,161.0,140.0,150.0,128.0,146.0,153.0,125.0,148.0,147.0,127.0,126.0,121.0,137.0,120.0,149.0,124.0,127.0,145.0,134.0,139.0,155.0,146.0,138.0,138.0,131.0,132.0,152.0,140.0,157.0
7,191.0,211.0,230.0,220.0,243.0,230.0,192.0,208.0,210.0,213.0,223.0,214.0,213.0,190.0,190.0,204.0,201.0,200.0,215.0,206.0,204.0,192.0,224.0,198.0,184.0,194.0,215.0,222.0,183.0,206.0,181.0,182.0,179.0,186.0,192.0,171.0,169.0,183.0,186.0,168.0,170.0,169.0,148.0,158.0,168.0,163.0,180.0,150.0,146.0,158.0,176.0,233.0,194.0,187.0,197.0,221.0,187.0,204.0,189.0,198.0,169.0,182.0,160.0,175.0,167.0,151.0,177.0,187.0,172.0,194.0,156.0,149.0,142.0,160.0,168.0,166.0,162.0,150.0,182.0,166.0,168.0,121.0,140.0,148.0,131.0,143.0,148.0,137.0,156.0,138.0,152.0,134.0,162.0,170.0,151.0,148.0,162.0,147.0,155.0,141.0
8,247.0,243.0,231.0,250.0,263.0,236.0,212.0,221.0,222.0,236.0,219.0,210.0,226.0,224.0,209.0,200.0,212.0,219.0,231.0,215.0,215.0,221.0,259.0,217.0,206.0,252.0,219.0,233.0,242.0,230.0,189.0,196.0,187.0,186.0,208.0,192.0,198.0,181.0,198.0,179.0,158.0,175.0,180.0,157.0,169.0,177.0,169.0,171.0,160.0,165.0,250.0,206.0,199.0,229.0,221.0,213.0,218.0,229.0,206.0,224.0,206.0,185.0,180.0,184.0,163.0,179.0,206.0,194.0,183.0,187.0,154.0,170.0,155.0,171.0,165.0,163.0,177.0,183.0,161.0,163.0,148.0,151.0,145.0,137.0,158.0,150.0,142.0,145.0,154.0,158.0,149.0,176.0,177.0,182.0,175.0,177.0,186.0,158.0,183.0,177.0
9,246.0,257.0,252.0,253.0,261.0,253.0,251.0,274.0,262.0,286.0,215.0,231.0,251.0,235.0,249.0,247.0,229.0,221.0,236.0,235.0,241.0,267.0,256.0,262.0,209.0,253.0,230.0,262.0,242.0,227.0,220.0,220.0,213.0,205.0,233.0,206.0,224.0,222.0,217.0,203.0,187.0,152.0,180.0,148.0,160.0,153.0,193.0,168.0,180.0,187.0,220.0,219.0,213.0,242.0,232.0,227.0,237.0,233.0,221.0,244.0,200.0,212.0,186.0,217.0,243.0,217.0,222.0,170.0,195.0,211.0,193.0,195.0,200.0,190.0,180.0,185.0,171.0,162.0,196.0,158.0,169.0,161.0,169.0,151.0,157.0,161.0,160.0,180.0,146.0,162.0,199.0,175.0,175.0,187.0,168.0,193.0,178.0,196.0,200.0,177.0
10,251.0,287.0,290.0,288.0,275.0,269.0,306.0,305.0,266.0,295.0,270.0,257.0,280.0,262.0,261.0,255.0,230.0,247.0,252.0,259.0,270.0,265.0,261.0,231.0,279.0,265.0,244.0,256.0,248.0,238.0,216.0,219.0,233.0,240.0,232.0,213.0,235.0,205.0,250.0,258.0,175.0,199.0,178.0,211.0,180.0,185.0,176.0,185.0,192.0,195.0,259.0,268.0,250.0,236.0,253.0,248.0,238.0,238.0,261.0,244.0,213.0,216.0,209.0,236.0,201.0,228.0,235.0,235.0,207.0,200.0,219.0,184.0,204.0,195.0,190.0,209.0,204.0,193.0,203.0,202.0,185.0,162.0,155.0,157.0,195.0,167.0,180.0,179.0,196.0,173.0,197.0,197.0,199.0,198.0,189.0,222.0,212.0,209.0,185.0,189.0
11,294.0,291.0,292.0,268.0,291.0,268.0,289.0,317.0,320.0,327.0,256.0,272.0,299.0,313.0,280.0,271.0,284.0,239.0,245.0,245.0,271.0,300.0,284.0,265.0,278.0,288.0,278.0,274.0,269.0,286.0,262.0,243.0,251.0,254.0,237.0,264.0,228.0,228.0,234.0,229.0,199.0,219.0,217.0,235.0,221.0,218.0,212.0,223.0,240.0,213.0,264.0,283.0,281.0,300.0,300.0,263.0,255.0,272.0,265.0,281.0,234.0,217.0,258.0,234.0,247.0,272.0,248.0,265.0,242.0,221.0,219.0,223.0,217.0,201.0,211.0,213.0,218.0,216.0,204.0,236.0,206.0,165.0,149.0,165.0,157.0,171.0,203.0,192.0,196.0,182.0,223.0,213.0,183.0,193.0,205.0,208.0,219.0,200.0,219.0,206.0
12,277.0,330.0,302.0,304.0,321.0,284.0,307.0,312.0,333.0,298.0,294.0,274.0,287.0,295.0,282.0,302.0,295.0,283.0,288.0,312.0,302.0,281.0,301.0,292.0,286.0,305.0,275.0,314.0,297.0,303.0,280.0,276.0,269.0,251.0,280.0,269.0,262.0,259.0,256.0,270.0,214.0,237.0,238.0,212.0,242.0,227.0,228.0,233.0,222.0,248.0,289.0,295.0,304.0,308.0,297.0,287.0,295.0,295.0,289.0,303.0,267.0,245.0,240.0,250.0,266.0,238.0,266.0,251.0,266.0,233.0,219.0,220.0,231.0,268.0,227.0,252.0,239.0,224.0,235.0,214.0,228.0,224.0,212.0,204.0,195.0,206.0,186.0,212.0,202.0,195.0,241.0,226.0,230.0,227.0,214.0,249.0,264.0,226.0,229.0,233.0
13,331.0,354.0,338.0,344.0,336.0,329.0,303.0,311.0,356.0,335.0,322.0,311.0,338.0,319.0,280.0,298.0,332.0,339.0,308.0,324.0,324.0,302.0,344.0,317.0,333.0,354.0,326.0,321.0,323.0,333.0,304.0,247.0,271.0,280.0,290.0,267.0,245.0,283.0,262.0,282.0,239.0,276.0,246.0,245.0,269.0,262.0,230.0,240.0,223.0,234.0,293.0,310.0,302.0,328.0,326.0,312.0,344.0,321.0,313.0,321.0,247.0,280.0,250.0,269.0,268.0,286.0,279.0,290.0,301.0,294.0,259.0,235.0,245.0,263.0,237.0,238.0,265.0,234.0,273.0,233.0,227.0,213.0,223.0,215.0,223.0,220.0,248.0,215.0,202.0,202.0,256.0,272.0,250.0,222.0,239.0,245.0,237.0,247.0,246.0,241.0
14,368.0,365.0,378.0,362.0,367.0,350.0,414.0,360.0,389.0,356.0,314.0,341.0,349.0,330.0,342.0,335.0,324.0,351.0,344.0,331.0,363.0,362.0,329.0,354.0,358.0,323.0,333.0,329.0,358.0,346.0,290.0,283.0,306.0,298.0,298.0,299.0,292.0,292.0,295.0,292.0,261.0,256.0,265.0,259.0,251.0,310.0,231.0,266.0,205.0,274.0,363.0,352.0,348.0,319.0,333.0,321.0,344.0,359.0,310.0,356.0,305.0,281.0,272.0,297.0,322.0,322.0,307.0,306.0,297.0,311.0,260.0,280.0,280.0,286.0,249.0,261.0,270.0,252.0,287.0,281.0,214.0,228.0,222.0,242.0,230.0,236.0,214.0,240.0,236.0,205.0,262.0,251.0,257.0,254.0,251.0,255.0,279.0,245.0,285.0,246.0
15,393.0,376.0,406.0,395.0,424.0,378.0,419.0,388.0,379.0,410.0,327.0,362.0,405.0,366.0,364.0,347.0,369.0,347.0,370.0,337.0,357.0,384.0,393.0,373.0,338.0,404.0,344.0,362.0,369.0,356.0,345.0,295.0,323.0,311.0,354.0,319.0,307.0,302.0,347.0,340.0,311.0,256.0,246.0,272.0,270.0,278.0,269.0,280.0,234.0,277.0,352.0,373.0,322.0,376.0,324.0,331.0,358.0,374.0,367.0,371.0,312.0,315.0,309.0,329.0,314.0,366.0,322.0,324.0,318.0,290.0,278.0,304.0,288.0,302.0,275.0,278.0,295.0,302.0,287.0,319.0,249.0,251.0,243.0,227.0,252.0,245.0,231.0,254.0,245.0,245.0,284.0,291.0,279.0,258.0,294.0,275.0,302.0,274.0,300.0,262.0
16,449.0,427.0,436.0,423.0,422.0,422.0,433.0,441.0,408.0,448.0,378.0,389.0,406.0,393.0,412.0,361.0,373.0,385.0,398.0,353.0,378.0,386.0,415.0,400.0,394.0,407.0,377.0,370.0,405.0,409.0,346.0,330.0,349.0,363.0,340.0,373.0,365.0,333.0,324.0,343.0,316.0,296.0,273.0,322.0,287.0,283.0,298.0,314.0,271.0,318.0,367.0,383.0,359.0,368.0,378.0,369.0,367.0,385.0,376.0,366.0,342.0,331.0,329.0,320.0,328.0,354.0,370.0,341.0,328.0,322.0,278.0,298.0,301.0,272.0,318.0,301.0,287.0,286.0,327.0,300.0,259.0,284.0,234.0,253.0,251.0,267.0,279.0,261.0,298.0,256.0,311.0,297.0,326.0,310.0,295.0,300.0,284.0,306.0,297.0,307.0
17,448.0,447.0,436.0,453.0,463.0,462.0,442.0,472.0,436.0,495.0,407.0,407.0,432.0,429.0,376.0,416.0,413.0,380.0,413.0,418.0,404.0,430.0,423.0,432.0,430.0,425.0,414.0,425.0,428.0,386.0,361.0,357.0,386.0,334.0,357.0,368.0,332.0,387.0,368.0,361.0,320.0,302.0,326.0,325.0,337.0,330.0,353.0,313.0,294.0,317.0,437.0,429.0,373.0,418.0,410.0,408.0,399.0,376.0,396.0,398.0,381.0,343.0,335.0,362.0,360.0,358.0,354.0,359.0,368.0,343.0,316.0,313.0,333.0,323.0,295.0,313.0,315.0,313.0,334.0,304.0,278.0,288.0,277.0,257.0,280.0,283.0,314.0,293.0,274.0,303.0,294.0,327.0,329.0,311.0,340.0,297.0,320.0,327.0,344.0,318.0
18,484.0,479.0,494.0,470.0,468.0,467.0,499.0,501.0,472.0,503.0,439.0,454.0,429.0,418.0,418.0,465.0,430.0,464.0,452.0,466.0,440.0,467.0,451.0,437.0,481.0,448.0,427.0,475.0,412.0,455.0,406.0,404.0,391.0,401.0,380.0,389.0,375.0,357.0,397.0,356.0,343.0,343.0,337.0,316.0,337.0,330.0,346.0,327.0,349.0,312.0,446.0,416.0,422.0,423.0,449.0,437.0,428.0,419.0,405.0,422.0,338.0,367.0,389.0,389.0,370.0,381.0,402.0,376.0,405.0,379.0,350.0,309.0,328.0,362.0,336.0,333.0,336.0,297.0,323.0,368.0,300.0,298.0,300.0,315.0,303.0,316.0,297.0,276.0,303.0,291.0,328.0,337.0,337.0,342.0,336.0,322.0,346.0,380.0,367.0,320.0
19,470.0,513.0,486.0,509.0,508.0,485.0,499.0,483.0,496.0,525.0,454.0,484.0,476.0,472.0,441.0,477.0,480.0,480.0,463.0,509.0,463.0,509.0,451.0,484.0,478.0,449.0,473.0,487.0,499.0,453.0,419.0,378.0,444.0,403.0,438.0,457.0,382.0,408.0,384.0,386.0,354.0,355.0,348.0,329.0,400.0,351.0,355.0,345.0,365.0,323.0,501.0,451.0,447.0,450.0,445.0,476.0,459.0,451.0,469.0,461.0,401.0,389.0,429.0,406.0,404.0,418.0,448.0,394.0,436.0,392.0,382.0,357.0,347.0,400.0,392.0,353.0,367.0,391.0,348.0,381.0,317.0,319.0,335.0,319.0,275.0,324.0,302.0,324.0,303.0,317.0,349.0,351.0,349.0,334.0,329.0,332.0,355.0,343.0,355.0,358.0
20,537.0,531.0,574.0,512.0,559.0,543.0,533.0,538.0,543.0,516.0,483.0,464.0,472.0,502.0,480.0,459.0,520.0,500.0,504.0,500.0,514.0,506.0,466.0,506.0,506.0,497.0,525.0,482.0,511.0,480.0,408.0,444.0,427.0,429.0,433.0,432.0,408.0,414.0,422.0,463.0,345.0,354.0,373.0,346.0,373.0,393.0,371.0,362.0,358.0,341.0,523.0,488.0,511.0,513.0,471.0,485.0,502.0,466.0,476.0,475.0,433.0,413.0,425.0,439.0,443.0,430.0,433.0,454.0,438.0,432.0,410.0,408.0,386.0,361.0,402.0,392.0,398.0,382.0,396.0,403.0,310.0,346.0,347.0,359.0,340.0,347.0,303.0,347.0,329.0,343.0,385.0,391.0,370.0,376.0,342.0,383.0,363.0,399.0,378.0,392.0
21,582.0,592.0,519.0,572.0,550.0,578.0,590.0,535.0,546.0,554.0,533.0,513.0,541.0,544.0,519.0,515.0,501.0,539.0,517.0,504.0,554.0,499.0,542.0,496.0,574.0,535.0,531.0,529.0,536.0,515.0,439.0,465.0,441.0,445.0,457.0,434.0,448.0,448.0,448.0,472.0,386.0,391.0,374.0,395.0,374.0,422.0,411.0,400.0,415.0,413.0,527.0,497.0,526.0,550.0,523.0,525.0,486.0,528.0,486.0,512.0,430.0,462.0,467.0,440.0,430.0,443.0,454.0,443.0,473.0,458.0,371.0,402.0,420.0,405.0,392.0,406.0,424.0,422.0,416.0,420.0,355.0,363.0,362.0,342.0,357.0,347.0,322.0,325.0,363.0,346.0,411.0,404.0,401.0,394.0,414.0,397.0,431.0,415.0,397.0,394.0
22,562.0,618.0,600.0,581.0,575.0,545.0,582.0,607.0,547.0,555.0,539.0,545.0,542.0,542.0,552.0,532.0,526.0,508.0,555.0,556.0,544.0,574.0,573.0,538.0,521.0,574.0,528.0,542.0,583.0,538.0,521.0,467.0,473.0,496.0,488.0,471.0,463.0,498.0,483.0,479.0,428.0,406.0,382.0,389.0,414.0,448.0,477.0,461.0,390.0,438.0,576.0,527.0,515.0,558.0,523.0,542.0,586.0,517.0,592.0,563.0,488.0,469.0,464.0,465.0,510.0,486.0,493.0,480.0,494.0,514.0,422.0,408.0,454.0,462.0,428.0,420.0,444.0,413.0,414.0,380.0,351.0,397.0,374.0,376.0,377.0,387.0,336.0,375.0,356.0,387.0,401.0,421.0,461.0,421.0,447.0,442.0,408.0,428.0,425.0,422.0
23,603.0,598.0,610.0,624.0,609.0,627.0,594.0,602.0,611.0,616.0,598.0,582.0,574.0,576.0,581.0,568.0,597.0,539.0,538.0,554.0,553.0,547.0,592.0,566.0,598.0,565.0,566.0,576.0,606.0,569.0,497.0,498.0,527.0,491.0,500.0,493.0,524.0,522.0,494.0,501.0,408.0,436.0,441.0,441.0,444.0,477.0,476.0,434.0,413.0,469.0,583.0,559.0,514.0,557.0,591.0,562.0,612.0,610.0,563.0,586.0,508.0,515.0,521.0,511.0,522.0,516.0,492.0,516.0,503.0,531.0,478.0,472.0,425.0,442.0,446.0,460.0,443.0,477.0,462.0,457.0,397.0,385.0,410.0,418.0,342.0,377.0,366.0,368.0,409.0,369.0,453.0,487.0,470.0,447.0,444.0,448.0,418.0,429.0,486.0,426.0
24,663.0,627.0,608.0,638.0,645.0,666.0,613.0,650.0,667.0,646.0,631.0,593.0,661.0,553.0,609.0,620.0,568.0,588.0,617.0,607.0,631.0,607.0,636.0,640.0,608.0,617.0,587.0,627.0,599.0,582.0,536.0,545.0,527.0,557.0,555.0,513.0,518.0,544.0,547.0,482.0,438.0,491.0,494.0,440.0,425.0,446.0,451.0,454.0,441.0,466.0,594.0,591.0,602.0,570.0,614.0,555.0,641.0,592.0,595.0,627.0,506.0,511.0,505.0,581.0,543.0,535.0,572.0,526.0,477.0,554.0,477.0,471.0,443.0,452.0,489.0,511.0,482.0,472.0,509.0,507.0,408.0,441.0,399.0,415.0,399.0,410.0,433.0,403.0,423.0,392.0,437.0,448.0,450.0,472.0,431.0,464.0,469.0,461.0,452.0,460.0
25,682.0,706.0,713.0,708.0,653.0,694.0,700.0,638.0,681.0,690.0,641.0,603.0,627.0,638.0,608.0,668.0,625.0,626.0,620.0,603.0,662.0,656.0,644.0,652.0,622.0,631.0,640.0,679.0,626.0,643.0,530.0,578.0,578.0,514.0,607.0,580.0,523.0,572.0,569.0,576.0,482.0,480.0,460.0,507.0,493.0,502.0,472.0,496.0,442.0,437.0,583.0,594.0,598.0,598.0,624.0,602.0,626.0,625.0,607.0,640.0,566.0,578.0,548.0,551.0,517.0,508.0,589.0,502.0,563.0,543.0,475.0,473.0,484.0,480.0,489.0,482.0,506.0,463.0,511.0,500.0,441.0,416.0,443.0,435.0,430.0,427.0,418.0,432.0,434.0,435.0,503.0,484.0,472.0,476.0,518.0,485.0,478.0,527.0,516.0,498.0
26,731.0,700.0,705.0,702.0,691.0,743.0,689.0,713.0,729.0,694.0,621.0,662.0,657.0,705.0,681.0,646.0,681.0,637.0,671.0,687.0,672.0,648.0,693.0,627.0,676.0,700.0,690.0,667.0,662.0,630.0,629.0,585.0,552.0,566.0,570.0,573.0,566.0,578.0,581.0,600.0,479.0,542.0,481.0,519.0,449.0,510.0,511.0,490.0,494.0,480.0,597.0,655.0,646.0,592.0,616.0,619.0,629.0,648.0,651.0,631.0,593.0,552.0,584.0,572.0,578.0,574.0,586.0,568.0,547.0,581.0,490.0,508.0,515.0,529.0,514.0,493.0,504.0,519.0,514.0,516.0,483.0,450.0,431.0,469.0,488.0,436.0,429.0,459.0,441.0,457.0,512.0,507.0,543.0,520.0,538.0,524.0,532.0,522.0,517.0,531.0
27,741.0,715.0,759.0,752.0,724.0,721.0,745.0,733.0,774.0,741.0,701.0,644.0,684.0,664.0,703.0,700.0,685.0,698.0,702.0,730.0,681.0,713.0,710.0,738.0,687.0,670.0,712.0,696.0,670.0,643.0,595.0,576.0,578.0,578.0,610.0,608.0,564.0,593.0,612.0,607.0,529.0,554.0,513.0,527.0,503.0,569.0,551.0,508.0,523.0,524.0,646.0,668.0,681.0,649.0,683.0,682.0,657.0,685.0,665.0,645.0,589.0,597.0,579.0,552.0,632.0,599.0,580.0,583.0,584.0,596.0,505.0,559.0,515.0,550.0,506.0,531.0,525.0,591.0,531.0,536.0,512.0,479.0,472.0,474.0,470.0,450.0,462.0,456.0,456.0,489.0,547.0,543.0,551.0,553.0,518.0,523.0,572.0,492.0,523.0,534.0
28,784.0,734.0,804.0,781.0,755.0,761.0,764.0,783.0,761.0,728.0,714.0,714.0,675.0,705.0,699.0,705.0,688.0,705.0,691.0,702.0,723.0,708.0,702.0,696.0,724.0,719.0,683.0,709.0,743.0,754.0,622.0,606.0,626.0,658.0,615.0,654.0,604.0,616.0,639.0,603.0,521.0,566.0,573.0,511.0,556.0,540.0,541.0,545.0,565.0,565.0,699.0,705.0,710.0,700.0,660.0,687.0,709.0,712.0,681.0,719.0,609.0,630.0,561.0,604.0,620.0,623.0,630.0,610.0,621.0,651.0,576.0,545.0,534.0,576.0,572.0,536.0,570.0,550.0,542.0,558.0,476.0,495.0,515.0,489.0,499.0,484.0,527.0,474.0,476.0,468.0,552.0,579.0,574.0,548.0,569.0,575.0,571.0,561.0,551.0,528.0
29,813.0,723.0,807.0,756.0,793.0,808.0,781.0,806.0,776.0,789.0,733.0,756.0,761.0,748.0,723.0,760.0,732.0,737.0,707.0,716.0,761.0,766.0,715.0,692.0,711.0,740.0,743.0,714.0,742.0,728.0,646.0,615.0,649.0,659.0,615.0,659.0,629.0,597.0,641.0,646.0,545.0,524.0,568.0,573.0,576.0,520.0,554.0,582.0,599.0,567.0,748.0,700.0,744.0,705.0,727.0,727.0,724.0,751.0,728.0,740.0,615.0,712.0,637.0,638.0,637.0,642.0,637.0,639.0,635.0,651.0,579.0,596.0,576.0,560.0,584.0,594.0,565.0,554.0,599.0,586.0,510.0,542.0,456.0,533.0,541.0,517.0,524.0,500.0,484.0,503.0,550.0,574.0,585.0,633.0,590.0,541.0,625.0,609.0,583.0,577.0
30,816.0,781.0,855.0,815.0,819.0,794.0,788.0,843.0,819.0,854.0,781.0,755.0,766.0,790.0,753.0,751.0,781.0,757.0,765.0,761.0,758.0,781.0,745.0,788.0,809.0,742.0,787.0,776.0,741.0,751.0,622.0,669.0,679.0,655.0,665.0,660.0,683.0,649.0,670.0,689.0,584.0,571.0,571.0,608.0,537.0,582.0,553.0,589.0,569.0,574.0,775.0,734.0,727.0,719.0,771.0,730.0,706.0,723.0,716.0,723.0,686.0,654.0,647.0,635.0,699.0,695.0,679.0,656.0,654.0,671.0,586.0,588.0,579.0,599.0,574.0,570.0,619.0,590.0,635.0,612.0,520.0,579.0,555.0,503.0,508.0,583.0,523.0,538.0,553.0,519.0,590.0,617.0,594.0,602.0,578.0,623.0,614.0,586.0,591.0,567.0
31,830.0,828.0,844.0,835.0,812.0,866.0,853.0,829.0,875.0,857.0,752.0,752.0,765.0,812.0,814.0,771.0,777.0,774.0,776.0,798.0,790.0,832.0,784.0,809.0,737.0,752.0,797.0,758.0,817.0,792.0,666.0,637.0,702.0,721.0,711.0,732.0,672.0,695.0,690.0,695.0,624.0,610.0,618.0,602.0,608.0,604.0,601.0,569.0,564.0,590.0,792.0,748.0,787.0,780.0,809.0,760.0,786.0,799.0,748.0,804.0,703.0,690.0,686.0,688.0,654.0,667.0,667.0,649.0,703.0,635.0,667.0,643.0,599.0,551.0,595.0,622.0,644.0,655.0,609.0,610.0,511.0,553.0,552.0,489.0,581.0,519.0,564.0,558.0,537.0,549.0,596.0,648.0,593.0,633.0,601.0,648.0,583.0,632.0,600.0,600.0
32,856.0,839.0,882.0,838.0,894.0,888.0,890.0,851.0,885.0,890.0,772.0,779.0,813.0,843.0,827.0,831.0,808.0,770.0,779.0,810.0,846.0,825.0,812.0,814.0,839.0,787.0,767.0,855.0,869.0,801.0,689.0,741.0,740.0,702.0,690.0,667.0,704.0,711.0,744.0,691.0,608.0,648.0,636.0,613.0,579.0,635.0,599.0,618.0,593.0,624.0,783.0,813.0,771.0,797.0,788.0,785.0,784.0,752.0,765.0,846.0,735.0,669.0,713.0,707.0,722.0,723.0,748.0,696.0,697.0,692.0,624.0,656.0,608.0,618.0,606.0,657.0,657.0,684.0,615.0,598.0,605.0,547.0,543.0,578.0,539.0,501.0,557.0,574.0,551.0,562.0,616.0,627.0,612.0,611.0,636.0,668.0,633.0,610.0,620.0,616.0
33,931.0,857.0,897.0,859.0,878.0,896.0,912.0,892.0,890.0,898.0,791.0,802.0,831.0,781.0,865.0,805.0,846.0,801.0,812.0,836.0,791.0,840.0,844.0,830.0,788.0,851.0,840.0,838.0,809.0,809.0,761.0,762.0,746.0,719.0,766.0,694.0,741.0,692.0,782.0,718.0,626.0,621.0,596.0,610.0,604.0,637.0,615.0,645.0,645.0,624.0,850.0,856.0,790.0,846.0,807.0,788.0,788.0,803.0,812.0,827.0,719.0,746.0,756.0,786.0,744.0,737.0,741.0,709.0,702.0,757.0,621.0,627.0,647.0,648.0,640.0,682.0,651.0,660.0,638.0,654.0,595.0,554.0,574.0,586.0,571.0,579.0,566.0,613.0,573.0,557.0,643.0,671.0,643.0,650.0,652.0,668.0,639.0,662.0,647.0,643.0
34,885.0,900.0,891.0,894.0,881.0,904.0,907.0,896.0,949.0,918.0,825.0,858.0,880.0,851.0,818.0,841.0,786.0,790.0,885.0,840.0,870.0,852.0,895.0,868.0,912.0,836.0,831.0,873.0,816.0,811.0,724.0,756.0,768.0,723.0,748.0,740.0,785.0,749.0,772.0,749.0,614.0,651.0,678.0,678.0,660.0,670.0,708.0,623.0,586.0,671.0,862.0,814.0,819.0,791.0,872.0,848.0,798.0,862.0,832.0,830.0,768.0,739.0,719.0,748.0,740.0,745.0,770.0,751.0,730.0,733.0,680.0,694.0,634.0,671.0,623.0,664.0,676.0,681.0,650.0,674.0,597.0,599.0,604.0,614.0,600.0,614.0,593.0,618.0,597.0,616.0,689.0,657.0,619.0,663.0,644.0,661.0,674.0,657.0,672.0,668.0
35,982.0,945.0,923.0,939.0,942.0,871.0,872.0,930.0,946.0,878.0,880.0,887.0,876.0,843.0,838.0,887.0,877.0,890.0,889.0,825.0,880.0,865.0,904.0,896.0,886.0,853.0,901.0,832.0,863.0,905.0,733.0,738.0,755.0,711.0,796.0,741.0,786.0,768.0,781.0,755.0,663.0,685.0,690.0,684.0,664.0,709.0,664.0,656.0,661.0,677.0,828.0,854.0,870.0,860.0,861.0,863.0,899.0,844.0,868.0,856.0,723.0,753.0,751.0,765.0,765.0,788.0,793.0,744.0,712.0,767.0,729.0,687.0,632.0,641.0,660.0,691.0,648.0,707.0,709.0,698.0,577.0,619.0,570.0,624.0,589.0,579.0,585.0,594.0,583.0,622.0,693.0,661.0,710.0,712.0,672.0,718.0,677.0,710.0,647.0,707.0
36,974.0,943.0,958.0,994.0,948.0,974.0,952.0,935.0,951.0,949.0,893.0,887.0,882.0,892.0,904.0,863.0,863.0,907.0,850.0,901.0,860.0,876.0,900.0,892.0,897.0,886.0,871.0,837.0,864.0,911.0,774.0,775.0,742.0,716.0,796.0,752.0,802.0,772.0,795.0,760.0,672.0,666.0,708.0,675.0,641.0,694.0,676.0,679.0,705.0,669.0,925.0,862.0,867.0,878.0,876.0,875.0,881.0,900.0,853.0,871.0,749.0,793.0,716.0,780.0,791.0,805.0,787.0,778.0,783.0,775.0,656.0,712.0,740.0,704.0,696.0,735.0,725.0,699.0,742.0,690.0,581.0,634.0,623.0,604.0,611.0,593.0,616.0,626.0,643.0,620.0,768.0,712.0,711.0,701.0,677.0,688.0,695.0,706.0,638.0,709.0
37,964.0,963.0,953.0,951.0,949.0,939.0,911.0,967.0,1006.0,959.0,926.0,869.0,931.0,902.0,925.0,902.0,920.0,886.0,839.0,904.0,914.0,937.0,921.0,865.0,910.0,902.0,914.0,901.0,917.0,905.0,807.0,802.0,774.0,782.0,823.0,847.0,815.0,826.0,801.0,791.0,698.0,654.0,708.0,665.0,677.0,722.0,720.0,664.0,664.0,735.0,862.0,889.0,840.0,899.0,907.0,834.0,891.0,922.0,878.0,894.0,779.0,815.0,801.0,817.0,749.0,848.0,769.0,795.0,794.0,810.0,742.0,736.0,729.0,764.0,718.0,708.0,756.0,676.0,708.0,709.0,581.0,649.0,627.0,601.0,632.0,616.0,629.0,600.0,614.0,627.0,735.0,701.0,722.0,746.0,703.0,705.0,701.0,755.0,756.0,678.0
38,956.0,964.0,950.0,1001.0,991.0,984.0,1022.0,1009.0,980.0,928.0,881.0,925.0,920.0,921.0,910.0,935.0,932.0,950.0,914.0,916.0,881.0,943.0,938.0,936.0,930.0,958.0,934.0,859.0,974.0,937.0,810.0,778.0,827.0,781.0,798.0,780.0,784.0,813.0,819.0,811.0,709.0,711.0,723.0,699.0,725.0,731.0,715.0,699.0,637.0,710.0,944.0,908.0,905.0,879.0,905.0,899.0,868.0,870.0,903.0,939.0,845.0,839.0,819.0,838.0,799.0,823.0,835.0,811.0,809.0,853.0,701.0,724.0,699.0,746.0,720.0,706.0,712.0,753.0,723.0,726.0,709.0,659.0,622.0,629.0,636.0,642.0,653.0,642.0,636.0,638.0,724.0,710.0,750.0,706.0,726.0,710.0,714.0,732.0,725.0,702.0
39,1021.0,1021.0,997.0,1059.0,1003.0,1010.0,1048.0,999.0,1016.0,988.0,899.0,913.0,893.0,901.0,965.0,910.0,928.0,938.0,932.0,891.0,938.0,969.0,947.0,929.0,914.0,942.0,892.0,980.0,927.0,911.0,807.0,834.0,843.0,800.0,799.0,845.0,807.0,829.0,827.0,840.0,737.0,724.0,759.0,720.0,703.0,724.0,756.0,733.0,707.0,749.0,918.0,916.0,892.0,889.0,888.0,920.0,900.0,906.0,881.0,930.0,810.0,854.0,842.0,815.0,823.0,819.0,824.0,840.0,811.0,827.0,742.0,723.0,741.0,752.0,751.0,781.0,713.0,722.0,761.0,719.0,650.0,658.0,635.0,652.0,662.0,609.0,683.0,645.0,659.0,692.0,776.0,683.0,744.0,755.0,772.0,743.0,756.0,678.0,735.0,754.0
40,1028.0,1011.0,996.0,1021.0,991.0,1030.0,1015.0,1025.0,1022.0,994.0,905.0,913.0,932.0,1012.0,951.0,955.0,991.0,908.0,931.0,932.0,966.0,986.0,972.0,950.0,932.0,1003.0,938.0,973.0,944.0,987.0,840.0,840.0,842.0,846.0,834.0,859.0,825.0,872.0,860.0,887.0,751.0,755.0,708.0,715.0,729.0,709.0,718.0,775.0,727.0,717.0,924.0,910.0,925.0,910.0,962.0,856.0,953.0,935.0,934.0,903.0,839.0,850.0,862.0,837.0,868.0,807.0,841.0,816.0,851.0,903.0,751.0,757.0,796.0,752.0,720.0,796.0,749.0,742.0,735.0,711.0,650.0,641.0,627.0,642.0,653.0,662.0,633.0,618.0,645.0,654.0,775.0,761.0,761.0,711.0,768.0,752.0,769.0,731.0,731.0,739.0
41,1050.0,1047.0,1020.0,1031.0,1026.0,1011.0,1028.0,1016.0,1040.0,1028.0,971.0,954.0,978.0,980.0,893.0,956.0,970.0,921.0,973.0,905.0,974.0,1001.0,987.0,913.0,956.0,941.0,1002.0,1008.0,963.0,931.0,823.0,871.0,789.0,847.0,848.0,846.0,845.0,864.0,847.0,864.0,743.0,727.0,788.0,722.0,738.0,766.0,719.0,730.0,777.0,793.0,948.0,939.0,926.0,965.0,942.0,931.0,939.0,948.0,934.0,960.0,868.0,802.0,881.0,847.0,870.0,867.0,859.0,856.0,811.0,861.0,761.0,718.0,736.0,761.0,792.0,762.0,810.0,746.0,737.0,763.0,624.0,682.0,660.0,686.0,680.0,718.0,649.0,675.0,653.0,691.0,782.0,800.0,775.0,763.0,784.0,753.0,726.0,750.0,761.0,753.0
42,1033.0,991.0,1030.0,1076.0,1047.0,1039.0,1057.0,1052.0,1022.0,1074.0,939.0,959.0,975.0,957.0,953.0,1004.0,965.0,994.0,923.0,973.0,969.0,981.0,1014.0,951.0,987.0,1008.0,954.0,969.0,1018.0,956.0,879.0,904.0,850.0,851.0,867.0,860.0,862.0,849.0,857.0,859.0,749.0,778.0,794.0,725.0,753.0,740.0,760.0,792.0,742.0,772.0,930.0,975.0,926.0,975.0,928.0,932.0,979.0,936.0,995.0,991.0,893.0,854.0,874.0,878.0,900.0,839.0,865.0,833.0,865.0,827.0,747.0,763.0,759.0,755.0,757.0,784.0,755.0,776.0,798.0,756.0,684.0,689.0,676.0,677.0,681.0,686.0,684.0,669.0,638.0,689.0,835.0,759.0,754.0,778.0,765.0,767.0,775.0,753.0,745.0,759.0
43,989.0,1056.0,1042.0,1048.0,1005.0,1079.0,1047.0,1066.0,1080.0,1108.0,970.0,952.0,948.0,964.0,1000.0,978.0,1025.0,986.0,985.0,959.0,1033.0,1011.0,983.0,926.0,995.0,1025.0,1022.0,1013.0,965.0,1015.0,860.0,882.0,904.0,874.0,921.0,899.0,855.0,872.0,851.0,893.0,799.0,743.0,775.0,773.0,787.0,769.0,749.0,783.0,756.0,756.0,995.0,995.0,1002.0,999.0,982.0,936.0,956.0,953.0,970.0,949.0,909.0,870.0,871.0,866.0,839.0,824.0,849.0,823.0,887.0,856.0,759.0,768.0,795.0,809.0,756.0,765.0,788.0,773.0,751.0,774.0,651.0,691.0,648.0,706.0,672.0,718.0,669.0,671.0,686.0,688.0,794.0,786.0,783.0,761.0,782.0,766.0,796.0,783.0,771.0,755.0
44,1056.0,1088.0,1049.0,1007.0,1014.0,1093.0,1021.0,1044.0,1094.0,1069.0,959.0,988.0,1012.0,967.0,969.0,979.0,1001.0,1025.0,990.0,988.0,1025.0,987.0,1010.0,1006.0,1044.0,1042.0,983.0,1013.0,942.0,1024.0,863.0,900.0,893.0,888.0,902.0,892.0,906.0,872.0,873.0,882.0,765.0,730.0,745.0,751.0,755.0,744.0,787.0,778.0,773.0,782.0,991.0,1005.0,994.0,999.0,972.0,966.0,998.0,975.0,971.0,948.0,944.0,892.0,891.0,924.0,869.0,884.0,899.0,846.0,878.0,848.0,778.0,786.0,747.0,808.0,782.0,782.0,782.0,774.0,796.0,804.0,713.0,706.0,710.0,705.0,749.0,688.0,698.0,712.0,682.0,691.0,758.0,763.0,794.0,768.0,779.0,779.0,776.0,777.0,797.0,813.0
45,1086.0,1100.0,1060.0,1089.0,1073.0,1093.0,1090.0,1059.0,1099.0,1057.0,948.0,984.0,1000.0,980.0,998.0,968.0,1025.0,998.0,998.0,1006.0,1011.0,1017.0,1046.0,1019.0,1065.0,1023.0,997.0,981.0,997.0,1061.0,906.0,859.0,913.0,877.0,901.0,915.0,804.0,888.0,848.0,868.0,757.0,788.0,747.0,765.0,756.0,818.0,787.0,806.0,801.0,733.0,995.0,1006.0,931.0,1020.0,964.0,973.0,988.0,1014.0,971.0,1022.0,894.0,948.0,874.0,862.0,935.0,910.0,863.0,858.0,893.0,832.0,816.0,739.0,785.0,806.0,787.0,745.0,819.0,793.0,786.0,817.0,714.0,733.0,758.0,694.0,689.0,719.0,734.0,737.0,705.0,716.0,812.0,755.0,820.0,796.0,750.0,770.0,832.0,771.0,785.0,822.0
46,1063.0,1075.0,1142.0,1099.0,1120.0,1137.0,1107.0,1097.0,1095.0,1109.0,990.0,1043.0,1021.0,983.0,964.0,993.0,990.0,1003.0,1000.0,985.0,1031.0,1071.0,1017.0,1028.0,1054.0,953.0,1062.0,1002.0,1039.0,1063.0,908.0,897.0,931.0,879.0,886.0,948.0,916.0,881.0,909.0,921.0,796.0,798.0,781.0,772.0,812.0,818.0,742.0,761.0,811.0,771.0,1007.0,931.0,940.0,987.0,957.0,986.0,983.0,996.0,952.0,941.0,894.0,867.0,866.0,840.0,872.0,880.0,913.0,947.0,897.0,895.0,835.0,804.0,795.0,828.0,809.0,799.0,788.0,803.0,765.0,806.0,678.0,740.0,734.0,734.0,689.0,707.0,704.0,706.0,724.0,741.0,817.0,783.0,784.0,838.0,832.0,792.0,810.0,787.0,771.0,782.0
47,1077.0,1121.0,1101.0,1090.0,1143.0,1035.0,1080.0,1100.0,1088.0,1040.0,1041.0,1042.0,1038.0,1000.0,1038.0,1007.0,1005.0,1008.0,1021.0,999.0,1060.0,1036.0,1063.0,1088.0,1040.0,1043.0,1033.0,1053.0,1050.0,1028.0,923.0,948.0,918.0,880.0,875.0,915.0,905.0,900.0,915.0,976.0,776.0,764.0,775.0,786.0,787.0,805.0,802.0,777.0,813.0,838.0,1046.0,959.0,997.0,965.0,1037.0,1042.0,1006.0,963.0,978.0,969.0,863.0,863.0,879.0,909.0,873.0,895.0,921.0,913.0,914.0,921.0,806.0,772.0,789.0,792.0,806.0,801.0,790.0,803.0,782.0,798.0,706.0,752.0,717.0,743.0,671.0,733.0,730.0,762.0,697.0,728.0,793.0,824.0,805.0,808.0,791.0,812.0,818.0,777.0,776.0,795.0
48,1130.0,1111.0,1108.0,1062.0,1098.0,1160.0,1101.0,1093.0,1081.0,1087.0,1015.0,1040.0,1037.0,1060.0,1001.0,971.0,988.0,1000.0,1011.0,1043.0,1063.0,1070.0,1094.0,1006.0,1043.0,1058.0,1038.0,1068.0,1014.0,1077.0,882.0,955.0,908.0,882.0,924.0,891.0,916.0,903.0,943.0,882.0,741.0,790.0,751.0,805.0,806.0,781.0,799.0,821.0,769.0,783.0,1018.0,1020.0,1022.0,1001.0,1053.0,1014.0,1010.0,1006.0,1017.0,1032.0,892.0,901.0,900.0,924.0,893.0,916.0,929.0,892.0,918.0,914.0,861.0,750.0,784.0,817.0,793.0,829.0,831.0,806.0,842.0,787.0,763.0,732.0,711.0,744.0,730.0,696.0,738.0,720.0,723.0,732.0,791.0,776.0,830.0,830.0,788.0,834.0,809.0,815.0,782.0,820.0
49,1123.0,1112.0,1120.0,1096.0,1091.0,1122.0,1128.0,1076.0,1060.0,1133.0,1037.0,1048.0,1035.0,1023.0,1054.0,1062.0,1008.0,1019.0,1046.0,1038.0,1051.0,1047.0,1083.0,1032.0,1026.0,1023.0,1067.0,1058.0,1041.0,1050.0,939.0,923.0,949.0,907.0,935.0,891.0,905.0,918.0,930.0,907.0,769.0,771.0,788.0,829.0,754.0,817.0,829.0,817.0,746.0,810.0,1014.0,997.0,956.0,1001.0,1052.0,996.0,1026.0,1027.0,1027.0,999.0,904.0,915.0,912.0,936.0,899.0,888.0,906.0,905.0,948.0,959.0,850.0,830.0,828.0,806.0,868.0,811.0,815.0,842.0,824.0,832.0,708.0,778.0,692.0,731.0,709.0,748.0,713.0,706.0,731.0,683.0,821.0,787.0,841.0,833.0,800.0,855.0,820.0,818.0,807.0,804.0
50,1074.0,1121.0,1124.0,1114.0,1134.0,1140.0,1123.0,1094.0,1113.0,1116.0,1079.0,1051.0,997.0,1015.0,1016.0,1063.0,1040.0,991.0,1036.0,1033.0,1103.0,1062.0,1097.0,1069.0,1038.0,1096.0,1041.0,1057.0,1017.0,1061.0,939.0,939.0,889.0,899.0,903.0,884.0,940.0,932.0,903.0,904.0,728.0,786.0,818.0,851.0,803.0,790.0,798.0,793.0,800.0,826.0,1004.0,940.0,1046.0,1024.0,965.0,1039.0,1028.0,1081.0,1020.0,994.0,933.0,968.0,891.0,888.0,962.0,941.0,886.0,916.0,922.0,933.0,826.0,816.0,809.0,837.0,827.0,801.0,840.0,809.0,823.0,844.0,723.0,737.0,785.0,743.0,736.0,726.0,757.0,723.0,763.0,748.0,861.0,844.0,806.0,811.0,862.0,782.0,819.0,845.0,820.0,815.0
51,1101.0,1117.0,1108.0,1150.0,1109.0,1115.0,1109.0,1087.0,1109.0,1093.0,1017.0,1046.0,1038.0,1047.0,1066.0,1075.0,1036.0,1029.0,1012.0,1029.0,1072.0,1080.0,1064.0,1030.0,1074.0,1099.0,1033.0,1040.0,1094.0,1080.0,967.0,925.0,916.0,926.0,906.0,916.0,982.0,902.0,924.0,935.0,809.0,839.0,796.0,806.0,791.0,807.0,799.0,823.0,823.0,840.0,1024.0,1009.0,1062.0,1010.0,1054.0,1027.0,1027.0,1037.0,1020.0,1034.0,909.0,932.0,901.0,915.0,914.0,910.0,918.0,971.0,916.0,942.0,828.0,801.0,826.0,838.0,823.0,843.0,854.0,792.0,789.0,822.0,752.0,724.0,753.0,748.0,723.0,706.0,724.0,786.0,750.0,708.0,845.0,842.0,851.0,831.0,834.0,811.0,840.0,827.0,830.0,842.0
52,1105.0,1073.0,1099.0,1056.0,1136.0,1113.0,1079.0,1121.0,1133.0,1124.0,1056.0,998.0,1071.0,1054.0,1077.0,1053.0,1026.0,1035.0,1053.0,1006.0,1049.0,1034.0,1124.0,949.0,1011.0,1059.0,1081.0,1121.0,1100.0,1049.0,906.0,961.0,943.0,994.0,873.0,952.0,976.0,916.0,946.0,982.0,830.0,822.0,817.0,824.0,794.0,853.0,795.0,811.0,786.0,808.0,1043.0,1062.0,1028.0,1095.0,1066.0,1042.0,1074.0,1008.0,982.0,1072.0,952.0,957.0,895.0,953.0,915.0,968.0,898.0,900.0,929.0,910.0,828.0,874.0,837.0,836.0,868.0,771.0,855.0,854.0,826.0,856.0,772.0,732.0,720.0,750.0,738.0,725.0,734.0,714.0,719.0,736.0,832.0,854.0,825.0,838.0,862.0,819.0,850.0,858.0,835.0,827.0
53,1135.0,1130.0,1152.0,1156.0,1121.0,1130.0,1096.0,1012.0,1128.0,1146.0,1057.0,1043.0,1008.0,1024.0,1067.0,1036.0,1028.0,1036.0,1089.0,1036.0,1085.0,1094.0,1058.0,1070.0,1035.0,1043.0,1060.0,1113.0,1070.0,1076.0,917.0,898.0,934.0,922.0,898.0,945.0,925.0,928.0,973.0,956.0,806.0,827.0,843.0,795.0,812.0,823.0,829.0,812.0,829.0,860.0,1061.0,1048.0,1031.0,1086.0,1041.0,1039.0,1001.0,1073.0,1009.0,1011.0,951.0,905.0,939.0,993.0,966.0,979.0,920.0,984.0,908.0,922.0,846.0,825.0,825.0,814.0,833.0,820.0,891.0,845.0,812.0,806.0,708.0,734.0,760.0,733.0,776.0,744.0,802.0,770.0,697.0,784.0,848.0,904.0,853.0,791.0,836.0,840.0,866.0,808.0,834.0,817.0
54,1123.0,1154.0,1163.0,1139.0,1128.0,1105.0,1117.0,1141.0,1137.0,1114.0,1044.0,1065.0,1043.0,1058.0,1067.0,1077.0,1079.0,1036.0,1058.0,1026.0,1097.0,1068.0,1052.0,1035.0,1065.0,1107.0,1057.0,1088.0,1101.0,1120.0,936.0,943.0,972.0,985.0,924.0,947.0,953.0,950.0,943.0,928.0,776.0,795.0,825.0,842.0,804.0,813.0,795.0,816.0,793.0,829.0,1052.0,1028.0,1086.0,1053.0,1016.0,1017.0,1070.0,1013.0,1059.0,1049.0,974.0,924.0,915.0,912.0,946.0,921.0,936.0,935.0,944.0,943.0,903.0,869.0,796.0,825.0,868.0,826.0,835.0,838.0,824.0,869.0,737.0,751.0,744.0,745.0,774.0,757.0,765.0,752.0,723.0,756.0,809.0,849.0,842.0,828.0,833.0,868.0,849.0,851.0,801.0,817.0
55,1111.0,1132.0,1147.0,1092.0,1129.0,1149.0,1109.0,1185.0,1157.0,1119.0,1050.0,1051.0,1047.0,1054.0,1017.0,1061.0,1061.0,1023.0,1090.0,1102.0,1077.0,1088.0,1092.0,1066.0,1092.0,1106.0,1104.0,1076.0,1033.0,1116.0,912.0,918.0,969.0,934.0,939.0,933.0,952.0,951.0,942.0,926.0,853.0,877.0,792.0,812.0,813.0,864.0,869.0,851.0,817.0,810.0,992.0,1065.0,1039.0,1085.0,1062.0,1078.0,1019.0,1045.0,1057.0,1036.0,949.0,957.0,927.0,958.0,969.0,907.0,940.0,913.0,917.0,948.0,945.0,848.0,902.0,830.0,841.0,842.0,840.0,867.0,869.0,887.0,731.0,694.0,690.0,789.0,723.0,709.0,729.0,697.0,735.0,741.0,870.0,849.0,867.0,838.0,874.0,820.0,868.0,842.0,800.0,797.0
56,1119.0,1148.0,1116.0,1138.0,1140.0,1176.0,1099.0,1108.0,1129.0,1149.0,1042.0,1068.0,1063.0,1029.0,1061.0,1050.0,1090.0,1039.0,1051.0,1078.0,1076.0,1074.0,1089.0,1055.0,1117.0,993.0,1081.0,1086.0,1119.0,1109.0,962.0,916.0,937.0,997.0,902.0,930.0,959.0,921.0,921.0,932.0,845.0,840.0,865.0,798.0,773.0,880.0,830.0,856.0,827.0,826.0,1036.0,1060.0,1070.0,1091.0,1049.0,1065.0,1032.0,1020.0,1058.0,1076.0,967.0,966.0,926.0,953.0,957.0,944.0,978.0,945.0,934.0,932.0,872.0,842.0,834.0,823.0,844.0,839.0,842.0,873.0,855.0,831.0,770.0,739.0,755.0,757.0,766.0,765.0,772.0,759.0,720.0,720.0,836.0,858.0,853.0,847.0,881.0,861.0,841.0,880.0,833.0,858.0
57,1140.0,1143.0,1131.0,1148.0,1160.0,1131.0,1146.0,1146.0,1130.0,1124.0,1072.0,1069.0,1063.0,1038.0,1064.0,1086.0,1041.0,1004.0,1067.0,1077.0,1109.0,1072.0,1088.0,1051.0,1080.0,1106.0,1110.0,1098.0,1085.0,1057.0,953.0,947.0,947.0,988.0,933.0,907.0,971.0,924.0,918.0,979.0,788.0,845.0,828.0,813.0,810.0,843.0,789.0,807.0,836.0,870.0,1099.0,1077.0,1078.0,1084.0,1076.0,1012.0,1071.0,1070.0,1098.0,1041.0,938.0,953.0,978.0,952.0,975.0,948.0,919.0,959.0,921.0,928.0,862.0,793.0,825.0,837.0,838.0,820.0,841.0,857.0,812.0,895.0,752.0,759.0,739.0,759.0,748.0,779.0,785.0,779.0,751.0,749.0,837.0,880.0,858.0,845.0,832.0,902.0,878.0,872.0,856.0,823.0
58,1156.0,1213.0,1138.0,1148.0,1151.0,1142.0,1177.0,1126.0,1138.0,1173.0,1105.0,1122.0,1073.0,1062.0,1099.0,1083.0,1088.0,1045.0,1040.0,1041.0,1088.0,1116.0,1089.0,1072.0,1090.0,1092.0,1130.0,1032.0,1056.0,1087.0,929.0,951.0,893.0,925.0,923.0,934.0,946.0,1014.0,933.0,937.0,826.0,826.0,828.0,869.0,846.0,832.0,840.0,789.0,835.0,893.0,1015.0,1035.0,1071.0,1047.0,1035.0,1085.0,1072.0,1079.0,1093.0,1064.0,965.0,911.0,993.0,962.0,926.0,928.0,937.0,941.0,943.0,979.0,857.0,840.0,841.0,853.0,844.0,883.0,835.0,850.0,852.0,841.0,781.0,694.0,775.0,753.0,771.0,753.0,700.0,755.0,759.0,740.0,855.0,845.0,859.0,850.0,859.0,827.0,843.0,912.0,852.0,813.0
59,1173.0,1163.0,1172.0,1094.0,1175.0,1137.0,1131.0,1148.0,1145.0,1150.0,1091.0,1088.0,1067.0,1155.0,1105.0,1096.0,1115.0,1078.0,1086.0,1109.0,1141.0,1069.0,1102.0,1118.0,1119.0,1101.0,1121.0,1075.0,1088.0,1110.0,916.0,991.0,916.0,933.0,914.0,968.0,934.0,959.0,931.0,896.0,863.0,793.0,791.0,812.0,804.0,846.0,834.0,851.0,817.0,809.0,1021.0,1040.0,1052.0,1058.0,1099.0,1050.0,1023.0,1048.0,1034.0,1115.0,926.0,937.0,968.0,963.0,890.0,921.0,968.0,997.0,999.0,983.0,812.0,889.0,872.0,823.0,828.0,878.0,874.0,816.0,852.0,818.0,727.0,734.0,763.0,751.0,778.0,742.0,767.0,792.0,729.0,766.0,928.0,872.0,880.0,854.0,850.0,843.0,825.0,801.0,844.0,830.0
60,1144.0,1135.0,1195.0,1162.0,1193.0,1147.0,1139.0,1150.0,1160.0,1151.0,1071.0,1074.0,1051.0,1086.0,1092.0,1065.0,1082.0,1072.0,1044.0,1078.0,1110.0,1122.0,1139.0,1104.0,1081.0,1074.0,1114.0,1116.0,1140.0,1088.0,989.0,931.0,983.0,921.0,958.0,945.0,939.0,948.0,909.0,985.0,811.0,866.0,787.0,867.0,820.0,841.0,823.0,849.0,834.0,836.0,1083.0,1076.0,1065.0,1053.0,1097.0,1065.0,1063.0,1071.0,1078.0,1059.0,911.0,921.0,933.0,936.0,939.0,971.0,920.0,921.0,986.0,975.0,917.0,840.0,847.0,847.0,881.0,834.0,886.0,822.0,844.0,823.0,717.0,752.0,775.0,769.0,686.0,785.0,785.0,783.0,729.0,763.0,862.0,882.0,824.0,837.0,828.0,879.0,864.0,853.0,819.0,850.0
61,1163.0,1142.0,1166.0,1138.0,1175.0,1134.0,1148.0,1136.0,1121.0,1142.0,1042.0,1125.0,1086.0,1053.0,1090.0,1076.0,1070.0,1098.0,1057.0,1104.0,1057.0,1091.0,1080.0,1037.0,1110.0,1095.0,1108.0,1053.0,1150.0,1103.0,935.0,937.0,992.0,951.0,922.0,916.0,963.0,969.0,979.0,962.0,841.0,830.0,832.0,844.0,833.0,833.0,826.0,860.0,817.0,763.0,1084.0,1080.0,1016.0,1094.0,1044.0,1057.0,1105.0,1044.0,1045.0,1059.0,952.0,948.0,931.0,960.0,980.0,973.0,955.0,940.0,930.0,948.0,870.0,843.0,890.0,871.0,837.0,887.0,824.0,877.0,901.0,864.0,765.0,759.0,780.0,766.0,785.0,781.0,774.0,755.0,740.0,792.0,928.0,863.0,848.0,891.0,819.0,876.0,860.0,877.0,822.0,891.0
62,1186.0,1178.0,1159.0,1171.0,1147.0,1197.0,1169.0,1141.0,1141.0,1145.0,1088.0,1073.0,1093.0,1098.0,1146.0,1085.0,1098.0,1112.0,1063.0,1079.0,1102.0,1068.0,1069.0,1104.0,1076.0,1133.0,1095.0,1056.0,1095.0,1081.0,930.0,916.0,979.0,950.0,949.0,909.0,948.0,969.0,973.0,924.0,811.0,897.0,867.0,844.0,815.0,838.0,866.0,799.0,803.0,845.0,1072.0,1072.0,1082.0,1054.0,1077.0,1071.0,1021.0,1080.0,1085.0,1057.0,968.0,938.0,933.0,921.0,925.0,951.0,976.0,983.0,954.0,971.0,864.0,845.0,875.0,860.0,857.0,840.0,840.0,857.0,852.0,904.0,736.0,786.0,737.0,741.0,739.0,768.0,780.0,765.0,769.0,781.0,893.0,866.0,845.0,877.0,881.0,849.0,858.0,863.0,845.0,863.0
63,1181.0,1181.0,1123.0,1201.0,1230.0,1184.0,1172.0,1183.0,1149.0,1190.0,1049.0,1045.0,1079.0,1071.0,1075.0,1120.0,1088.0,1103.0,1034.0,1101.0,1086.0,1059.0,1110.0,1094.0,1130.0,1092.0,1128.0,1110.0,1067.0,1139.0,955.0,952.0,999.0,965.0,976.0,952.0,907.0,969.0,989.0,925.0,864.0,821.0,834.0,842.0,782.0,826.0,821.0,838.0,769.0,823.0,1048.0,1115.0,1064.0,1060.0,1030.0,1109.0,1106.0,1012.0,1113.0,997.0,942.0,940.0,950.0,926.0,947.0,996.0,957.0,973.0,948.0,962.0,893.0,914.0,851.0,862.0,870.0,798.0,849.0,849.0,854.0,827.0,787.0,772.0,764.0,748.0,726.0,731.0,771.0,733.0,783.0,823.0,865.0,856.0,883.0,864.0,854.0,840.0,865.0,866.0,889.0,879.0
64,1132.0,1137.0,1154.0,1185.0,1168.0,1186.0,1151.0,1142.0,1162.0,1177.0,1070.0,1120.0,1136.0,1121.0,1101.0,1077.0,1074.0,1079.0,1068.0,1036.0,1123.0,1089.0,1116.0,1071.0,1107.0,1071.0,1019.0,1091.0,1113.0,1133.0,953.0,936.0,975.0,949.0,957.0,999.0,1009.0,992.0,1029.0,1004.0,855.0,832.0,777.0,827.0,816.0,834.0,872.0,816.0,820.0,849.0,1057.0,1094.0,1037.0,1083.0,1143.0,1082.0,1094.0,1098.0,1044.0,1085.0,999.0,960.0,983.0,902.0,956.0,987.0,979.0,940.0,934.0,984.0,852.0,844.0,870.0,829.0,816.0,809.0,863.0,807.0,847.0,863.0,790.0,764.0,762.0,762.0,693.0,746.0,762.0,784.0,734.0,719.0,855.0,892.0,857.0,914.0,869.0,869.0,856.0,900.0,855.0,826.0
65,1151.0,1142.0,1139.0,1139.0,1148.0,1174.0,1180.0,1123.0,1185.0,1213.0,1083.0,1124.0,1077.0,1105.0,1061.0,1173.0,1037.0,1057.0,1061.0,1094.0,1130.0,1064.0,1100.0,1105.0,1074.0,1122.0,1060.0,1148.0,1088.0,1075.0,966.0,998.0,940.0,940.0,995.0,951.0,972.0,933.0,1008.0,939.0,843.0,857.0,820.0,852.0,822.0,818.0,845.0,818.0,864.0,885.0,1109.0,1094.0,1078.0,1076.0,1078.0,1062.0,1078.0,1051.0,1030.0,1080.0,962.0,925.0,987.0,1007.0,981.0,915.0,985.0,993.0,930.0,964.0,855.0,891.0,900.0,826.0,872.0,859.0,846.0,918.0,882.0,802.0,748.0,743.0,758.0,745.0,766.0,735.0,796.0,739.0,732.0,757.0,849.0,842.0,884.0,859.0,846.0,859.0,895.0,882.0,839.0,876.0
66,1176.0,1204.0,1150.0,1187.0,1153.0,1190.0,1180.0,1157.0,1208.0,1191.0,1104.0,1089.0,1110.0,1067.0,1067.0,1097.0,1034.0,1089.0,1065.0,1046.0,1065.0,1119.0,1046.0,1090.0,1049.0,1084.0,1117.0,1057.0,1096.0,1139.0,916.0,951.0,942.0,904.0,945.0,990.0,926.0,1007.0,975.0,959.0,862.0,864.0,832.0,853.0,822.0,841.0,846.0,789.0,817.0,845.0,1095.0,1056.0,1053.0,1054.0,1073.0,1055.0,1065.0,1061.0,1047.0,1052.0,992.0,934.0,986.0,970.0,998.0,975.0,995.0,967.0,990.0,953.0,867.0,857.0,870.0,888.0,873.0,871.0,868.0,854.0,842.0,866.0,783.0,729.0,802.0,748.0,783.0,703.0,759.0,806.0,751.0,781.0,847.0,886.0,908.0,906.0,898.0,872.0,915.0,887.0,838.0,865.0
67,1181.0,1144.0,1158.0,1195.0,1169.0,1128.0,1136.0,1153.0,1173.0,1202.0,1043.0,1149.0,1078.0,1081.0,1054.0,1114.0,1122.0,1102.0,1083.0,1087.0,1102.0,1103.0,1145.0,1083.0,1079.0,1129.0,1119.0,1105.0,1081.0,1168.0,931.0,920.0,987.0,981.0,961.0,1002.0,965.0,993.0,951.0,941.0,815.0,823.0,844.0,835.0,871.0,856.0,836.0,813.0,787.0,836.0,1118.0,1094.0,1087.0,1061.0,1048.0,998.0,1054.0,1097.0,1114.0,1097.0,982.0,938.0,914.0,946.0,975.0,931.0,957.0,928.0,932.0,963.0,875.0,861.0,840.0,890.0,881.0,908.0,865.0,868.0,861.0,844.0,805.0,781.0,807.0,731.0,789.0,758.0,768.0,745.0,777.0,721.0,865.0,884.0,849.0,873.0,851.0,868.0,896.0,878.0,879.0,841.0
68,1162.0,1175.0,1149.0,1242.0,1202.0,1157.0,1172.0,1189.0,1135.0,1157.0,1065.0,1042.0,1078.0,1061.0,1062.0,1099.0,1087.0,1080.0,1080.0,1081.0,1110.0,1115.0,1119.0,1098.0,1092.0,1166.0,1160.0,1121.0,1114.0,1130.0,966.0,961.0,996.0,995.0,953.0,1030.0,937.0,1032.0,942.0,979.0,898.0,862.0,841.0,828.0,838.0,836.0,795.0,784.0,810.0,803.0,1038.0,1085.0,1110.0,1039.0,1077.0,1070.0,1069.0,1060.0,1053.0,1074.0,942.0,986.0,942.0,930.0,952.0,942.0,1002.0,983.0,989.0,963.0,861.0,860.0,893.0,862.0,907.0,851.0,827.0,863.0,885.0,859.0,785.0,736.0,756.0,774.0,759.0,696.0,780.0,732.0,791.0,807.0,904.0,884.0,832.0,852.0,845.0,850.0,894.0,841.0,853.0,857.0
69,1151.0,1130.0,1148.0,1142.0,1190.0,1086.0,1222.0,1176.0,1132.0,1176.0,1109.0,1079.0,1090.0,1093.0,1074.0,1077.0,1121.0,1047.0,1053.0,1117.0,1098.0,1130.0,1138.0,1053.0,1096.0,1130.0,1061.0,1099.0,1164.0,1108.0,965.0,948.0,945.0,1005.0,974.0,977.0,944.0,1030.0,934.0,980.0,864.0,856.0,825.0,862.0,846.0,857.0,880.0,876.0,850.0,853.0,1076.0,1105.0,1083.0,1124.0,1077.0,1093.0,1029.0,1028.0,1044.0,1049.0,962.0,1020.0,959.0,970.0,951.0,937.0,1013.0,955.0,1008.0,928.0,892.0,802.0,880.0,831.0,889.0,918.0,831.0,832.0,864.0,867.0,754.0,787.0,796.0,748.0,764.0,731.0,771.0,765.0,752.0,803.0,869.0,858.0,861.0,862.0,835.0,904.0,858.0,888.0,859.0,841.0
70,1176.0,1141.0,1162.0,1174.0,1133.0,1138.0,1203.0,1138.0,1145.0,1215.0,1106.0,1080.0,1114.0,1081.0,1105.0,1069.0,1079.0,1089.0,1037.0,1027.0,1114.0,1101.0,1069.0,1066.0,1114.0,1115.0,1102.0,1151.0,1123.0,1081.0,968.0,970.0,944.0,960.0,978.0,979.0,967.0,944.0,971.0,965.0,860.0,857.0,878.0,915.0,860.0,855.0,854.0,824.0,863.0,850.0,1065.0,1067.0,1056.0,1064.0,1030.0,1069.0,1079.0,1053.0,1054.0,1076.0,1015.0,998.0,998.0,939.0,958.0,989.0,1014.0,997.0,956.0,973.0,825.0,849.0,889.0,882.0,876.0,866.0,816.0,875.0,836.0,895.0,747.0,812.0,788.0,746.0,773.0,741.0,740.0,750.0,803.0,755.0,869.0,852.0,838.0,874.0,881.0,900.0,880.0,884.0,883.0,894.0
71,1169.0,1172.0,1231.0,1144.0,1186.0,1128.0,1228.0,1172.0,1139.0,1106.0,1155.0,1096.0,1072.0,1059.0,1041.0,1072.0,1052.0,1074.0,1111.0,1086.0,1110.0,1103.0,1113.0,1098.0,1108.0,1080.0,1113.0,1057.0,1127.0,1073.0,985.0,983.0,990.0,958.0,976.0,1008.0,923.0,963.0,976.0,948.0,840.0,837.0,817.0,834.0,850.0,835.0,836.0,851.0,843.0,889.0,1087.0,1089.0,1052.0,1113.0,1085.0,1090.0,1094.0,1077.0,1050.0,1138.0,936.0,977.0,980.0,984.0,975.0,985.0,1011.0,988.0,947.0,988.0,855.0,882.0,856.0,873.0,924.0,886.0,900.0,866.0,861.0,847.0,794.0,752.0,762.0,768.0,764.0,775.0,717.0,786.0,782.0,816.0,819.0,842.0,865.0,880.0,807.0,872.0,861.0,881.0,842.0,852.0
72,1180.0,1192.0,1164.0,1170.0,1156.0,1186.0,1142.0,1131.0,1141.0,1099.0,1097.0,1103.0,1112.0,1069.0,1089.0,1104.0,1103.0,1119.0,1067.0,1068.0,1110.0,1153.0,1136.0,1093.0,1097.0,1099.0,1190.0,1145.0,1077.0,1130.0,1012.0,944.0,948.0,975.0,946.0,963.0,1000.0,944.0,1001.0,1020.0,863.0,867.0,820.0,858.0,908.0,816.0,777.0,880.0,876.0,903.0,1068.0,1043.0,1080.0,1060.0,1091.0,1054.0,1058.0,1088.0,1118.0,1048.0,985.0,945.0,954.0,977.0,945.0,973.0,974.0,955.0,979.0,972.0,835.0,867.0,915.0,854.0,861.0,878.0,892.0,881.0,817.0,890.0,758.0,759.0,755.0,791.0,760.0,797.0,709.0,759.0,752.0,769.0,846.0,865.0,859.0,873.0,873.0,869.0,891.0,817.0,856.0,857.0
73,1241.0,1208.0,1204.0,1171.0,1163.0,1229.0,1107.0,1163.0,1116.0,1122.0,1124.0,1127.0,1088.0,1102.0,1074.0,1050.0,1079.0,1045.0,1094.0,1070.0,1110.0,1094.0,1129.0,1123.0,1134.0,1093.0,1120.0,1098.0,1116.0,1059.0,1000.0,981.0,947.0,988.0,997.0,1023.0,983.0,977.0,972.0,999.0,799.0,868.0,814.0,855.0,860.0,810.0,835.0,853.0,888.0,864.0,1044.0,1089.0,1071.0,1038.0,1125.0,1088.0,1093.0,1079.0,1064.0,1109.0,956.0,948.0,1002.0,1000.0,958.0,961.0,955.0,971.0,991.0,984.0,834.0,845.0,883.0,868.0,838.0,889.0,886.0,910.0,873.0,904.0,782.0,752.0,773.0,740.0,723.0,746.0,782.0,741.0,749.0,773.0,862.0,826.0,835.0,838.0,856.0,852.0,907.0,889.0,830.0,884.0
74,1162.0,1226.0,1209.0,1120.0,1139.0,1131.0,1121.0,1201.0,1142.0,1194.0,1109.0,1104.0,1126.0,1106.0,1106.0,1124.0,1132.0,1075.0,1094.0,1133.0,1088.0,1152.0,1129.0,1063.0,1104.0,1145.0,1115.0,1078.0,1160.0,1104.0,999.0,946.0,983.0,1016.0,945.0,970.0,949.0,969.0,993.0,945.0,861.0,804.0,840.0,884.0,807.0,848.0,864.0,874.0,827.0,881.0,1075.0,1057.0,1054.0,1068.0,1127.0,1109.0,1107.0,1074.0,1108.0,1042.0,993.0,945.0,872.0,1013.0,965.0,935.0,969.0,994.0,938.0,981.0,881.0,923.0,835.0,843.0,899.0,832.0,864.0,830.0,824.0,854.0,764.0,737.0,811.0,775.0,764.0,793.0,787.0,767.0,738.0,754.0,826.0,843.0,890.0,842.0,877.0,857.0,845.0,870.0,870.0,882.0
75,1156.0,1143.0,1171.0,1210.0,1147.0,1165.0,1204.0,1164.0,1188.0,1181.0,1098.0,1108.0,1107.0,1042.0,1097.0,1077.0,1095.0,1123.0,1074.0,1130.0,1117.0,1094.0,1074.0,1096.0,1087.0,1098.0,1134.0,1147.0,1095.0,1062.0,955.0,950.0,980.0,985.0,1010.0,950.0,972.0,930.0,951.0,978.0,805.0,869.0,848.0,828.0,772.0,880.0,842.0,856.0,859.0,888.0,1098.0,1077.0,1067.0,1117.0,1095.0,1075.0,1080.0,1089.0,1099.0,1081.0,1006.0,968.0,935.0,956.0,973.0,976.0,978.0,967.0,941.0,952.0,875.0,897.0,882.0,876.0,876.0,900.0,828.0,875.0,817.0,859.0,758.0,760.0,818.0,790.0,804.0,759.0,746.0,744.0,815.0,770.0,894.0,880.0,876.0,834.0,878.0,872.0,873.0,837.0,861.0,874.0
76,1181.0,1191.0,1158.0,1257.0,1172.0,1176.0,1170.0,1131.0,1201.0,1169.0,1096.0,1077.0,1099.0,1074.0,1092.0,1069.0,1127.0,1056.0,1104.0,1076.0,1082.0,1129.0,1125.0,1089.0,1052.0,1115.0,1131.0,1115.0,1049.0,1094.0,946.0,1048.0,997.0,972.0,946.0,907.0,947.0,985.0,979.0,987.0,910.0,840.0,847.0,851.0,846.0,838.0,868.0,844.0,828.0,847.0,1087.0,1008.0,1074.0,1083.0,1087.0,1074.0,1019.0,1108.0,1065.0,1117.0,971.0,971.0,917.0,892.0,972.0,1010.0,1053.0,997.0,964.0,947.0,849.0,847.0,882.0,864.0,868.0,911.0,867.0,903.0,840.0,891.0,768.0,790.0,764.0,754.0,792.0,761.0,757.0,747.0,809.0,771.0,879.0,851.0,900.0,899.0,918.0,897.0,814.0,851.0,866.0,882.0
77,1203.0,1166.0,1193.0,1192.0,1151.0,1219.0,1143.0,1169.0,1183.0,1169.0,1120.0,1135.0,1087.0,1062.0,1044.0,1046.0,1127.0,1078.0,1105.0,1083.0,1130.0,1107.0,1079.0,1109.0,1098.0,1133.0,1137.0,1109.0,1090.0,1117.0,959.0,940.0,955.0,990.0,966.0,960.0,981.0,960.0,977.0,949.0,841.0,830.0,864.0,841.0,858.0,824.0,838.0,872.0,834.0,869.0,1077.0,1069.0,1080.0,1094.0,1095.0,1083.0,1081.0,1134.0,1063.0,1120.0,1005.0,972.0,959.0,946.0,1002.0,985.0,1001.0,981.0,972.0,956.0,821.0,889.0,869.0,880.0,886.0,877.0,863.0,822.0,843.0,867.0,735.0,792.0,806.0,763.0,785.0,761.0,753.0,730.0,757.0,770.0,876.0,858.0,878.0,860.0,869.0,872.0,832.0,881.0,883.0,883.0
78,1178.0,1199.0,1191.0,1164.0,1135.0,1199.0,1196.0,1197.0,1140.0,1193.0,1106.0,1078.0,1149.0,1071.0,1050.0,1093.0,1068.0,1069.0,1064.0,1049.0,1132.0,1122.0,1086.0,1111.0,1149.0,1104.0,1151.0,1159.0,1128.0,1135.0,971.0,977.0,1013.0,985.0,966.0,979.0,983.0,935.0,972.0,1000.0,839.0,862.0,834.0,830.0,831.0,811.0,840.0,898.0,875.0,888.0,1045.0,1040.0,1058.0,1104.0,1088.0,1047.0,1073.0,1023.0,1029.0,1072.0,983.0,1005.0,978.0,961.0,955.0,982.0,956.0,983.0,945.0,987.0,853.0,865.0,838.0,849.0,879.0,919.0,860.0,845.0,879.0,866.0,793.0,784.0,766.0,766.0,822.0,754.0,784.0,750.0,781.0,768.0,872.0,831.0,858.0,901.0,885.0,874.0,847.0,879.0,902.0,826.0
79,1177.0,1145.0,1238.0,1216.0,1159.0,1133.0,1156.0,1235.0,1162.0,1205.0,1096.0,1102.0,1127.0,1084.0,1112.0,1125.0,1085.0,1089.0,1126.0,1040.0,1105.0,1101.0,1102.0,1122.0,1085.0,1098.0,1145.0,1149.0,1136.0,1123.0,1016.0,1000.0,945.0,959.0,988.0,1001.0,986.0,918.0,935.0,979.0,847.0,859.0,867.0,822.0,854.0,878.0,848.0,824.0,808.0,873.0,1070.0,1067.0,1071.0,1081.0,1077.0,1078.0,1062.0,1115.0,1079.0,1056.0,979.0,1014.0,926.0,984.0,936.0,973.0,967.0,994.0,983.0,1021.0,853.0,868.0,867.0,882.0,864.0,848.0,827.0,865.0,865.0,832.0,736.0,787.0,761.0,756.0,805.0,795.0,799.0,721.0,837.0,787.0,895.0,825.0,864.0,835.0,886.0,839.0,889.0,821.0,784.0,871.0
80,1204.0,1161.0,1154.0,1173.0,1184.0,1177.0,1193.0,1125.0,1119.0,1160.0,1109.0,1098.0,1122.0,1149.0,1093.0,1065.0,1088.0,1139.0,1139.0,1123.0,1115.0,1150.0,1117.0,1086.0,1102.0,1135.0,1155.0,1083.0,1088.0,1109.0,972.0,916.0,943.0,977.0,979.0,982.0,1013.0,965.0,967.0,981.0,842.0,901.0,843.0,848.0,823.0,872.0,836.0,861.0,861.0,850.0,1061.0,1105.0,1085.0,1049.0,1089.0,1117.0,1044.0,1112.0,1061.0,1071.0,978.0,918.0,976.0,939.0,952.0,943.0,949.0,974.0,967.0,956.0,827.0,888.0,888.0,857.0,878.0,877.0,837.0,849.0,854.0,864.0,773.0,766.0,771.0,769.0,760.0,748.0,790.0,754.0,767.0,768.0,895.0,868.0,873.0,897.0,907.0,853.0,861.0,875.0,897.0,908.0
81,1147.0,1139.0,1173.0,1162.0,1171.0,1137.0,1151.0,1156.0,1203.0,1187.0,1105.0,1128.0,1076.0,1095.0,1092.0,1086.0,1064.0,1070.0,1049.0,1115.0,1104.0,1117.0,1110.0,1133.0,1051.0,1129.0,1119.0,1122.0,1085.0,1098.0,976.0,966.0,1028.0,966.0,970.0,939.0,965.0,948.0,978.0,983.0,878.0,869.0,852.0,815.0,897.0,892.0,882.0,838.0,825.0,829.0,1089.0,1059.0,1064.0,1061.0,1091.0,1083.0,1101.0,1080.0,1081.0,1059.0,997.0,944.0,954.0,947.0,990.0,1007.0,923.0,985.0,979.0,968.0,867.0,829.0,901.0,902.0,855.0,869.0,862.0,863.0,848.0,844.0,747.0,831.0,768.0,794.0,762.0,768.0,804.0,792.0,774.0,804.0,871.0,895.0,852.0,874.0,892.0,863.0,903.0,889.0,901.0,905.0
82,1160.0,1170.0,1136.0,1177.0,1246.0,1103.0,1164.0,1196.0,1137.0,1156.0,1088.0,1094.0,1076.0,1076.0,1123.0,1098.0,1077.0,1046.0,1058.0,1057.0,1061.0,1120.0,1134.0,1112.0,1150.0,1121.0,1073.0,1162.0,1082.0,1125.0,987.0,937.0,1012.0,984.0,963.0,993.0,953.0,961.0,989.0,1000.0,841.0,806.0,838.0,817.0,838.0,869.0,887.0,858.0,792.0,836.0,1111.0,1108.0,1083.0,1086.0,1061.0,1068.0,1044.0,1114.0,1116.0,1095.0,1007.0,966.0,954.0,974.0,920.0,967.0,973.0,956.0,1011.0,996.0,863.0,897.0,888.0,890.0,802.0,884.0,881.0,854.0,877.0,866.0,804.0,783.0,792.0,735.0,788.0,797.0,811.0,739.0,755.0,791.0,864.0,899.0,872.0,899.0,874.0,880.0,920.0,853.0,908.0,876.0
83,1123.0,1188.0,1121.0,1185.0,1213.0,1130.0,1185.0,1158.0,1156.0,1154.0,1082.0,1048.0,1141.0,1104.0,1107.0,1077.0,1037.0,1078.0,1085.0,1070.0,1152.0,1171.0,1136.0,1122.0,1105.0,1143.0,1151.0,1120.0,1114.0,1066.0,993.0,975.0,966.0,954.0,986.0,972.0,943.0,944.0,975.0,1003.0,866.0,862.0,843.0,816.0,809.0,850.0,854.0,856.0,846.0,844.0,1110.0,1112.0,1089.0,1045.0,1114.0,1076.0,1103.0,1076.0,1095.0,1130.0,960.0,946.0,937.0,966.0,980.0,1005.0,955.0,969.0,955.0,959.0,904.0,866.0,922.0,890.0,856.0,853.0,873.0,907.0,858.0,899.0,759.0,731.0,800.0,806.0,772.0,795.0,819.0,786.0,770.0,790.0,840.0,880.0,834.0,864.0,818.0,882.0,866.0,851.0,874.0,888.0
84,1173.0,1177.0,1169.0,1162.0,1230.0,1141.0,1216.0,1163.0,1206.0,1179.0,1087.0,1119.0,1063.0,1123.0,1106.0,1091.0,1071.0,1089.0,1053.0,1118.0,1097.0,1068.0,1175.0,1082.0,1086.0,1137.0,1119.0,1106.0,1099.0,1080.0,954.0,987.0,974.0,974.0,986.0,979.0,986.0,972.0,1035.0,1002.0,916.0,855.0,867.0,830.0,788.0,863.0,797.0,849.0,812.0,888.0,1024.0,1044.0,1077.0,1077.0,1109.0,1087.0,1086.0,1045.0,1049.0,1057.0,998.0,981.0,951.0,965.0,963.0,978.0,952.0,998.0,987.0,990.0,881.0,924.0,880.0,874.0,801.0,844.0,867.0,906.0,874.0,809.0,769.0,753.0,785.0,769.0,790.0,766.0,823.0,774.0,767.0,824.0,898.0,876.0,849.0,900.0,898.0,899.0,871.0,848.0,847.0,858.0
85,1177.0,1120.0,1167.0,1220.0,1190.0,1168.0,1124.0,1172.0,1198.0,1194.0,1086.0,1088.0,1086.0,1096.0,1111.0,1093.0,1096.0,1128.0,1171.0,1125.0,1202.0,1141.0,1153.0,1069.0,1086.0,1150.0,1110.0,1120.0,1080.0,1116.0,959.0,985.0,961.0,958.0,959.0,946.0,1044.0,1006.0,902.0,972.0,875.0,854.0,862.0,837.0,811.0,869.0,843.0,824.0,867.0,846.0,1069.0,1110.0,1057.0,1076.0,1134.0,1108.0,1072.0,1037.0,1058.0,1077.0,949.0,938.0,968.0,971.0,914.0,958.0,967.0,944.0,955.0,1003.0,841.0,869.0,860.0,852.0,947.0,909.0,833.0,876.0,873.0,898.0,785.0,797.0,768.0,821.0,741.0,753.0,795.0,800.0,804.0,747.0,853.0,886.0,911.0,857.0,861.0,830.0,908.0,845.0,819.0,823.0
86,1146.0,1178.0,1163.0,1182.0,1169.0,1168.0,1159.0,1188.0,1209.0,1197.0,1182.0,1099.0,1106.0,1099.0,1088.0,1101.0,1098.0,1049.0,1095.0,1071.0,1146.0,1127.0,1130.0,1141.0,1105.0,1164.0,1133.0,1130.0,1134.0,1093.0,974.0,968.0,1017.0,979.0,956.0,927.0,980.0,1009.0,921.0,973.0,843.0,834.0,857.0,858.0,881.0,853.0,835.0,882.0,834.0,810.0,1080.0,1033.0,1020.0,1074.0,1069.0,1094.0,1067.0,1084.0,1117.0,1112.0,960.0,988.0,972.0,936.0,959.0,960.0,972.0,931.0,932.0,964.0,825.0,856.0,873.0,902.0,874.0,899.0,898.0,858.0,831.0,938.0,778.0,832.0,792.0,748.0,776.0,752.0,780.0,743.0,803.0,771.0,858.0,877.0,866.0,837.0,883.0,865.0,872.0,880.0,849.0,873.0
87,1181.0,1191.0,1184.0,1127.0,1157.0,1179.0,1163.0,1178.0,1193.0,1154.0,1086.0,1107.0,1125.0,1125.0,1106.0,1100.0,1101.0,1077.0,1144.0,1091.0,1104.0,1145.0,1136.0,1155.0,1181.0,1123.0,1100.0,1081.0,1077.0,1136.0,971.0,937.0,1024.0,949.0,928.0,992.0,1012.0,964.0,997.0,965.0,823.0,844.0,850.0,871.0,849.0,825.0,813.0,885.0,835.0,847.0,1082.0,1032.0,1064.0,1058.0,1085.0,1084.0,1099.0,1103.0,1034.0,1078.0,1049.0,1012.0,925.0,973.0,943.0,960.0,979.0,972.0,948.0,958.0,818.0,851.0,898.0,843.0,940.0,866.0,866.0,867.0,865.0,869.0,805.0,790.0,751.0,775.0,748.0,766.0,759.0,790.0,753.0,772.0,874.0,884.0,837.0,882.0,822.0,888.0,902.0,840.0,877.0,936.0
88,1201.0,1150.0,1127.0,1224.0,1190.0,1204.0,1187.0,1126.0,1162.0,1213.0,1073.0,1143.0,1117.0,1078.0,1079.0,1056.0,1125.0,1083.0,1145.0,1077.0,1089.0,1101.0,1090.0,1072.0,1086.0,1092.0,1109.0,1116.0,1113.0,1074.0,927.0,1010.0,1014.0,975.0,1042.0,1012.0,986.0,963.0,1021.0,1002.0,866.0,868.0,851.0,849.0,843.0,868.0,835.0,833.0,838.0,855.0,1101.0,1051.0,1094.0,1105.0,1106.0,1082.0,1032.0,1073.0,1042.0,1068.0,987.0,951.0,989.0,953.0,955.0,977.0,992.0,998.0,966.0,999.0,894.0,824.0,870.0,857.0,846.0,832.0,860.0,861.0,832.0,875.0,779.0,804.0,761.0,799.0,742.0,790.0,784.0,838.0,769.0,756.0,879.0,893.0,884.0,848.0,868.0,874.0,886.0,874.0,834.0,887.0
89,1193.0,1182.0,1172.0,1190.0,1211.0,1182.0,1199.0,1120.0,1168.0,1226.0,1082.0,1148.0,1123.0,1136.0,1080.0,1082.0,1059.0,1027.0,1115.0,1103.0,1099.0,1094.0,1127.0,1099.0,1124.0,1110.0,1101.0,1099.0,1148.0,1157.0,976.0,924.0,1003.0,975.0,976.0,1005.0,998.0,913.0,991.0,988.0,842.0,859.0,798.0,780.0,846.0,888.0,882.0,859.0,826.0,844.0,1102.0,1085.0,1064.0,1083.0,1059.0,1059.0,1059.0,1094.0,1086.0,1081.0,979.0,988.0,947.0,974.0,926.0,975.0,960.0,1050.0,955.0,919.0,859.0,880.0,899.0,883.0,871.0,873.0,841.0,882.0,829.0,871.0,779.0,728.0,775.0,805.0,739.0,802.0,762.0,824.0,740.0,751.0,885.0,905.0,888.0,834.0,925.0,814.0,936.0,904.0,861.0,858.0
90,1142.0,1161.0,1180.0,1234.0,1166.0,1248.0,1142.0,1152.0,1182.0,1217.0,1109.0,1117.0,1135.0,1095.0,1104.0,1051.0,1074.0,1089.0,1058.0,1049.0,1161.0,1152.0,1106.0,1124.0,1102.0,1090.0,1107.0,1111.0,1144.0,1095.0,998.0,992.0,1011.0,967.0,966.0,964.0,969.0,970.0,977.0,991.0,862.0,841.0,840.0,863.0,875.0,874.0,868.0,846.0,838.0,858.0,1041.0,1083.0,1002.0,1063.0,1121.0,1089.0,1135.0,1049.0,1055.0,1140.0,940.0,940.0,941.0,920.0,913.0,937.0,968.0,994.0,991.0,965.0,881.0,870.0,877.0,854.0,866.0,874.0,862.0,901.0,853.0,843.0,756.0,781.0,803.0,765.0,738.0,765.0,756.0,771.0,780.0,782.0,909.0,854.0,904.0,872.0,906.0,897.0,917.0,893.0,842.0,855.0
91,1145.0,1158.0,1188.0,1204.0,1163.0,1152.0,1193.0,1124.0,1163.0,1204.0,1116.0,1121.0,1122.0,1098.0,1109.0,1084.0,1095.0,1071.0,1095.0,1081.0,1164.0,1147.0,1072.0,1104.0,1099.0,1141.0,1071.0,1131.0,1137.0,1096.0,959.0,936.0,958.0,934.0,1002.0,985.0,954.0,989.0,963.0,967.0,836.0,819.0,884.0,819.0,842.0,874.0,867.0,880.0,809.0,858.0,1075.0,1064.0,1071.0,1091.0,1067.0,1090.0,1067.0,1106.0,1096.0,1107.0,960.0,1000.0,988.0,1036.0,999.0,987.0,966.0,997.0,972.0,959.0,905.0,859.0,864.0,849.0,834.0,887.0,885.0,863.0,819.0,868.0,763.0,801.0,793.0,797.0,761.0,765.0,791.0,762.0,768.0,756.0,876.0,888.0,862.0,825.0,883.0,826.0,914.0,854.0,897.0,899.0
92,1177.0,1183.0,1173.0,1201.0,1142.0,1175.0,1191.0,1155.0,1166.0,1191.0,1095.0,1154.0,1067.0,1092.0,1099.0,1109.0,1101.0,1098.0,1062.0,1076.0,1102.0,1115.0,1179.0,1113.0,1114.0,1135.0,1104.0,1123.0,1077.0,1117.0,958.0,1005.0,997.0,988.0,957.0,968.0,959.0,980.0,1002.0,990.0,865.0,840.0,864.0,800.0,864.0,842.0,865.0,877.0,861.0,865.0,1130.0,1032.0,1048.0,1105.0,1092.0,1085.0,1058.0,1061.0,1045.0,1105.0,979.0,952.0,1034.0,975.0,983.0,958.0,976.0,1017.0,982.0,986.0,893.0,867.0,854.0,837.0,875.0,882.0,904.0,848.0,909.0,874.0,758.0,793.0,756.0,752.0,770.0,778.0,779.0,779.0,768.0,757.0,841.0,850.0,828.0,891.0,868.0,857.0,868.0,840.0,855.0,833.0
93,1164.0,1203.0,1165.0,1184.0,1164.0,1252.0,1190.0,1159.0,1099.0,1160.0,1126.0,1151.0,1086.0,1060.0,1057.0,1168.0,1109.0,1061.0,1066.0,1131.0,1143.0,1077.0,1140.0,1041.0,1190.0,1119.0,1109.0,1088.0,1129.0,1099.0,915.0,1021.0,968.0,1026.0,947.0,941.0,954.0,1009.0,963.0,937.0,841.0,823.0,825.0,870.0,804.0,813.0,827.0,829.0,872.0,812.0,1087.0,1049.0,1079.0,1145.0,1083.0,1076.0,1115.0,1053.0,1060.0,1103.0,1005.0,962.0,990.0,954.0,988.0,976.0,990.0,965.0,976.0,979.0,852.0,855.0,887.0,871.0,850.0,852.0,880.0,867.0,899.0,892.0,789.0,806.0,791.0,763.0,805.0,729.0,761.0,816.0,771.0,786.0,876.0,843.0,870.0,842.0,876.0,853.0,868.0,936.0,900.0,897.0
94,1202.0,1186.0,1131.0,1154.0,1190.0,1207.0,1226.0,1170.0,1173.0,1219.0,1099.0,1168.0,1118.0,1082.0,1054.0,1083.0,1067.0,1085.0,1053.0,1101.0,1106.0,1124.0,1129.0,1072.0,1094.0,1119.0,1105.0,1127.0,1150.0,1102.0,957.0,947.0,965.0,944.0,986.0,1023.0,1010.0,1032.0,955.0,910.0,846.0,855.0,863.0,869.0,802.0,876.0,840.0,858.0,846.0,868.0,1097.0,1122.0,1074.0,1092.0,1092.0,1119.0,1018.0,1036.0,1031.0,1099.0,989.0,938.0,928.0,1068.0,938.0,953.0,948.0,966.0,953.0,953.0,855.0,863.0,878.0,870.0,885.0,863.0,891.0,851.0,892.0,909.0,754.0,772.0,827.0,728.0,807.0,724.0,808.0,753.0,793.0,765.0,893.0,809.0,892.0,879.0,921.0,808.0,893.0,903.0,893.0,869.0
95,1211.0,1206.0,1220.0,1180.0,1220.0,1187.0,1211.0,1160.0,1174.0,1189.0,1085.0,1152.0,1083.0,1045.0,1060.0,1060.0,1078.0,1113.0,1066.0,1106.0,1118.0,1110.0,1090.0,1142.0,1111.0,1050.0,1086.0,1149.0,1092.0,1150.0,970.0,970.0,1012.0,962.0,1027.0,995.0,1019.0,965.0,964.0,960.0,828.0,867.0,825.0,833.0,846.0,893.0,875.0,853.0,857.0,860.0,1096.0,1070.0,1078.0,1114.0,1099.0,1097.0,1072.0,1101.0,1120.0,1096.0,960.0,890.0,969.0,940.0,918.0,967.0,968.0,968.0,969.0,982.0,919.0,867.0,921.0,842.0,879.0,885.0,883.0,836.0,874.0,869.0,765.0,791.0,760.0,820.0,729.0,765.0,756.0,771.0,794.0,748.0,843.0,860.0,844.0,881.0,877.0,881.0,859.0,862.0,831.0,831.0
96,1201.0,1171.0,1171.0,1182.0,1127.0,1180.0,1167.0,1167.0,1157.0,1205.0,1063.0,1095.0,1072.0,1096.0,1120.0,1090.0,1149.0,1145.0,1097.0,1059.0,1119.0,1138.0,1109.0,1091.0,1126.0,1108.0,1073.0,1081.0,1031.0,1142.0,977.0,959.0,1067.0,986.0,991.0,943.0,948.0,935.0,984.0,947.0,826.0,829.0,890.0,845.0,848.0,855.0,839.0,867.0,896.0,899.0,1087.0,1110.0,1064.0,1128.0,1083.0,1111.0,1061.0,1109.0,1100.0,1085.0,944.0,976.0,995.0,955.0,962.0,932.0,959.0,956.0,955.0,940.0,904.0,844.0,878.0,821.0,866.0,906.0,927.0,875.0,835.0,904.0,769.0,755.0,710.0,764.0,791.0,782.0,772.0,777.0,764.0,760.0,908.0,904.0,843.0,891.0,855.0,876.0,915.0,865.0,925.0,852.0
97,1183.0,1230.0,1169.0,1196.0,1192.0,1173.0,1202.0,1212.0,1195.0,1230.0,1098.0,1105.0,1088.0,1126.0,1060.0,1120.0,1106.0,1076.0,1093.0,1089.0,1129.0,1095.0,1156.0,1124.0,1086.0,1122.0,1139.0,1107.0,1133.0,1104.0,942.0,948.0,966.0,967.0,972.0,969.0,958.0,965.0,910.0,995.0,847.0,843.0,814.0,845.0,839.0,844.0,865.0,857.0,862.0,844.0,1062.0,1063.0,1101.0,1102.0,1071.0,1073.0,1120.0,1084.0,1087.0,1085.0,946.0,982.0,968.0,976.0,966.0,957.0,960.0,935.0,943.0,955.0,909.0,884.0,877.0,873.0,886.0,864.0,863.0,858.0,869.0,846.0,763.0,760.0,784.0,716.0,805.0,792.0,774.0,780.0,756.0,758.0,921.0,869.0,874.0,827.0,896.0,872.0,819.0,901.0,895.0,884.0
98,1174.0,1187.0,1169.0,1189.0,1175.0,1194.0,1194.0,1205.0,1227.0,1139.0,1081.0,1093.0,1124.0,1069.0,1130.0,1111.0,1098.0,1087.0,1075.0,1123.0,1111.0,1101.0,1082.0,1126.0,1126.0,1075.0,1096.0,1094.0,1110.0,1143.0,939.0,1015.0,958.0,976.0,980.0,978.0,1018.0,981.0,928.0,964.0,880.0,810.0,899.0,822.0,807.0,865.0,882.0,799.0,841.0,845.0,1109.0,1033.0,1063.0,1091.0,1103.0,1071.0,1031.0,1127.0,1109.0,1085.0,988.0,1023.0,946.0,985.0,954.0,999.0,960.0,1004.0,931.0,963.0,889.0,873.0,921.0,871.0,843.0,876.0,894.0,841.0,908.0,859.0,764.0,775.0,775.0,772.0,750.0,755.0,779.0,800.0,757.0,813.0,868.0,870.0,864.0,851.0,902.0,863.0,854.0,832.0,854.0,858.0
99,1214.0,1201.0,1168.0,1187.0,1208.0,1239.0,1242.0,1187.0,1158.0,1210.0,1073.0,1077.0,1112.0,1068.0,1046.0,1104.0,1094.0,1071.0,1080.0,1050.0,1087.0,1127.0,1136.0,1091.0,1108.0,1135.0,1162.0,1115.0,1089.0,1130.0,1011.0,944.0,973.0,995.0,982.0,920.0,978.0,966.0,1000.0,969.0,849.0,854.0,867.0,848.0,847.0,838.0,895.0,841.0,809.0,870.0,1138.0,1070.0,1071.0,1108.0,1113.0,1120.0,1052.0,1045.0,1148.0,1084.0,951.0,970.0,1066.0,952.0,921.0,962.0,987.0,945.0,948.0,944.0,889.0,836.0,831.0,857.0,907.0,843.0,821.0,905.0,894.0,878.0,776.0,794.0,733.0,801.0,757.0,780.0,770.0,801.0,717.0,774.0,813.0,910.0,841.0,848.0,881.0,839.0,797.0,897.0,895.0,884.0
100,1153.0,1194.0,1214.0,1121.0,1219.0,1219.0,1181.0,1203.0,1193.0,1173.0,1102.0,1131.0,1113.0,1112.0,1127.0,1077.0,1100.0,1052.0,1058.0,1094.0,1150.0,1095.0,1081.0,1091.0,1132.0,1102.0,1136.0,1135.0,1117.0,1124.0,1022.0,958.0,983.0,974.0,924.0,962.0,987.0,895.0,996.0,1004.0,827.0,875.0,856.0,813.0,858.0,839.0,844.0,831.0,852.0,842.0,1080.0,1071.0,1109.0,1126.0,1045.0,1076.0,1072.0,1096.0,1052.0,1082.0,1012.0,971.0,969.0,966.0,960.0,947.0,997.0,930.0,953.0,959.0,848.0,873.0,854.0,882.0,878.0,876.0,863.0,955.0,879.0,855.0,770.0,758.0,767.0,759.0,755.0,805.0,772.0,783.0,743.0,764.0,835.0,857.0,848.0,913.0,869.0,880.0,845.0,893.0,896.0,897.0
101,1136.0,1238.0,1165.0,1162.0,1187.0,1205.0,1155.0,1207.0,1191.0,1165.0,1088.0,1069.0,1100.0,1102.0,1107.0,1086.0,1093.0,1065.0,1129.0,1130.0,1123.0,1113.0,1128.0,1140.0,1067.0,1101.0,1141.0,1105.0,1120.0,1128.0,990.0,976.0,943.0,989.0,991.0,920.0,987.0,968.0,986.0,982.0,878.0,821.0,899.0,847.0,831.0,848.0,904.0,877.0,817.0,847.0,1038.0,1086.0,1068.0,1098.0,1053.0,1107.0,1048.0,1098.0,1068.0,1076.0,992.0,970.0,1031.0,964.0,961.0,1031.0,973.0,957.0,993.0,931.0,874.0,909.0,859.0,852.0,910.0,875.0,821.0,837.0,893.0,868.0,810.0,764.0,780.0,748.0,773.0,764.0,775.0,767.0,685.0,772.0,877.0,835.0,823.0,853.0,891.0,845.0,905.0,892.0,850.0,896.0
102,1129.0,1213.0,1180.0,1103.0,1214.0,1169.0,1187.0,1151.0,1146.0,1209.0,1084.0,1117.0,1110.0,1094.0,1111.0,1090.0,1088.0,1110.0,1034.0,1076.0,1123.0,1083.0,1123.0,1163.0,1140.0,1114.0,1101.0,1116.0,1119.0,1134.0,992.0,1004.0,993.0,957.0,973.0,968.0,1014.0,963.0,1003.0,988.0,871.0,849.0,864.0,855.0,818.0,906.0,846.0,843.0,861.0,858.0,1075.0,1070.0,1054.0,1115.0,1076.0,1043.0,1072.0,1096.0,1116.0,1089.0,950.0,960.0,966.0,981.0,955.0,944.0,969.0,979.0,985.0,916.0,892.0,892.0,889.0,834.0,854.0,909.0,820.0,890.0,859.0,899.0,797.0,766.0,751.0,777.0,767.0,782.0,768.0,773.0,752.0,776.0,898.0,826.0,867.0,877.0,861.0,862.0,938.0,852.0,859.0,849.0
103,1169.0,1204.0,1153.0,1195.0,1135.0,1189.0,1171.0,1180.0,1154.0,1150.0,1098.0,1119.0,1112.0,1045.0,1190.0,1091.0,1080.0,1128.0,1106.0,1140.0,1098.0,1094.0,1115.0,1112.0,1066.0,1133.0,1064.0,1098.0,1117.0,1079.0,995.0,987.0,1010.0,976.0,985.0,962.0,981.0,965.0,973.0,1016.0,896.0,841.0,863.0,853.0,831.0,823.0,829.0,889.0,839.0,827.0,1103.0,1053.0,1086.0,1078.0,1082.0,1069.0,1095.0,1045.0,1057.0,1055.0,965.0,961.0,972.0,1011.0,990.0,932.0,964.0,975.0,982.0,981.0,862.0,880.0,882.0,866.0,821.0,907.0,902.0,866.0,852.0,884.0,775.0,778.0,739.0,752.0,806.0,776.0,793.0,768.0,768.0,775.0,852.0,865.0,865.0,867.0,863.0,906.0,928.0,860.0,887.0,891.0
104,1200.0,1178.0,1142.0,1135.0,1202.0,1179.0,1206.0,1164.0,1149.0,1149.0,1081.0,1136.0,1067.0,1030.0,1062.0,1121.0,1090.0,1103.0,1091.0,1129.0,1121.0,1106.0,1129.0,1105.0,1113.0,1125.0,1104.0,1132.0,1074.0,1098.0,984.0,1014.0,930.0,1015.0,999.0,994.0,937.0,990.0,925.0,961.0,836.0,829.0,891.0,869.0,867.0,830.0,880.0,854.0,869.0,866.0,1112.0,1071.0,1123.0,1073.0,1104.0,1080.0,1106.0,1071.0,1070.0,1113.0,947.0,968.0,966.0,1033.0,992.0,964.0,979.0,958.0,1013.0,939.0,887.0,882.0,893.0,898.0,836.0,846.0,868.0,867.0,878.0,895.0,771.0,732.0,826.0,748.0,787.0,776.0,804.0,735.0,815.0,750.0,872.0,865.0,835.0,853.0,807.0,872.0,833.0,899.0,856.0,900.0
105,1171.0,1155.0,1174.0,1180.0,1186.0,1170.0,1178.0,1193.0,1152.0,1249.0,1137.0,1116.0,1072.0,1105.0,1087.0,1121.0,1104.0,1113.0,1073.0,1057.0,1133.0,1070.0,1127.0,1126.0,1070.0,1138.0,1145.0,1164.0,1095.0,1114.0,998.0,973.0,1015.0,971.0,1013.0,987.0,946.0,967.0,1003.0,962.0,833.0,847.0,844.0,857.0,905.0,838.0,848.0,863.0,838.0,881.0,1099.0,1081.0,1069.0,1065.0,1073.0,1091.0,1123.0,1088.0,1049.0,1063.0,961.0,1021.0,978.0,959.0,931.0,897.0,989.0,991.0,1023.0,1010.0,825.0,877.0,904.0,852.0,892.0,893.0,841.0,841.0,834.0,850.0,804.0,792.0,773.0,756.0,765.0,779.0,747.0,742.0,768.0,743.0,847.0,853.0,845.0,889.0,851.0,873.0,880.0,804.0,907.0,868.0
106,1166.0,1138.0,1163.0,1177.0,1190.0,1164.0,1159.0,1159.0,1189.0,1191.0,1105.0,1111.0,1080.0,1107.0,1145.0,1101.0,1080.0,1143.0,1070.0,1086.0,1130.0,1114.0,1096.0,1052.0,1111.0,1128.0,1116.0,1184.0,1121.0,1121.0,1025.0,988.0,988.0,1000.0,1012.0,995.0,938.0,951.0,943.0,969.0,826.0,861.0,867.0,882.0,837.0,818.0,875.0,851.0,851.0,844.0,1049.0,1109.0,1079.0,1076.0,1081.0,1061.0,1102.0,1068.0,1055.0,1065.0,960.0,927.0,986.0,951.0,930.0,985.0,959.0,904.0,994.0,979.0,874.0,882.0,854.0,892.0,817.0,905.0,887.0,845.0,887.0,853.0,807.0,780.0,777.0,792.0,773.0,746.0,818.0,776.0,765.0,809.0,867.0,878.0,915.0,835.0,875.0,885.0,870.0,881.0,867.0,883.0
107,1145.0,1147.0,1182.0,1171.0,1180.0,1192.0,1193.0,1204.0,1146.0,1142.0,1123.0,1112.0,1149.0,1039.0,1122.0,1130.0,1122.0,1072.0,1088.0,1116.0,1114.0,1065.0,1094.0,1075.0,1080.0,1069.0,1118.0,1042.0,1123.0,1134.0,976.0,960.0,948.0,1010.0,1018.0,952.0,943.0,994.0,977.0,949.0,841.0,868.0,882.0,850.0,837.0,875.0,894.0,852.0,853.0,872.0,1070.0,1095.0,1107.0,1114.0,1068.0,1108.0,1082.0,1111.0,1084.0,1131.0,992.0,1002.0,931.0,984.0,974.0,919.0,949.0,962.0,999.0,958.0,857.0,878.0,883.0,877.0,846.0,892.0,891.0,883.0,884.0,842.0,783.0,792.0,749.0,763.0,762.0,765.0,761.0,805.0,752.0,788.0,910.0,874.0,878.0,886.0,885.0,885.0,851.0,839.0,836.0,868.0
108,1122.0,1165.0,1228.0,1201.0,1176.0,1198.0,1232.0,1207.0,1156.0,1203.0,1124.0,1079.0,1075.0,1083.0,1091.0,1093.0,1046.0,1116.0,1061.0,1080.0,1130.0,1134.0,1101.0,1082.0,1097.0,1123.0,1117.0,1088.0,1154.0,1140.0,985.0,970.0,970.0,945.0,1005.0,977.0,1030.0,1002.0,971.0,966.0,879.0,854.0,832.0,841.0,843.0,870.0,863.0,813.0,830.0,845.0,1091.0,1110.0,1108.0,1039.0,1077.0,1105.0,1050.0,1032.0,1024.0,1064.0,972.0,948.0,953.0,1021.0,959.0,947.0,996.0,935.0,999.0,1003.0,852.0,887.0,914.0,891.0,903.0,882.0,870.0,884.0,892.0,904.0,774.0,775.0,768.0,798.0,765.0,760.0,736.0,761.0,785.0,749.0,885.0,871.0,851.0,870.0,857.0,829.0,861.0,924.0,874.0,844.0
109,1174.0,1174.0,1220.0,1162.0,1160.0,1142.0,1187.0,1154.0,1184.0,1170.0,1078.0,1086.0,1094.0,1130.0,1104.0,1104.0,1073.0,1104.0,1015.0,1095.0,1175.0,1088.0,1108.0,1156.0,1064.0,1101.0,1111.0,1126.0,1118.0,1096.0,1004.0,981.0,964.0,914.0,982.0,980.0,949.0,988.0,956.0,1006.0,844.0,884.0,821.0,806.0,873.0,856.0,829.0,862.0,853.0,882.0,1099.0,1079.0,1117.0,1106.0,1074.0,1101.0,1115.0,1083.0,1049.0,1066.0,906.0,970.0,966.0,1012.0,968.0,993.0,999.0,965.0,1010.0,917.0,863.0,876.0,865.0,885.0,868.0,855.0,862.0,853.0,909.0,899.0,800.0,790.0,728.0,770.0,786.0,754.0,796.0,771.0,755.0,798.0,869.0,869.0,913.0,824.0,900.0,899.0,879.0,858.0,899.0,871.0
110,1183.0,1190.0,1204.0,1119.0,1173.0,1163.0,1210.0,1213.0,1193.0,1148.0,1102.0,1038.0,1047.0,1112.0,1057.0,1091.0,1094.0,1108.0,1096.0,1082.0,1131.0,1140.0,1043.0,1099.0,1140.0,1087.0,1078.0,1119.0,1113.0,1107.0,993.0,987.0,1022.0,978.0,947.0,1004.0,965.0,914.0,990.0,1012.0,869.0,873.0,786.0,870.0,857.0,853.0,904.0,849.0,827.0,874.0,1098.0,1100.0,1087.0,1077.0,1110.0,1091.0,1097.0,1047.0,1047.0,1046.0,952.0,969.0,1013.0,956.0,990.0,975.0,948.0,991.0,958.0,997.0,879.0,865.0,876.0,891.0,856.0,852.0,884.0,856.0,910.0,881.0,727.0,769.0,809.0,790.0,771.0,759.0,762.0,760.0,741.0,825.0,874.0,867.0,913.0,877.0,878.0,914.0,859.0,905.0,872.0,835.0
111,1195.0,1165.0,1188.0,1174.0,1175.0,1205.0,1156.0,1152.0,1162.0,1202.0,1061.0,1053.0,1093.0,1119.0,1099.0,1123.0,1109.0,1107.0,1107.0,1071.0,1120.0,1167.0,1114.0,1152.0,1086.0,1132.0,1101.0,1108.0,1141.0,1125.0,960.0,990.0,983.0,912.0,906.0,968.0,962.0,1022.0,1005.0,1010.0,830.0,832.0,856.0,824.0,838.0,854.0,928.0,866.0,846.0,860.0,1082.0,1115.0,1064.0,1076.0,1086.0,1093.0,1119.0,1092.0,1058.0,1076.0,1013.0,994.0,999.0,981.0,995.0,922.0,963.0,967.0,994.0,988.0,880.0,877.0,845.0,882.0,903.0,858.0,881.0,836.0,824.0,880.0,765.0,738.0,757.0,744.0,791.0,744.0,729.0,815.0,741.0,742.0,902.0,864.0,901.0,901.0,902.0,884.0,851.0,795.0,866.0,852.0
112,1159.0,1186.0,1197.0,1148.0,1139.0,1163.0,1162.0,1148.0,1208.0,1189.0,1095.0,1045.0,1079.0,1143.0,1123.0,1100.0,1084.0,1091.0,1044.0,1074.0,1123.0,1064.0,1108.0,1086.0,1146.0,1090.0,1089.0,1115.0,1081.0,1079.0,986.0,990.0,970.0,965.0,941.0,1012.0,936.0,949.0,923.0,983.0,820.0,867.0,845.0,873.0,864.0,795.0,889.0,873.0,888.0,925.0,1020.0,1121.0,1103.0,1119.0,1084.0,1093.0,1084.0,1029.0,1083.0,1090.0,1038.0,956.0,968.0,963.0,950.0,954.0,1007.0,996.0,978.0,957.0,897.0,905.0,895.0,884.0,902.0,892.0,905.0,883.0,862.0,853.0,783.0,738.0,775.0,707.0,773.0,768.0,813.0,806.0,776.0,806.0,889.0,926.0,858.0,876.0,862.0,918.0,835.0,876.0,901.0,855.0
113,1133.0,1171.0,1124.0,1177.0,1185.0,1188.0,1206.0,1171.0,1210.0,1116.0,1079.0,1088.0,1097.0,1082.0,1143.0,1092.0,1053.0,1099.0,1070.0,1075.0,1148.0,1117.0,1141.0,1148.0,1152.0,1101.0,1108.0,1080.0,1063.0,1148.0,972.0,955.0,997.0,996.0,990.0,978.0,973.0,1009.0,961.0,1024.0,840.0,848.0,885.0,846.0,840.0,861.0,872.0,884.0,850.0,871.0,1114.0,1084.0,1062.0,1055.0,1063.0,1099.0,1081.0,1044.0,1081.0,1097.0,977.0,996.0,973.0,980.0,964.0,953.0,985.0,984.0,989.0,987.0,874.0,838.0,851.0,877.0,835.0,879.0,866.0,879.0,869.0,920.0,758.0,831.0,784.0,771.0,758.0,794.0,773.0,744.0,757.0,716.0,917.0,872.0,888.0,832.0,848.0,842.0,889.0,876.0,894.0,856.0
114,1152.0,1192.0,1152.0,1183.0,1209.0,1209.0,1152.0,1177.0,1124.0,1176.0,1077.0,1057.0,1105.0,1068.0,1136.0,1093.0,1121.0,1082.0,1122.0,1061.0,1110.0,1153.0,1138.0,1154.0,1088.0,1119.0,1119.0,1119.0,1113.0,1124.0,964.0,986.0,981.0,947.0,1009.0,938.0,969.0,965.0,957.0,942.0,863.0,828.0,874.0,887.0,853.0,813.0,857.0,874.0,838.0,841.0,1131.0,1116.0,1049.0,1030.0,1045.0,1082.0,1109.0,1082.0,1087.0,1130.0,989.0,985.0,957.0,983.0,965.0,996.0,979.0,947.0,952.0,954.0,912.0,859.0,862.0,889.0,901.0,887.0,878.0,851.0,861.0,888.0,779.0,780.0,813.0,754.0,763.0,821.0,767.0,810.0,756.0,812.0,835.0,840.0,874.0,870.0,807.0,827.0,854.0,865.0,935.0,882.0
115,1211.0,1221.0,1249.0,1181.0,1194.0,1165.0,1178.0,1158.0,1182.0,1216.0,1145.0,1107.0,1051.0,1112.0,1071.0,1088.0,1068.0,1083.0,1050.0,1101.0,1105.0,1129.0,1108.0,1053.0,1110.0,1089.0,1129.0,1139.0,1116.0,1095.0,941.0,970.0,973.0,1003.0,940.0,1011.0,990.0,1011.0,968.0,1010.0,892.0,840.0,855.0,826.0,864.0,853.0,852.0,824.0,860.0,822.0,1068.0,1047.0,1060.0,1061.0,1071.0,1107.0,1046.0,1101.0,1045.0,1076.0,982.0,968.0,957.0,976.0,970.0,937.0,979.0,962.0,999.0,992.0,859.0,892.0,864.0,854.0,902.0,901.0,890.0,871.0,923.0,874.0,765.0,749.0,770.0,836.0,826.0,774.0,795.0,770.0,766.0,797.0,841.0,870.0,916.0,866.0,830.0,864.0,880.0,851.0,838.0,825.0
116,1199.0,1191.0,1235.0,1183.0,1172.0,1173.0,1205.0,1170.0,1145.0,1181.0,1113.0,1086.0,1114.0,1103.0,1080.0,1102.0,1100.0,1110.0,1146.0,1122.0,1076.0,1138.0,1076.0,1063.0,1144.0,1082.0,1064.0,1092.0,1072.0,1123.0,1010.0,1013.0,997.0,977.0,991.0,1000.0,995.0,969.0,1001.0,1017.0,842.0,841.0,841.0,867.0,864.0,824.0,806.0,893.0,873.0,865.0,1098.0,1045.0,1079.0,1102.0,1069.0,1065.0,1119.0,1037.0,1081.0,1095.0,993.0,970.0,952.0,970.0,905.0,980.0,990.0,1017.0,930.0,975.0,839.0,893.0,893.0,838.0,896.0,918.0,900.0,857.0,830.0,831.0,791.0,744.0,775.0,793.0,741.0,783.0,764.0,783.0,797.0,715.0,846.0,870.0,837.0,873.0,917.0,864.0,861.0,845.0,874.0,880.0
117,1180.0,1165.0,1216.0,1150.0,1136.0,1186.0,1175.0,1163.0,1206.0,1189.0,1035.0,1141.0,1127.0,1118.0,1062.0,1121.0,1142.0,1115.0,1081.0,1120.0,1148.0,1136.0,1104.0,1105.0,1135.0,1134.0,1138.0,1143.0,1117.0,1123.0,990.0,982.0,951.0,995.0,952.0,970.0,1013.0,944.0,921.0,924.0,863.0,849.0,861.0,850.0,883.0,808.0,817.0,835.0,892.0,831.0,1105.0,1027.0,1048.0,1069.0,1083.0,1031.0,1087.0,1109.0,1085.0,1102.0,987.0,978.0,956.0,1043.0,976.0,974.0,990.0,964.0,943.0,1006.0,911.0,904.0,868.0,891.0,898.0,842.0,855.0,816.0,885.0,886.0,740.0,759.0,743.0,699.0,784.0,813.0,756.0,797.0,766.0,754.0,847.0,851.0,922.0,847.0,875.0,912.0,825.0,886.0,850.0,866.0
118,1145.0,1211.0,1190.0,1172.0,1214.0,1216.0,1197.0,1184.0,1232.0,1195.0,1109.0,1090.0,1143.0,1105.0,1097.0,1119.0,1096.0,1143.0,1088.0,1080.0,1101.0,1072.0,1108.0,1114.0,1100.0,1108.0,1149.0,1111.0,1104.0,1108.0,963.0,996.0,958.0,1014.0,986.0,960.0,957.0,953.0,922.0,981.0,866.0,830.0,868.0,851.0,854.0,821.0,854.0,770.0,841.0,882.0,1028.0,1039.0,1080.0,1054.0,1039.0,1119.0,1087.0,1098.0,1066.0,1065.0,1010.0,979.0,975.0,924.0,990.0,918.0,967.0,977.0,958.0,971.0,870.0,887.0,847.0,885.0,883.0,838.0,862.0,857.0,866.0,881.0,794.0,815.0,755.0,734.0,765.0,816.0,746.0,764.0,790.0,796.0,926.0,875.0,870.0,913.0,854.0,872.0,881.0,911.0,877.0,845.0
119,1157.0,1177.0,1216.0,1178.0,1147.0,1204.0,1185.0,1202.0,1165.0,1155.0,1110.0,1093.0,1129.0,1086.0,1121.0,1076.0,1100.0,1057.0,1074.0,1060.0,1122.0,1146.0,1068.0,1119.0,1127.0,1079.0,1120.0,1121.0,1164.0,1190.0,968.0,952.0,983.0,975.0,930.0,1014.0,970.0,1012.0,982.0,966.0,832.0,851.0,864.0,821.0,866.0,805.0,877.0,816.0,831.0,847.0,1113.0,1102.0,1087.0,1083.0,1079.0,1114.0,1059.0,1106.0,1067.0,1082.0,946.0,955.0,971.0,950.0,960.0,976.0,965.0,972.0,970.0,931.0,876.0,857.0,854.0,882.0,888.0,867.0,864.0,830.0,873.0,925.0,785.0,798.0,747.0,780.0,773.0,758.0,767.0,775.0,745.0,756.0,904.0,863.0,872.0,892.0,892.0,894.0,892.0,874.0,871.0,892.0
120,1174.0,1226.0,1221.0,1148.0,1196.0,1129.0,1176.0,1206.0,1145.0,1197.0,1118.0,1146.0,1110.0,1120.0,1074.0,1062.0,1080.0,1028.0,1051.0,1148.0,1143.0,1108.0,1079.0,1141.0,1072.0,1150.0,1122.0,1148.0,1114.0,1131.0,955.0,970.0,982.0,973.0,983.0,1016.0,946.0,974.0,969.0,939.0,861.0,809.0,842.0,814.0,839.0,834.0,869.0,840.0,869.0,848.0,1045.0,1043.0,1069.0,1085.0,1095.0,1042.0,1070.0,1106.0,1082.0,1107.0,1025.0,974.0,956.0,1012.0,935.0,1020.0,979.0,955.0,979.0,983.0,826.0,920.0,890.0,867.0,874.0,898.0,843.0,864.0,891.0,856.0,813.0,720.0,789.0,756.0,778.0,755.0,784.0,757.0,772.0,749.0,851.0,872.0,854.0,846.0,938.0,883.0,931.0,885.0,874.0,841.0
121,1163.0,1209.0,1116.0,1193.0,1178.0,1205.0,1220.0,1159.0,1145.0,1211.0,1129.0,1089.0,1105.0,1126.0,1070.0,1045.0,1110.0,1123.0,1048.0,1109.0,1125.0,1143.0,1108.0,1084.0,1136.0,1164.0,1091.0,1121.0,1128.0,1141.0,939.0,961.0,990.0,985.0,977.0,952.0,956.0,920.0,1021.0,1014.0,855.0,857.0,868.0,846.0,899.0,848.0,862.0,846.0,854.0,835.0,1089.0,1055.0,1079.0,1044.0,1096.0,1083.0,1075.0,1073.0,1100.0,1064.0,943.0,973.0,1029.0,957.0,967.0,984.0,950.0,973.0,958.0,974.0,893.0,867.0,872.0,904.0,884.0,864.0,855.0,831.0,888.0,855.0,780.0,793.0,773.0,768.0,756.0,795.0,774.0,805.0,760.0,723.0,895.0,841.0,855.0,856.0,820.0,848.0,906.0,915.0,845.0,868.0
122,1173.0,1235.0,1193.0,1192.0,1198.0,1178.0,1197.0,1197.0,1168.0,1186.0,1073.0,1088.0,1050.0,1091.0,1099.0,1099.0,1107.0,1037.0,1116.0,1093.0,1156.0,1074.0,1158.0,1114.0,1118.0,1126.0,1065.0,1193.0,1108.0,1102.0,946.0,976.0,1021.0,960.0,966.0,953.0,1015.0,936.0,950.0,984.0,845.0,826.0,845.0,880.0,849.0,832.0,846.0,827.0,833.0,827.0,1086.0,1081.0,1077.0,1022.0,1097.0,1121.0,1061.0,1063.0,1085.0,1088.0,1015.0,976.0,935.0,1001.0,957.0,972.0,929.0,958.0,940.0,1016.0,894.0,878.0,845.0,861.0,863.0,890.0,920.0,908.0,864.0,894.0,760.0,766.0,785.0,799.0,748.0,761.0,749.0,761.0,768.0,783.0,861.0,887.0,885.0,846.0,886.0,855.0,912.0,882.0,915.0,821.0
123,1116.0,1198.0,1163.0,1192.0,1170.0,1200.0,1173.0,1190.0,1167.0,1198.0,1088.0,1129.0,1083.0,1044.0,1102.0,1066.0,1087.0,1064.0,1106.0,1069.0,1146.0,1093.0,1110.0,1119.0,1112.0,1160.0,1106.0,1121.0,1144.0,1105.0,1004.0,968.0,978.0,1010.0,1034.0,962.0,969.0,973.0,919.0,974.0,887.0,792.0,861.0,826.0,819.0,829.0,854.0,780.0,850.0,876.0,1075.0,1081.0,1075.0,1098.0,1154.0,1077.0,1041.0,1041.0,1068.0,1100.0,1016.0,1014.0,982.0,975.0,938.0,994.0,982.0,1021.0,995.0,968.0,873.0,860.0,860.0,863.0,858.0,841.0,906.0,878.0,890.0,852.0,750.0,802.0,801.0,805.0,763.0,744.0,792.0,771.0,715.0,796.0,856.0,847.0,884.0,836.0,825.0,911.0,896.0,922.0,889.0,859.0
124,1114.0,1176.0,1188.0,1216.0,1191.0,1186.0,1159.0,1158.0,1175.0,1191.0,1087.0,1067.0,1071.0,1071.0,1075.0,1081.0,1075.0,1085.0,1084.0,1124.0,1151.0,1096.0,1108.0,1082.0,1087.0,1086.0,1091.0,1139.0,1128.0,1160.0,986.0,1027.0,987.0,1001.0,977.0,969.0,979.0,965.0,1021.0,969.0,866.0,843.0,871.0,827.0,838.0,878.0,861.0,828.0,848.0,842.0,1095.0,1049.0,1088.0,1114.0,1120.0,1115.0,1094.0,1082.0,1026.0,1084.0,1005.0,959.0,920.0,953.0,976.0,1016.0,959.0,951.0,922.0,951.0,872.0,881.0,900.0,848.0,837.0,841.0,930.0,878.0,940.0,865.0,786.0,810.0,817.0,765.0,783.0,761.0,782.0,780.0,743.0,760.0,853.0,880.0,851.0,890.0,891.0,849.0,879.0,897.0,855.0,846.0
125,1179.0,1208.0,1188.0,1171.0,1155.0,1200.0,1184.0,1217.0,1160.0,1173.0,1078.0,1083.0,1121.0,1152.0,1091.0,1107.0,1032.0,1074.0,1077.0,1109.0,1121.0,1100.0,1091.0,1052.0,1063.0,1072.0,1110.0,1122.0,1157.0,1102.0,979.0,1005.0,949.0,999.0,1001.0,964.0,1002.0,974.0,956.0,1000.0,945.0,855.0,855.0,845.0,871.0,844.0,866.0,853.0,853.0,839.0,1074.0,1066.0,1077.0,1077.0,1092.0,1087.0,1086.0,1065.0,1092.0,1077.0,952.0,991.0,969.0,934.0,928.0,986.0,967.0,941.0,980.0,926.0,860.0,867.0,850.0,851.0,877.0,842.0,895.0,859.0,839.0,906.0,763.0,734.0,777.0,803.0,790.0,834.0,762.0,784.0,750.0,789.0,865.0,879.0,925.0,885.0,912.0,848.0,907.0,875.0,875.0,874.0
126,1205.0,1197.0,1215.0,1202.0,1224.0,1192.0,1139.0,1195.0,1135.0,1178.0,1092.0,1098.0,1086.0,1082.0,1075.0,1109.0,1111.0,1081.0,1062.0,1068.0,1112.0,1116.0,1104.0,1108.0,1049.0,1123.0,1136.0,1080.0,1123.0,1117.0,989.0,977.0,974.0,1009.0,957.0,935.0,979.0,964.0,982.0,1031.0,846.0,854.0,904.0,831.0,844.0,807.0,802.0,814.0,886.0,844.0,1091.0,1078.0,1102.0,1073.0,1092.0,1072.0,1108.0,1087.0,1107.0,1073.0,997.0,951.0,982.0,954.0,982.0,975.0,960.0,956.0,980.0,959.0,870.0,863.0,826.0,872.0,896.0,901.0,890.0,920.0,816.0,852.0,758.0,773.0,762.0,751.0,783.0,787.0,775.0,810.0,762.0,810.0,853.0,882.0,843.0,887.0,879.0,884.0,911.0,859.0,889.0,867.0
127,1173.0,1199.0,1190.0,1160.0,1184.0,1185.0,1175.0,1195.0,1168.0,1169.0,1123.0,1060.0,1139.0,1091.0,1096.0,1098.0,1124.0,1113.0,1030.0,1117.0,1126.0,1125.0,1066.0,1138.0,1077.0,1123.0,1148.0,1189.0,1117.0,1087.0,1006.0,1005.0,945.0,939.0,984.0,956.0,929.0,937.0,999.0,984.0,826.0,805.0,841.0,841.0,848.0,848.0,863.0,821.0,859.0,858.0,1111.0,1097.0,1087.0,1098.0,1087.0,1075.0,1109.0,985.0,1067.0,1090.0,993.0,968.0,1002.0,1005.0,979.0,1006.0,920.0,955.0,930.0,949.0,846.0,854.0,916.0,864.0,881.0,839.0,885.0,885.0,856.0,851.0,759.0,825.0,765.0,781.0,770.0,745.0,754.0,793.0,821.0,800.0,844.0,851.0,846.0,851.0,878.0,910.0,901.0,889.0,901.0,896.0
128,1175.0,1160.0,1173.0,1210.0,1168.0,1199.0,1220.0,1144.0,1154.0,1188.0,1068.0,1069.0,1066.0,1037.0,1113.0,1133.0,1108.0,1105.0,1106.0,1072.0,1111.0,1129.0,1113.0,1100.0,1134.0,1095.0,1147.0,1121.0,1174.0,1115.0,970.0,963.0,988.0,1006.0,962.0,969.0,945.0,984.0,949.0,1001.0,870.0,833.0,886.0,841.0,833.0,842.0,812.0,871.0,848.0,862.0,1118.0,1089.0,1076.0,1064.0,1080.0,1066.0,1044.0,1119.0,1033.0,1068.0,950.0,978.0,996.0,952.0,968.0,978.0,985.0,952.0,975.0,999.0,875.0,907.0,878.0,878.0,875.0,861.0,878.0,880.0,838.0,888.0,794.0,791.0,757.0,737.0,765.0,792.0,796.0,748.0,771.0,756.0,878.0,874.0,867.0,942.0,884.0,849.0,869.0,838.0,899.0,853.0
129,1171.0,1178.0,1138.0,1185.0,1160.0,1187.0,1134.0,1146.0,1193.0,1136.0,1082.0,1071.0,1105.0,1084.0,1091.0,1092.0,1108.0,1076.0,1096.0,1068.0,1080.0,1081.0,1169.0,1132.0,1161.0,1120.0,1094.0,1132.0,1084.0,1140.0,983.0,988.0,1001.0,975.0,997.0,937.0,991.0,996.0,945.0,1005.0,847.0,848.0,833.0,844.0,886.0,831.0,827.0,815.0,834.0,840.0,1143.0,1080.0,1032.0,1066.0,1055.0,1097.0,1122.0,1061.0,1068.0,1094.0,999.0,989.0,1016.0,914.0,962.0,996.0,945.0,953.0,1009.0,965.0,857.0,867.0,880.0,886.0,876.0,870.0,913.0,871.0,879.0,893.0,754.0,793.0,756.0,758.0,763.0,795.0,797.0,811.0,779.0,787.0,891.0,903.0,868.0,924.0,830.0,859.0,876.0,904.0,860.0,879.0
130,1184.0,1136.0,1094.0,1135.0,1134.0,1170.0,1174.0,1213.0,1186.0,1187.0,1092.0,1115.0,1132.0,1108.0,1030.0,1086.0,1093.0,1123.0,1123.0,1070.0,1084.0,1118.0,1120.0,1141.0,1146.0,1094.0,1142.0,1079.0,1087.0,1091.0,971.0,1005.0,996.0,990.0,967.0,978.0,993.0,998.0,1023.0,972.0,820.0,841.0,941.0,847.0,849.0,819.0,858.0,846.0,848.0,873.0,1119.0,1070.0,1045.0,1077.0,1094.0,1106.0,1016.0,1028.0,1023.0,1079.0,969.0,973.0,978.0,958.0,973.0,956.0,952.0,975.0,973.0,969.0,884.0,883.0,857.0,876.0,866.0,882.0,933.0,852.0,865.0,846.0,802.0,794.0,761.0,773.0,807.0,796.0,789.0,797.0,761.0,814.0,883.0,866.0,878.0,864.0,918.0,899.0,859.0,855.0,857.0,911.0
131,1150.0,1169.0,1164.0,1132.0,1244.0,1217.0,1149.0,1203.0,1177.0,1196.0,1121.0,1086.0,1040.0,1094.0,1095.0,1065.0,1104.0,1124.0,1056.0,1087.0,1145.0,1124.0,1134.0,1133.0,1073.0,1082.0,1185.0,1109.0,1140.0,1130.0,972.0,963.0,961.0,1000.0,952.0,926.0,913.0,961.0,998.0,953.0,847.0,822.0,899.0,844.0,799.0,849.0,868.0,873.0,865.0,841.0,1075.0,1055.0,1092.0,1043.0,1085.0,1096.0,1076.0,1095.0,1023.0,1054.0,931.0,1003.0,962.0,975.0,1038.0,964.0,986.0,960.0,963.0,970.0,907.0,907.0,882.0,838.0,856.0,900.0,865.0,866.0,897.0,898.0,771.0,758.0,772.0,795.0,735.0,757.0,774.0,733.0,759.0,776.0,890.0,916.0,899.0,918.0,901.0,931.0,889.0,837.0,871.0,909.0
132,1153.0,1155.0,1205.0,1126.0,1153.0,1178.0,1161.0,1164.0,1186.0,1195.0,1123.0,1113.0,1113.0,1114.0,1069.0,1091.0,1099.0,1085.0,1091.0,1111.0,1149.0,1083.0,1038.0,1091.0,1114.0,1091.0,1159.0,1107.0,1151.0,1086.0,957.0,984.0,918.0,939.0,962.0,930.0,991.0,950.0,976.0,991.0,846.0,860.0,864.0,877.0,872.0,894.0,868.0,872.0,833.0,861.0,1068.0,1159.0,1084.0,1065.0,1110.0,1075.0,1069.0,1074.0,1051.0,1089.0,965.0,938.0,1009.0,963.0,1016.0,978.0,964.0,958.0,959.0,1028.0,890.0,880.0,916.0,884.0,832.0,858.0,868.0,920.0,899.0,826.0,788.0,734.0,788.0,865.0,780.0,788.0,764.0,788.0,769.0,780.0,871.0,894.0,871.0,857.0,872.0,908.0,865.0,848.0,831.0,843.0
133,1161.0,1155.0,1209.0,1193.0,1177.0,1166.0,1171.0,1206.0,1161.0,1186.0,1069.0,1094.0,1067.0,1135.0,1096.0,1110.0,1060.0,1052.0,1083.0,1087.0,1087.0,1077.0,1104.0,1085.0,1152.0,1135.0,1108.0,1140.0,1121.0,1108.0,959.0,966.0,940.0,934.0,959.0,969.0,980.0,933.0,991.0,964.0,860.0,841.0,841.0,899.0,854.0,821.0,881.0,823.0,838.0,891.0,1071.0,1103.0,1083.0,1120.0,1046.0,1093.0,1089.0,1088.0,1027.0,1100.0,995.0,1004.0,978.0,924.0,977.0,987.0,985.0,930.0,949.0,944.0,909.0,889.0,886.0,831.0,855.0,829.0,889.0,916.0,921.0,875.0,809.0,770.0,789.0,800.0,793.0,796.0,769.0,828.0,807.0,758.0,897.0,905.0,909.0,858.0,871.0,885.0,878.0,851.0,852.0,899.0
134,1164.0,1170.0,1206.0,1201.0,1160.0,1199.0,1200.0,1197.0,1120.0,1209.0,1059.0,1084.0,1106.0,1128.0,1069.0,1138.0,1050.0,1086.0,1106.0,1081.0,1150.0,1125.0,1078.0,1162.0,1085.0,1063.0,1107.0,1118.0,1123.0,1065.0,963.0,998.0,991.0,997.0,991.0,1004.0,992.0,924.0,982.0,985.0,868.0,853.0,814.0,811.0,845.0,835.0,897.0,852.0,876.0,860.0,1113.0,1114.0,1092.0,1017.0,1103.0,1086.0,1062.0,1075.0,1027.0,1101.0,934.0,934.0,944.0,984.0,998.0,968.0,1030.0,937.0,997.0,958.0,880.0,862.0,923.0,868.0,872.0,842.0,887.0,917.0,873.0,908.0,808.0,771.0,748.0,758.0,822.0,768.0,751.0,779.0,795.0,770.0,879.0,893.0,903.0,845.0,838.0,886.0,834.0,882.0,855.0,876.0
135,1221.0,1202.0,1179.0,1209.0,1193.0,1155.0,1199.0,1231.0,1168.0,1198.0,1031.0,1107.0,1127.0,1065.0,1050.0,1126.0,1075.0,1108.0,1052.0,1087.0,1169.0,1123.0,1162.0,1157.0,1091.0,1098.0,1122.0,1142.0,1163.0,1083.0,914.0,1007.0,980.0,970.0,965.0,961.0,974.0,946.0,953.0,1031.0,874.0,816.0,852.0,831.0,839.0,853.0,836.0,843.0,860.0,843.0,1041.0,1086.0,1097.0,1065.0,1108.0,1157.0,1074.0,1049.0,1103.0,1075.0,992.0,983.0,959.0,956.0,981.0,963.0,975.0,978.0,991.0,969.0,909.0,889.0,839.0,889.0,864.0,865.0,880.0,833.0,820.0,915.0,808.0,728.0,748.0,756.0,809.0,773.0,784.0,734.0,767.0,748.0,858.0,858.0,856.0,871.0,885.0,837.0,890.0,896.0,873.0,864.0
136,1177.0,1150.0,1137.0,1184.0,1214.0,1175.0,1168.0,1229.0,1187.0,1183.0,1113.0,1091.0,1081.0,1123.0,1070.0,1080.0,1093.0,1113.0,1078.0,1096.0,1096.0,1073.0,1080.0,1152.0,1147.0,1106.0,1140.0,1119.0,1154.0,1129.0,998.0,1046.0,1003.0,979.0,1000.0,968.0,947.0,969.0,993.0,988.0,871.0,857.0,859.0,824.0,815.0,923.0,869.0,828.0,834.0,828.0,1102.0,1132.0,1116.0,1033.0,1040.0,1025.0,1083.0,1026.0,1050.0,1084.0,969.0,988.0,980.0,955.0,942.0,972.0,973.0,981.0,960.0,972.0,865.0,825.0,899.0,896.0,875.0,859.0,885.0,889.0,844.0,896.0,747.0,790.0,785.0,758.0,790.0,785.0,781.0,734.0,798.0,791.0,879.0,847.0,862.0,863.0,890.0,900.0,871.0,867.0,850.0,844.0
137,1154.0,1153.0,1211.0,1183.0,1149.0,1215.0,1189.0,1213.0,1223.0,1202.0,1109.0,1131.0,1075.0,1088.0,1145.0,1115.0,1111.0,1119.0,1047.0,1093.0,1090.0,1112.0,1119.0,1100.0,1124.0,1069.0,1085.0,1150.0,1123.0,1140.0,931.0,977.0,970.0,1002.0,942.0,930.0,963.0,945.0,1001.0,979.0,892.0,885.0,829.0,847.0,788.0,845.0,896.0,837.0,846.0,815.0,1109.0,1115.0,1031.0,1068.0,1104.0,1067.0,1102.0,1080.0,1068.0,1048.0,965.0,910.0,1018.0,991.0,988.0,994.0,947.0,981.0,991.0,994.0,889.0,855.0,850.0,817.0,844.0,921.0,866.0,817.0,887.0,856.0,787.0,762.0,754.0,759.0,805.0,728.0,747.0,754.0,738.0,820.0,894.0,898.0,944.0,913.0,892.0,908.0,904.0,851.0,818.0,864.0
138,1166.0,1168.0,1210.0,1186.0,1217.0,1218.0,1213.0,1208.0,1158.0,1182.0,1070.0,1112.0,1142.0,1092.0,1115.0,1099.0,1079.0,1072.0,1094.0,1130.0,1190.0,1122.0,1120.0,1160.0,1105.0,1079.0,1072.0,1114.0,1093.0,1049.0,995.0,916.0,946.0,978.0,941.0,982.0,914.0,968.0,949.0,1011.0,829.0,843.0,810.0,854.0,801.0,881.0,901.0,836.0,867.0,851.0,1136.0,1108.0,1078.0,1079.0,1077.0,1080.0,1088.0,1081.0,1100.0,1073.0,965.0,971.0,989.0,966.0,940.0,915.0,1033.0,990.0,998.0,987.0,847.0,882.0,803.0,866.0,904.0,887.0,887.0,855.0,879.0,855.0,728.0,783.0,810.0,757.0,801.0,779.0,754.0,781.0,774.0,749.0,887.0,892.0,890.0,824.0,878.0,872.0,868.0,842.0,832.0,925.0
139,1184.0,1179.0,1216.0,1169.0,1200.0,1174.0,1207.0,1154.0,1162.0,1158.0,1074.0,1100.0,1113.0,1053.0,1047.0,1101.0,1091.0,1098.0,1096.0,1093.0,1160.0,1105.0,1119.0,1134.0,1152.0,1092.0,1098.0,1114.0,1130.0,1155.0,975.0,982.0,942.0,1014.0,962.0,1006.0,999.0,927.0,977.0,979.0,829.0,825.0,851.0,836.0,824.0,799.0,898.0,847.0,884.0,823.0,1103.0,1114.0,1032.0,1061.0,1093.0,1097.0,1087.0,1119.0,1044.0,1102.0,933.0,942.0,981.0,979.0,951.0,981.0,982.0,923.0,940.0,999.0,852.0,895.0,847.0,841.0,903.0,887.0,842.0,901.0,861.0,862.0,822.0,788.0,823.0,784.0,787.0,757.0,737.0,776.0,744.0,777.0,880.0,867.0,875.0,893.0,858.0,897.0,865.0,890.0,908.0,863.0
140,1165.0,1173.0,1140.0,1141.0,1131.0,1164.0,1180.0,1188.0,1165.0,1276.0,1119.0,1070.0,1123.0,1152.0,1130.0,1051.0,1106.0,1050.0,1145.0,1088.0,1100.0,1131.0,1053.0,1057.0,1110.0,1115.0,1122.0,1177.0,1086.0,1102.0,982.0,958.0,977.0,993.0,938.0,979.0,998.0,968.0,947.0,962.0,900.0,851.0,872.0,859.0,857.0,879.0,818.0,830.0,845.0,835.0,1095.0,1089.0,1119.0,1121.0,1053.0,1082.0,1094.0,1120.0,1078.0,1068.0,988.0,984.0,984.0,983.0,963.0,958.0,974.0,943.0,1026.0,985.0,840.0,875.0,882.0,859.0,902.0,895.0,861.0,877.0,844.0,877.0,800.0,819.0,744.0,740.0,801.0,772.0,768.0,737.0,741.0,775.0,823.0,850.0,907.0,858.0,898.0,901.0,883.0,855.0,867.0,838.0
141,1146.0,1179.0,1196.0,1184.0,1226.0,1180.0,1180.0,1155.0,1174.0,1176.0,1083.0,1125.0,1127.0,1104.0,1062.0,1111.0,1097.0,1079.0,1113.0,1040.0,1146.0,1161.0,1100.0,1145.0,1101.0,1118.0,1110.0,1102.0,1123.0,1123.0,982.0,942.0,968.0,948.0,979.0,982.0,1012.0,1001.0,937.0,1012.0,884.0,848.0,860.0,843.0,878.0,855.0,831.0,850.0,897.0,813.0,1116.0,1068.0,1091.0,1088.0,1063.0,1116.0,1059.0,1097.0,1050.0,1087.0,970.0,948.0,977.0,992.0,930.0,937.0,978.0,964.0,973.0,980.0,850.0,868.0,877.0,850.0,898.0,886.0,885.0,887.0,888.0,906.0,782.0,802.0,775.0,741.0,779.0,774.0,776.0,773.0,755.0,786.0,852.0,857.0,829.0,865.0,867.0,835.0,877.0,842.0,834.0,883.0
142,1192.0,1153.0,1216.0,1147.0,1196.0,1189.0,1160.0,1152.0,1199.0,1204.0,1083.0,1071.0,1108.0,1126.0,1092.0,1104.0,1098.0,1116.0,1111.0,1085.0,1106.0,1083.0,1118.0,1136.0,1093.0,1126.0,1180.0,1040.0,1132.0,1133.0,954.0,1006.0,980.0,1002.0,995.0,970.0,969.0,1020.0,969.0,1015.0,871.0,795.0,840.0,857.0,860.0,803.0,845.0,839.0,819.0,816.0,1072.0,1130.0,1048.0,1067.0,1105.0,1109.0,1099.0,1119.0,1050.0,1086.0,966.0,993.0,1004.0,922.0,925.0,1028.0,1003.0,966.0,989.0,953.0,874.0,880.0,877.0,867.0,862.0,835.0,878.0,850.0,840.0,871.0,794.0,798.0,771.0,772.0,764.0,738.0,761.0,764.0,754.0,751.0,903.0,892.0,837.0,865.0,891.0,886.0,808.0,885.0,878.0,890.0
143,1191.0,1204.0,1201.0,1217.0,1159.0,1155.0,1199.0,1183.0,1211.0,1151.0,1102.0,1047.0,1109.0,1068.0,1059.0,1088.0,1132.0,1077.0,1101.0,1087.0,1100.0,1109.0,1091.0,1101.0,1111.0,1080.0,1094.0,1099.0,1069.0,1146.0,1037.0,975.0,996.0,948.0,1017.0,990.0,978.0,993.0,949.0,983.0,869.0,870.0,879.0,873.0,858.0,864.0,867.0,832.0,874.0,841.0,1081.0,1102.0,1040.0,1098.0,1063.0,1069.0,1068.0,1066.0,1109.0,1085.0,942.0,1009.0,938.0,981.0,961.0,953.0,1002.0,993.0,961.0,993.0,872.0,831.0,891.0,838.0,891.0,885.0,822.0,901.0,873.0,880.0,746.0,753.0,791.0,771.0,807.0,800.0,756.0,737.0,769.0,751.0,872.0,900.0,867.0,865.0,862.0,910.0,881.0,871.0,824.0,887.0
144,1179.0,1144.0,1142.0,1197.0,1175.0,1135.0,1238.0,1201.0,1252.0,1189.0,1086.0,1095.0,1109.0,1078.0,1077.0,1052.0,1107.0,1083.0,1059.0,1133.0,1089.0,1086.0,1123.0,1057.0,1059.0,1110.0,1097.0,1139.0,1076.0,1076.0,977.0,1031.0,991.0,950.0,974.0,982.0,983.0,974.0,983.0,1013.0,874.0,857.0,859.0,871.0,854.0,831.0,852.0,834.0,832.0,828.0,1105.0,1094.0,1061.0,1096.0,1078.0,1143.0,1064.0,1108.0,1061.0,1024.0,984.0,1010.0,974.0,979.0,1000.0,941.0,915.0,962.0,927.0,997.0,892.0,864.0,887.0,877.0,861.0,940.0,916.0,800.0,847.0,868.0,789.0,804.0,768.0,766.0,830.0,790.0,756.0,776.0,789.0,793.0,840.0,815.0,892.0,892.0,884.0,872.0,870.0,873.0,912.0,883.0
145,1173.0,1174.0,1182.0,1162.0,1178.0,1168.0,1209.0,1151.0,1217.0,1197.0,1096.0,1162.0,1079.0,1091.0,1026.0,1059.0,1104.0,1045.0,1073.0,1134.0,1137.0,1167.0,1124.0,1061.0,1166.0,1086.0,1127.0,1107.0,1063.0,1136.0,977.0,990.0,997.0,967.0,983.0,986.0,995.0,991.0,1009.0,928.0,846.0,873.0,841.0,885.0,852.0,880.0,825.0,837.0,875.0,825.0,1066.0,1045.0,1080.0,1146.0,1058.0,1101.0,1086.0,1100.0,1073.0,1075.0,1015.0,910.0,955.0,989.0,998.0,1000.0,930.0,971.0,967.0,965.0,923.0,854.0,885.0,873.0,855.0,862.0,914.0,906.0,856.0,829.0,716.0,771.0,764.0,781.0,798.0,809.0,760.0,771.0,742.0,804.0,864.0,849.0,898.0,809.0,878.0,848.0,845.0,876.0,862.0,909.0
146,1189.0,1155.0,1161.0,1146.0,1230.0,1221.0,1201.0,1212.0,1136.0,1196.0,1040.0,1161.0,1115.0,1114.0,1068.0,1133.0,1115.0,1054.0,1102.0,1088.0,1133.0,1111.0,1129.0,1136.0,1087.0,1143.0,1134.0,1105.0,1137.0,1120.0,997.0,987.0,969.0,946.0,948.0,954.0,983.0,1018.0,995.0,976.0,894.0,856.0,851.0,883.0,854.0,822.0,828.0,828.0,821.0,857.0,1079.0,1064.0,1086.0,1045.0,1066.0,1108.0,1077.0,1020.0,1088.0,1127.0,969.0,938.0,968.0,978.0,958.0,960.0,962.0,943.0,940.0,939.0,895.0,901.0,879.0,865.0,920.0,829.0,854.0,888.0,876.0,864.0,750.0,771.0,800.0,766.0,762.0,753.0,801.0,804.0,739.0,764.0,868.0,852.0,846.0,888.0,898.0,867.0,837.0,889.0,903.0,869.0
147,1168.0,1140.0,1187.0,1166.0,1175.0,1214.0,1193.0,1186.0,1142.0,1195.0,1131.0,1100.0,1098.0,1089.0,1065.0,1128.0,1127.0,1086.0,1064.0,1047.0,1123.0,1115.0,1122.0,1130.0,1083.0,1121.0,1122.0,1075.0,1095.0,1120.0,967.0,967.0,982.0,981.0,1021.0,951.0,1009.0,984.0,998.0,988.0,877.0,886.0,851.0,878.0,885.0,850.0,800.0,867.0,849.0,850.0,1069.0,1095.0,1041.0,1119.0,1052.0,1081.0,1070.0,1074.0,1069.0,1109.0,1005.0,920.0,968.0,949.0,1009.0,904.0,959.0,948.0,993.0,966.0,854.0,884.0,875.0,850.0,857.0,872.0,822.0,864.0,887.0,870.0,760.0,814.0,816.0,750.0,782.0,785.0,820.0,774.0,790.0,786.0,859.0,880.0,866.0,854.0,865.0,881.0,869.0,905.0,856.0,869.0
148,1157.0,1176.0,1142.0,1201.0,1196.0,1167.0,1177.0,1158.0,1176.0,1215.0,1114.0,1113.0,1065.0,1089.0,1066.0,1101.0,1093.0,1050.0,1074.0,1075.0,1117.0,1109.0,1109.0,1132.0,1107.0,1134.0,1094.0,1103.0,1130.0,1153.0,937.0,962.0,1062.0,976.0,959.0,968.0,1040.0,965.0,984.0,996.0,892.0,869.0,810.0,862.0,875.0,849.0,850.0,881.0,814.0,831.0,1122.0,1101.0,1138.0,1058.0,1075.0,1032.0,1062.0,1063.0,1048.0,1032.0,960.0,982.0,1008.0,945.0,1002.0,1009.0,957.0,991.0,992.0,923.0,894.0,883.0,864.0,851.0,855.0,884.0,896.0,895.0,870.0,870.0,772.0,760.0,738.0,807.0,792.0,776.0,748.0,758.0,777.0,797.0,850.0,844.0,865.0,846.0,867.0,869.0,877.0,904.0,878.0,907.0
149,1150.0,1211.0,1174.0,1167.0,1184.0,1110.0,1153.0,1159.0,1156.0,1207.0,1104.0,1081.0,1091.0,1098.0,1069.0,1112.0,1161.0,1076.0,1047.0,1123.0,1169.0,1138.0,1066.0,1097.0,1118.0,1142.0,1078.0,1095.0,1138.0,1156.0,980.0,938.0,999.0,1019.0,1033.0,955.0,978.0,976.0,999.0,963.0,866.0,858.0,880.0,833.0,819.0,869.0,824.0,888.0,848.0,777.0,1139.0,1120.0,1065.0,1069.0,1094.0,1069.0,1074.0,1124.0,1067.0,1079.0,929.0,984.0,982.0,981.0,978.0,989.0,987.0,956.0,977.0,996.0,850.0,864.0,858.0,881.0,862.0,926.0,880.0,924.0,874.0,862.0,757.0,753.0,787.0,739.0,779.0,757.0,793.0,738.0,768.0,766.0,867.0,847.0,904.0,884.0,854.0,863.0,868.0,832.0,870.0,863.0
150,1185.0,1177.0,1179.0,1189.0,1178.0,1161.0,1186.0,1165.0,1156.0,1187.0,1109.0,1122.0,1079.0,1101.0,1071.0,1126.0,1056.0,1079.0,1024.0,1063.0,1131.0,1113.0,1107.0,1088.0,1093.0,1118.0,1129.0,1121.0,1127.0,1138.0,956.0,983.0,923.0,948.0,1004.0,948.0,988.0,933.0,947.0,1006.0,841.0,868.0,810.0,826.0,869.0,861.0,853.0,829.0,900.0,863.0,1089.0,1067.0,1088.0,1107.0,1115.0,1045.0,1071.0,1110.0,1110.0,1065.0,953.0,968.0,1008.0,989.0,945.0,1002.0,963.0,976.0,931.0,954.0,909.0,910.0,881.0,862.0,852.0,919.0,863.0,870.0,848.0,860.0,755.0,765.0,806.0,777.0,747.0,757.0,775.0,803.0,792.0,774.0,881.0,821.0,927.0,880.0,914.0,856.0,915.0,884.0,912.0,885.0
151,1156.0,1188.0,1205.0,1150.0,1124.0,1167.0,1182.0,1177.0,1169.0,1108.0,1078.0,1086.0,1064.0,1069.0,1068.0,1088.0,1071.0,1119.0,1111.0,1094.0,1129.0,1194.0,1145.0,1079.0,1139.0,1083.0,1118.0,1083.0,1122.0,1149.0,980.0,964.0,950.0,1020.0,990.0,1006.0,987.0,944.0,951.0,962.0,929.0,871.0,841.0,855.0,888.0,901.0,840.0,840.0,874.0,831.0,1055.0,1096.0,1085.0,1108.0,1094.0,1079.0,1071.0,1111.0,1018.0,1107.0,1000.0,963.0,951.0,992.0,1002.0,953.0,987.0,983.0,1004.0,999.0,858.0,843.0,880.0,884.0,858.0,860.0,870.0,832.0,867.0,916.0,761.0,791.0,754.0,747.0,760.0,800.0,756.0,785.0,743.0,777.0,865.0,793.0,931.0,865.0,867.0,860.0,918.0,896.0,887.0,855.0
152,1154.0,1185.0,1183.0,1151.0,1208.0,1131.0,1191.0,1122.0,1212.0,1179.0,1099.0,1075.0,1119.0,1080.0,1065.0,1128.0,1048.0,1070.0,1169.0,1087.0,1109.0,1126.0,1064.0,1163.0,1162.0,1106.0,1123.0,1113.0,1074.0,1089.0,935.0,974.0,956.0,943.0,936.0,951.0,992.0,995.0,970.0,974.0,893.0,821.0,813.0,870.0,859.0,862.0,862.0,850.0,818.0,849.0,1106.0,1112.0,1091.0,1099.0,1081.0,1095.0,1091.0,1119.0,1050.0,1074.0,966.0,986.0,975.0,973.0,954.0,1014.0,998.0,995.0,960.0,958.0,887.0,869.0,907.0,873.0,873.0,920.0,848.0,879.0,884.0,926.0,783.0,775.0,782.0,756.0,760.0,768.0,772.0,787.0,769.0,793.0,882.0,867.0,916.0,861.0,890.0,822.0,876.0,840.0,835.0,875.0
153,1166.0,1162.0,1155.0,1172.0,1139.0,1139.0,1139.0,1190.0,1123.0,1178.0,1072.0,1139.0,1159.0,1067.0,1062.0,1101.0,1095.0,1109.0,1134.0,1141.0,1066.0,1077.0,1093.0,1119.0,1099.0,1123.0,1141.0,1102.0,1123.0,1121.0,962.0,954.0,970.0,940.0,988.0,977.0,969.0,974.0,998.0,931.0,864.0,827.0,830.0,845.0,891.0,868.0,880.0,821.0,815.0,822.0,1096.0,1085.0,1079.0,1090.0,1105.0,1109.0,1094.0,1057.0,1098.0,1069.0,982.0,982.0,937.0,953.0,981.0,969.0,977.0,1006.0,1003.0,993.0,918.0,880.0,927.0,941.0,865.0,882.0,914.0,847.0,862.0,877.0,803.0,812.0,789.0,781.0,828.0,766.0,763.0,789.0,755.0,787.0,890.0,874.0,868.0,864.0,835.0,864.0,831.0,875.0,827.0,885.0
154,1195.0,1167.0,1186.0,1164.0,1126.0,1119.0,1210.0,1142.0,1185.0,1225.0,1106.0,1101.0,1069.0,1059.0,1104.0,1080.0,1071.0,1138.0,1095.0,1121.0,1110.0,1118.0,1070.0,1164.0,1135.0,1104.0,1153.0,1141.0,1140.0,1112.0,944.0,966.0,1010.0,994.0,916.0,1015.0,971.0,994.0,924.0,981.0,911.0,858.0,866.0,826.0,885.0,857.0,811.0,839.0,872.0,842.0,1066.0,1078.0,1086.0,1065.0,1095.0,1095.0,1113.0,1124.0,1053.0,1078.0,1018.0,960.0,957.0,960.0,989.0,979.0,940.0,921.0,953.0,953.0,869.0,892.0,845.0,860.0,865.0,928.0,875.0,856.0,869.0,848.0,757.0,789.0,810.0,804.0,779.0,726.0,764.0,734.0,743.0,786.0,841.0,867.0,912.0,878.0,900.0,896.0,891.0,877.0,905.0,855.0
155,1158.0,1180.0,1130.0,1196.0,1221.0,1135.0,1144.0,1171.0,1207.0,1211.0,1135.0,1079.0,1138.0,1075.0,1053.0,1071.0,1129.0,1139.0,1081.0,1108.0,1103.0,1094.0,1096.0,1101.0,1100.0,1128.0,1112.0,1099.0,1134.0,1119.0,988.0,962.0,966.0,1003.0,984.0,954.0,974.0,966.0,963.0,990.0,865.0,841.0,910.0,822.0,843.0,828.0,871.0,841.0,829.0,818.0,1066.0,1136.0,1087.0,1075.0,1046.0,1101.0,1090.0,1082.0,1110.0,1058.0,967.0,977.0,953.0,961.0,1002.0,991.0,973.0,963.0,977.0,977.0,879.0,869.0,888.0,877.0,893.0,921.0,921.0,878.0,874.0,887.0,744.0,756.0,739.0,760.0,756.0,785.0,754.0,765.0,724.0,767.0,913.0,900.0,904.0,905.0,895.0,888.0,832.0,861.0,833.0,864.0
156,1215.0,1166.0,1146.0,1173.0,1194.0,1157.0,1184.0,1175.0,1204.0,1141.0,1092.0,1120.0,1129.0,1149.0,1109.0,1089.0,1084.0,1061.0,1084.0,1121.0,1103.0,1156.0,1158.0,1090.0,1102.0,1134.0,1117.0,1130.0,1103.0,1114.0,955.0,942.0,950.0,976.0,992.0,1022.0,951.0,956.0,986.0,992.0,834.0,798.0,896.0,850.0,827.0,902.0,859.0,896.0,845.0,836.0,1028.0,1123.0,1102.0,1042.0,1054.0,1122.0,1114.0,1095.0,1053.0,1117.0,1025.0,964.0,923.0,1004.0,995.0,894.0,981.0,965.0,972.0,953.0,869.0,867.0,880.0,851.0,876.0,892.0,884.0,831.0,882.0,862.0,795.0,776.0,757.0,767.0,807.0,756.0,789.0,779.0,729.0,810.0,901.0,878.0,867.0,872.0,835.0,832.0,837.0,877.0,874.0,855.0
157,1229.0,1223.0,1127.0,1136.0,1179.0,1180.0,1167.0,1208.0,1164.0,1181.0,1102.0,1074.0,1097.0,1112.0,1049.0,1081.0,1125.0,1046.0,1068.0,1102.0,1123.0,1135.0,1128.0,1115.0,1120.0,1136.0,1132.0,1064.0,1118.0,1136.0,964.0,943.0,991.0,932.0,1028.0,976.0,950.0,936.0,1028.0,1025.0,865.0,830.0,864.0,867.0,878.0,846.0,825.0,860.0,885.0,851.0,1056.0,1048.0,1098.0,1073.0,1076.0,1090.0,1072.0,1119.0,1088.0,1087.0,935.0,978.0,995.0,997.0,967.0,995.0,978.0,992.0,887.0,979.0,899.0,842.0,865.0,884.0,859.0,837.0,869.0,869.0,847.0,845.0,772.0,796.0,732.0,774.0,751.0,762.0,807.0,788.0,755.0,789.0,870.0,919.0,913.0,886.0,885.0,895.0,876.0,885.0,892.0,805.0
158,1195.0,1200.0,1174.0,1169.0,1207.0,1177.0,1204.0,1185.0,1182.0,1179.0,1119.0,1090.0,1082.0,1113.0,1073.0,1095.0,1085.0,1077.0,1127.0,1108.0,1084.0,1103.0,1071.0,1141.0,1135.0,1086.0,1122.0,1118.0,1116.0,1121.0,985.0,1021.0,1004.0,980.0,951.0,991.0,975.0,965.0,928.0,992.0,836.0,810.0,852.0,860.0,805.0,837.0,795.0,853.0,813.0,850.0,1093.0,1077.0,1089.0,1051.0,1076.0,1128.0,1035.0,1072.0,1052.0,1075.0,951.0,965.0,986.0,948.0,1022.0,993.0,988.0,957.0,978.0,957.0,846.0,871.0,895.0,853.0,857.0,855.0,944.0,866.0,888.0,868.0,824.0,784.0,780.0,774.0,789.0,777.0,800.0,794.0,758.0,795.0,882.0,867.0,880.0,886.0,874.0,858.0,853.0,881.0,889.0,857.0
159,1192.0,1198.0,1167.0,1189.0,1197.0,1152.0,1210.0,1158.0,1175.0,1161.0,1045.0,1140.0,1093.0,1077.0,1100.0,1067.0,1021.0,1084.0,1103.0,1107.0,1099.0,1101.0,1066.0,1086.0,1098.0,1104.0,1130.0,1116.0,1080.0,1113.0,970.0,966.0,1007.0,998.0,978.0,1026.0,974.0,986.0,972.0,1006.0,944.0,792.0,827.0,837.0,881.0,886.0,806.0,864.0,858.0,812.0,1097.0,1096.0,1110.0,1095.0,1030.0,1036.0,1104.0,1083.0,1040.0,1162.0,987.0,952.0,1009.0,971.0,985.0,987.0,990.0,938.0,998.0,944.0,836.0,896.0,853.0,857.0,858.0,925.0,882.0,931.0,873.0,872.0,784.0,765.0,739.0,755.0,789.0,740.0,787.0,719.0,766.0,757.0,864.0,880.0,940.0,908.0,873.0,878.0,896.0,889.0,872.0,864.0
160,1188.0,1127.0,1122.0,1177.0,1132.0,1148.0,1197.0,1172.0,1138.0,1173.0,1065.0,1094.0,1116.0,1090.0,1105.0,1093.0,1081.0,1132.0,1115.0,1140.0,1095.0,1118.0,1091.0,1122.0,1144.0,1104.0,1096.0,1127.0,1157.0,1116.0,979.0,953.0,991.0,996.0,992.0,967.0,961.0,970.0,951.0,953.0,892.0,814.0,843.0,891.0,826.0,872.0,850.0,861.0,841.0,878.0,1103.0,1090.0,1094.0,1098.0,1101.0,1095.0,1114.0,1055.0,1063.0,1083.0,913.0,1032.0,980.0,935.0,985.0,976.0,1002.0,978.0,1000.0,985.0,886.0,864.0,893.0,851.0,859.0,833.0,893.0,878.0,865.0,881.0,808.0,802.0,782.0,762.0,768.0,826.0,731.0,749.0,747.0,736.0,891.0,895.0,902.0,851.0,877.0,890.0,873.0,844.0,859.0,853.0
161,1216.0,1211.0,1189.0,1165.0,1188.0,1222.0,1192.0,1185.0,1179.0,1180.0,1123.0,1082.0,1136.0,1037.0,1078.0,1083.0,1048.0,1115.0,1055.0,1136.0,1107.0,1072.0,1070.0,1169.0,1092.0,1135.0,1111.0,1104.0,1086.0,1116.0,982.0,1008.0,956.0,1001.0,1014.0,989.0,968.0,960.0,950.0,941.0,907.0,828.0,877.0,855.0,814.0,867.0,877.0,859.0,874.0,868.0,1011.0,1057.0,1057.0,1063.0,1075.0,1110.0,1079.0,1049.0,1129.0,1077.0,955.0,1020.0,1002.0,963.0,987.0,937.0,995.0,1003.0,991.0,969.0,869.0,831.0,899.0,870.0,902.0,838.0,883.0,856.0,837.0,909.0,736.0,804.0,757.0,779.0,728.0,773.0,771.0,777.0,756.0,752.0,911.0,876.0,870.0,871.0,909.0,845.0,877.0,858.0,879.0,849.0
162,1185.0,1170.0,1168.0,1173.0,1162.0,1146.0,1176.0,1226.0,1136.0,1207.0,1090.0,1077.0,1099.0,1098.0,1100.0,1086.0,1064.0,1053.0,1098.0,1062.0,1131.0,1088.0,1174.0,1079.0,1110.0,1115.0,1139.0,1043.0,1111.0,1086.0,978.0,967.0,991.0,938.0,972.0,983.0,957.0,986.0,943.0,979.0,880.0,896.0,839.0,894.0,858.0,829.0,836.0,868.0,871.0,861.0,1087.0,1071.0,1085.0,1087.0,1083.0,1082.0,1098.0,1083.0,1089.0,1106.0,944.0,1009.0,971.0,959.0,975.0,959.0,963.0,1026.0,961.0,994.0,865.0,876.0,867.0,872.0,889.0,899.0,919.0,870.0,872.0,892.0,795.0,765.0,746.0,809.0,752.0,796.0,763.0,752.0,774.0,735.0,863.0,875.0,870.0,867.0,888.0,906.0,887.0,860.0,885.0,876.0
163,1182.0,1168.0,1177.0,1218.0,1258.0,1161.0,1175.0,1132.0,1233.0,1178.0,1088.0,1107.0,1077.0,1076.0,1060.0,1108.0,1149.0,1037.0,1087.0,1075.0,1116.0,1096.0,1087.0,1130.0,1121.0,1133.0,1067.0,1105.0,1130.0,1129.0,998.0,967.0,1037.0,988.0,984.0,987.0,965.0,994.0,952.0,970.0,867.0,832.0,862.0,829.0,823.0,853.0,803.0,862.0,811.0,834.0,1082.0,1089.0,1093.0,1098.0,1038.0,1060.0,1120.0,1085.0,1063.0,1060.0,947.0,983.0,965.0,1012.0,941.0,934.0,988.0,1012.0,927.0,999.0,884.0,891.0,861.0,837.0,896.0,841.0,865.0,879.0,872.0,890.0,785.0,787.0,756.0,771.0,828.0,784.0,771.0,789.0,791.0,779.0,870.0,877.0,895.0,811.0,838.0,940.0,898.0,877.0,872.0,886.0
164,1199.0,1179.0,1192.0,1230.0,1209.0,1205.0,1193.0,1160.0,1213.0,1179.0,1100.0,1109.0,1034.0,1098.0,1106.0,1112.0,1096.0,1058.0,1049.0,1115.0,1127.0,1107.0,1094.0,1122.0,1092.0,1120.0,1118.0,1097.0,1142.0,1119.0,949.0,964.0,977.0,958.0,947.0,936.0,948.0,930.0,909.0,1001.0,842.0,847.0,851.0,840.0,880.0,805.0,849.0,859.0,845.0,861.0,1101.0,1122.0,1032.0,1063.0,1062.0,1101.0,1070.0,1063.0,1066.0,1061.0,985.0,994.0,1003.0,939.0,973.0,967.0,966.0,978.0,971.0,931.0,911.0,828.0,927.0,858.0,837.0,889.0,876.0,940.0,890.0,873.0,738.0,767.0,792.0,761.0,823.0,782.0,794.0,799.0,775.0,778.0,863.0,878.0,915.0,896.0,859.0,881.0,893.0,894.0,878.0,883.0
165,1172.0,1164.0,1222.0,1189.0,1180.0,1153.0,1163.0,1101.0,1166.0,1186.0,1116.0,1129.0,1103.0,1131.0,1120.0,1077.0,1056.0,1067.0,1079.0,1092.0,1073.0,1102.0,1102.0,1089.0,1143.0,1108.0,1144.0,1161.0,1110.0,1087.0,992.0,958.0,1010.0,957.0,948.0,1024.0,962.0,925.0,974.0,994.0,881.0,854.0,838.0,831.0,838.0,838.0,842.0,849.0,807.0,855.0,1076.0,1094.0,1035.0,1079.0,1064.0,1128.0,1072.0,1102.0,1058.0,1085.0,1004.0,1009.0,982.0,979.0,986.0,977.0,987.0,990.0,1018.0,977.0,883.0,842.0,878.0,866.0,879.0,869.0,883.0,892.0,917.0,911.0,777.0,763.0,796.0,795.0,746.0,778.0,803.0,781.0,736.0,768.0,842.0,879.0,848.0,849.0,880.0,846.0,893.0,913.0,873.0,850.0
166,1147.0,1210.0,1203.0,1163.0,1161.0,1191.0,1210.0,1131.0,1127.0,1199.0,1038.0,1092.0,1122.0,1095.0,1118.0,1055.0,1071.0,1129.0,1123.0,1080.0,1163.0,1154.0,1109.0,1061.0,1116.0,1062.0,1151.0,1136.0,1078.0,1095.0,1003.0,948.0,992.0,956.0,931.0,958.0,940.0,880.0,982.0,946.0,870.0,874.0,857.0,886.0,863.0,869.0,872.0,849.0,856.0,806.0,1095.0,1076.0,1065.0,1077.0,1108.0,1078.0,1084.0,1098.0,1076.0,1129.0,980.0,948.0,969.0,972.0,980.0,1014.0,978.0,1011.0,977.0,1024.0,860.0,863.0,870.0,853.0,843.0,887.0,862.0,847.0,922.0,837.0,775.0,746.0,776.0,838.0,753.0,815.0,762.0,796.0,726.0,792.0,885.0,881.0,847.0,869.0,909.0,875.0,871.0,904.0,874.0,897.0
167,1144.0,1225.0,1192.0,1216.0,1176.0,1148.0,1154.0,1145.0,1145.0,1122.0,1093.0,1084.0,1115.0,1144.0,1025.0,1093.0,1093.0,1094.0,1062.0,1136.0,1178.0,1122.0,1089.0,1105.0,1185.0,1096.0,1115.0,1087.0,1140.0,1094.0,976.0,947.0,974.0,923.0,1011.0,1028.0,988.0,959.0,1003.0,969.0,837.0,845.0,914.0,854.0,850.0,899.0,837.0,865.0,860.0,820.0,1050.0,1035.0,1023.0,1105.0,1101.0,1086.0,1097.0,1053.0,1078.0,1066.0,993.0,977.0,994.0,951.0,897.0,946.0,943.0,1054.0,967.0,975.0,894.0,934.0,891.0,836.0,903.0,853.0,876.0,880.0,903.0,909.0,730.0,755.0,770.0,749.0,781.0,771.0,806.0,778.0,727.0,792.0,919.0,867.0,852.0,882.0,852.0,888.0,897.0,868.0,856.0,928.0
168,1150.0,1151.0,1205.0,1183.0,1127.0,1226.0,1131.0,1176.0,1125.0,1153.0,1132.0,1084.0,1081.0,1111.0,1080.0,1035.0,1106.0,1069.0,1095.0,1110.0,1156.0,1127.0,1162.0,1085.0,1090.0,1148.0,1149.0,1124.0,1122.0,1089.0,1007.0,979.0,938.0,965.0,989.0,967.0,972.0,982.0,974.0,1007.0,842.0,835.0,882.0,869.0,858.0,874.0,876.0,814.0,851.0,841.0,1068.0,1069.0,1092.0,1076.0,1143.0,1078.0,1072.0,1069.0,1081.0,1064.0,940.0,983.0,961.0,928.0,986.0,987.0,952.0,1012.0,1004.0,975.0,884.0,895.0,886.0,898.0,900.0,845.0,897.0,839.0,896.0,900.0,791.0,790.0,766.0,773.0,770.0,784.0,791.0,837.0,765.0,813.0,841.0,882.0,836.0,879.0,840.0,861.0,863.0,861.0,831.0,862.0
169,1191.0,1129.0,1166.0,1152.0,1168.0,1163.0,1125.0,1190.0,1159.0,1175.0,1112.0,1105.0,1042.0,1057.0,1091.0,1066.0,1106.0,1109.0,1132.0,1120.0,1133.0,1123.0,1148.0,1158.0,1132.0,1115.0,1141.0,1126.0,1066.0,1127.0,967.0,988.0,1001.0,943.0,920.0,1020.0,978.0,984.0,986.0,941.0,868.0,903.0,873.0,837.0,862.0,828.0,898.0,800.0,826.0,853.0,1079.0,1094.0,1061.0,1078.0,1057.0,1111.0,1131.0,1068.0,1095.0,1072.0,927.0,982.0,996.0,1016.0,996.0,1002.0,958.0,966.0,1004.0,1015.0,897.0,824.0,864.0,851.0,880.0,839.0,864.0,894.0,835.0,857.0,765.0,766.0,793.0,783.0,772.0,799.0,776.0,790.0,763.0,776.0,872.0,884.0,867.0,894.0,907.0,860.0,831.0,853.0,877.0,877.0
170,1167.0,1155.0,1215.0,1177.0,1127.0,1180.0,1161.0,1211.0,1149.0,1181.0,1118.0,1113.0,1055.0,1063.0,1104.0,1091.0,1129.0,1085.0,1124.0,1089.0,1109.0,1140.0,1106.0,1130.0,1148.0,1078.0,1095.0,1074.0,1092.0,1080.0,960.0,948.0,970.0,948.0,1013.0,1002.0,974.0,984.0,980.0,939.0,845.0,872.0,854.0,862.0,820.0,841.0,881.0,853.0,838.0,804.0,1118.0,1090.0,1117.0,1151.0,1078.0,1101.0,1077.0,1053.0,1078.0,1123.0,971.0,918.0,989.0,981.0,1002.0,987.0,988.0,945.0,986.0,992.0,855.0,928.0,849.0,832.0,852.0,840.0,858.0,880.0,888.0,905.0,764.0,775.0,776.0,747.0,790.0,787.0,766.0,790.0,773.0,786.0,903.0,859.0,876.0,875.0,852.0,897.0,880.0,905.0,835.0,913.0
171,1162.0,1191.0,1154.0,1212.0,1165.0,1224.0,1215.0,1224.0,1204.0,1177.0,1135.0,1046.0,1077.0,1067.0,1091.0,1125.0,1082.0,1095.0,1077.0,1120.0,1084.0,1124.0,1117.0,1123.0,1091.0,1084.0,1093.0,1112.0,1121.0,1133.0,995.0,1003.0,993.0,931.0,983.0,898.0,969.0,949.0,971.0,959.0,889.0,843.0,840.0,844.0,872.0,904.0,870.0,806.0,836.0,816.0,1072.0,1102.0,1080.0,1097.0,1071.0,1139.0,1061.0,1118.0,1066.0,1078.0,979.0,931.0,996.0,994.0,956.0,963.0,971.0,969.0,954.0,1014.0,842.0,908.0,871.0,804.0,891.0,855.0,893.0,875.0,881.0,852.0,772.0,783.0,790.0,778.0,804.0,732.0,810.0,727.0,762.0,799.0,882.0,867.0,892.0,915.0,867.0,874.0,847.0,898.0,869.0,862.0
172,1211.0,1209.0,1171.0,1187.0,1146.0,1210.0,1216.0,1149.0,1201.0,1175.0,1109.0,1083.0,1067.0,1065.0,1104.0,1074.0,1087.0,1105.0,1073.0,1125.0,1144.0,1073.0,1128.0,1077.0,1150.0,1109.0,1094.0,1088.0,1082.0,1169.0,989.0,995.0,969.0,938.0,965.0,978.0,998.0,951.0,952.0,971.0,836.0,857.0,841.0,849.0,866.0,792.0,874.0,794.0,829.0,904.0,1018.0,1081.0,1142.0,1108.0,1074.0,1145.0,1086.0,1167.0,1072.0,1029.0,942.0,987.0,975.0,1007.0,987.0,977.0,938.0,1001.0,968.0,961.0,876.0,854.0,867.0,864.0,833.0,902.0,868.0,839.0,884.0,838.0,774.0,768.0,759.0,765.0,799.0,775.0,746.0,787.0,762.0,779.0,910.0,892.0,888.0,906.0,867.0,832.0,902.0,889.0,920.0,856.0
173,1189.0,1148.0,1174.0,1137.0,1129.0,1148.0,1213.0,1214.0,1155.0,1211.0,1112.0,1082.0,1120.0,1128.0,1146.0,1102.0,1141.0,1137.0,1132.0,1077.0,1138.0,1073.0,1098.0,1126.0,1062.0,1109.0,1109.0,1048.0,1112.0,1112.0,985.0,948.0,996.0,959.0,1002.0,996.0,939.0,986.0,942.0,1004.0,844.0,854.0,873.0,822.0,876.0,812.0,874.0,835.0,851.0,896.0,1102.0,1105.0,1079.0,1110.0,1111.0,1077.0,1066.0,1061.0,1069.0,1060.0,897.0,997.0,978.0,1000.0,948.0,1005.0,990.0,945.0,976.0,1013.0,845.0,905.0,844.0,851.0,874.0,898.0,871.0,868.0,861.0,858.0,841.0,760.0,751.0,745.0,775.0,784.0,765.0,796.0,798.0,735.0,854.0,929.0,893.0,885.0,870.0,865.0,836.0,880.0,848.0,838.0
174,1164.0,1169.0,1196.0,1182.0,1181.0,1131.0,1223.0,1160.0,1162.0,1197.0,1088.0,1106.0,1079.0,1087.0,1075.0,1097.0,1092.0,1119.0,1088.0,1058.0,1135.0,1157.0,1153.0,1126.0,1106.0,1053.0,1129.0,1120.0,1130.0,1087.0,974.0,948.0,989.0,966.0,986.0,983.0,977.0,976.0,988.0,980.0,878.0,825.0,809.0,854.0,860.0,852.0,852.0,841.0,829.0,912.0,1096.0,1071.0,1117.0,1071.0,1065.0,1052.0,1089.0,1126.0,1057.0,1087.0,949.0,1031.0,978.0,983.0,994.0,1004.0,946.0,965.0,991.0,977.0,854.0,843.0,849.0,835.0,863.0,884.0,912.0,851.0,872.0,883.0,809.0,795.0,792.0,774.0,795.0,818.0,786.0,744.0,750.0,787.0,863.0,854.0,839.0,885.0,870.0,931.0,795.0,864.0,878.0,840.0
175,1177.0,1243.0,1180.0,1178.0,1177.0,1187.0,1205.0,1179.0,1153.0,1185.0,1137.0,1100.0,1095.0,1077.0,1113.0,1132.0,1061.0,1089.0,1075.0,1102.0,1114.0,1077.0,1110.0,1120.0,1094.0,1118.0,1130.0,1108.0,1113.0,1128.0,984.0,942.0,951.0,1010.0,1005.0,964.0,961.0,983.0,1031.0,997.0,812.0,893.0,871.0,814.0,827.0,817.0,828.0,842.0,830.0,819.0,1078.0,1064.0,1085.0,1104.0,1088.0,1085.0,1109.0,1082.0,1100.0,1106.0,956.0,999.0,917.0,954.0,997.0,952.0,946.0,948.0,942.0,992.0,878.0,825.0,848.0,871.0,889.0,857.0,884.0,901.0,873.0,884.0,822.0,772.0,832.0,748.0,753.0,782.0,809.0,800.0,720.0,753.0,852.0,881.0,915.0,886.0,850.0,908.0,867.0,837.0,908.0,839.0
176,1174.0,1166.0,1183.0,1117.0,1165.0,1164.0,1137.0,1163.0,1181.0,1221.0,1117.0,1101.0,1124.0,1083.0,1081.0,1081.0,1086.0,1101.0,1062.0,1089.0,1092.0,1136.0,1099.0,1079.0,1122.0,1135.0,1109.0,1103.0,1122.0,1098.0,975.0,957.0,961.0,991.0,1004.0,973.0,925.0,1022.0,933.0,964.0,877.0,847.0,821.0,837.0,863.0,827.0,842.0,805.0,839.0,868.0,1070.0,1108.0,1103.0,1072.0,1084.0,1131.0,1133.0,1065.0,1069.0,1099.0,962.0,980.0,971.0,978.0,999.0,994.0,962.0,970.0,966.0,998.0,906.0,850.0,867.0,876.0,827.0,858.0,905.0,857.0,885.0,897.0,752.0,765.0,777.0,825.0,755.0,739.0,805.0,818.0,820.0,740.0,887.0,886.0,896.0,913.0,891.0,896.0,900.0,867.0,870.0,826.0
177,1174.0,1193.0,1141.0,1129.0,1163.0,1189.0,1172.0,1138.0,1174.0,1187.0,1136.0,1105.0,1099.0,1143.0,1125.0,1094.0,1058.0,1105.0,1068.0,1088.0,1057.0,1108.0,1135.0,1100.0,1117.0,1131.0,1108.0,1172.0,1137.0,1099.0,950.0,978.0,978.0,946.0,981.0,932.0,983.0,971.0,965.0,944.0,905.0,847.0,856.0,825.0,831.0,827.0,844.0,840.0,849.0,849.0,1095.0,1116.0,1072.0,1112.0,1082.0,1093.0,1083.0,1078.0,1040.0,1085.0,946.0,959.0,980.0,962.0,962.0,958.0,971.0,925.0,984.0,1046.0,904.0,877.0,897.0,869.0,929.0,912.0,898.0,875.0,868.0,864.0,783.0,757.0,779.0,818.0,741.0,796.0,775.0,774.0,798.0,804.0,864.0,853.0,867.0,868.0,858.0,865.0,915.0,891.0,866.0,836.0
178,1226.0,1154.0,1168.0,1187.0,1195.0,1161.0,1193.0,1168.0,1137.0,1205.0,1088.0,1071.0,1142.0,1093.0,1076.0,1088.0,1082.0,1105.0,1080.0,1135.0,1060.0,1124.0,1090.0,1146.0,1138.0,1111.0,1094.0,1113.0,1085.0,1092.0,994.0,989.0,973.0,1012.0,968.0,966.0,988.0,973.0,961.0,936.0,846.0,851.0,843.0,827.0,885.0,907.0,821.0,873.0,838.0,855.0,1098.0,1095.0,1115.0,1061.0,1029.0,1101.0,1057.0,1018.0,1068.0,1080.0,983.0,986.0,994.0,947.0,951.0,927.0,948.0,966.0,986.0,940.0,877.0,862.0,836.0,876.0,902.0,846.0,887.0,878.0,885.0,933.0,775.0,818.0,803.0,783.0,747.0,762.0,832.0,787.0,825.0,776.0,866.0,847.0,837.0,838.0,900.0,930.0,909.0,892.0,890.0,851.0
179,1174.0,1186.0,1163.0,1151.0,1196.0,1132.0,1229.0,1175.0,1156.0,1190.0,1101.0,1045.0,1123.0,1116.0,1070.0,1053.0,1067.0,1098.0,1072.0,1107.0,1123.0,1182.0,1121.0,1110.0,1143.0,1156.0,1105.0,1098.0,1135.0,1173.0,979.0,988.0,987.0,1013.0,971.0,987.0,959.0,996.0,950.0,1007.0,893.0,838.0,832.0,830.0,871.0,835.0,851.0,811.0,802.0,849.0,1101.0,1009.0,1109.0,1065.0,1086.0,1132.0,1036.0,1100.0,1071.0,1036.0,943.0,1030.0,937.0,1003.0,957.0,1013.0,1001.0,994.0,957.0,960.0,859.0,827.0,854.0,855.0,833.0,872.0,906.0,871.0,910.0,820.0,766.0,790.0,813.0,774.0,755.0,727.0,769.0,792.0,821.0,795.0,874.0,901.0,862.0,852.0,904.0,890.0,888.0,836.0,885.0,863.0
180,1165.0,1222.0,1208.0,1174.0,1214.0,1203.0,1198.0,1192.0,1140.0,1205.0,1137.0,1084.0,1129.0,1120.0,1097.0,1063.0,1109.0,1120.0,1101.0,1100.0,1125.0,1082.0,1109.0,1103.0,1062.0,1144.0,1123.0,1112.0,1145.0,1121.0,949.0,996.0,907.0,1034.0,962.0,967.0,958.0,940.0,986.0,985.0,850.0,853.0,869.0,828.0,854.0,898.0,848.0,803.0,845.0,878.0,1094.0,1071.0,1081.0,1105.0,1098.0,1064.0,1117.0,1115.0,1086.0,1065.0,964.0,948.0,964.0,951.0,978.0,888.0,957.0,976.0,938.0,943.0,886.0,892.0,929.0,900.0,863.0,900.0,831.0,843.0,866.0,849.0,795.0,767.0,761.0,711.0,762.0,777.0,756.0,770.0,782.0,747.0,847.0,881.0,840.0,837.0,895.0,894.0,909.0,895.0,870.0,907.0
181,1145.0,1210.0,1193.0,1191.0,1191.0,1165.0,1168.0,1197.0,1138.0,1170.0,1090.0,1114.0,1129.0,1063.0,1097.0,1099.0,1062.0,1082.0,1073.0,1143.0,1110.0,1109.0,1136.0,1145.0,1094.0,1161.0,1122.0,1072.0,1110.0,1110.0,921.0,990.0,953.0,971.0,1015.0,1009.0,940.0,939.0,969.0,944.0,894.0,820.0,830.0,884.0,816.0,833.0,873.0,832.0,911.0,888.0,1111.0,1070.0,1097.0,1104.0,1090.0,1061.0,1086.0,1121.0,1123.0,1044.0,958.0,982.0,968.0,972.0,986.0,971.0,982.0,994.0,970.0,921.0,912.0,858.0,862.0,845.0,865.0,867.0,884.0,849.0,826.0,893.0,794.0,769.0,803.0,779.0,786.0,779.0,791.0,760.0,803.0,750.0,881.0,871.0,823.0,807.0,844.0,852.0,901.0,920.0,838.0,939.0
182,1206.0,1182.0,1198.0,1149.0,1165.0,1198.0,1169.0,1183.0,1177.0,1175.0,1065.0,1077.0,1101.0,1096.0,1027.0,1102.0,1090.0,1086.0,1039.0,1095.0,1133.0,1143.0,1122.0,1094.0,1108.0,1156.0,1159.0,1098.0,1143.0,1105.0,981.0,986.0,955.0,966.0,1052.0,971.0,963.0,972.0,1015.0,1010.0,855.0,839.0,854.0,872.0,840.0,875.0,876.0,841.0,850.0,867.0,1048.0,1086.0,1041.0,1105.0,1067.0,1056.0,1059.0,1074.0,1103.0,1114.0,1017.0,958.0,982.0,986.0,1005.0,990.0,930.0,973.0,972.0,949.0,852.0,866.0,858.0,865.0,838.0,827.0,876.0,882.0,848.0,862.0,763.0,776.0,778.0,772.0,828.0,778.0,781.0,807.0,735.0,770.0,894.0,880.0,905.0,858.0,857.0,839.0,906.0,852.0,873.0,856.0
183,1148.0,1136.0,1177.0,1183.0,1152.0,1145.0,1155.0,1214.0,1167.0,1185.0,1095.0,1109.0,1089.0,1037.0,1062.0,1135.0,1094.0,1070.0,1107.0,1065.0,1137.0,1098.0,1146.0,1123.0,1134.0,1144.0,1125.0,1091.0,1095.0,1095.0,956.0,1000.0,971.0,993.0,1001.0,987.0,1002.0,946.0,1001.0,1044.0,836.0,875.0,810.0,853.0,886.0,886.0,883.0,875.0,853.0,859.0,1093.0,1108.0,1067.0,1152.0,1102.0,1092.0,1113.0,1059.0,1084.0,1097.0,983.0,996.0,1027.0,976.0,982.0,952.0,967.0,989.0,950.0,993.0,879.0,827.0,863.0,826.0,870.0,861.0,844.0,845.0,849.0,877.0,816.0,794.0,775.0,731.0,758.0,749.0,778.0,803.0,776.0,754.0,874.0,852.0,867.0,885.0,840.0,839.0,847.0,878.0,872.0,834.0
184,1176.0,1187.0,1180.0,1196.0,1142.0,1183.0,1178.0,1213.0,1227.0,1187.0,1087.0,1107.0,1032.0,1076.0,1066.0,1048.0,1088.0,1125.0,1112.0,1045.0,1094.0,1152.0,1154.0,1097.0,1113.0,1114.0,1143.0,1068.0,1095.0,1052.0,992.0,948.0,1002.0,991.0,956.0,983.0,962.0,969.0,925.0,1004.0,873.0,837.0,869.0,835.0,915.0,901.0,846.0,859.0,865.0,850.0,1080.0,1052.0,1107.0,1084.0,1061.0,1074.0,1072.0,1083.0,1064.0,1095.0,963.0,948.0,939.0,1010.0,982.0,984.0,977.0,1005.0,978.0,1029.0,900.0,888.0,884.0,849.0,908.0,900.0,888.0,835.0,862.0,903.0,785.0,840.0,761.0,812.0,758.0,764.0,757.0,761.0,749.0,756.0,869.0,837.0,864.0,809.0,891.0,842.0,896.0,850.0,872.0,887.0
185,1186.0,1184.0,1214.0,1132.0,1153.0,1192.0,1210.0,1218.0,1167.0,1203.0,1085.0,1110.0,1079.0,1119.0,1106.0,1091.0,1089.0,1087.0,1099.0,1067.0,1130.0,1088.0,1104.0,1080.0,1110.0,1086.0,1118.0,1162.0,1100.0,1111.0,994.0,945.0,985.0,988.0,953.0,972.0,978.0,960.0,970.0,989.0,841.0,833.0,820.0,838.0,856.0,846.0,838.0,846.0,870.0,848.0,1055.0,1079.0,1142.0,1062.0,1077.0,1110.0,1108.0,1056.0,1042.0,1074.0,953.0,1023.0,944.0,976.0,1018.0,955.0,960.0,981.0,983.0,951.0,888.0,824.0,839.0,930.0,867.0,870.0,862.0,876.0,879.0,870.0,806.0,824.0,768.0,785.0,795.0,762.0,774.0,714.0,745.0,787.0,882.0,888.0,894.0,854.0,859.0,910.0,867.0,863.0,896.0,908.0
186,1226.0,1183.0,1159.0,1189.0,1147.0,1193.0,1244.0,1175.0,1211.0,1189.0,1078.0,1121.0,1107.0,1071.0,1111.0,1110.0,1108.0,1119.0,1074.0,1080.0,1135.0,1108.0,1072.0,1105.0,1106.0,1143.0,1114.0,1068.0,1058.0,1078.0,930.0,1003.0,978.0,974.0,979.0,929.0,997.0,927.0,952.0,998.0,836.0,812.0,876.0,882.0,895.0,852.0,838.0,881.0,874.0,824.0,1085.0,1060.0,1125.0,1020.0,1089.0,1101.0,1052.0,1111.0,1130.0,1111.0,966.0,967.0,987.0,985.0,1005.0,971.0,935.0,967.0,897.0,938.0,878.0,858.0,869.0,895.0,865.0,831.0,875.0,874.0,903.0,897.0,782.0,787.0,716.0,799.0,750.0,814.0,787.0,789.0,754.0,785.0,902.0,899.0,901.0,850.0,847.0,846.0,851.0,853.0,897.0,909.0
187,1186.0,1219.0,1197.0,1142.0,1181.0,1162.0,1195.0,1179.0,1150.0,1190.0,1077.0,1072.0,1068.0,1074.0,1114.0,1119.0,1098.0,1076.0,1106.0,1062.0,1156.0,1123.0,1127.0,1108.0,1108.0,1149.0,1113.0,1153.0,1135.0,1111.0,1009.0,1017.0,991.0,975.0,985.0,958.0,991.0,986.0,1016.0,979.0,851.0,807.0,858.0,909.0,892.0,854.0,817.0,823.0,821.0,855.0,1049.0,1078.0,1119.0,1053.0,1066.0,1059.0,1096.0,1045.0,1118.0,1079.0,1013.0,981.0,949.0,948.0,951.0,977.0,963.0,994.0,928.0,1002.0,842.0,882.0,851.0,898.0,846.0,871.0,883.0,846.0,874.0,904.0,768.0,776.0,713.0,760.0,792.0,768.0,773.0,764.0,728.0,744.0,865.0,839.0,914.0,909.0,858.0,872.0,870.0,897.0,869.0,884.0
188,1172.0,1183.0,1172.0,1138.0,1189.0,1203.0,1213.0,1134.0,1159.0,1199.0,1091.0,1116.0,1168.0,1115.0,1127.0,1063.0,1099.0,1120.0,1099.0,1070.0,1130.0,1093.0,1151.0,1140.0,1132.0,1105.0,1082.0,1078.0,1071.0,1102.0,985.0,929.0,981.0,985.0,908.0,948.0,993.0,993.0,963.0,988.0,869.0,868.0,805.0,861.0,884.0,814.0,829.0,881.0,881.0,895.0,1080.0,1067.0,1092.0,1071.0,1085.0,1086.0,1115.0,1037.0,1086.0,1052.0,972.0,973.0,926.0,968.0,994.0,1010.0,958.0,1001.0,925.0,1001.0,871.0,885.0,816.0,875.0,827.0,852.0,875.0,874.0,896.0,830.0,794.0,809.0,767.0,765.0,773.0,813.0,752.0,809.0,811.0,747.0,853.0,873.0,904.0,859.0,870.0,896.0,880.0,841.0,860.0,927.0
189,1179.0,1204.0,1205.0,1133.0,1183.0,1174.0,1187.0,1185.0,1194.0,1197.0,1117.0,1053.0,1101.0,1165.0,1108.0,1100.0,1083.0,1076.0,1098.0,1080.0,1069.0,1130.0,1140.0,1119.0,1120.0,1110.0,1097.0,1133.0,1101.0,1116.0,975.0,942.0,964.0,933.0,974.0,954.0,1012.0,1009.0,1030.0,990.0,791.0,846.0,840.0,845.0,873.0,869.0,840.0,859.0,834.0,869.0,1099.0,1088.0,1055.0,1116.0,1050.0,1057.0,1059.0,1044.0,1082.0,1088.0,1053.0,972.0,994.0,966.0,981.0,966.0,967.0,957.0,921.0,938.0,857.0,870.0,883.0,874.0,894.0,908.0,903.0,856.0,848.0,868.0,832.0,784.0,777.0,788.0,739.0,808.0,784.0,749.0,786.0,799.0,843.0,906.0,822.0,837.0,866.0,848.0,867.0,901.0,854.0,867.0
190,1180.0,1202.0,1168.0,1086.0,1198.0,1197.0,1211.0,1204.0,1140.0,1159.0,1104.0,1064.0,1095.0,1095.0,1087.0,1082.0,1086.0,1082.0,1171.0,1083.0,1115.0,1134.0,1134.0,1144.0,1120.0,1064.0,1080.0,1132.0,1063.0,1149.0,1001.0,958.0,1001.0,982.0,1008.0,958.0,976.0,965.0,962.0,1028.0,817.0,854.0,841.0,880.0,859.0,911.0,821.0,845.0,857.0,864.0,1098.0,1103.0,1083.0,1108.0,1080.0,1116.0,1073.0,1092.0,1057.0,1078.0,983.0,967.0,977.0,978.0,1011.0,938.0,961.0,977.0,981.0,964.0,871.0,845.0,856.0,851.0,838.0,898.0,908.0,832.0,868.0,864.0,799.0,786.0,772.0,760.0,733.0,731.0,770.0,734.0,775.0,749.0,845.0,882.0,854.0,894.0,848.0,900.0,914.0,901.0,876.0,874.0
191,1171.0,1246.0,1213.0,1165.0,1173.0,1180.0,1168.0,1167.0,1155.0,1182.0,1083.0,1092.0,1115.0,1068.0,1073.0,1114.0,1095.0,1052.0,1124.0,1080.0,1119.0,1090.0,1150.0,1106.0,1062.0,1112.0,1058.0,1110.0,1124.0,1114.0,999.0,973.0,940.0,1008.0,1021.0,940.0,1015.0,971.0,953.0,979.0,815.0,775.0,830.0,877.0,868.0,892.0,872.0,872.0,848.0,848.0,1067.0,1125.0,1068.0,1097.0,1086.0,1083.0,1109.0,1113.0,1058.0,1068.0,960.0,985.0,978.0,970.0,988.0,1001.0,959.0,957.0,970.0,979.0,869.0,883.0,831.0,870.0,870.0,831.0,879.0,908.0,907.0,881.0,844.0,739.0,750.0,742.0,776.0,747.0,794.0,753.0,790.0,794.0,888.0,880.0,903.0,876.0,867.0,893.0,853.0,863.0,820.0,891.0
192,1175.0,1200.0,1156.0,1165.0,1164.0,1212.0,1182.0,1152.0,1169.0,1183.0,1095.0,1150.0,1115.0,1110.0,1080.0,1074.0,1132.0,1128.0,1068.0,1133.0,1101.0,1101.0,1125.0,1121.0,1134.0,1135.0,1128.0,1113.0,1089.0,1128.0,973.0,977.0,1000.0,940.0,1043.0,996.0,997.0,959.0,994.0,967.0,853.0,809.0,844.0,840.0,875.0,851.0,819.0,851.0,865.0,814.0,1052.0,1053.0,1129.0,1097.0,1115.0,1021.0,1076.0,1082.0,1074.0,1087.0,916.0,972.0,953.0,962.0,915.0,967.0,952.0,956.0,980.0,986.0,873.0,879.0,845.0,877.0,785.0,865.0,858.0,902.0,861.0,855.0,849.0,785.0,729.0,759.0,773.0,734.0,801.0,771.0,787.0,789.0,934.0,861.0,879.0,907.0,898.0,938.0,855.0,851.0,863.0,872.0
193,1217.0,1147.0,1104.0,1184.0,1185.0,1155.0,1231.0,1192.0,1216.0,1223.0,1076.0,1135.0,1130.0,1105.0,1129.0,1057.0,1074.0,1070.0,1093.0,1101.0,1115.0,1144.0,1124.0,1056.0,1102.0,1180.0,1151.0,1136.0,1121.0,1099.0,970.0,956.0,982.0,984.0,949.0,1014.0,1009.0,982.0,921.0,1006.0,877.0,839.0,820.0,854.0,850.0,838.0,843.0,786.0,885.0,831.0,1077.0,1072.0,1079.0,1071.0,1070.0,1077.0,1021.0,1078.0,1089.0,1083.0,989.0,948.0,987.0,965.0,973.0,948.0,954.0,967.0,925.0,973.0,877.0,895.0,880.0,917.0,894.0,863.0,871.0,897.0,871.0,862.0,773.0,800.0,801.0,767.0,773.0,770.0,778.0,772.0,768.0,762.0,848.0,853.0,872.0,877.0,856.0,892.0,865.0,883.0,859.0,870.0
194,1211.0,1160.0,1155.0,1168.0,1179.0,1155.0,1166.0,1169.0,1207.0,1212.0,1074.0,1136.0,1090.0,1118.0,1107.0,1115.0,1094.0,1115.0,1133.0,1068.0,1082.0,1119.0,1087.0,1121.0,1120.0,1059.0,1129.0,1108.0,1065.0,1100.0,964.0,952.0,998.0,1007.0,976.0,936.0,1014.0,1005.0,956.0,988.0,882.0,878.0,901.0,874.0,848.0,871.0,851.0,881.0,881.0,841.0,1122.0,1008.0,1079.0,1093.0,1059.0,1085.0,1084.0,1040.0,1067.0,1061.0,1020.0,988.0,979.0,914.0,977.0,937.0,960.0,924.0,952.0,979.0,862.0,905.0,844.0,858.0,867.0,906.0,840.0,891.0,874.0,921.0,746.0,801.0,737.0,779.0,765.0,799.0,806.0,730.0,744.0,775.0,853.0,845.0,913.0,846.0,882.0,938.0,854.0,901.0,867.0,865.0
195,1221.0,1162.0,1169.0,1125.0,1175.0,1183.0,1156.0,1174.0,1190.0,1188.0,1121.0,1072.0,1126.0,1112.0,1038.0,1103.0,1104.0,1117.0,1092.0,1169.0,1101.0,1130.0,1079.0,1118.0,1087.0,1148.0,1129.0,1112.0,1150.0,1109.0,1005.0,968.0,954.0,970.0,989.0,939.0,962.0,983.0,988.0,980.0,823.0,866.0,870.0,811.0,882.0,862.0,806.0,861.0,847.0,812.0,1094.0,1083.0,1136.0,1083.0,1110.0,1071.0,1103.0,1054.0,1096.0,1070.0,954.0,1040.0,970.0,997.0,955.0,976.0,991.0,918.0,978.0,985.0,855.0,867.0,840.0,890.0,865.0,852.0,886.0,871.0,836.0,876.0,794.0,765.0,808.0,789.0,847.0,812.0,794.0,788.0,752.0,766.0,845.0,838.0,831.0,885.0,836.0,853.0,867.0,889.0,810.0,851.0
196,1157.0,1139.0,1210.0,1177.0,1219.0,1179.0,1186.0,1211.0,1165.0,1165.0,1141.0,1084.0,1120.0,1083.0,1084.0,1110.0,1078.0,1104.0,1047.0,1109.0,1135.0,1126.0,1087.0,1115.0,1067.0,1065.0,1096.0,1107.0,1094.0,1126.0,974.0,1004.0,977.0,942.0,984.0,1019.0,987.0,1026.0,938.0,976.0,834.0,854.0,825.0,877.0,823.0,848.0,828.0,843.0,893.0,866.0,1086.0,1121.0,1101.0,1106.0,1085.0,1048.0,1132.0,1076.0,1083.0,1112.0,968.0,969.0,1006.0,984.0,990.0,999.0,992.0,929.0,979.0,926.0,866.0,850.0,844.0,821.0,842.0,865.0,869.0,865.0,894.0,877.0,760.0,778.0,786.0,768.0,806.0,792.0,758.0,740.0,759.0,794.0,891.0,867.0,825.0,908.0,885.0,877.0,870.0,862.0,892.0,855.0
197,1157.0,1139.0,1209.0,1177.0,1173.0,1168.0,1196.0,1195.0,1166.0,1181.0,1102.0,1080.0,1121.0,1090.0,1120.0,1120.0,1087.0,1075.0,1062.0,1089.0,1188.0,1107.0,1090.0,1072.0,1112.0,1118.0,1105.0,1105.0,1104.0,1115.0,966.0,968.0,1011.0,975.0,968.0,995.0,949.0,955.0,1026.0,939.0,860.0,880.0,841.0,914.0,839.0,864.0,871.0,901.0,859.0,877.0,1080.0,1057.0,1109.0,1069.0,1109.0,1059.0,1043.0,1054.0,1092.0,1073.0,970.0,1015.0,947.0,987.0,995.0,957.0,958.0,944.0,952.0,1004.0,833.0,869.0,840.0,872.0,871.0,914.0,911.0,896.0,872.0,858.0,788.0,778.0,763.0,769.0,699.0,692.0,784.0,779.0,788.0,808.0,866.0,903.0,847.0,857.0,893.0,914.0,895.0,864.0,824.0,866.0
198,1119.0,1173.0,1167.0,1184.0,1134.0,1154.0,1213.0,1190.0,1173.0,1169.0,1107.0,1110.0,1136.0,1084.0,1146.0,1080.0,1088.0,1010.0,1108.0,1117.0,1131.0,1130.0,1069.0,1152.0,1094.0,1133.0,1180.0,1104.0,1104.0,1130.0,988.0,958.0,947.0,947.0,966.0,1004.0,952.0,1002.0,953.0,948.0,872.0,886.0,839.0,854.0,865.0,870.0,868.0,849.0,819.0,840.0,1073.0,1023.0,1073.0,1089.0,1074.0,1068.0,1075.0,1053.0,1100.0,1108.0,971.0,968.0,997.0,981.0,1031.0,933.0,949.0,957.0,959.0,1010.0,883.0,851.0,866.0,848.0,826.0,873.0,844.0,878.0,867.0,880.0,806.0,848.0,816.0,781.0,781.0,784.0,756.0,837.0,754.0,761.0,864.0,854.0,874.0,858.0,862.0,905.0,869.0,894.0,908.0,845.0
199,1182.0,1189.0,1165.0,1162.0,1150.0,1169.0,1167.0,1167.0,1200.0,1216.0,1115.0,1118.0,1129.0,1088.0,1099.0,1108.0,1107.0,1069.0,1082.0,1168.0,1099.0,1138.0,1127.0,1143.0,1086.0,1126.0,1165.0,1134.0,1064.0,1086.0,921.0,975.0,965.0,939.0,966.0,978.0,959.0,970.0,1004.0,986.0,868.0,825.0,849.0,894.0,893.0,805.0,868.0,870.0,848.0,866.0,1056.0,1033.0,1069.0,1109.0,1133.0,1114.0,1056.0,1070.0,1108.0,1041.0,1001.0,966.0,1006.0,994.0,979.0,937.0,996.0,950.0,983.0,948.0,914.0,918.0,828.0,903.0,867.0,871.0,853.0,876.0,852.0,882.0,765.0,787.0,785.0,742.0,778.0,783.0,802.0,788.0,751.0,745.0,895.0,851.0,862.0,801.0,828.0,911.0,823.0,882.0,850.0,867.0
200,1150.0,1190.0,1154.0,1154.0,1157.0,1194.0,1191.0,1166.0,1137.0,1163.0,1091.0,1129.0,1137.0,1100.0,1083.0,1068.0,1072.0,1131.0,1097.0,1115.0,1124.0,1097.0,1097.0,1152.0,1153.0,1069.0,1094.0,1059.0,1073.0,1079.0,1011.0,919.0,988.0,949.0,963.0,978.0,952.0,969.0,984.0,1015.0,859.0,844.0,880.0,896.0,866.0,839.0,921.0,831.0,896.0,867.0,1102.0,1059.0,1087.0,1085.0,1082.0,1079.0,1049.0,1107.0,1088.0,1100.0,936.0,971.0,970.0,987.0,1013.0,935.0,959.0,976.0,954.0,978.0,890.0,882.0,827.0,841.0,858.0,912.0,885.0,886.0,882.0,835.0,785.0,823.0,757.0,773.0,780.0,833.0,778.0,779.0,781.0,839.0,870.0,887.0,888.0,836.0,824.0,901.0,899.0,872.0,853.0,818.0
201,1168.0,1203.0,1196.0,1183.0,1133.0,1199.0,1187.0,1202.0,1173.0,1227.0,1097.0,1102.0,1063.0,1061.0,1083.0,1092.0,1058.0,1062.0,1054.0,1114.0,1080.0,1122.0,1081.0,1101.0,1092.0,1120.0,1187.0,1119.0,1134.0,1093.0,985.0,985.0,1032.0,1020.0,917.0,968.0,972.0,968.0,972.0,1025.0,886.0,877.0,880.0,853.0,909.0,854.0,806.0,844.0,867.0,841.0,1088.0,1063.0,1065.0,1108.0,1127.0,1035.0,1051.0,1103.0,1073.0,1026.0,1007.0,928.0,982.0,980.0,979.0,964.0,1031.0,952.0,988.0,993.0,882.0,851.0,878.0,880.0,877.0,880.0,881.0,854.0,847.0,857.0,780.0,770.0,748.0,688.0,822.0,798.0,753.0,801.0,760.0,770.0,846.0,900.0,862.0,895.0,845.0,898.0,869.0,869.0,878.0,860.0
202,1161.0,1171.0,1155.0,1183.0,1182.0,1176.0,1187.0,1189.0,1177.0,1174.0,1110.0,1155.0,1077.0,1020.0,1090.0,1117.0,1103.0,1040.0,1074.0,1086.0,1077.0,1125.0,1139.0,1128.0,1106.0,1073.0,1081.0,1152.0,1114.0,1122.0,1016.0,947.0,963.0,1025.0,929.0,985.0,990.0,981.0,982.0,1009.0,851.0,842.0,882.0,811.0,828.0,879.0,844.0,816.0,880.0,839.0,1113.0,1085.0,1065.0,1126.0,1058.0,1133.0,1113.0,1134.0,1051.0,1082.0,974.0,916.0,971.0,956.0,1030.0,964.0,971.0,985.0,928.0,962.0,874.0,882.0,895.0,882.0,891.0,859.0,880.0,855.0,858.0,852.0,776.0,756.0,776.0,805.0,794.0,747.0,782.0,726.0,822.0,796.0,868.0,920.0,867.0,832.0,878.0,873.0,844.0,889.0,862.0,886.0
203,1158.0,1231.0,1195.0,1165.0,1170.0,1207.0,1186.0,1168.0,1129.0,1211.0,1057.0,1068.0,1079.0,1098.0,1086.0,1096.0,1067.0,1098.0,1123.0,1050.0,1151.0,1106.0,1079.0,1104.0,1096.0,1133.0,1138.0,1091.0,1098.0,1109.0,998.0,1002.0,938.0,986.0,975.0,947.0,951.0,971.0,1002.0,1000.0,897.0,865.0,846.0,864.0,897.0,878.0,889.0,898.0,888.0,838.0,1079.0,1019.0,1121.0,1093.0,1097.0,1040.0,1103.0,1085.0,1093.0,1102.0,955.0,1016.0,946.0,947.0,981.0,977.0,977.0,974.0,943.0,992.0,902.0,871.0,896.0,864.0,855.0,890.0,843.0,885.0,884.0,875.0,726.0,778.0,804.0,778.0,771.0,755.0,780.0,710.0,742.0,758.0,896.0,842.0,889.0,871.0,860.0,882.0,860.0,887.0,847.0,872.0
204,1161.0,1182.0,1224.0,1201.0,1137.0,1268.0,1175.0,1189.0,1174.0,1170.0,1054.0,1109.0,1073.0,1084.0,1069.0,1055.0,1078.0,1085.0,1110.0,1096.0,1166.0,1119.0,1102.0,1096.0,1107.0,1133.0,1091.0,1075.0,1143.0,1101.0,956.0,1026.0,979.0,998.0,1013.0,991.0,963.0,947.0,973.0,939.0,885.0,863.0,880.0,836.0,879.0,796.0,866.0,865.0,852.0,867.0,1067.0,1038.0,1099.0,1066.0,1049.0,1049.0,1142.0,1109.0,1047.0,1081.0,996.0,991.0,934.0,972.0,979.0,990.0,951.0,933.0,969.0,1001.0,864.0,848.0,868.0,869.0,914.0,886.0,884.0,855.0,844.0,924.0,800.0,803.0,775.0,788.0,782.0,806.0,735.0,794.0,790.0,756.0,872.0,819.0,857.0,862.0,863.0,824.0,909.0,917.0,847.0,873.0
205,1216.0,1168.0,1159.0,1120.0,1174.0,1185.0,1164.0,1132.0,1160.0,1188.0,1087.0,1112.0,1088.0,1100.0,1105.0,1136.0,1111.0,1146.0,1103.0,1082.0,1104.0,1091.0,1094.0,1119.0,1147.0,1116.0,1175.0,1145.0,1088.0,1199.0,1030.0,997.0,1020.0,997.0,964.0,928.0,959.0,956.0,988.0,955.0,859.0,846.0,861.0,858.0,873.0,852.0,821.0,830.0,813.0,855.0,1054.0,1064.0,1062.0,1076.0,1037.0,1123.0,1079.0,1071.0,1068.0,1047.0,982.0,954.0,958.0,1017.0,933.0,974.0,988.0,946.0,1000.0,989.0,809.0,834.0,915.0,911.0,894.0,882.0,851.0,885.0,871.0,881.0,807.0,806.0,784.0,742.0,816.0,758.0,764.0,781.0,789.0,759.0,872.0,929.0,856.0,833.0,851.0,839.0,880.0,877.0,871.0,849.0
206,1152.0,1184.0,1174.0,1115.0,1205.0,1192.0,1163.0,1137.0,1199.0,1170.0,1127.0,1084.0,1123.0,1091.0,1062.0,1076.0,1076.0,1123.0,1109.0,1083.0,1139.0,1129.0,1173.0,1113.0,1100.0,1146.0,1124.0,1159.0,1094.0,1186.0,1019.0,991.0,998.0,1015.0,993.0,988.0,1001.0,995.0,932.0,957.0,886.0,852.0,851.0,869.0,853.0,837.0,875.0,828.0,855.0,904.0,1054.0,1079.0,1019.0,1056.0,1115.0,1080.0,1064.0,1085.0,1092.0,1065.0,980.0,989.0,945.0,979.0,946.0,996.0,976.0,963.0,974.0,938.0,875.0,884.0,893.0,904.0,874.0,862.0,859.0,824.0,861.0,884.0,736.0,769.0,758.0,796.0,773.0,735.0,758.0,796.0,781.0,755.0,849.0,840.0,862.0,838.0,871.0,879.0,898.0,857.0,853.0,863.0
207,1186.0,1204.0,1238.0,1105.0,1178.0,1144.0,1180.0,1119.0,1186.0,1212.0,1100.0,1128.0,1083.0,1070.0,1138.0,1127.0,1090.0,1102.0,1097.0,1091.0,1114.0,1103.0,1105.0,1137.0,1106.0,1117.0,1124.0,1092.0,1088.0,1160.0,933.0,987.0,961.0,927.0,966.0,966.0,969.0,965.0,956.0,975.0,877.0,816.0,889.0,892.0,825.0,835.0,890.0,849.0,881.0,874.0,1058.0,1071.0,1095.0,1142.0,1073.0,1065.0,1027.0,1131.0,1068.0,1069.0,983.0,997.0,938.0,986.0,964.0,978.0,979.0,945.0,939.0,970.0,945.0,858.0,825.0,869.0,872.0,882.0,842.0,913.0,875.0,858.0,788.0,775.0,771.0,788.0,789.0,790.0,813.0,759.0,767.0,748.0,835.0,858.0,890.0,862.0,878.0,891.0,883.0,895.0,894.0,843.0
208,1150.0,1167.0,1202.0,1218.0,1208.0,1145.0,1191.0,1165.0,1212.0,1237.0,1089.0,1092.0,1111.0,1090.0,1121.0,1083.0,1054.0,1063.0,1035.0,1116.0,1097.0,1107.0,1110.0,1096.0,1063.0,1090.0,1140.0,1154.0,1118.0,1113.0,991.0,1021.0,962.0,964.0,998.0,934.0,1010.0,994.0,943.0,997.0,852.0,862.0,816.0,858.0,832.0,852.0,841.0,833.0,871.0,791.0,1069.0,1005.0,1063.0,1034.0,1107.0,1164.0,1090.0,1087.0,1116.0,1045.0,990.0,964.0,965.0,965.0,951.0,999.0,937.0,974.0,937.0,998.0,916.0,897.0,906.0,905.0,910.0,869.0,861.0,836.0,865.0,866.0,772.0,802.0,790.0,789.0,723.0,805.0,793.0,807.0,805.0,762.0,897.0,887.0,870.0,860.0,870.0,855.0,880.0,856.0,847.0,871.0
209,1189.0,1128.0,1204.0,1191.0,1184.0,1197.0,1228.0,1169.0,1210.0,1168.0,1065.0,1115.0,1091.0,1122.0,1081.0,1107.0,1067.0,1059.0,1054.0,1110.0,1139.0,1139.0,1089.0,1107.0,1060.0,1130.0,1099.0,1126.0,1087.0,1151.0,966.0,1009.0,959.0,964.0,987.0,985.0,978.0,1010.0,979.0,995.0,854.0,883.0,876.0,839.0,853.0,804.0,912.0,845.0,803.0,901.0,1088.0,1067.0,1067.0,1085.0,1054.0,1068.0,1013.0,1084.0,1081.0,1079.0,970.0,1005.0,923.0,952.0,1007.0,948.0,932.0,970.0,977.0,971.0,894.0,849.0,932.0,909.0,924.0,867.0,913.0,895.0,878.0,834.0,781.0,802.0,791.0,769.0,721.0,795.0,773.0,796.0,815.0,746.0,876.0,809.0,867.0,838.0,913.0,894.0,885.0,817.0,866.0,840.0
210,1173.0,1190.0,1215.0,1202.0,1237.0,1191.0,1194.0,1169.0,1209.0,1152.0,1091.0,1108.0,1075.0,1061.0,1061.0,1125.0,1066.0,1084.0,1067.0,1107.0,1130.0,1117.0,1142.0,1127.0,1092.0,1108.0,1101.0,1169.0,1122.0,1169.0,979.0,954.0,948.0,982.0,1015.0,968.0,980.0,999.0,961.0,991.0,846.0,865.0,827.0,822.0,860.0,821.0,854.0,825.0,845.0,854.0,1100.0,1107.0,1089.0,1074.0,1074.0,1145.0,1075.0,1012.0,1070.0,1069.0,971.0,933.0,948.0,972.0,949.0,953.0,986.0,1002.0,1009.0,901.0,877.0,899.0,904.0,897.0,838.0,851.0,905.0,836.0,820.0,879.0,764.0,749.0,778.0,760.0,773.0,774.0,774.0,830.0,747.0,774.0,891.0,883.0,872.0,877.0,882.0,855.0,867.0,845.0,898.0,901.0
211,1227.0,1189.0,1219.0,1174.0,1182.0,1221.0,1213.0,1112.0,1167.0,1167.0,1125.0,1061.0,1040.0,1117.0,1113.0,1142.0,1083.0,1109.0,1100.0,1040.0,1092.0,1107.0,1086.0,1099.0,1127.0,1074.0,1080.0,1115.0,1102.0,1131.0,945.0,960.0,978.0,992.0,943.0,1010.0,926.0,966.0,988.0,1014.0,846.0,902.0,835.0,844.0,848.0,815.0,841.0,859.0,819.0,851.0,1129.0,1076.0,1099.0,1071.0,1098.0,1078.0,1117.0,1063.0,1050.0,1122.0,967.0,1008.0,963.0,952.0,977.0,996.0,991.0,985.0,1005.0,973.0,873.0,877.0,869.0,858.0,848.0,869.0,869.0,892.0,868.0,870.0,757.0,770.0,813.0,755.0,768.0,761.0,792.0,804.0,745.0,752.0,855.0,857.0,897.0,912.0,876.0,820.0,889.0,871.0,905.0,879.0
212,1213.0,1199.0,1206.0,1192.0,1161.0,1193.0,1179.0,1136.0,1132.0,1169.0,1108.0,1059.0,1127.0,1112.0,1099.0,1141.0,1094.0,1092.0,1089.0,1073.0,1117.0,1129.0,1073.0,1097.0,1094.0,1096.0,1091.0,1187.0,1148.0,1096.0,988.0,982.0,966.0,1017.0,975.0,1014.0,965.0,966.0,1036.0,964.0,866.0,874.0,877.0,875.0,827.0,830.0,888.0,858.0,877.0,902.0,1087.0,1095.0,1085.0,1055.0,1126.0,1055.0,1110.0,1078.0,1049.0,1044.0,971.0,961.0,977.0,957.0,961.0,947.0,994.0,955.0,930.0,986.0,849.0,853.0,883.0,856.0,872.0,817.0,856.0,836.0,903.0,868.0,777.0,755.0,758.0,712.0,807.0,772.0,769.0,752.0,744.0,836.0,837.0,898.0,846.0,898.0,858.0,920.0,856.0,914.0,841.0,868.0
213,1202.0,1146.0,1249.0,1198.0,1144.0,1156.0,1194.0,1152.0,1138.0,1197.0,1079.0,1094.0,1140.0,1056.0,1106.0,1078.0,1072.0,1106.0,1066.0,1063.0,1096.0,1116.0,1129.0,1160.0,1114.0,1111.0,1114.0,1084.0,1133.0,1137.0,980.0,978.0,949.0,975.0,985.0,1012.0,971.0,956.0,1011.0,995.0,874.0,854.0,827.0,835.0,853.0,860.0,893.0,861.0,847.0,885.0,1087.0,1064.0,1063.0,1072.0,1072.0,1066.0,1074.0,1093.0,1093.0,1037.0,975.0,978.0,957.0,952.0,953.0,932.0,999.0,916.0,971.0,970.0,859.0,880.0,876.0,874.0,840.0,906.0,880.0,908.0,903.0,865.0,773.0,827.0,771.0,783.0,807.0,772.0,751.0,816.0,733.0,765.0,888.0,872.0,830.0,864.0,908.0,897.0,854.0,886.0,853.0,893.0
214,1174.0,1165.0,1176.0,1133.0,1183.0,1175.0,1146.0,1230.0,1128.0,1205.0,1065.0,1155.0,1103.0,1105.0,1110.0,1084.0,1101.0,1099.0,1094.0,1081.0,1094.0,1102.0,1122.0,1084.0,1114.0,1123.0,1141.0,1106.0,1088.0,1175.0,956.0,957.0,994.0,997.0,960.0,942.0,976.0,945.0,1009.0,967.0,861.0,876.0,872.0,829.0,860.0,886.0,865.0,845.0,833.0,827.0,1131.0,1049.0,1074.0,1117.0,1087.0,1096.0,1090.0,1085.0,1086.0,1065.0,971.0,998.0,952.0,966.0,979.0,956.0,967.0,942.0,968.0,979.0,903.0,857.0,899.0,870.0,895.0,881.0,863.0,890.0,864.0,859.0,787.0,775.0,778.0,744.0,743.0,755.0,814.0,802.0,770.0,780.0,873.0,874.0,822.0,924.0,849.0,893.0,841.0,829.0,912.0,865.0
215,1151.0,1172.0,1219.0,1207.0,1199.0,1102.0,1179.0,1193.0,1113.0,1169.0,1090.0,1061.0,1063.0,1072.0,1113.0,1111.0,1119.0,1129.0,1112.0,1105.0,1125.0,1171.0,1148.0,1090.0,1086.0,1096.0,1113.0,1087.0,1087.0,1104.0,947.0,974.0,1023.0,964.0,925.0,1018.0,985.0,985.0,1018.0,1009.0,832.0,847.0,805.0,832.0,905.0,859.0,869.0,868.0,817.0,909.0,1111.0,1071.0,1084.0,1069.0,1088.0,1073.0,1050.0,1094.0,1072.0,1055.0,975.0,968.0,961.0,982.0,951.0,991.0,998.0,999.0,994.0,948.0,876.0,892.0,837.0,936.0,905.0,899.0,863.0,857.0,870.0,848.0,810.0,790.0,817.0,769.0,750.0,753.0,786.0,758.0,781.0,782.0,900.0,863.0,832.0,849.0,856.0,893.0,842.0,798.0,892.0,877.0
216,1201.0,1160.0,1155.0,1162.0,1179.0,1205.0,1186.0,1181.0,1227.0,1162.0,1089.0,1091.0,1087.0,1103.0,1021.0,1097.0,1122.0,1109.0,1105.0,1065.0,1122.0,1107.0,1088.0,1166.0,1091.0,1099.0,1137.0,1127.0,1161.0,1126.0,938.0,1042.0,1000.0,961.0,989.0,1018.0,957.0,914.0,936.0,952.0,849.0,818.0,850.0,853.0,855.0,873.0,852.0,871.0,850.0,906.0,1099.0,1065.0,1121.0,1088.0,1127.0,1038.0,1101.0,1072.0,1008.0,1072.0,988.0,959.0,922.0,980.0,1019.0,965.0,978.0,982.0,981.0,970.0,845.0,885.0,893.0,839.0,836.0,862.0,855.0,886.0,844.0,826.0,793.0,805.0,772.0,793.0,771.0,802.0,740.0,784.0,738.0,825.0,892.0,879.0,905.0,822.0,892.0,838.0,872.0,842.0,899.0,905.0
217,1162.0,1163.0,1151.0,1178.0,1194.0,1195.0,1148.0,1211.0,1211.0,1191.0,1100.0,1084.0,1107.0,1121.0,1130.0,1106.0,1107.0,1122.0,1066.0,1077.0,1125.0,1103.0,1135.0,1128.0,1113.0,1105.0,1140.0,1107.0,1123.0,1098.0,980.0,988.0,925.0,971.0,980.0,931.0,978.0,946.0,968.0,952.0,841.0,874.0,875.0,874.0,848.0,878.0,866.0,903.0,829.0,839.0,1081.0,1046.0,1109.0,1055.0,1050.0,1077.0,1097.0,1112.0,1078.0,1080.0,984.0,1015.0,1008.0,941.0,961.0,962.0,916.0,919.0,931.0,1026.0,906.0,874.0,847.0,849.0,902.0,844.0,893.0,860.0,884.0,899.0,789.0,767.0,763.0,766.0,766.0,782.0,765.0,729.0,787.0,789.0,849.0,899.0,873.0,884.0,835.0,918.0,893.0,854.0,871.0,860.0
218,1134.0,1142.0,1152.0,1172.0,1175.0,1207.0,1220.0,1221.0,1204.0,1196.0,1087.0,1113.0,1073.0,1105.0,1077.0,1112.0,1072.0,1097.0,1117.0,1093.0,1117.0,1182.0,1139.0,1139.0,1085.0,1129.0,1124.0,1070.0,1098.0,1143.0,958.0,968.0,980.0,959.0,973.0,993.0,954.0,995.0,953.0,963.0,874.0,890.0,831.0,842.0,839.0,839.0,858.0,830.0,835.0,863.0,1123.0,1076.0,1083.0,1090.0,1087.0,1066.0,1101.0,1083.0,1119.0,1052.0,997.0,968.0,976.0,975.0,992.0,988.0,938.0,964.0,943.0,1043.0,861.0,878.0,939.0,858.0,883.0,866.0,898.0,877.0,891.0,830.0,815.0,754.0,779.0,765.0,806.0,749.0,746.0,772.0,756.0,752.0,854.0,840.0,842.0,861.0,865.0,846.0,890.0,851.0,825.0,873.0
219,1181.0,1224.0,1155.0,1230.0,1173.0,1156.0,1205.0,1208.0,1220.0,1200.0,1082.0,1081.0,1083.0,1045.0,1082.0,1087.0,1102.0,1078.0,1110.0,1098.0,1127.0,1186.0,1091.0,1116.0,1127.0,1137.0,1072.0,1136.0,1122.0,1038.0,1016.0,978.0,954.0,961.0,953.0,1022.0,969.0,938.0,956.0,958.0,865.0,810.0,894.0,873.0,817.0,844.0,843.0,835.0,835.0,873.0,1105.0,1064.0,1048.0,1090.0,1095.0,1070.0,1094.0,1084.0,1104.0,1104.0,953.0,938.0,948.0,932.0,986.0,985.0,1014.0,979.0,946.0,973.0,825.0,868.0,948.0,901.0,873.0,877.0,867.0,887.0,840.0,931.0,799.0,781.0,802.0,741.0,763.0,766.0,772.0,761.0,743.0,754.0,865.0,873.0,878.0,877.0,914.0,852.0,862.0,851.0,859.0,881.0
220,1184.0,1207.0,1212.0,1219.0,1179.0,1158.0,1209.0,1170.0,1177.0,1242.0,1116.0,1110.0,1117.0,1106.0,1112.0,1128.0,1084.0,1103.0,1096.0,1072.0,1116.0,1092.0,1110.0,1130.0,1146.0,1115.0,1161.0,1109.0,1130.0,1072.0,987.0,938.0,922.0,955.0,954.0,958.0,897.0,1030.0,1030.0,933.0,864.0,853.0,836.0,844.0,827.0,877.0,836.0,865.0,797.0,838.0,1105.0,1118.0,1115.0,1037.0,1062.0,1037.0,1103.0,1052.0,1042.0,1076.0,949.0,940.0,935.0,970.0,942.0,965.0,1004.0,927.0,993.0,1006.0,845.0,872.0,885.0,895.0,905.0,907.0,907.0,875.0,845.0,880.0,773.0,779.0,786.0,755.0,782.0,746.0,748.0,783.0,740.0,817.0,877.0,892.0,880.0,851.0,873.0,906.0,846.0,846.0,882.0,875.0
221,1141.0,1190.0,1206.0,1186.0,1213.0,1161.0,1203.0,1153.0,1181.0,1156.0,1131.0,1094.0,1125.0,1119.0,1106.0,1125.0,1137.0,1106.0,1094.0,1100.0,1114.0,1090.0,1078.0,1108.0,1103.0,1099.0,1094.0,1091.0,1117.0,1130.0,1015.0,954.0,956.0,952.0,916.0,950.0,957.0,990.0,979.0,994.0,827.0,820.0,838.0,882.0,859.0,841.0,857.0,851.0,827.0,830.0,1132.0,1104.0,1089.0,1080.0,1096.0,1085.0,1031.0,1113.0,1054.0,1086.0,958.0,977.0,968.0,936.0,899.0,992.0,1005.0,931.0,959.0,1007.0,894.0,882.0,890.0,851.0,864.0,881.0,887.0,850.0,857.0,853.0,729.0,802.0,775.0,754.0,809.0,773.0,786.0,742.0,774.0,758.0,871.0,889.0,873.0,894.0,916.0,891.0,840.0,934.0,893.0,896.0
222,1122.0,1187.0,1128.0,1201.0,1197.0,1174.0,1180.0,1165.0,1173.0,1217.0,1123.0,1105.0,1086.0,1070.0,1077.0,1107.0,1076.0,1114.0,1096.0,1125.0,1106.0,1078.0,1116.0,1127.0,1120.0,1127.0,1098.0,1125.0,1088.0,1095.0,995.0,1051.0,1006.0,936.0,989.0,987.0,1017.0,971.0,988.0,969.0,916.0,843.0,831.0,861.0,827.0,810.0,847.0,836.0,831.0,878.0,1048.0,1064.0,1129.0,1092.0,1062.0,1122.0,1087.0,1087.0,1064.0,1056.0,928.0,978.0,928.0,966.0,963.0,953.0,959.0,934.0,977.0,930.0,870.0,874.0,903.0,842.0,874.0,857.0,862.0,887.0,848.0,867.0,806.0,768.0,796.0,786.0,799.0,764.0,789.0,771.0,808.0,796.0,905.0,854.0,877.0,879.0,875.0,893.0,883.0,873.0,866.0,877.0
223,1143.0,1185.0,1153.0,1188.0,1202.0,1150.0,1126.0,1195.0,1115.0,1196.0,1105.0,1126.0,1096.0,1110.0,1020.0,1077.0,1081.0,1092.0,1117.0,1040.0,1109.0,1112.0,1131.0,1097.0,1063.0,1078.0,1122.0,1103.0,1158.0,1107.0,965.0,985.0,944.0,972.0,1014.0,973.0,969.0,977.0,994.0,996.0,899.0,855.0,854.0,830.0,821.0,824.0,847.0,863.0,898.0,776.0,1102.0,1031.0,1069.0,1120.0,1102.0,1103.0,1076.0,1075.0,1097.0,1113.0,965.0,1018.0,961.0,1000.0,995.0,984.0,1025.0,997.0,943.0,965.0,931.0,837.0,912.0,860.0,873.0,929.0,881.0,825.0,843.0,926.0,733.0,742.0,817.0,752.0,822.0,809.0,798.0,788.0,762.0,795.0,868.0,910.0,867.0,829.0,875.0,873.0,877.0,848.0,810.0,896.0
224,1149.0,1177.0,1188.0,1202.0,1219.0,1137.0,1096.0,1213.0,1143.0,1141.0,1130.0,1042.0,1071.0,1042.0,1126.0,1064.0,1129.0,1099.0,1105.0,1115.0,1133.0,1127.0,1153.0,1068.0,1116.0,1116.0,1142.0,1111.0,1047.0,1145.0,962.0,1004.0,951.0,1040.0,974.0,936.0,937.0,998.0,992.0,987.0,872.0,869.0,850.0,826.0,831.0,864.0,865.0,854.0,868.0,815.0,1064.0,1108.0,1076.0,1149.0,1050.0,1141.0,1091.0,1057.0,1049.0,1057.0,1007.0,948.0,955.0,974.0,968.0,982.0,989.0,951.0,997.0,997.0,831.0,887.0,902.0,868.0,832.0,895.0,888.0,902.0,899.0,925.0,759.0,763.0,771.0,739.0,816.0,794.0,777.0,726.0,773.0,767.0,912.0,877.0,888.0,846.0,852.0,873.0,892.0,851.0,870.0,863.0
225,1163.0,1158.0,1187.0,1133.0,1183.0,1164.0,1174.0,1191.0,1132.0,1170.0,1053.0,1055.0,1082.0,1118.0,1084.0,1121.0,1092.0,1089.0,1100.0,1089.0,1169.0,1068.0,1095.0,1061.0,1098.0,1115.0,1082.0,1135.0,1107.0,1145.0,925.0,961.0,1002.0,1014.0,942.0,972.0,988.0,965.0,1003.0,958.0,849.0,888.0,868.0,879.0,855.0,848.0,878.0,840.0,893.0,861.0,1080.0,1131.0,1055.0,1060.0,1076.0,1115.0,1141.0,1058.0,1022.0,1111.0,1007.0,1002.0,978.0,945.0,967.0,948.0,966.0,971.0,967.0,941.0,913.0,875.0,877.0,890.0,859.0,895.0,833.0,887.0,897.0,856.0,757.0,831.0,770.0,786.0,795.0,741.0,772.0,759.0,764.0,793.0,905.0,838.0,893.0,877.0,928.0,881.0,881.0,866.0,863.0,886.0
226,1201.0,1198.0,1158.0,1185.0,1157.0,1166.0,1155.0,1139.0,1175.0,1149.0,1065.0,1094.0,1041.0,1075.0,1090.0,1075.0,1079.0,1084.0,1075.0,1144.0,1103.0,1038.0,1166.0,1069.0,1125.0,1078.0,1120.0,1154.0,1103.0,1049.0,978.0,1026.0,996.0,952.0,973.0,997.0,940.0,970.0,1016.0,959.0,823.0,842.0,867.0,837.0,867.0,869.0,876.0,852.0,875.0,851.0,1082.0,1148.0,1104.0,1126.0,1048.0,1100.0,1097.0,1078.0,1062.0,1100.0,999.0,1028.0,982.0,1010.0,1000.0,974.0,994.0,934.0,962.0,994.0,891.0,847.0,888.0,860.0,895.0,859.0,891.0,890.0,907.0,906.0,774.0,708.0,789.0,777.0,790.0,780.0,796.0,755.0,728.0,753.0,905.0,872.0,816.0,874.0,844.0,904.0,862.0,906.0,845.0,907.0
227,1190.0,1180.0,1122.0,1270.0,1185.0,1198.0,1209.0,1182.0,1164.0,1117.0,1057.0,1062.0,1128.0,1111.0,1056.0,1062.0,1079.0,1080.0,1058.0,1109.0,1119.0,1154.0,1113.0,1042.0,1087.0,1120.0,1121.0,1122.0,1113.0,1115.0,928.0,1015.0,1014.0,961.0,1005.0,996.0,990.0,981.0,989.0,996.0,854.0,782.0,857.0,851.0,895.0,848.0,851.0,862.0,843.0,884.0,1120.0,1072.0,1077.0,1036.0,1111.0,1078.0,1089.0,1057.0,1137.0,1089.0,983.0,1003.0,977.0,1002.0,955.0,967.0,934.0,945.0,960.0,958.0,881.0,873.0,805.0,861.0,845.0,903.0,840.0,885.0,870.0,893.0,790.0,792.0,793.0,770.0,771.0,747.0,780.0,765.0,727.0,753.0,899.0,865.0,924.0,860.0,879.0,885.0,915.0,886.0,886.0,901.0
228,1191.0,1132.0,1187.0,1219.0,1220.0,1210.0,1221.0,1178.0,1198.0,1186.0,1107.0,1071.0,1082.0,1117.0,1119.0,1110.0,1107.0,1079.0,1158.0,1023.0,1117.0,1117.0,1120.0,1129.0,1077.0,1101.0,1123.0,1112.0,1089.0,1137.0,940.0,997.0,1000.0,961.0,945.0,956.0,980.0,970.0,993.0,1015.0,834.0,859.0,899.0,864.0,856.0,873.0,850.0,842.0,827.0,852.0,1075.0,1078.0,1076.0,1084.0,1093.0,1097.0,1070.0,1053.0,1057.0,1084.0,991.0,1002.0,935.0,945.0,911.0,966.0,957.0,973.0,935.0,998.0,903.0,895.0,846.0,810.0,880.0,867.0,866.0,916.0,855.0,828.0,746.0,787.0,760.0,766.0,821.0,767.0,780.0,777.0,775.0,806.0,915.0,864.0,904.0,864.0,865.0,853.0,852.0,868.0,855.0,887.0
229,1204.0,1189.0,1205.0,1241.0,1182.0,1209.0,1195.0,1153.0,1217.0,1143.0,1072.0,1133.0,1089.0,1077.0,1077.0,1112.0,1071.0,1079.0,1081.0,1107.0,1172.0,1101.0,1088.0,1116.0,1079.0,1128.0,1084.0,1103.0,1054.0,1102.0,997.0,987.0,968.0,991.0,970.0,968.0,1008.0,993.0,958.0,984.0,839.0,814.0,854.0,836.0,834.0,819.0,877.0,868.0,867.0,874.0,1083.0,1029.0,1072.0,1102.0,1100.0,1060.0,1081.0,1129.0,1073.0,1129.0,997.0,991.0,1009.0,968.0,1027.0,1017.0,991.0,936.0,986.0,916.0,826.0,886.0,861.0,863.0,840.0,852.0,865.0,859.0,861.0,833.0,772.0,755.0,796.0,720.0,799.0,737.0,756.0,772.0,746.0,808.0,854.0,916.0,866.0,838.0,879.0,894.0,880.0,877.0,899.0,923.0
230,1125.0,1201.0,1149.0,1198.0,1203.0,1210.0,1193.0,1158.0,1183.0,1181.0,1097.0,1065.0,1131.0,1087.0,1082.0,1041.0,1032.0,1063.0,1117.0,1050.0,1144.0,1106.0,1065.0,1108.0,1099.0,1082.0,1094.0,1094.0,1084.0,1140.0,993.0,994.0,1015.0,986.0,985.0,988.0,969.0,941.0,1020.0,974.0,844.0,826.0,889.0,818.0,850.0,914.0,852.0,865.0,841.0,863.0,1108.0,1101.0,1075.0,1091.0,1070.0,1093.0,1078.0,1077.0,1042.0,1112.0,971.0,955.0,995.0,961.0,954.0,973.0,1033.0,955.0,967.0,972.0,834.0,910.0,840.0,872.0,887.0,850.0,891.0,918.0,877.0,865.0,842.0,731.0,766.0,754.0,781.0,777.0,812.0,826.0,732.0,794.0,858.0,910.0,884.0,876.0,878.0,868.0,856.0,878.0,877.0,868.0
231,1192.0,1137.0,1153.0,1207.0,1207.0,1166.0,1163.0,1148.0,1194.0,1174.0,1085.0,1004.0,1068.0,1109.0,1130.0,1111.0,1110.0,1105.0,1084.0,1099.0,1129.0,1163.0,1110.0,1113.0,1106.0,1147.0,1097.0,1137.0,1077.0,1126.0,956.0,996.0,1012.0,921.0,1023.0,967.0,994.0,975.0,996.0,997.0,852.0,867.0,889.0,882.0,811.0,826.0,855.0,891.0,815.0,842.0,1061.0,1085.0,1086.0,1053.0,1052.0,1072.0,1052.0,1103.0,1025.0,1089.0,989.0,987.0,952.0,1013.0,964.0,1013.0,938.0,948.0,1011.0,973.0,858.0,893.0,872.0,891.0,858.0,867.0,885.0,842.0,877.0,910.0,799.0,781.0,794.0,704.0,768.0,745.0,808.0,736.0,775.0,789.0,896.0,890.0,877.0,855.0,865.0,880.0,912.0,888.0,887.0,818.0
232,1144.0,1165.0,1161.0,1209.0,1163.0,1162.0,1142.0,1168.0,1159.0,1192.0,1095.0,1115.0,1072.0,1034.0,1080.0,1130.0,1121.0,1039.0,1088.0,1059.0,1116.0,1095.0,1113.0,1098.0,1131.0,1122.0,1171.0,1121.0,1120.0,1133.0,987.0,970.0,981.0,958.0,969.0,927.0,1016.0,975.0,967.0,977.0,820.0,832.0,862.0,897.0,782.0,853.0,841.0,906.0,865.0,887.0,1097.0,1082.0,1088.0,1119.0,1078.0,1063.0,1069.0,1085.0,1023.0,1093.0,1007.0,1006.0,966.0,996.0,983.0,967.0,932.0,973.0,969.0,986.0,902.0,885.0,886.0,837.0,908.0,887.0,825.0,889.0,865.0,852.0,764.0,818.0,832.0,754.0,818.0,767.0,804.0,718.0,802.0,804.0,885.0,835.0,854.0,845.0,873.0,917.0,891.0,901.0,887.0,835.0
233,1117.0,1145.0,1238.0,1169.0,1203.0,1184.0,1199.0,1139.0,1157.0,1149.0,1137.0,1082.0,1056.0,1107.0,1119.0,1100.0,1122.0,1107.0,1097.0,1127.0,1129.0,1103.0,1080.0,1113.0,1088.0,1091.0,1154.0,1091.0,1123.0,1098.0,943.0,994.0,981.0,963.0,1003.0,933.0,978.0,953.0,996.0,973.0,871.0,830.0,845.0,873.0,832.0,867.0,829.0,877.0,895.0,881.0,1073.0,1112.0,1090.0,1084.0,1030.0,1035.0,1071.0,1083.0,1053.0,1088.0,988.0,1000.0,994.0,992.0,946.0,1007.0,964.0,1028.0,963.0,1004.0,877.0,871.0,875.0,851.0,877.0,888.0,845.0,831.0,795.0,835.0,817.0,783.0,775.0,740.0,823.0,828.0,790.0,775.0,803.0,796.0,868.0,884.0,877.0,856.0,865.0,867.0,856.0,892.0,862.0,868.0
234,1172.0,1204.0,1162.0,1188.0,1097.0,1211.0,1173.0,1151.0,1159.0,1147.0,1092.0,1125.0,1129.0,1137.0,1113.0,1074.0,1101.0,1108.0,1105.0,1130.0,1141.0,1122.0,1084.0,1098.0,1161.0,1115.0,1094.0,1120.0,1098.0,1154.0,966.0,956.0,996.0,920.0,963.0,974.0,947.0,936.0,1019.0,991.0,844.0,869.0,867.0,829.0,826.0,870.0,832.0,898.0,871.0,881.0,1128.0,1130.0,1108.0,1081.0,1062.0,1086.0,1117.0,1081.0,1090.0,1076.0,976.0,909.0,943.0,1010.0,1004.0,974.0,982.0,923.0,925.0,944.0,857.0,880.0,861.0,837.0,891.0,865.0,872.0,889.0,779.0,848.0,810.0,792.0,771.0,784.0,784.0,785.0,836.0,793.0,782.0,711.0,832.0,812.0,891.0,864.0,888.0,845.0,854.0,879.0,915.0,933.0
235,1233.0,1187.0,1207.0,1181.0,1172.0,1200.0,1222.0,1170.0,1182.0,1181.0,1086.0,1071.0,1113.0,1069.0,1070.0,1094.0,1079.0,1095.0,1089.0,1075.0,1109.0,1115.0,1096.0,1080.0,1173.0,1083.0,1086.0,1145.0,1086.0,1139.0,979.0,985.0,964.0,960.0,976.0,934.0,983.0,927.0,972.0,983.0,826.0,849.0,844.0,833.0,845.0,850.0,818.0,859.0,857.0,825.0,1029.0,1155.0,1115.0,1093.0,1040.0,1097.0,1080.0,1092.0,1074.0,1111.0,979.0,948.0,988.0,998.0,970.0,975.0,968.0,1013.0,954.0,952.0,897.0,893.0,853.0,857.0,900.0,868.0,916.0,872.0,878.0,870.0,796.0,772.0,782.0,806.0,793.0,765.0,781.0,782.0,802.0,803.0,883.0,820.0,846.0,875.0,848.0,933.0,874.0,821.0,851.0,875.0
236,1221.0,1173.0,1131.0,1184.0,1134.0,1167.0,1206.0,1218.0,1206.0,1209.0,1068.0,1106.0,1085.0,1062.0,1134.0,1074.0,1122.0,1046.0,1097.0,1110.0,1120.0,1095.0,1105.0,1082.0,1103.0,1077.0,1100.0,1095.0,1064.0,1118.0,988.0,985.0,935.0,948.0,946.0,997.0,959.0,984.0,1000.0,936.0,841.0,847.0,857.0,871.0,882.0,863.0,915.0,823.0,784.0,841.0,1116.0,1102.0,1049.0,1108.0,1080.0,1047.0,1070.0,1053.0,1110.0,1079.0,1004.0,966.0,1047.0,986.0,1012.0,987.0,940.0,949.0,951.0,963.0,857.0,910.0,907.0,874.0,887.0,930.0,825.0,887.0,861.0,884.0,737.0,774.0,809.0,738.0,732.0,773.0,825.0,782.0,808.0,752.0,859.0,839.0,888.0,901.0,877.0,890.0,846.0,940.0,862.0,920.0
237,1224.0,1162.0,1122.0,1201.0,1141.0,1201.0,1203.0,1189.0,1227.0,1199.0,1080.0,1082.0,1086.0,1066.0,1072.0,1132.0,1106.0,1098.0,1095.0,1146.0,1126.0,1131.0,1133.0,1121.0,1184.0,1109.0,1144.0,1108.0,1066.0,1096.0,981.0,944.0,998.0,981.0,997.0,915.0,983.0,989.0,966.0,991.0,853.0,904.0,893.0,851.0,845.0,832.0,841.0,779.0,807.0,863.0,1101.0,1037.0,1077.0,1058.0,1048.0,1016.0,1118.0,1080.0,1075.0,1091.0,898.0,1030.0,1001.0,994.0,961.0,1041.0,917.0,972.0,994.0,965.0,921.0,884.0,858.0,876.0,899.0,891.0,825.0,893.0,876.0,830.0,759.0,734.0,777.0,768.0,819.0,774.0,745.0,759.0,734.0,746.0,865.0,890.0,869.0,840.0,822.0,892.0,918.0,908.0,899.0,881.0
238,1151.0,1172.0,1211.0,1164.0,1185.0,1203.0,1186.0,1145.0,1175.0,1209.0,1140.0,1102.0,1069.0,1084.0,1070.0,1153.0,1066.0,1098.0,1093.0,1107.0,1126.0,1134.0,1158.0,1082.0,1132.0,1117.0,1105.0,1105.0,1093.0,1102.0,946.0,987.0,968.0,1000.0,991.0,1016.0,988.0,987.0,1038.0,980.0,878.0,861.0,832.0,858.0,800.0,861.0,838.0,832.0,818.0,870.0,1115.0,1065.0,1064.0,1117.0,1079.0,1069.0,1113.0,1112.0,1057.0,1048.0,966.0,987.0,933.0,983.0,978.0,983.0,967.0,1001.0,953.0,1017.0,873.0,856.0,914.0,837.0,871.0,797.0,878.0,874.0,899.0,834.0,763.0,813.0,756.0,740.0,792.0,755.0,780.0,777.0,800.0,744.0,849.0,820.0,906.0,893.0,889.0,842.0,881.0,844.0,816.0,895.0
239,1196.0,1179.0,1191.0,1247.0,1153.0,1200.0,1188.0,1156.0,1157.0,1233.0,1047.0,1095.0,1091.0,1074.0,1085.0,1095.0,1087.0,1105.0,1095.0,1119.0,1116.0,1097.0,1086.0,1100.0,1148.0,1112.0,1129.0,1106.0,1066.0,1101.0,958.0,1025.0,1000.0,953.0,979.0,969.0,990.0,1007.0,984.0,1006.0,869.0,877.0,854.0,842.0,820.0,850.0,840.0,863.0,841.0,862.0,1087.0,1037.0,1074.0,1077.0,1064.0,1080.0,1071.0,1062.0,1079.0,1049.0,976.0,1030.0,956.0,1012.0,957.0,997.0,924.0,974.0,963.0,944.0,908.0,842.0,881.0,806.0,895.0,832.0,883.0,882.0,904.0,861.0,774.0,774.0,799.0,770.0,807.0,784.0,807.0,753.0,773.0,742.0,879.0,841.0,881.0,873.0,881.0,875.0,885.0,868.0,883.0,885.0
240,1150.0,1134.0,1160.0,1194.0,1189.0,1173.0,1125.0,1147.0,1204.0,1187.0,1095.0,1071.0,1087.0,1071.0,1087.0,1186.0,1129.0,1119.0,1028.0,1074.0,1109.0,1180.0,1136.0,1121.0,1105.0,1117.0,1147.0,1138.0,1151.0,1140.0,972.0,998.0,1010.0,1010.0,983.0,929.0,970.0,916.0,962.0,986.0,869.0,844.0,911.0,856.0,857.0,829.0,863.0,862.0,842.0,827.0,1097.0,1061.0,1018.0,1081.0,1090.0,1122.0,1085.0,1067.0,1049.0,1116.0,978.0,991.0,996.0,1013.0,946.0,975.0,963.0,960.0,950.0,949.0,910.0,876.0,840.0,821.0,873.0,857.0,875.0,901.0,899.0,887.0,798.0,778.0,784.0,747.0,800.0,793.0,770.0,782.0,786.0,769.0,835.0,866.0,873.0,838.0,861.0,806.0,879.0,886.0,875.0,865.0
241,1150.0,1171.0,1193.0,1146.0,1139.0,1151.0,1153.0,1153.0,1190.0,1178.0,1076.0,1101.0,1099.0,1107.0,1076.0,1122.0,1096.0,1080.0,1050.0,1111.0,1083.0,1123.0,1152.0,1138.0,1130.0,1122.0,1128.0,1139.0,1101.0,1135.0,1008.0,984.0,978.0,955.0,941.0,1009.0,1023.0,968.0,978.0,959.0,855.0,877.0,884.0,842.0,866.0,850.0,840.0,858.0,828.0,866.0,1071.0,1073.0,1061.0,1055.0,1110.0,1092.0,1075.0,1100.0,1081.0,1089.0,989.0,1023.0,948.0,972.0,966.0,927.0,969.0,957.0,971.0,941.0,916.0,838.0,875.0,905.0,884.0,871.0,908.0,903.0,846.0,888.0,793.0,784.0,781.0,779.0,784.0,758.0,780.0,753.0,801.0,746.0,878.0,825.0,841.0,855.0,898.0,886.0,835.0,865.0,903.0,887.0
242,1150.0,1174.0,1189.0,1168.0,1170.0,1155.0,1162.0,1166.0,1174.0,1204.0,1145.0,1062.0,1070.0,1102.0,1075.0,1090.0,1073.0,1106.0,1066.0,1136.0,1064.0,1109.0,1098.0,1118.0,1093.0,1143.0,1098.0,1107.0,1097.0,1140.0,967.0,931.0,964.0,963.0,1010.0,964.0,991.0,956.0,996.0,934.0,870.0,866.0,833.0,888.0,846.0,877.0,843.0,854.0,852.0,868.0,1047.0,1071.0,1080.0,1032.0,1117.0,1082.0,1087.0,1044.0,1093.0,1071.0,1020.0,1001.0,1011.0,943.0,1010.0,959.0,975.0,1000.0,939.0,975.0,910.0,880.0,892.0,907.0,823.0,922.0,886.0,891.0,868.0,881.0,782.0,784.0,818.0,744.0,780.0,752.0,795.0,780.0,739.0,732.0,867.0,926.0,859.0,894.0,869.0,846.0,900.0,873.0,925.0,856.0
243,1165.0,1157.0,1199.0,1171.0,1221.0,1163.0,1156.0,1160.0,1176.0,1125.0,1089.0,1084.0,1108.0,1074.0,1104.0,1088.0,1098.0,1076.0,1085.0,1098.0,1075.0,1107.0,1122.0,1162.0,1111.0,1113.0,1073.0,1125.0,1084.0,1175.0,1060.0,975.0,961.0,977.0,933.0,987.0,994.0,966.0,953.0,975.0,855.0,854.0,855.0,837.0,887.0,854.0,824.0,859.0,906.0,862.0,1035.0,1099.0,1077.0,1084.0,1030.0,1062.0,1082.0,1104.0,1085.0,1065.0,966.0,982.0,944.0,1023.0,967.0,974.0,968.0,970.0,995.0,997.0,851.0,899.0,882.0,852.0,850.0,869.0,879.0,890.0,880.0,899.0,818.0,782.0,786.0,751.0,803.0,788.0,818.0,754.0,723.0,735.0,912.0,867.0,878.0,824.0,887.0,896.0,923.0,872.0,861.0,867.0
244,1184.0,1166.0,1168.0,1223.0,1211.0,1150.0,1138.0,1086.0,1160.0,1142.0,1118.0,1105.0,1114.0,1089.0,1077.0,1108.0,1079.0,1089.0,1099.0,1050.0,1122.0,1119.0,1122.0,1061.0,1106.0,1157.0,1164.0,1146.0,1113.0,1114.0,1022.0,905.0,941.0,948.0,917.0,1003.0,948.0,996.0,982.0,985.0,855.0,855.0,871.0,878.0,902.0,835.0,857.0,880.0,844.0,836.0,1063.0,1089.0,1098.0,1102.0,1103.0,1080.0,1070.0,1048.0,1116.0,1103.0,1002.0,1014.0,988.0,932.0,976.0,973.0,1032.0,998.0,961.0,957.0,850.0,897.0,890.0,883.0,830.0,808.0,858.0,931.0,890.0,910.0,739.0,791.0,795.0,749.0,797.0,807.0,761.0,734.0,761.0,835.0,867.0,865.0,824.0,890.0,872.0,872.0,905.0,870.0,820.0,873.0
245,1183.0,1219.0,1273.0,1179.0,1232.0,1184.0,1132.0,1154.0,1161.0,1184.0,1098.0,1120.0,1064.0,1081.0,1062.0,1114.0,1101.0,1059.0,1089.0,1067.0,1087.0,1120.0,1111.0,1076.0,1099.0,1105.0,1087.0,1146.0,1095.0,1127.0,999.0,923.0,957.0,964.0,972.0,960.0,938.0,984.0,970.0,978.0,824.0,874.0,848.0,853.0,874.0,836.0,874.0,854.0,839.0,855.0,1106.0,1054.0,1110.0,1109.0,1070.0,1046.0,1072.0,1098.0,1073.0,1061.0,976.0,945.0,973.0,1009.0,980.0,982.0,1009.0,996.0,1005.0,1009.0,874.0,854.0,831.0,846.0,895.0,916.0,914.0,859.0,851.0,893.0,816.0,840.0,765.0,763.0,772.0,767.0,787.0,759.0,793.0,793.0,859.0,857.0,871.0,877.0,833.0,885.0,904.0,868.0,873.0,840.0
246,1221.0,1197.0,1245.0,1218.0,1225.0,1244.0,1197.0,1129.0,1152.0,1180.0,1107.0,1079.0,1075.0,1054.0,1144.0,1104.0,1098.0,1084.0,1124.0,1125.0,1147.0,1150.0,1144.0,1081.0,1133.0,1131.0,1131.0,1139.0,1070.0,1105.0,969.0,1004.0,936.0,955.0,967.0,957.0,940.0,934.0,1012.0,953.0,855.0,870.0,837.0,831.0,873.0,866.0,848.0,872.0,866.0,828.0,1047.0,1084.0,1117.0,1104.0,1079.0,1047.0,1083.0,1083.0,1040.0,1081.0,943.0,977.0,953.0,962.0,982.0,954.0,949.0,992.0,968.0,993.0,875.0,842.0,862.0,901.0,817.0,876.0,896.0,916.0,845.0,868.0,782.0,786.0,762.0,788.0,738.0,730.0,826.0,763.0,774.0,783.0,873.0,814.0,865.0,865.0,822.0,882.0,849.0,866.0,900.0,890.0
247,1178.0,1156.0,1185.0,1189.0,1203.0,1189.0,1212.0,1185.0,1177.0,1167.0,1124.0,1084.0,1106.0,1053.0,1153.0,1105.0,1057.0,1083.0,1123.0,1148.0,1116.0,1118.0,1127.0,1117.0,1030.0,1064.0,1106.0,1089.0,1129.0,1112.0,966.0,987.0,1001.0,966.0,998.0,995.0,986.0,977.0,939.0,959.0,824.0,885.0,840.0,885.0,852.0,851.0,837.0,800.0,839.0,808.0,1056.0,1142.0,1054.0,1060.0,1064.0,1086.0,1091.0,1098.0,1097.0,1126.0,973.0,948.0,971.0,937.0,980.0,988.0,968.0,991.0,985.0,974.0,895.0,833.0,879.0,892.0,875.0,873.0,899.0,911.0,841.0,842.0,793.0,797.0,768.0,773.0,761.0,759.0,760.0,749.0,781.0,773.0,895.0,853.0,866.0,890.0,864.0,883.0,900.0,895.0,836.0,893.0
248,1145.0,1217.0,1180.0,1224.0,1200.0,1167.0,1199.0,1234.0,1130.0,1203.0,1133.0,1092.0,1115.0,1062.0,1084.0,1110.0,1113.0,1045.0,1081.0,1083.0,1060.0,1079.0,1109.0,1118.0,1085.0,1140.0,1154.0,1119.0,1127.0,1085.0,1006.0,958.0,987.0,975.0,1021.0,959.0,933.0,969.0,1000.0,986.0,897.0,842.0,852.0,837.0,837.0,852.0,867.0,817.0,842.0,847.0,1075.0,1112.0,1057.0,1077.0,1100.0,1115.0,1075.0,1090.0,1107.0,1071.0,973.0,999.0,960.0,1011.0,970.0,974.0,978.0,953.0,939.0,958.0,898.0,874.0,861.0,836.0,853.0,865.0,876.0,874.0,920.0,881.0,775.0,762.0,808.0,794.0,766.0,742.0,754.0,814.0,731.0,789.0,861.0,864.0,870.0,826.0,863.0,866.0,864.0,862.0,872.0,903.0
249,1174.0,1166.0,1227.0,1230.0,1203.0,1191.0,1183.0,1223.0,1175.0,1166.0,1105.0,1113.0,1115.0,1111.0,1111.0,1071.0,1074.0,1105.0,1131.0,1118.0,1124.0,1073.0,1086.0,1104.0,1102.0,1109.0,1113.0,1078.0,1084.0,1122.0,960.0,986.0,1011.0,1006.0,946.0,987.0,1015.0,1029.0,979.0,963.0,829.0,842.0,848.0,839.0,836.0,791.0,841.0,828.0,887.0,868.0,1094.0,1070.0,1062.0,1033.0,1080.0,1117.0,1107.0,1052.0,1055.0,1128.0,976.0,939.0,967.0,940.0,998.0,986.0,955.0,949.0,964.0,966.0,917.0,910.0,836.0,877.0,852.0,858.0,907.0,862.0,869.0,856.0,794.0,802.0,756.0,743.0,813.0,812.0,799.0,756.0,757.0,743.0,849.0,903.0,890.0,876.0,837.0,867.0,817.0,892.0,848.0,874.0
250,1180.0,1190.0,1162.0,1200.0,1201.0,1189.0,1180.0,1198.0,1175.0,1148.0,1058.0,1093.0,1132.0,1042.0,1101.0,1112.0,1079.0,1074.0,1121.0,1134.0,1078.0,1138.0,1166.0,1133.0,1054.0,1081.0,1110.0,1164.0,1082.0,1104.0,989.0,984.0,1003.0,964.0,969.0,997.0,937.0,1017.0,991.0,931.0,853.0,841.0,844.0,813.0,898.0,842.0,825.0,791.0,893.0,827.0,1092.0,1106.0,1112.0,1135.0,1057.0,1093.0,1107.0,1042.0,1125.0,1112.0,1011.0,985.0,945.0,947.0,993.0,999.0,986.0,942.0,933.0,985.0,879.0,846.0,861.0,879.0,852.0,854.0,837.0,850.0,852.0,867.0,787.0,777.0,734.0,807.0,826.0,742.0,810.0,766.0,734.0,802.0,899.0,840.0,832.0,837.0,830.0,877.0,941.0,927.0,837.0,895.0
251,1165.0,1191.0,1210.0,1157.0,1196.0,1245.0,1195.0,1153.0,1182.0,1187.0,1096.0,1081.0,1060.0,1077.0,1118.0,1067.0,1120.0,1112.0,1078.0,1080.0,1116.0,1079.0,1133.0,1130.0,1087.0,1081.0,1061.0,1141.0,1136.0,1108.0,1018.0,933.0,964.0,976.0,983.0,963.0,962.0,1004.0,957.0,957.0,843.0,846.0,857.0,838.0,873.0,815.0,873.0,847.0,819.0,833.0,1078.0,1112.0,1064.0,1081.0,1081.0,1071.0,1117.0,1056.0,1103.0,1123.0,966.0,976.0,1014.0,957.0,979.0,992.0,968.0,920.0,966.0,949.0,864.0,924.0,850.0,915.0,827.0,867.0,879.0,870.0,878.0,898.0,826.0,767.0,760.0,781.0,756.0,809.0,763.0,783.0,740.0,791.0,855.0,893.0,878.0,847.0,878.0,877.0,873.0,885.0,882.0,879.0
252,1190.0,1182.0,1188.0,1177.0,1163.0,1211.0,1179.0,1165.0,1187.0,1194.0,1116.0,1076.0,1102.0,1103.0,1140.0,1080.0,1120.0,1142.0,1104.0,1110.0,1106.0,1108.0,1106.0,1098.0,1099.0,1108.0,1108.0,1083.0,1077.0,1099.0,970.0,978.0,928.0,982.0,929.0,977.0,978.0,991.0,940.0,972.0,834.0,825.0,886.0,851.0,839.0,845.0,855.0,814.0,834.0,873.0,1084.0,1086.0,1116.0,1086.0,1079.0,1124.0,1089.0,1138.0,1042.0,1100.0,969.0,997.0,988.0,1015.0,998.0,995.0,1002.0,965.0,991.0,943.0,887.0,908.0,855.0,814.0,851.0,835.0,836.0,836.0,836.0,838.0,765.0,758.0,761.0,758.0,753.0,732.0,763.0,730.0,803.0,790.0,903.0,881.0,858.0,874.0,925.0,876.0,879.0,903.0,930.0,886.0
253,1152.0,1177.0,1191.0,1212.0,1207.0,1169.0,1196.0,1180.0,1120.0,1239.0,1138.0,1077.0,1123.0,1058.0,1063.0,1154.0,1115.0,1076.0,1107.0,1041.0,1147.0,1149.0,1108.0,1116.0,1098.0,1136.0,1153.0,1117.0,1081.0,1080.0,982.0,986.0,971.0,944.0,955.0,952.0,960.0,916.0,961.0,1007.0,845.0,869.0,885.0,887.0,845.0,881.0,815.0,853.0,857.0,868.0,1098.0,1085.0,1055.0,1112.0,1067.0,1045.0,1098.0,1111.0,1116.0,1057.0,969.0,965.0,965.0,936.0,1016.0,978.0,972.0,917.0,918.0,1024.0,857.0,860.0,885.0,828.0,870.0,880.0,870.0,930.0,874.0,892.0,782.0,784.0,735.0,773.0,761.0,730.0,752.0,753.0,797.0,753.0,849.0,848.0,870.0,892.0,895.0,856.0,871.0,913.0,920.0,844.0
254,1209.0,1180.0,1153.0,1146.0,1205.0,1194.0,1110.0,1161.0,1125.0,1218.0,1121.0,1051.0,1036.0,1111.0,1092.0,1106.0,1139.0,1126.0,1096.0,1098.0,1116.0,1131.0,1180.0,1095.0,1102.0,1135.0,1129.0,1119.0,1102.0,1091.0,991.0,981.0,955.0,953.0,998.0,971.0,1023.0,939.0,937.0,980.0,853.0,918.0,881.0,876.0,846.0,839.0,854.0,812.0,869.0,862.0,1053.0,1115.0,1092.0,1126.0,1078.0,1073.0,1080.0,1119.0,1116.0,1105.0,937.0,968.0,957.0,965.0,976.0,912.0,992.0,973.0,969.0,981.0,915.0,843.0,869.0,842.0,859.0,896.0,860.0,902.0,874.0,848.0,766.0,775.0,775.0,799.0,785.0,776.0,778.0,780.0,740.0,760.0,857.0,838.0,892.0,849.0,836.0,878.0,836.0,833.0,923.0,858.0
255,1195.0,1188.0,1151.0,1190.0,1165.0,1182.0,1204.0,1207.0,1159.0,1186.0,1081.0,1122.0,1079.0,1053.0,1067.0,1108.0,1100.0,1066.0,1054.0,1131.0,1121.0,1132.0,1101.0,1126.0,1125.0,1149.0,1109.0,1117.0,1124.0,1125.0,1005.0,977.0,965.0,1022.0,968.0,981.0,954.0,933.0,954.0,959.0,846.0,870.0,887.0,850.0,832.0,839.0,894.0,884.0,851.0,803.0,1076.0,1105.0,1115.0,1068.0,1099.0,1073.0,1062.0,1070.0,1110.0,1106.0,982.0,968.0,965.0,965.0,1013.0,976.0,966.0,971.0,976.0,961.0,855.0,874.0,878.0,862.0,838.0,877.0,868.0,864.0,910.0,871.0,791.0,741.0,775.0,778.0,786.0,743.0,774.0,779.0,719.0,797.0,866.0,818.0,879.0,849.0,886.0,849.0,871.0,876.0,891.0,858.0
256,1187.0,1158.0,1155.0,1193.0,1187.0,1128.0,1211.0,1165.0,1181.0,1130.0,1073.0,1101.0,1092.0,1073.0,1094.0,1131.0,1109.0,1083.0,1103.0,1079.0,1128.0,1118.0,1085.0,1108.0,1095.0,1116.0,1090.0,1116.0,1085.0,1149.0,979.0,978.0,926.0,1006.0,943.0,977.0,970.0,978.0,971.0,974.0,870.0,819.0,842.0,848.0,878.0,873.0,868.0,836.0,823.0,876.0,1112.0,1055.0,1099.0,1048.0,1062.0,1112.0,1080.0,1085.0,1057.0,1067.0,983.0,978.0,984.0,959.0,1028.0,926.0,932.0,951.0,1000.0,958.0,898.0,891.0,911.0,857.0,876.0,879.0,881.0,898.0,885.0,858.0,737.0,823.0,824.0,804.0,754.0,790.0,786.0,757.0,727.0,803.0,847.0,879.0,883.0,870.0,862.0,849.0,873.0,900.0,916.0,909.0
257,1211.0,1180.0,1215.0,1157.0,1159.0,1168.0,1210.0,1189.0,1173.0,1144.0,1114.0,1087.0,1090.0,1046.0,1064.0,1083.0,1122.0,1093.0,1068.0,1107.0,1106.0,1135.0,1064.0,1134.0,1112.0,1134.0,1071.0,1146.0,1104.0,1093.0,953.0,977.0,975.0,1050.0,1009.0,932.0,965.0,980.0,955.0,966.0,845.0,877.0,813.0,843.0,890.0,808.0,840.0,835.0,851.0,851.0,1039.0,1062.0,1069.0,1067.0,1090.0,1106.0,1018.0,1028.0,1088.0,1080.0,1002.0,987.0,1023.0,976.0,971.0,1000.0,966.0,939.0,951.0,970.0,895.0,854.0,889.0,859.0,894.0,892.0,938.0,874.0,874.0,881.0,813.0,803.0,771.0,768.0,758.0,773.0,778.0,799.0,803.0,806.0,836.0,840.0,892.0,867.0,835.0,886.0,895.0,888.0,882.0,911.0
258,1172.0,1173.0,1189.0,1171.0,1160.0,1177.0,1150.0,1165.0,1181.0,1158.0,1068.0,1060.0,1106.0,1044.0,1121.0,1084.0,1079.0,1096.0,1098.0,1070.0,1137.0,1093.0,1105.0,1180.0,1095.0,1103.0,1127.0,1119.0,1081.0,1135.0,1001.0,1023.0,938.0,962.0,974.0,958.0,1011.0,998.0,975.0,967.0,838.0,875.0,858.0,826.0,837.0,902.0,859.0,878.0,835.0,884.0,1086.0,1086.0,1065.0,1083.0,1110.0,1071.0,1093.0,1097.0,1100.0,1075.0,1030.0,957.0,988.0,969.0,954.0,940.0,1023.0,908.0,967.0,987.0,838.0,847.0,882.0,904.0,840.0,864.0,850.0,884.0,861.0,877.0,793.0,804.0,786.0,800.0,805.0,812.0,761.0,726.0,772.0,805.0,851.0,889.0,885.0,828.0,887.0,878.0,850.0,901.0,877.0,855.0
259,1171.0,1180.0,1163.0,1128.0,1160.0,1175.0,1122.0,1195.0,1210.0,1156.0,1050.0,1079.0,1108.0,1041.0,1099.0,1117.0,1115.0,1149.0,1071.0,1112.0,1121.0,1104.0,1143.0,1148.0,1123.0,1076.0,1154.0,1100.0,1127.0,1133.0,1010.0,948.0,968.0,951.0,962.0,954.0,1012.0,933.0,962.0,944.0,839.0,891.0,867.0,864.0,847.0,870.0,820.0,870.0,833.0,808.0,1074.0,1083.0,1054.0,1053.0,1128.0,1118.0,1062.0,1101.0,1047.0,1065.0,1032.0,994.0,964.0,1003.0,967.0,978.0,975.0,901.0,960.0,1006.0,873.0,864.0,874.0,851.0,863.0,841.0,871.0,858.0,911.0,870.0,787.0,744.0,780.0,799.0,759.0,768.0,771.0,732.0,775.0,798.0,858.0,922.0,881.0,936.0,873.0,892.0,903.0,929.0,850.0,921.0
260,1182.0,1179.0,1232.0,1164.0,1152.0,1208.0,1191.0,1176.0,1117.0,1175.0,1080.0,1078.0,1042.0,1059.0,1057.0,1101.0,1144.0,1076.0,1089.0,1092.0,1098.0,1198.0,1140.0,1136.0,1122.0,1070.0,1142.0,1177.0,1115.0,1092.0,1006.0,964.0,948.0,964.0,983.0,940.0,975.0,990.0,992.0,970.0,879.0,873.0,822.0,842.0,844.0,876.0,851.0,858.0,878.0,883.0,1089.0,1054.0,1101.0,1097.0,1069.0,1105.0,1057.0,1076.0,1048.0,1095.0,997.0,996.0,973.0,969.0,990.0,1003.0,978.0,966.0,977.0,957.0,829.0,885.0,909.0,875.0,853.0,873.0,850.0,901.0,887.0,889.0,780.0,751.0,762.0,767.0,771.0,774.0,735.0,692.0,799.0,791.0,876.0,827.0,868.0,903.0,943.0,839.0,877.0,850.0,848.0,871.0
261,1161.0,1194.0,1216.0,1184.0,1184.0,1177.0,1210.0,1164.0,1157.0,1144.0,1103.0,1077.0,1089.0,1083.0,1070.0,1106.0,1098.0,1037.0,1133.0,1116.0,1111.0,1142.0,1085.0,1103.0,1129.0,1083.0,1139.0,1078.0,1107.0,1156.0,970.0,1053.0,947.0,954.0,958.0,995.0,1040.0,987.0,927.0,959.0,859.0,841.0,893.0,829.0,878.0,849.0,832.0,867.0,885.0,824.0,1085.0,1039.0,1063.0,1121.0,1038.0,1126.0,1062.0,1124.0,1074.0,1111.0,980.0,955.0,1031.0,957.0,980.0,996.0,925.0,978.0,983.0,962.0,868.0,885.0,846.0,917.0,860.0,839.0,824.0,902.0,917.0,914.0,795.0,758.0,745.0,736.0,772.0,752.0,771.0,811.0,703.0,739.0,886.0,858.0,880.0,890.0,916.0,866.0,897.0,818.0,861.0,885.0
262,1156.0,1172.0,1151.0,1210.0,1173.0,1191.0,1227.0,1207.0,1197.0,1211.0,1098.0,1064.0,1108.0,1044.0,1082.0,1086.0,1058.0,1041.0,1102.0,1080.0,1128.0,1164.0,1109.0,1138.0,1098.0,1063.0,1173.0,1109.0,1117.0,1135.0,955.0,1038.0,983.0,915.0,994.0,943.0,931.0,969.0,957.0,950.0,906.0,864.0,930.0,840.0,905.0,929.0,849.0,850.0,847.0,841.0,1070.0,1029.0,1060.0,1112.0,1057.0,1111.0,1082.0,1065.0,1082.0,1075.0,960.0,947.0,945.0,978.0,991.0,977.0,979.0,948.0,932.0,994.0,888.0,867.0,865.0,864.0,854.0,860.0,828.0,905.0,814.0,904.0,794.0,781.0,821.0,772.0,732.0,795.0,799.0,837.0,803.0,776.0,866.0,878.0,828.0,898.0,901.0,837.0,867.0,836.0,896.0,843.0
263,1111.0,1190.0,1160.0,1126.0,1167.0,1198.0,1158.0,1201.0,1196.0,1187.0,1099.0,1071.0,1056.0,1133.0,1118.0,1048.0,1079.0,1048.0,1109.0,1080.0,1155.0,1144.0,1108.0,1112.0,1084.0,1138.0,1105.0,1084.0,1111.0,1145.0,982.0,985.0,1009.0,992.0,967.0,957.0,997.0,1013.0,958.0,1008.0,847.0,880.0,861.0,847.0,808.0,902.0,844.0,838.0,789.0,829.0,1076.0,1077.0,1112.0,1050.0,1078.0,1084.0,1097.0,1066.0,1096.0,1035.0,959.0,987.0,986.0,953.0,1007.0,972.0,1049.0,937.0,966.0,954.0,904.0,866.0,864.0,902.0,863.0,859.0,859.0,874.0,896.0,901.0,809.0,720.0,773.0,767.0,788.0,739.0,774.0,826.0,761.0,787.0,883.0,882.0,873.0,893.0,907.0,895.0,830.0,883.0,861.0,883.0
264,1155.0,1141.0,1172.0,1177.0,1153.0,1160.0,1167.0,1195.0,1130.0,1197.0,1097.0,1054.0,1130.0,1083.0,1099.0,1071.0,1093.0,1108.0,1124.0,1109.0,1113.0,1134.0,1155.0,1098.0,1126.0,1103.0,1150.0,1098.0,1136.0,1111.0,967.0,1034.0,915.0,949.0,981.0,964.0,1014.0,1012.0,994.0,991.0,887.0,866.0,848.0,872.0,854.0,864.0,845.0,773.0,826.0,826.0,1097.0,1048.0,1088.0,1105.0,1071.0,1155.0,1074.0,1073.0,1066.0,1100.0,955.0,1013.0,969.0,922.0,996.0,935.0,1023.0,965.0,932.0,939.0,875.0,881.0,918.0,890.0,889.0,854.0,824.0,878.0,907.0,853.0,800.0,748.0,728.0,819.0,801.0,785.0,735.0,783.0,778.0,789.0,881.0,886.0,876.0,864.0,818.0,904.0,865.0,882.0,852.0,893.0
265,1186.0,1173.0,1221.0,1181.0,1207.0,1124.0,1166.0,1169.0,1148.0,1167.0,1100.0,1077.0,1054.0,1068.0,1061.0,1105.0,1116.0,1065.0,1070.0,1130.0,1109.0,1130.0,1129.0,1097.0,1139.0,1097.0,1110.0,1076.0,1089.0,1116.0,988.0,951.0,923.0,984.0,984.0,987.0,1006.0,981.0,1048.0,963.0,834.0,867.0,878.0,823.0,872.0,840.0,822.0,865.0,844.0,852.0,1098.0,1043.0,1101.0,1082.0,1070.0,1078.0,1107.0,1090.0,1073.0,1108.0,969.0,1023.0,944.0,1012.0,964.0,970.0,980.0,935.0,938.0,951.0,931.0,867.0,867.0,879.0,836.0,909.0,864.0,917.0,902.0,831.0,726.0,809.0,793.0,759.0,813.0,793.0,780.0,773.0,762.0,797.0,881.0,868.0,891.0,893.0,843.0,896.0,839.0,901.0,874.0,893.0
266,1173.0,1225.0,1139.0,1168.0,1166.0,1126.0,1197.0,1196.0,1142.0,1193.0,1120.0,1101.0,1104.0,1100.0,1046.0,1111.0,1113.0,1052.0,1088.0,1042.0,1119.0,1106.0,1098.0,1083.0,1101.0,1086.0,1144.0,1080.0,1111.0,1182.0,1009.0,966.0,972.0,975.0,978.0,993.0,956.0,999.0,981.0,981.0,873.0,825.0,825.0,842.0,862.0,853.0,861.0,853.0,846.0,844.0,1074.0,1080.0,1094.0,1101.0,1152.0,1106.0,1080.0,1098.0,1070.0,1079.0,908.0,974.0,1031.0,971.0,987.0,943.0,929.0,983.0,990.0,976.0,891.0,862.0,887.0,896.0,852.0,871.0,860.0,870.0,844.0,865.0,735.0,773.0,767.0,763.0,803.0,802.0,825.0,736.0,771.0,760.0,918.0,894.0,885.0,879.0,841.0,912.0,824.0,904.0,908.0,882.0
267,1238.0,1173.0,1143.0,1167.0,1208.0,1193.0,1219.0,1175.0,1177.0,1171.0,1056.0,1155.0,1099.0,1096.0,1074.0,1062.0,1033.0,1076.0,1078.0,1096.0,1134.0,1108.0,1137.0,1110.0,1069.0,1103.0,1136.0,1122.0,1107.0,1125.0,945.0,965.0,981.0,935.0,1000.0,979.0,992.0,985.0,936.0,953.0,871.0,825.0,865.0,850.0,853.0,867.0,882.0,872.0,872.0,811.0,1126.0,1084.0,1061.0,1087.0,1074.0,1090.0,1032.0,1071.0,1083.0,1122.0,952.0,1013.0,986.0,1019.0,990.0,969.0,968.0,979.0,1010.0,932.0,878.0,851.0,897.0,866.0,899.0,899.0,906.0,845.0,852.0,941.0,760.0,746.0,775.0,765.0,755.0,812.0,766.0,810.0,782.0,789.0,855.0,882.0,861.0,883.0,865.0,830.0,855.0,837.0,854.0,863.0
268,1163.0,1206.0,1176.0,1184.0,1181.0,1158.0,1104.0,1204.0,1208.0,1142.0,1109.0,1079.0,1073.0,1098.0,1112.0,1114.0,1136.0,1083.0,1061.0,1130.0,1146.0,1114.0,1105.0,1117.0,1118.0,1128.0,1144.0,1110.0,1103.0,1138.0,981.0,979.0,1028.0,973.0,991.0,973.0,972.0,968.0,959.0,1032.0,816.0,865.0,846.0,847.0,859.0,853.0,825.0,837.0,866.0,822.0,1133.0,1054.0,1066.0,1098.0,1062.0,1067.0,1103.0,1108.0,1061.0,1094.0,931.0,987.0,1010.0,943.0,925.0,966.0,948.0,939.0,1005.0,978.0,866.0,883.0,886.0,866.0,885.0,891.0,899.0,878.0,848.0,891.0,821.0,753.0,763.0,744.0,791.0,762.0,773.0,774.0,768.0,733.0,846.0,882.0,852.0,906.0,864.0,892.0,887.0,867.0,872.0,841.0
269,1163.0,1182.0,1193.0,1158.0,1127.0,1127.0,1168.0,1147.0,1196.0,1169.0,1086.0,1095.0,1096.0,1101.0,1107.0,1086.0,1052.0,1121.0,1110.0,1100.0,1137.0,1148.0,1125.0,1102.0,1098.0,1106.0,1137.0,1066.0,1066.0,1065.0,1004.0,957.0,1007.0,1010.0,964.0,1006.0,1030.0,963.0,959.0,959.0,870.0,842.0,841.0,851.0,911.0,832.0,820.0,861.0,849.0,863.0,1132.0,1092.0,1036.0,1090.0,1128.0,1122.0,1079.0,1110.0,1085.0,1103.0,972.0,961.0,983.0,969.0,924.0,1000.0,993.0,975.0,939.0,957.0,842.0,855.0,872.0,839.0,883.0,902.0,854.0,896.0,849.0,897.0,764.0,787.0,766.0,776.0,812.0,793.0,775.0,758.0,768.0,798.0,839.0,880.0,884.0,881.0,838.0,832.0,883.0,874.0,929.0,895.0
270,1174.0,1181.0,1158.0,1213.0,1211.0,1193.0,1121.0,1156.0,1196.0,1181.0,1109.0,1074.0,1132.0,1096.0,1065.0,1093.0,1092.0,1108.0,1064.0,1108.0,1144.0,1086.0,1069.0,1131.0,1085.0,1120.0,1073.0,1098.0,1123.0,1148.0,996.0,973.0,968.0,967.0,946.0,960.0,971.0,945.0,967.0,1001.0,793.0,854.0,854.0,813.0,907.0,872.0,838.0,885.0,848.0,831.0,1065.0,1077.0,1096.0,1032.0,1082.0,1055.0,1117.0,1066.0,1085.0,1075.0,945.0,996.0,951.0,966.0,963.0,1021.0,984.0,987.0,956.0,991.0,913.0,899.0,886.0,903.0,876.0,874.0,843.0,897.0,885.0,854.0,789.0,825.0,792.0,789.0,783.0,771.0,838.0,750.0,775.0,772.0,881.0,839.0,900.0,864.0,876.0,846.0,921.0,882.0,849.0,842.0
271,1216.0,1177.0,1178.0,1149.0,1193.0,1155.0,1156.0,1161.0,1187.0,1151.0,1101.0,1083.0,1143.0,1114.0,1093.0,1089.0,1094.0,1065.0,1086.0,1094.0,1133.0,1050.0,1097.0,1108.0,1127.0,1124.0,1076.0,1148.0,1067.0,1136.0,945.0,1043.0,993.0,1006.0,984.0,1019.0,983.0,939.0,952.0,964.0,846.0,871.0,821.0,821.0,842.0,869.0,850.0,886.0,873.0,865.0,1093.0,1116.0,1080.0,1089.0,1083.0,1088.0,1082.0,1093.0,1100.0,1071.0,959.0,962.0,948.0,950.0,993.0,1022.0,985.0,986.0,966.0,968.0,854.0,852.0,913.0,836.0,827.0,853.0,891.0,895.0,887.0,893.0,788.0,806.0,777.0,787.0,758.0,721.0,751.0,770.0,772.0,775.0,873.0,845.0,854.0,915.0,890.0,863.0,934.0,831.0,861.0,891.0
272,1165.0,1161.0,1197.0,1119.0,1223.0,1226.0,1214.0,1152.0,1179.0,1126.0,1130.0,1136.0,1137.0,1094.0,1051.0,1077.0,1085.0,1100.0,1083.0,1136.0,1122.0,1115.0,1166.0,1154.0,1148.0,1113.0,1113.0,1102.0,1091.0,1138.0,972.0,951.0,972.0,984.0,997.0,977.0,949.0,960.0,963.0,974.0,851.0,856.0,822.0,832.0,892.0,827.0,891.0,853.0,835.0,879.0,1107.0,1130.0,1079.0,1106.0,1123.0,1084.0,1097.0,1072.0,1100.0,1109.0,971.0,943.0,941.0,988.0,962.0,972.0,1000.0,952.0,998.0,975.0,881.0,832.0,884.0,850.0,867.0,873.0,829.0,908.0,859.0,850.0,722.0,804.0,730.0,735.0,694.0,776.0,760.0,790.0,771.0,763.0,884.0,873.0,868.0,911.0,823.0,875.0,861.0,889.0,871.0,856.0
273,1195.0,1173.0,1156.0,1211.0,1208.0,1166.0,1162.0,1183.0,1137.0,1198.0,1111.0,1105.0,1130.0,1053.0,1093.0,1090.0,1078.0,1086.0,1110.0,1087.0,1128.0,1150.0,1105.0,1131.0,1079.0,1122.0,1099.0,1139.0,1105.0,1066.0,1007.0,993.0,989.0,954.0,955.0,990.0,952.0,947.0,978.0,1044.0,867.0,846.0,835.0,922.0,878.0,822.0,827.0,884.0,857.0,803.0,1065.0,1043.0,1059.0,1053.0,1067.0,1056.0,1133.0,1098.0,1068.0,1081.0,979.0,987.0,978.0,976.0,1004.0,978.0,996.0,955.0,953.0,980.0,850.0,874.0,914.0,864.0,895.0,873.0,938.0,903.0,834.0,928.0,717.0,759.0,776.0,789.0,745.0,805.0,772.0,760.0,786.0,767.0,883.0,869.0,854.0,821.0,855.0,901.0,844.0,822.0,925.0,850.0
274,1174.0,1176.0,1168.0,1223.0,1138.0,1168.0,1150.0,1211.0,1200.0,1162.0,1113.0,1107.0,1079.0,1073.0,1127.0,1124.0,1129.0,1035.0,1099.0,1094.0,1129.0,1125.0,1141.0,1147.0,1142.0,1198.0,1096.0,1126.0,1094.0,1104.0,947.0,1016.0,1016.0,975.0,965.0,924.0,923.0,958.0,882.0,1006.0,876.0,839.0,838.0,860.0,817.0,819.0,853.0,864.0,854.0,872.0,1065.0,1089.0,1094.0,1041.0,1127.0,1093.0,1108.0,1085.0,1070.0,1095.0,997.0,955.0,995.0,969.0,910.0,995.0,1026.0,953.0,1011.0,939.0,841.0,833.0,844.0,894.0,868.0,865.0,863.0,890.0,907.0,865.0,776.0,785.0,767.0,715.0,787.0,755.0,761.0,787.0,768.0,820.0,887.0,873.0,854.0,873.0,897.0,855.0,892.0,867.0,866.0,851.0
275,1197.0,1180.0,1174.0,1207.0,1142.0,1180.0,1188.0,1169.0,1162.0,1205.0,1071.0,1119.0,1080.0,1128.0,1142.0,1090.0,1051.0,1107.0,1094.0,1098.0,1073.0,1156.0,1087.0,1168.0,1092.0,1147.0,1115.0,1082.0,1076.0,1127.0,992.0,973.0,961.0,921.0,963.0,948.0,989.0,972.0,951.0,962.0,835.0,893.0,896.0,809.0,852.0,825.0,907.0,836.0,856.0,842.0,1105.0,1080.0,1109.0,1047.0,1076.0,1082.0,1087.0,1063.0,1124.0,1072.0,1001.0,938.0,997.0,984.0,980.0,958.0,979.0,958.0,977.0,936.0,838.0,816.0,888.0,833.0,870.0,899.0,853.0,890.0,882.0,864.0,793.0,756.0,800.0,789.0,797.0,824.0,780.0,785.0,750.0,792.0,902.0,883.0,805.0,879.0,867.0,843.0,852.0,916.0,878.0,911.0
276,1182.0,1201.0,1180.0,1197.0,1172.0,1174.0,1208.0,1198.0,1159.0,1195.0,1109.0,1070.0,1080.0,1088.0,1137.0,1070.0,1083.0,1103.0,1065.0,1086.0,1049.0,1129.0,1126.0,1120.0,1096.0,1105.0,1168.0,1130.0,1109.0,1126.0,993.0,1013.0,969.0,977.0,1008.0,995.0,931.0,948.0,962.0,971.0,889.0,853.0,819.0,887.0,804.0,892.0,860.0,847.0,863.0,855.0,1086.0,1059.0,1135.0,1044.0,1094.0,1071.0,1078.0,1073.0,1061.0,1080.0,955.0,980.0,978.0,946.0,965.0,958.0,992.0,981.0,965.0,957.0,896.0,871.0,855.0,877.0,891.0,868.0,882.0,872.0,880.0,886.0,805.0,750.0,775.0,779.0,788.0,792.0,729.0,779.0,769.0,779.0,847.0,867.0,876.0,851.0,824.0,876.0,866.0,845.0,921.0,874.0
277,1137.0,1174.0,1168.0,1174.0,1185.0,1197.0,1174.0,1165.0,1160.0,1196.0,1062.0,1048.0,1082.0,1041.0,1067.0,1113.0,1100.0,1130.0,1076.0,1101.0,1163.0,1119.0,1149.0,1171.0,1100.0,1116.0,1115.0,1160.0,1116.0,1125.0,974.0,977.0,983.0,996.0,1022.0,937.0,1036.0,955.0,984.0,970.0,835.0,846.0,849.0,866.0,851.0,834.0,819.0,873.0,825.0,866.0,1095.0,1116.0,1082.0,1092.0,1092.0,1106.0,1005.0,1048.0,1074.0,1089.0,958.0,957.0,956.0,946.0,955.0,1003.0,1001.0,949.0,971.0,955.0,901.0,848.0,861.0,882.0,860.0,853.0,853.0,887.0,882.0,904.0,779.0,808.0,787.0,740.0,790.0,780.0,765.0,754.0,758.0,778.0,910.0,904.0,877.0,855.0,858.0,858.0,932.0,853.0,908.0,824.0
278,1158.0,1118.0,1169.0,1145.0,1189.0,1164.0,1174.0,1187.0,1185.0,1168.0,1127.0,1129.0,1109.0,1082.0,1103.0,1082.0,1111.0,1094.0,1042.0,1110.0,1109.0,1151.0,1124.0,1074.0,1113.0,1077.0,1168.0,1126.0,1114.0,1152.0,994.0,988.0,967.0,1012.0,991.0,978.0,981.0,954.0,991.0,987.0,859.0,794.0,878.0,907.0,848.0,847.0,858.0,870.0,821.0,822.0,1090.0,1064.0,1101.0,1056.0,1044.0,1142.0,1057.0,1081.0,1107.0,1084.0,957.0,1013.0,979.0,979.0,958.0,1014.0,975.0,983.0,959.0,955.0,830.0,821.0,862.0,829.0,888.0,869.0,888.0,877.0,881.0,871.0,816.0,813.0,772.0,814.0,776.0,785.0,752.0,761.0,760.0,780.0,874.0,904.0,833.0,872.0,872.0,840.0,833.0,840.0,892.0,878.0
279,1220.0,1145.0,1198.0,1231.0,1163.0,1185.0,1184.0,1176.0,1140.0,1162.0,1091.0,1114.0,1072.0,1050.0,1106.0,1058.0,1102.0,1093.0,1073.0,1116.0,1091.0,1180.0,1058.0,1116.0,1098.0,1138.0,1097.0,1178.0,1122.0,1117.0,968.0,1005.0,969.0,953.0,1009.0,958.0,1015.0,969.0,991.0,973.0,834.0,843.0,839.0,905.0,834.0,824.0,868.0,865.0,850.0,873.0,1086.0,1040.0,1106.0,1085.0,1060.0,1096.0,1110.0,1045.0,1099.0,1067.0,949.0,916.0,987.0,950.0,985.0,1018.0,911.0,976.0,956.0,989.0,880.0,854.0,908.0,820.0,868.0,880.0,926.0,878.0,841.0,868.0,810.0,812.0,801.0,760.0,788.0,807.0,731.0,748.0,793.0,768.0,886.0,887.0,858.0,898.0,875.0,833.0,852.0,841.0,888.0,874.0
280,1211.0,1156.0,1131.0,1146.0,1155.0,1151.0,1187.0,1129.0,1130.0,1143.0,1116.0,1058.0,1096.0,1072.0,1084.0,1065.0,1115.0,1099.0,1093.0,1101.0,1117.0,1177.0,1086.0,1105.0,1131.0,1099.0,1123.0,1126.0,1120.0,1109.0,976.0,989.0,948.0,966.0,958.0,986.0,972.0,958.0,985.0,1000.0,838.0,844.0,868.0,864.0,848.0,864.0,880.0,857.0,853.0,850.0,1042.0,1057.0,1099.0,1111.0,1098.0,1079.0,1104.0,1053.0,1102.0,1057.0,988.0,958.0,987.0,957.0,952.0,973.0,959.0,1018.0,957.0,996.0,861.0,882.0,881.0,913.0,878.0,903.0,828.0,872.0,843.0,876.0,758.0,768.0,804.0,768.0,855.0,756.0,745.0,777.0,785.0,789.0,906.0,906.0,902.0,870.0,829.0,926.0,881.0,883.0,887.0,892.0
281,1130.0,1220.0,1207.0,1123.0,1182.0,1146.0,1180.0,1143.0,1137.0,1135.0,1112.0,1069.0,1043.0,1100.0,1082.0,1111.0,1139.0,1104.0,1080.0,1126.0,1121.0,1126.0,1170.0,1063.0,1100.0,1116.0,1082.0,1177.0,1083.0,1130.0,1032.0,978.0,1011.0,952.0,1016.0,970.0,972.0,984.0,1004.0,959.0,864.0,834.0,870.0,886.0,832.0,841.0,850.0,853.0,825.0,846.0,1095.0,1088.0,1039.0,1118.0,1069.0,1096.0,1044.0,1063.0,1088.0,1068.0,977.0,904.0,991.0,939.0,1004.0,1003.0,952.0,965.0,976.0,985.0,816.0,891.0,869.0,911.0,860.0,880.0,883.0,852.0,867.0,847.0,777.0,825.0,754.0,805.0,791.0,780.0,791.0,763.0,793.0,784.0,888.0,859.0,845.0,882.0,853.0,858.0,905.0,865.0,906.0,935.0
282,1193.0,1203.0,1208.0,1184.0,1167.0,1148.0,1177.0,1195.0,1116.0,1199.0,1074.0,1120.0,1079.0,1117.0,1129.0,1084.0,1080.0,1076.0,1123.0,1083.0,1156.0,1115.0,1084.0,1127.0,1112.0,1129.0,1099.0,1131.0,1110.0,1119.0,961.0,960.0,964.0,945.0,974.0,955.0,1003.0,957.0,950.0,956.0,861.0,850.0,867.0,846.0,852.0,879.0,838.0,863.0,838.0,829.0,1095.0,1061.0,1104.0,1090.0,1037.0,1042.0,1133.0,1112.0,1126.0,1102.0,939.0,997.0,1026.0,938.0,948.0,1014.0,979.0,933.0,960.0,959.0,889.0,865.0,856.0,854.0,885.0,895.0,848.0,834.0,898.0,901.0,785.0,763.0,768.0,756.0,798.0,746.0,789.0,775.0,761.0,723.0,856.0,858.0,842.0,918.0,889.0,911.0,852.0,892.0,877.0,940.0
283,1156.0,1189.0,1199.0,1196.0,1148.0,1172.0,1255.0,1165.0,1143.0,1169.0,1025.0,1128.0,1107.0,1048.0,1091.0,1057.0,1070.0,1168.0,1103.0,1129.0,1114.0,1142.0,1110.0,1135.0,1096.0,1152.0,1142.0,1057.0,1103.0,1136.0,968.0,958.0,967.0,972.0,953.0,959.0,941.0,981.0,948.0,1007.0,868.0,841.0,902.0,863.0,898.0,865.0,810.0,850.0,867.0,762.0,1080.0,1053.0,1049.0,1114.0,1070.0,1115.0,1038.0,1082.0,1103.0,1087.0,1028.0,964.0,959.0,917.0,1017.0,968.0,950.0,935.0,1002.0,978.0,913.0,844.0,822.0,851.0,893.0,925.0,912.0,909.0,876.0,932.0,793.0,761.0,800.0,784.0,743.0,720.0,800.0,748.0,785.0,754.0,870.0,910.0,884.0,893.0,885.0,868.0,877.0,875.0,828.0,852.0
284,1142.0,1191.0,1157.0,1185.0,1169.0,1170.0,1200.0,1145.0,1156.0,1162.0,1048.0,1104.0,1104.0,1073.0,1077.0,1109.0,1092.0,1084.0,1057.0,1116.0,1112.0,1111.0,1058.0,1084.0,1116.0,1122.0,1090.0,1068.0,1088.0,1073.0,1006.0,1023.0,988.0,978.0,990.0,953.0,1038.0,952.0,976.0,989.0,827.0,823.0,896.0,837.0,890.0,887.0,829.0,873.0,887.0,855.0,1095.0,1084.0,1057.0,1091.0,1075.0,1072.0,1074.0,1069.0,1066.0,1069.0,990.0,992.0,961.0,987.0,984.0,1013.0,981.0,992.0,945.0,967.0,868.0,870.0,900.0,913.0,854.0,812.0,829.0,934.0,881.0,915.0,822.0,756.0,804.0,734.0,777.0,787.0,777.0,762.0,818.0,788.0,909.0,834.0,880.0,891.0,864.0,876.0,883.0,898.0,888.0,876.0
285,1222.0,1139.0,1173.0,1172.0,1121.0,1215.0,1180.0,1179.0,1153.0,1182.0,1118.0,1122.0,1108.0,1085.0,1128.0,1041.0,1102.0,1025.0,1084.0,1127.0,1150.0,1088.0,1040.0,1115.0,1123.0,1124.0,1128.0,1169.0,1100.0,1073.0,962.0,990.0,949.0,972.0,994.0,958.0,986.0,1004.0,972.0,994.0,817.0,861.0,852.0,798.0,832.0,867.0,810.0,849.0,835.0,868.0,1049.0,1095.0,1089.0,1100.0,1082.0,1101.0,1092.0,1088.0,1054.0,1068.0,970.0,939.0,1004.0,987.0,966.0,955.0,988.0,949.0,1048.0,988.0,850.0,876.0,925.0,915.0,875.0,870.0,881.0,857.0,855.0,872.0,798.0,822.0,804.0,767.0,781.0,788.0,771.0,781.0,767.0,788.0,877.0,861.0,866.0,860.0,895.0,880.0,855.0,875.0,894.0,850.0
286,1154.0,1186.0,1218.0,1171.0,1145.0,1188.0,1161.0,1195.0,1157.0,1145.0,1096.0,1079.0,1072.0,1098.0,1073.0,1083.0,1145.0,1115.0,1130.0,1109.0,1116.0,1102.0,1159.0,1119.0,1116.0,1102.0,1204.0,1091.0,1086.0,1166.0,983.0,977.0,988.0,968.0,1037.0,966.0,952.0,948.0,960.0,899.0,864.0,865.0,814.0,830.0,840.0,843.0,814.0,864.0,859.0,869.0,1109.0,1074.0,1062.0,1042.0,1045.0,1109.0,1040.0,1091.0,1066.0,1091.0,973.0,1005.0,1002.0,1002.0,993.0,992.0,912.0,965.0,961.0,978.0,863.0,875.0,819.0,883.0,905.0,840.0,881.0,855.0,908.0,876.0,789.0,752.0,751.0,783.0,756.0,802.0,790.0,763.0,754.0,786.0,868.0,880.0,919.0,876.0,889.0,873.0,891.0,886.0,882.0,891.0
287,1185.0,1181.0,1180.0,1183.0,1196.0,1161.0,1222.0,1206.0,1177.0,1207.0,1130.0,1114.0,1052.0,1044.0,1091.0,1102.0,1091.0,1110.0,1130.0,1095.0,1130.0,1090.0,1134.0,1112.0,1099.0,1060.0,1063.0,1126.0,1122.0,1119.0,949.0,956.0,950.0,976.0,971.0,947.0,949.0,967.0,931.0,966.0,828.0,851.0,824.0,852.0,918.0,857.0,871.0,807.0,866.0,859.0,1084.0,1039.0,1107.0,1102.0,1097.0,1047.0,1048.0,1084.0,1067.0,1143.0,997.0,1034.0,940.0,985.0,942.0,1025.0,1005.0,1008.0,1004.0,968.0,870.0,880.0,927.0,867.0,841.0,842.0,870.0,875.0,812.0,816.0,783.0,774.0,793.0,771.0,776.0,833.0,794.0,719.0,764.0,762.0,855.0,879.0,899.0,879.0,867.0,928.0,880.0,864.0,886.0,869.0
288,1156.0,1200.0,1173.0,1217.0,1191.0,1241.0,1230.0,1188.0,1227.0,1216.0,1126.0,1072.0,1040.0,1088.0,1070.0,1099.0,1064.0,1080.0,1115.0,1039.0,1152.0,1145.0,1126.0,1105.0,1088.0,1073.0,1129.0,1099.0,1141.0,1102.0,925.0,953.0,978.0,987.0,959.0,967.0,976.0,954.0,962.0,960.0,874.0,869.0,863.0,856.0,880.0,804.0,885.0,871.0,858.0,874.0,1073.0,1125.0,1090.0,1026.0,1100.0,1074.0,1059.0,1050.0,1066.0,1098.0,983.0,979.0,996.0,996.0,999.0,994.0,926.0,996.0,932.0,971.0,870.0,843.0,894.0,854.0,901.0,891.0,862.0,865.0,826.0,893.0,787.0,767.0,774.0,809.0,770.0,762.0,777.0,806.0,777.0,756.0,865.0,840.0,874.0,833.0,839.0,894.0,885.0,861.0,848.0,895.0
289,1179.0,1190.0,1178.0,1177.0,1146.0,1183.0,1191.0,1170.0,1109.0,1162.0,1054.0,1069.0,1064.0,1086.0,1085.0,1115.0,1099.0,1109.0,1110.0,1092.0,1098.0,1120.0,1090.0,1166.0,1115.0,1063.0,1103.0,1144.0,1112.0,1098.0,983.0,987.0,971.0,966.0,1017.0,969.0,984.0,965.0,1021.0,919.0,864.0,892.0,859.0,851.0,846.0,830.0,861.0,830.0,841.0,899.0,1093.0,1111.0,1108.0,1071.0,1120.0,1142.0,1089.0,1045.0,1120.0,1090.0,989.0,942.0,1012.0,952.0,955.0,939.0,987.0,1010.0,938.0,965.0,894.0,872.0,880.0,857.0,856.0,884.0,874.0,877.0,840.0,893.0,796.0,777.0,772.0,764.0,751.0,820.0,761.0,788.0,798.0,800.0,866.0,833.0,875.0,878.0,906.0,853.0,844.0,833.0,864.0,890.0
290,1161.0,1187.0,1177.0,1158.0,1202.0,1162.0,1122.0,1184.0,1162.0,1148.0,1065.0,1094.0,1051.0,1052.0,1130.0,1102.0,1075.0,1062.0,1081.0,1150.0,1174.0,1112.0,1115.0,1120.0,1069.0,1165.0,1122.0,1098.0,1182.0,1149.0,1012.0,948.0,947.0,954.0,958.0,968.0,1013.0,1003.0,926.0,935.0,875.0,856.0,902.0,847.0,827.0,795.0,835.0,875.0,863.0,858.0,1076.0,1055.0,1093.0,1071.0,1110.0,1153.0,1103.0,1068.0,1066.0,1065.0,962.0,972.0,1015.0,979.0,994.0,977.0,984.0,973.0,972.0,1001.0,875.0,925.0,868.0,901.0,878.0,857.0,893.0,882.0,874.0,874.0,734.0,790.0,762.0,809.0,727.0,760.0,720.0,779.0,746.0,738.0,881.0,857.0,880.0,883.0,897.0,851.0,927.0,850.0,876.0,887.0
291,1189.0,1168.0,1189.0,1162.0,1211.0,1167.0,1190.0,1187.0,1151.0,1154.0,1077.0,1067.0,1095.0,1124.0,1166.0,1072.0,1075.0,1118.0,1099.0,1118.0,1073.0,1104.0,1102.0,1099.0,1134.0,1112.0,1123.0,1086.0,1125.0,1133.0,1011.0,983.0,942.0,997.0,960.0,937.0,976.0,945.0,1001.0,939.0,833.0,828.0,812.0,866.0,809.0,861.0,868.0,892.0,875.0,877.0,1080.0,1113.0,1103.0,1061.0,1039.0,1100.0,1065.0,1093.0,1070.0,1101.0,1039.0,942.0,1008.0,979.0,995.0,1006.0,990.0,999.0,935.0,1002.0,858.0,916.0,872.0,852.0,846.0,881.0,856.0,823.0,869.0,837.0,766.0,822.0,775.0,775.0,755.0,774.0,815.0,768.0,774.0,766.0,890.0,856.0,909.0,859.0,867.0,882.0,837.0,861.0,848.0,878.0
292,1158.0,1239.0,1205.0,1172.0,1208.0,1177.0,1190.0,1225.0,1150.0,1156.0,1091.0,1101.0,1135.0,1085.0,1092.0,1124.0,1105.0,1079.0,1055.0,1126.0,1140.0,1127.0,1109.0,1093.0,1100.0,1073.0,1108.0,1079.0,1123.0,1135.0,970.0,987.0,978.0,942.0,946.0,980.0,988.0,969.0,931.0,1020.0,873.0,818.0,859.0,896.0,802.0,882.0,880.0,866.0,881.0,851.0,1071.0,1052.0,1107.0,1068.0,1068.0,1079.0,1077.0,1031.0,1081.0,1079.0,1001.0,970.0,980.0,1008.0,995.0,945.0,994.0,964.0,1008.0,998.0,886.0,847.0,811.0,883.0,880.0,904.0,834.0,927.0,910.0,846.0,778.0,750.0,778.0,776.0,792.0,771.0,756.0,776.0,793.0,774.0,849.0,904.0,839.0,853.0,899.0,860.0,863.0,856.0,819.0,818.0
293,1166.0,1186.0,1180.0,1200.0,1183.0,1204.0,1210.0,1182.0,1204.0,1180.0,1100.0,1129.0,1069.0,1078.0,1078.0,1095.0,1103.0,1143.0,1058.0,1117.0,1088.0,1082.0,1122.0,1121.0,1177.0,1106.0,1102.0,1131.0,1110.0,1116.0,997.0,1023.0,966.0,962.0,939.0,976.0,960.0,1007.0,961.0,986.0,864.0,852.0,825.0,852.0,813.0,855.0,888.0,850.0,813.0,848.0,1109.0,1092.0,1125.0,1091.0,1136.0,1091.0,1055.0,1084.0,1104.0,1071.0,970.0,945.0,979.0,959.0,935.0,978.0,957.0,971.0,999.0,1003.0,883.0,853.0,863.0,885.0,857.0,839.0,860.0,791.0,875.0,881.0,783.0,755.0,783.0,801.0,769.0,795.0,750.0,745.0,782.0,746.0,857.0,876.0,887.0,826.0,890.0,853.0,910.0,862.0,843.0,855.0
294,1166.0,1173.0,1191.0,1208.0,1185.0,1202.0,1149.0,1195.0,1197.0,1213.0,1105.0,1126.0,1094.0,1112.0,1077.0,1111.0,1098.0,1117.0,1077.0,1056.0,1068.0,1118.0,1079.0,1139.0,1106.0,1078.0,1179.0,1125.0,1078.0,1118.0,993.0,980.0,920.0,996.0,946.0,995.0,992.0,953.0,970.0,990.0,865.0,862.0,862.0,822.0,870.0,892.0,862.0,890.0,826.0,860.0,1093.0,1097.0,1123.0,1045.0,1115.0,1063.0,1123.0,1072.0,1040.0,1094.0,1010.0,927.0,953.0,946.0,979.0,1012.0,959.0,937.0,963.0,959.0,841.0,831.0,864.0,883.0,846.0,849.0,843.0,833.0,865.0,873.0,803.0,805.0,818.0,784.0,760.0,731.0,766.0,796.0,839.0,809.0,876.0,874.0,897.0,836.0,892.0,860.0,819.0,847.0,899.0,832.0
295,1222.0,1154.0,1170.0,1229.0,1130.0,1131.0,1238.0,1165.0,1156.0,1207.0,1094.0,1077.0,1111.0,1074.0,1087.0,1055.0,1070.0,1084.0,1093.0,1081.0,1163.0,1120.0,1093.0,1122.0,1108.0,1139.0,1108.0,1098.0,1128.0,1169.0,977.0,997.0,1007.0,982.0,990.0,1019.0,967.0,962.0,971.0,970.0,846.0,819.0,839.0,831.0,830.0,871.0,868.0,870.0,827.0,861.0,1068.0,1130.0,1094.0,1057.0,1107.0,1092.0,1084.0,1094.0,1095.0,1027.0,996.0,975.0,1000.0,977.0,993.0,962.0,914.0,968.0,954.0,953.0,850.0,837.0,844.0,901.0,886.0,912.0,890.0,868.0,899.0,866.0,746.0,779.0,755.0,737.0,777.0,781.0,771.0,784.0,795.0,755.0,851.0,905.0,888.0,857.0,870.0,835.0,880.0,876.0,836.0,913.0
296,1156.0,1134.0,1174.0,1238.0,1190.0,1213.0,1184.0,1219.0,1168.0,1231.0,1075.0,1082.0,1108.0,1082.0,1106.0,1101.0,1130.0,1049.0,1069.0,1107.0,1116.0,1119.0,1083.0,1091.0,1127.0,1060.0,1079.0,1101.0,1087.0,1164.0,991.0,1005.0,954.0,982.0,958.0,1002.0,969.0,950.0,962.0,949.0,839.0,834.0,836.0,844.0,861.0,830.0,882.0,879.0,848.0,791.0,1099.0,1076.0,1119.0,1053.0,1124.0,1077.0,1072.0,1087.0,1111.0,1044.0,988.0,941.0,947.0,969.0,929.0,971.0,947.0,948.0,999.0,985.0,898.0,878.0,922.0,901.0,866.0,904.0,894.0,867.0,842.0,859.0,756.0,819.0,783.0,772.0,747.0,776.0,776.0,790.0,778.0,743.0,897.0,912.0,878.0,835.0,865.0,864.0,857.0,878.0,892.0,923.0
297,1173.0,1134.0,1175.0,1164.0,1178.0,1215.0,1151.0,1201.0,1175.0,1239.0,1108.0,1094.0,1114.0,1079.0,1109.0,1100.0,1137.0,1083.0,1095.0,1096.0,1079.0,1145.0,1073.0,1141.0,1077.0,1128.0,1104.0,1065.0,1123.0,1103.0,957.0,963.0,996.0,991.0,986.0,958.0,999.0,948.0,960.0,977.0,899.0,851.0,854.0,822.0,872.0,816.0,886.0,921.0,844.0,776.0,1095.0,1074.0,1090.0,1039.0,1076.0,1094.0,1070.0,1121.0,1062.0,1095.0,970.0,1021.0,958.0,955.0,958.0,972.0,954.0,960.0,1009.0,957.0,868.0,860.0,908.0,907.0,913.0,869.0,875.0,855.0,887.0,913.0,788.0,758.0,790.0,827.0,751.0,762.0,788.0,752.0,755.0,771.0,881.0,902.0,848.0,845.0,854.0,879.0,828.0,861.0,845.0,864.0
298,1213.0,1142.0,1169.0,1174.0,1179.0,1197.0,1163.0,1218.0,1205.0,1213.0,1057.0,1083.0,1080.0,1091.0,1052.0,1097.0,1086.0,1048.0,1104.0,1049.0,1130.0,1148.0,1146.0,1165.0,1090.0,1122.0,1115.0,1106.0,1096.0,1140.0,998.0,952.0,1002.0,1025.0,996.0,977.0,993.0,980.0,1010.0,964.0,859.0,831.0,815.0,819.0,867.0,811.0,872.0,869.0,829.0,829.0,1135.0,1113.0,1048.0,1078.0,1100.0,1079.0,1087.0,1087.0,1059.0,1108.0,969.0,1024.0,976.0,972.0,995.0,988.0,990.0,988.0,982.0,977.0,847.0,861.0,874.0,830.0,881.0,883.0,846.0,846.0,849.0,890.0,736.0,757.0,778.0,734.0,757.0,775.0,784.0,757.0,753.0,765.0,867.0,890.0,918.0,877.0,858.0,863.0,857.0,866.0,862.0,855.0
299,1229.0,1210.0,1206.0,1154.0,1175.0,1137.0,1165.0,1160.0,1202.0,1129.0,1106.0,1119.0,1094.0,1105.0,1106.0,1067.0,1092.0,1097.0,1133.0,1057.0,1091.0,1112.0,1139.0,1143.0,1068.0,1142.0,1146.0,1076.0,1104.0,1127.0,978.0,926.0,957.0,1004.0,996.0,974.0,978.0,986.0,992.0,963.0,855.0,858.0,861.0,867.0,798.0,868.0,838.0,820.0,842.0,856.0,1137.0,1050.0,1077.0,1067.0,1100.0,1083.0,1054.0,1058.0,1036.0,1116.0,915.0,960.0,948.0,953.0,1015.0,998.0,981.0,950.0,984.0,945.0,873.0,886.0,831.0,876.0,870.0,901.0,858.0,917.0,827.0,900.0,746.0,770.0,802.0,759.0,769.0,786.0,799.0,810.0,738.0,822.0,876.0,910.0,891.0,837.0,877.0,839.0,885.0,896.0,886.0,882.0
300,1203.0,1203.0,1201.0,1161.0,1170.0,1166.0,1171.0,1201.0,1189.0,1198.0,1097.0,1138.0,1080.0,1108.0,1088.0,1062.0,1119.0,1088.0,1117.0,1083.0,1164.0,1103.0,1161.0,1105.0,1124.0,1118.0,1151.0,1119.0,1129.0,1121.0,985.0,984.0,981.0,965.0,942.0,959.0,964.0,996.0,972.0,992.0,801.0,851.0,825.0,863.0,894.0,854.0,839.0,832.0,860.0,837.0,1114.0,1077.0,1058.0,1077.0,1080.0,1096.0,1096.0,1076.0,1054.0,1022.0,985.0,998.0,968.0,952.0,998.0,991.0,988.0,1018.0,948.0,969.0,860.0,880.0,894.0,846.0,844.0,891.0,869.0,826.0,872.0,896.0,760.0,743.0,733.0,774.0,823.0,788.0,773.0,765.0,758.0,792.0,829.0,819.0,900.0,917.0,813.0,873.0,824.0,845.0,843.0,892.0
301,1187.0,1188.0,1157.0,1200.0,1172.0,1148.0,1166.0,1195.0,1198.0,1178.0,1038.0,1125.0,1139.0,1103.0,1074.0,1079.0,1104.0,1105.0,1042.0,1117.0,1106.0,1132.0,1098.0,1107.0,1127.0,1106.0,1085.0,1114.0,1173.0,1123.0,994.0,975.0,999.0,983.0,983.0,957.0,943.0,978.0,931.0,1061.0,791.0,917.0,866.0,860.0,878.0,862.0,848.0,848.0,837.0,918.0,1098.0,1075.0,1085.0,1058.0,1097.0,1080.0,1107.0,1072.0,1058.0,1081.0,1011.0,985.0,948.0,936.0,1019.0,1030.0,961.0,983.0,941.0,892.0,885.0,790.0,880.0,912.0,844.0,902.0,900.0,850.0,856.0,886.0,805.0,743.0,756.0,727.0,772.0,781.0,788.0,766.0,803.0,721.0,886.0,862.0,874.0,882.0,810.0,858.0,896.0,854.0,904.0,821.0
302,1172.0,1192.0,1149.0,1160.0,1160.0,1131.0,1194.0,1213.0,1188.0,1179.0,1074.0,1080.0,1111.0,1093.0,1097.0,1081.0,1118.0,1095.0,984.0,1061.0,1089.0,1129.0,1109.0,1109.0,1127.0,1120.0,1104.0,1105.0,1123.0,1166.0,1009.0,973.0,988.0,970.0,918.0,978.0,978.0,976.0,975.0,1012.0,841.0,797.0,851.0,859.0,867.0,884.0,843.0,796.0,837.0,923.0,1107.0,1095.0,1114.0,1071.0,1092.0,1095.0,1056.0,1071.0,1125.0,1068.0,958.0,991.0,935.0,989.0,988.0,989.0,923.0,913.0,953.0,970.0,896.0,826.0,888.0,896.0,859.0,852.0,892.0,908.0,906.0,845.0,774.0,781.0,790.0,794.0,751.0,806.0,797.0,817.0,769.0,759.0,883.0,926.0,869.0,829.0,918.0,871.0,895.0,871.0,882.0,813.0
303,1156.0,1177.0,1196.0,1195.0,1163.0,1155.0,1228.0,1201.0,1175.0,1187.0,1085.0,1108.0,1158.0,1076.0,1126.0,1064.0,1130.0,1071.0,1097.0,1064.0,1105.0,1119.0,1139.0,1130.0,1071.0,1122.0,1086.0,1086.0,1043.0,1127.0,1021.0,927.0,944.0,973.0,968.0,984.0,992.0,1013.0,985.0,969.0,826.0,825.0,866.0,860.0,878.0,861.0,840.0,849.0,804.0,847.0,1097.0,1098.0,1046.0,1057.0,1083.0,1095.0,1045.0,1101.0,1062.0,1061.0,974.0,998.0,961.0,988.0,1012.0,1010.0,932.0,929.0,1057.0,968.0,863.0,822.0,889.0,854.0,859.0,853.0,902.0,850.0,877.0,892.0,754.0,797.0,751.0,782.0,748.0,778.0,734.0,751.0,775.0,809.0,923.0,918.0,851.0,856.0,870.0,885.0,908.0,913.0,867.0,878.0
304,1175.0,1174.0,1192.0,1188.0,1196.0,1160.0,1184.0,1165.0,1181.0,1176.0,1073.0,1086.0,1115.0,1142.0,1088.0,1127.0,1143.0,1140.0,1053.0,1081.0,1074.0,1148.0,1138.0,1100.0,1100.0,1095.0,1094.0,1065.0,1112.0,1083.0,1023.0,989.0,974.0,945.0,969.0,996.0,1007.0,963.0,984.0,960.0,830.0,866.0,859.0,837.0,885.0,844.0,825.0,818.0,889.0,810.0,1033.0,1101.0,1048.0,1073.0,1080.0,1120.0,1112.0,1118.0,1030.0,1113.0,989.0,969.0,953.0,958.0,980.0,992.0,1021.0,959.0,1033.0,988.0,907.0,854.0,881.0,862.0,838.0,855.0,847.0,916.0,842.0,880.0,810.0,773.0,786.0,823.0,768.0,765.0,741.0,771.0,768.0,824.0,895.0,827.0,855.0,842.0,875.0,850.0,816.0,850.0,851.0,890.0
305,1165.0,1155.0,1212.0,1131.0,1201.0,1210.0,1180.0,1229.0,1180.0,1189.0,1108.0,1086.0,1080.0,1109.0,1101.0,1096.0,1084.0,1126.0,1099.0,1089.0,1111.0,1108.0,1141.0,1130.0,1125.0,1115.0,1089.0,1084.0,1140.0,1108.0,965.0,958.0,1007.0,943.0,993.0,985.0,1008.0,969.0,963.0,993.0,868.0,851.0,857.0,922.0,831.0,819.0,847.0,799.0,854.0,828.0,1076.0,1086.0,1058.0,1091.0,1092.0,1078.0,1059.0,1038.0,1112.0,1097.0,991.0,971.0,962.0,959.0,971.0,958.0,977.0,991.0,1000.0,998.0,837.0,877.0,842.0,846.0,849.0,885.0,862.0,857.0,836.0,878.0,808.0,802.0,776.0,763.0,763.0,760.0,824.0,762.0,747.0,798.0,883.0,900.0,862.0,879.0,850.0,895.0,865.0,906.0,806.0,826.0
306,1172.0,1207.0,1140.0,1160.0,1127.0,1177.0,1151.0,1218.0,1165.0,1214.0,1158.0,1069.0,1099.0,1132.0,1093.0,1126.0,1093.0,1118.0,1073.0,1068.0,1114.0,1122.0,1101.0,1114.0,1123.0,1129.0,1089.0,1099.0,1050.0,1084.0,995.0,948.0,1010.0,975.0,981.0,952.0,965.0,952.0,950.0,979.0,850.0,827.0,864.0,902.0,862.0,851.0,876.0,859.0,848.0,865.0,1044.0,1129.0,1081.0,1067.0,1122.0,1098.0,1108.0,1080.0,1106.0,1065.0,988.0,1011.0,986.0,923.0,940.0,968.0,983.0,934.0,969.0,988.0,861.0,850.0,863.0,864.0,865.0,864.0,889.0,888.0,896.0,876.0,768.0,747.0,764.0,761.0,803.0,770.0,747.0,744.0,790.0,789.0,861.0,880.0,893.0,877.0,862.0,865.0,897.0,868.0,895.0,879.0
307,1199.0,1171.0,1193.0,1168.0,1215.0,1179.0,1182.0,1183.0,1193.0,1181.0,1083.0,1150.0,1094.0,1092.0,1103.0,1090.0,1091.0,1100.0,1052.0,1101.0,1097.0,1129.0,1122.0,1106.0,1097.0,1134.0,1080.0,1110.0,1156.0,1121.0,1007.0,972.0,947.0,970.0,954.0,939.0,950.0,993.0,987.0,952.0,826.0,874.0,860.0,842.0,828.0,853.0,834.0,872.0,813.0,833.0,1111.0,1101.0,1067.0,1086.0,1088.0,1115.0,1132.0,1117.0,1044.0,1053.0,954.0,910.0,991.0,975.0,962.0,952.0,1015.0,936.0,984.0,963.0,872.0,873.0,870.0,886.0,874.0,850.0,862.0,827.0,885.0,879.0,757.0,797.0,785.0,802.0,802.0,793.0,792.0,769.0,726.0,845.0,903.0,809.0,871.0,850.0,854.0,893.0,859.0,851.0,899.0,882.0
308,1181.0,1211.0,1174.0,1155.0,1190.0,1192.0,1198.0,1162.0,1136.0,1185.0,1124.0,1113.0,1111.0,1126.0,1023.0,1149.0,1122.0,1052.0,1125.0,1099.0,1097.0,1164.0,1136.0,1102.0,1083.0,1060.0,1083.0,1125.0,1114.0,1130.0,975.0,1003.0,971.0,986.0,974.0,977.0,991.0,919.0,989.0,1003.0,811.0,874.0,824.0,851.0,850.0,856.0,840.0,865.0,821.0,855.0,1080.0,1035.0,1056.0,1085.0,1116.0,1045.0,1094.0,1121.0,1055.0,1041.0,989.0,949.0,948.0,986.0,974.0,950.0,987.0,971.0,971.0,971.0,893.0,859.0,841.0,851.0,924.0,869.0,868.0,923.0,887.0,888.0,785.0,728.0,828.0,791.0,759.0,793.0,778.0,774.0,762.0,767.0,874.0,845.0,911.0,842.0,888.0,908.0,834.0,849.0,880.0,871.0
309,1184.0,1186.0,1142.0,1140.0,1198.0,1178.0,1154.0,1121.0,1180.0,1153.0,1149.0,1100.0,1105.0,1112.0,1094.0,1068.0,1090.0,1093.0,1107.0,1066.0,1067.0,1099.0,1168.0,1084.0,1140.0,1122.0,1120.0,1136.0,1083.0,1099.0,1016.0,1010.0,1007.0,957.0,968.0,1001.0,990.0,983.0,951.0,1011.0,844.0,851.0,815.0,878.0,818.0,830.0,854.0,836.0,845.0,829.0,1029.0,1061.0,1067.0,1102.0,1088.0,1092.0,1081.0,1111.0,1115.0,1116.0,974.0,979.0,986.0,983.0,919.0,970.0,980.0,962.0,961.0,1029.0,841.0,885.0,878.0,856.0,871.0,850.0,921.0,846.0,871.0,867.0,792.0,778.0,769.0,809.0,814.0,818.0,747.0,786.0,772.0,785.0,914.0,835.0,863.0,856.0,868.0,871.0,860.0,890.0,856.0,856.0
310,1173.0,1174.0,1192.0,1191.0,1188.0,1225.0,1186.0,1187.0,1181.0,1163.0,1118.0,1111.0,1104.0,1141.0,1089.0,1051.0,1072.0,1066.0,1059.0,1087.0,1098.0,1119.0,1105.0,1110.0,1083.0,1079.0,1132.0,1146.0,1097.0,1088.0,1000.0,986.0,1020.0,965.0,973.0,1001.0,955.0,973.0,963.0,1035.0,819.0,855.0,804.0,848.0,813.0,851.0,893.0,868.0,834.0,888.0,1119.0,1095.0,1115.0,1070.0,1085.0,1101.0,1117.0,1078.0,1042.0,1085.0,956.0,1001.0,986.0,927.0,990.0,978.0,947.0,932.0,1034.0,985.0,881.0,809.0,851.0,878.0,868.0,853.0,867.0,852.0,880.0,880.0,775.0,741.0,747.0,779.0,817.0,732.0,772.0,823.0,790.0,780.0,870.0,890.0,872.0,864.0,875.0,926.0,856.0,839.0,862.0,821.0
311,1161.0,1207.0,1143.0,1198.0,1170.0,1204.0,1193.0,1233.0,1161.0,1219.0,1082.0,1107.0,1087.0,1119.0,1113.0,1103.0,1109.0,1116.0,1047.0,1112.0,1071.0,1115.0,1086.0,1123.0,1108.0,1090.0,1052.0,1112.0,1062.0,1129.0,967.0,963.0,986.0,982.0,994.0,960.0,964.0,946.0,1007.0,973.0,825.0,850.0,823.0,810.0,826.0,825.0,873.0,806.0,850.0,826.0,1075.0,1052.0,1067.0,1079.0,1081.0,1101.0,1108.0,1103.0,1117.0,1058.0,1002.0,949.0,980.0,942.0,953.0,960.0,949.0,940.0,974.0,959.0,897.0,876.0,936.0,846.0,908.0,878.0,916.0,843.0,899.0,902.0,804.0,791.0,771.0,779.0,761.0,757.0,789.0,791.0,785.0,748.0,931.0,873.0,922.0,891.0,866.0,917.0,845.0,868.0,845.0,881.0
312,1161.0,1152.0,1192.0,1231.0,1170.0,1161.0,1171.0,1171.0,1150.0,1222.0,1073.0,1058.0,1135.0,1087.0,1082.0,1063.0,1131.0,1156.0,1047.0,1126.0,1124.0,1135.0,1079.0,1097.0,1113.0,1101.0,1139.0,1105.0,1087.0,1086.0,1025.0,991.0,962.0,976.0,996.0,973.0,962.0,967.0,1018.0,1019.0,874.0,868.0,871.0,843.0,896.0,883.0,850.0,850.0,861.0,878.0,1082.0,1122.0,1041.0,1080.0,1050.0,1056.0,1043.0,1076.0,1066.0,1046.0,913.0,995.0,954.0,951.0,973.0,1009.0,952.0,928.0,1006.0,988.0,914.0,849.0,885.0,813.0,849.0,888.0,897.0,867.0,858.0,844.0,755.0,762.0,803.0,789.0,792.0,807.0,793.0,777.0,803.0,767.0,895.0,852.0,881.0,900.0,863.0,859.0,861.0,861.0,858.0,828.0
313,1193.0,1187.0,1216.0,1208.0,1178.0,1160.0,1146.0,1179.0,1166.0,1167.0,1105.0,1089.0,1081.0,1131.0,1074.0,1158.0,1155.0,1072.0,1090.0,1079.0,1135.0,1120.0,1094.0,1121.0,1165.0,1098.0,1093.0,1146.0,1167.0,1124.0,978.0,956.0,988.0,1000.0,1007.0,976.0,964.0,1011.0,972.0,985.0,861.0,842.0,833.0,840.0,823.0,843.0,916.0,849.0,782.0,867.0,1046.0,1076.0,1077.0,1100.0,1068.0,1111.0,1048.0,1069.0,1065.0,1128.0,954.0,966.0,999.0,982.0,935.0,987.0,924.0,924.0,1000.0,979.0,864.0,884.0,870.0,790.0,911.0,848.0,882.0,843.0,848.0,878.0,800.0,793.0,787.0,712.0,774.0,794.0,774.0,794.0,783.0,773.0,881.0,874.0,856.0,873.0,847.0,823.0,902.0,872.0,878.0,826.0
314,1163.0,1160.0,1225.0,1182.0,1200.0,1215.0,1109.0,1204.0,1145.0,1200.0,1118.0,1058.0,1038.0,1087.0,1099.0,1126.0,1075.0,1120.0,1147.0,1073.0,1074.0,1174.0,1086.0,1132.0,1098.0,1096.0,1159.0,1092.0,1079.0,1127.0,976.0,942.0,959.0,985.0,997.0,991.0,973.0,989.0,942.0,979.0,893.0,864.0,908.0,806.0,864.0,888.0,877.0,837.0,873.0,854.0,1094.0,1056.0,1118.0,1145.0,1043.0,1065.0,1117.0,1014.0,1058.0,1084.0,1000.0,969.0,1002.0,954.0,958.0,939.0,978.0,944.0,973.0,982.0,843.0,868.0,834.0,862.0,849.0,890.0,888.0,873.0,868.0,877.0,775.0,745.0,733.0,769.0,753.0,755.0,762.0,825.0,804.0,779.0,883.0,953.0,896.0,832.0,921.0,829.0,868.0,863.0,864.0,851.0
315,1170.0,1178.0,1188.0,1139.0,1133.0,1175.0,1171.0,1158.0,1130.0,1170.0,1138.0,1029.0,1077.0,1104.0,1111.0,1111.0,1049.0,1136.0,1083.0,1093.0,1109.0,1145.0,1097.0,1144.0,1124.0,1089.0,1129.0,1096.0,1094.0,1139.0,962.0,966.0,956.0,1020.0,1007.0,953.0,962.0,976.0,925.0,997.0,876.0,870.0,826.0,820.0,834.0,839.0,886.0,838.0,847.0,886.0,1095.0,1058.0,1098.0,1070.0,1098.0,1077.0,1092.0,1079.0,1103.0,1049.0,985.0,1013.0,1047.0,964.0,998.0,996.0,1021.0,937.0,1006.0,977.0,882.0,914.0,860.0,907.0,895.0,873.0,846.0,890.0,922.0,868.0,740.0,763.0,764.0,749.0,739.0,785.0,776.0,767.0,737.0,759.0,859.0,856.0,885.0,838.0,842.0,897.0,875.0,886.0,909.0,868.0
316,1222.0,1146.0,1177.0,1168.0,1175.0,1121.0,1187.0,1198.0,1162.0,1134.0,1110.0,1097.0,1100.0,1159.0,1052.0,1078.0,1109.0,1073.0,1064.0,1084.0,1102.0,1153.0,1132.0,1099.0,1149.0,1130.0,1114.0,1121.0,1200.0,1144.0,975.0,976.0,948.0,975.0,991.0,1009.0,986.0,999.0,964.0,971.0,836.0,856.0,885.0,865.0,828.0,856.0,846.0,836.0,820.0,834.0,1061.0,1065.0,1071.0,1028.0,1065.0,1106.0,1076.0,1070.0,1028.0,1133.0,959.0,1041.0,987.0,970.0,994.0,963.0,949.0,992.0,973.0,978.0,871.0,809.0,888.0,826.0,861.0,870.0,875.0,835.0,900.0,865.0,788.0,786.0,776.0,782.0,794.0,811.0,766.0,743.0,757.0,788.0,891.0,863.0,836.0,885.0,873.0,854.0,900.0,895.0,884.0,876.0
317,1186.0,1139.0,1239.0,1189.0,1209.0,1118.0,1195.0,1130.0,1176.0,1216.0,1134.0,1071.0,1105.0,1061.0,1042.0,1019.0,1111.0,1069.0,1062.0,1084.0,1113.0,1088.0,1086.0,1119.0,1088.0,1130.0,1121.0,1109.0,1121.0,1102.0,968.0,1058.0,951.0,1012.0,986.0,1021.0,990.0,1007.0,953.0,982.0,795.0,854.0,825.0,886.0,889.0,853.0,886.0,842.0,853.0,844.0,1060.0,1095.0,1081.0,1035.0,1075.0,1086.0,1056.0,1072.0,1112.0,1023.0,1008.0,996.0,982.0,968.0,925.0,946.0,1001.0,962.0,959.0,1016.0,910.0,874.0,924.0,849.0,875.0,902.0,846.0,906.0,862.0,898.0,756.0,765.0,733.0,762.0,806.0,838.0,740.0,780.0,749.0,749.0,882.0,855.0,869.0,879.0,891.0,893.0,858.0,890.0,902.0,893.0
318,1154.0,1209.0,1175.0,1181.0,1136.0,1175.0,1221.0,1154.0,1189.0,1161.0,1091.0,1031.0,1100.0,1152.0,1131.0,1076.0,1081.0,1091.0,1051.0,1094.0,1120.0,1105.0,1073.0,1119.0,1125.0,1136.0,1109.0,1117.0,1180.0,1146.0,1000.0,979.0,954.0,957.0,966.0,954.0,1038.0,955.0,945.0,960.0,826.0,890.0,885.0,826.0,844.0,812.0,874.0,864.0,861.0,841.0,1103.0,1062.0,1054.0,1041.0,1148.0,1053.0,1052.0,1121.0,1104.0,1076.0,980.0,980.0,1012.0,974.0,959.0,980.0,956.0,980.0,996.0,974.0,894.0,860.0,910.0,820.0,849.0,906.0,824.0,846.0,816.0,849.0,784.0,756.0,771.0,764.0,760.0,772.0,750.0,799.0,747.0,804.0,861.0,926.0,866.0,925.0,864.0,942.0,897.0,841.0,854.0,904.0
319,1179.0,1192.0,1174.0,1156.0,1135.0,1178.0,1250.0,1195.0,1171.0,1204.0,1082.0,1132.0,1074.0,1072.0,1074.0,1054.0,1057.0,1064.0,1068.0,1143.0,1108.0,1101.0,1140.0,1140.0,1096.0,1130.0,1115.0,1109.0,1101.0,1149.0,1008.0,946.0,927.0,954.0,979.0,975.0,983.0,956.0,984.0,955.0,850.0,853.0,860.0,882.0,855.0,892.0,890.0,862.0,862.0,876.0,1082.0,1099.0,1068.0,1069.0,1067.0,1084.0,1039.0,1041.0,1062.0,1082.0,957.0,965.0,1008.0,958.0,1049.0,964.0,982.0,996.0,932.0,966.0,894.0,854.0,897.0,886.0,880.0,880.0,865.0,899.0,874.0,869.0,769.0,760.0,796.0,772.0,758.0,780.0,753.0,779.0,814.0,773.0,885.0,894.0,857.0,875.0,891.0,870.0,867.0,869.0,878.0,786.0
320,1224.0,1221.0,1143.0,1134.0,1168.0,1184.0,1192.0,1177.0,1182.0,1176.0,1085.0,1108.0,1121.0,1083.0,1138.0,1072.0,1113.0,1056.0,1088.0,1072.0,1104.0,1108.0,1104.0,1114.0,1118.0,1145.0,1108.0,1126.0,1077.0,1124.0,963.0,1012.0,988.0,962.0,941.0,981.0,985.0,952.0,951.0,950.0,846.0,850.0,888.0,853.0,883.0,837.0,836.0,853.0,867.0,871.0,1072.0,1071.0,1048.0,1067.0,1049.0,1086.0,1102.0,1094.0,1104.0,1075.0,969.0,938.0,960.0,1011.0,1030.0,964.0,969.0,969.0,1014.0,956.0,896.0,881.0,891.0,872.0,846.0,925.0,872.0,844.0,848.0,902.0,821.0,761.0,763.0,797.0,769.0,744.0,806.0,806.0,740.0,799.0,833.0,843.0,899.0,877.0,841.0,867.0,816.0,896.0,874.0,881.0
321,1186.0,1194.0,1194.0,1201.0,1228.0,1161.0,1172.0,1094.0,1181.0,1181.0,1057.0,1110.0,1099.0,1074.0,1088.0,1124.0,1108.0,1099.0,1137.0,1095.0,1156.0,1107.0,1139.0,1178.0,1113.0,1101.0,1107.0,1113.0,1055.0,1158.0,972.0,994.0,969.0,955.0,952.0,983.0,996.0,939.0,939.0,978.0,827.0,859.0,858.0,854.0,844.0,849.0,860.0,844.0,848.0,875.0,1102.0,1101.0,1112.0,1039.0,1119.0,1097.0,1110.0,1113.0,1077.0,1029.0,972.0,931.0,928.0,944.0,1046.0,956.0,943.0,995.0,998.0,944.0,869.0,816.0,896.0,842.0,836.0,888.0,883.0,904.0,860.0,917.0,768.0,772.0,754.0,775.0,745.0,787.0,752.0,797.0,748.0,772.0,902.0,908.0,852.0,905.0,804.0,860.0,868.0,877.0,904.0,858.0
322,1211.0,1220.0,1155.0,1174.0,1187.0,1218.0,1176.0,1210.0,1179.0,1172.0,1071.0,1122.0,1053.0,1077.0,1113.0,1060.0,1118.0,1099.0,1110.0,1101.0,1113.0,1135.0,1154.0,1132.0,1124.0,1081.0,1109.0,1123.0,1081.0,1128.0,1012.0,967.0,1005.0,982.0,953.0,933.0,979.0,982.0,977.0,961.0,904.0,853.0,789.0,864.0,835.0,890.0,901.0,835.0,819.0,830.0,1035.0,1047.0,1105.0,1083.0,1079.0,1126.0,1066.0,1036.0,1065.0,1092.0,930.0,948.0,1009.0,945.0,946.0,969.0,980.0,914.0,1026.0,981.0,853.0,856.0,916.0,906.0,879.0,854.0,856.0,919.0,892.0,890.0,823.0,755.0,789.0,723.0,760.0,770.0,796.0,762.0,742.0,767.0,862.0,889.0,826.0,882.0,899.0,904.0,817.0,894.0,854.0,885.0
323,1212.0,1192.0,1159.0,1185.0,1184.0,1198.0,1148.0,1184.0,1162.0,1199.0,1118.0,1096.0,1096.0,1063.0,1108.0,1093.0,1069.0,1146.0,1110.0,1086.0,1094.0,1098.0,1122.0,1100.0,1136.0,1104.0,1133.0,1107.0,1117.0,1150.0,975.0,970.0,993.0,960.0,969.0,987.0,972.0,934.0,993.0,937.0,858.0,830.0,862.0,822.0,826.0,864.0,825.0,877.0,873.0,811.0,1074.0,1120.0,1053.0,1118.0,1079.0,1060.0,1109.0,1039.0,1050.0,1121.0,935.0,976.0,978.0,950.0,964.0,996.0,962.0,965.0,937.0,917.0,882.0,872.0,857.0,902.0,858.0,867.0,917.0,904.0,850.0,910.0,776.0,774.0,800.0,773.0,780.0,740.0,770.0,772.0,815.0,784.0,888.0,863.0,884.0,895.0,868.0,894.0,894.0,846.0,841.0,889.0
324,1209.0,1179.0,1132.0,1177.0,1138.0,1170.0,1165.0,1161.0,1180.0,1233.0,1094.0,1074.0,1150.0,1046.0,1106.0,1168.0,1072.0,1077.0,1110.0,1092.0,1107.0,1142.0,1126.0,1119.0,1102.0,1097.0,1127.0,1094.0,1107.0,1104.0,996.0,985.0,1006.0,998.0,1009.0,937.0,992.0,988.0,974.0,965.0,810.0,860.0,887.0,888.0,854.0,844.0,861.0,860.0,853.0,791.0,1086.0,1060.0,1067.0,1052.0,1045.0,1103.0,1080.0,1126.0,1049.0,1099.0,1016.0,931.0,943.0,960.0,999.0,947.0,999.0,1002.0,949.0,1008.0,874.0,888.0,903.0,930.0,852.0,900.0,854.0,819.0,860.0,880.0,779.0,801.0,745.0,759.0,762.0,774.0,780.0,785.0,743.0,736.0,839.0,874.0,844.0,842.0,908.0,860.0,869.0,862.0,924.0,890.0
325,1108.0,1199.0,1128.0,1194.0,1188.0,1176.0,1149.0,1218.0,1165.0,1186.0,1121.0,1117.0,1110.0,1080.0,1087.0,1111.0,1066.0,1067.0,1024.0,1076.0,1102.0,1150.0,1144.0,1086.0,1078.0,1079.0,1097.0,1089.0,1126.0,1124.0,978.0,962.0,971.0,969.0,984.0,995.0,966.0,980.0,972.0,949.0,859.0,835.0,846.0,825.0,870.0,845.0,806.0,841.0,837.0,817.0,1115.0,1056.0,1050.0,1086.0,1034.0,1073.0,1065.0,1081.0,1081.0,1104.0,979.0,989.0,968.0,963.0,993.0,1002.0,982.0,989.0,1008.0,969.0,869.0,846.0,881.0,923.0,843.0,852.0,934.0,878.0,889.0,862.0,785.0,775.0,825.0,764.0,801.0,788.0,831.0,774.0,778.0,821.0,897.0,861.0,882.0,882.0,902.0,880.0,909.0,855.0,871.0,891.0
326,1188.0,1135.0,1192.0,1171.0,1184.0,1177.0,1120.0,1183.0,1180.0,1176.0,1125.0,1038.0,1098.0,1088.0,1074.0,1123.0,1095.0,1139.0,1057.0,1082.0,1123.0,1108.0,1076.0,1142.0,1128.0,1125.0,1129.0,1071.0,1096.0,1148.0,966.0,983.0,979.0,1016.0,967.0,996.0,991.0,949.0,1000.0,963.0,820.0,878.0,853.0,813.0,860.0,857.0,843.0,860.0,861.0,824.0,1072.0,1112.0,1118.0,1058.0,1084.0,1068.0,1064.0,1100.0,1026.0,1080.0,983.0,979.0,933.0,927.0,963.0,968.0,1016.0,950.0,1036.0,949.0,850.0,875.0,870.0,883.0,869.0,862.0,909.0,846.0,870.0,887.0,781.0,766.0,786.0,764.0,762.0,770.0,749.0,781.0,752.0,811.0,903.0,922.0,901.0,910.0,889.0,853.0,890.0,892.0,874.0,881.0
327,1189.0,1188.0,1232.0,1192.0,1168.0,1173.0,1166.0,1207.0,1196.0,1169.0,1137.0,1014.0,1083.0,1119.0,1079.0,1122.0,1124.0,1103.0,1028.0,1049.0,1053.0,1163.0,1073.0,1090.0,1172.0,1180.0,1104.0,1152.0,1132.0,1143.0,1033.0,993.0,989.0,946.0,960.0,940.0,996.0,966.0,975.0,972.0,842.0,847.0,836.0,869.0,828.0,808.0,835.0,817.0,882.0,847.0,1089.0,1072.0,1108.0,1037.0,1095.0,1109.0,1101.0,1078.0,1050.0,1110.0,968.0,997.0,961.0,987.0,973.0,985.0,993.0,955.0,955.0,959.0,908.0,872.0,851.0,872.0,843.0,882.0,852.0,840.0,851.0,886.0,749.0,763.0,792.0,792.0,773.0,733.0,762.0,794.0,820.0,817.0,841.0,886.0,879.0,868.0,885.0,859.0,871.0,853.0,864.0,850.0
328,1163.0,1215.0,1177.0,1207.0,1152.0,1174.0,1180.0,1200.0,1165.0,1158.0,1133.0,1101.0,1098.0,1118.0,1137.0,1093.0,1101.0,1051.0,1078.0,1090.0,1143.0,1072.0,1095.0,1144.0,1099.0,1154.0,1166.0,1135.0,1102.0,1149.0,977.0,982.0,997.0,938.0,980.0,949.0,942.0,949.0,975.0,982.0,794.0,860.0,821.0,879.0,821.0,827.0,876.0,849.0,849.0,855.0,1093.0,1059.0,1035.0,1077.0,1140.0,1101.0,1120.0,1116.0,1096.0,1076.0,966.0,960.0,1028.0,967.0,981.0,987.0,971.0,975.0,909.0,992.0,885.0,875.0,898.0,825.0,859.0,866.0,840.0,846.0,886.0,895.0,779.0,794.0,729.0,752.0,730.0,744.0,775.0,762.0,809.0,770.0,872.0,879.0,926.0,860.0,875.0,892.0,826.0,881.0,887.0,836.0
329,1173.0,1180.0,1170.0,1191.0,1193.0,1166.0,1168.0,1146.0,1165.0,1167.0,1071.0,1142.0,1123.0,1054.0,1085.0,1051.0,1080.0,1099.0,1101.0,1097.0,1144.0,1105.0,1084.0,1077.0,1139.0,1118.0,1148.0,1100.0,1144.0,1060.0,998.0,1023.0,963.0,1002.0,962.0,955.0,971.0,979.0,953.0,969.0,836.0,849.0,857.0,822.0,821.0,880.0,847.0,906.0,824.0,898.0,1047.0,1097.0,1086.0,1107.0,1096.0,1087.0,1083.0,1045.0,1009.0,1071.0,957.0,982.0,978.0,1011.0,1024.0,946.0,967.0,976.0,1005.0,974.0,901.0,831.0,853.0,900.0,841.0,880.0,897.0,857.0,845.0,894.0,774.0,774.0,831.0,766.0,772.0,796.0,798.0,777.0,825.0,811.0,907.0,809.0,861.0,837.0,837.0,914.0,840.0,883.0,885.0,868.0
330,1204.0,1154.0,1139.0,1145.0,1172.0,1192.0,1184.0,1182.0,1162.0,1191.0,1097.0,1071.0,1048.0,1132.0,1062.0,1080.0,1098.0,1111.0,1141.0,1079.0,1137.0,1094.0,1132.0,1080.0,1132.0,1093.0,1103.0,1091.0,1084.0,1107.0,971.0,976.0,1040.0,946.0,976.0,977.0,1013.0,974.0,977.0,980.0,825.0,851.0,920.0,854.0,859.0,841.0,877.0,861.0,833.0,897.0,1056.0,1120.0,1116.0,1069.0,1074.0,1093.0,1042.0,1069.0,1064.0,1026.0,951.0,978.0,944.0,994.0,935.0,978.0,959.0,1012.0,956.0,984.0,915.0,883.0,825.0,874.0,888.0,899.0,861.0,852.0,893.0,862.0,775.0,804.0,759.0,802.0,771.0,766.0,759.0,761.0,756.0,803.0,878.0,866.0,882.0,875.0,905.0,875.0,905.0,856.0,889.0,884.0
331,1175.0,1192.0,1141.0,1196.0,1183.0,1190.0,1175.0,1130.0,1199.0,1165.0,1071.0,1056.0,1097.0,1061.0,1085.0,1057.0,1131.0,1057.0,1069.0,1109.0,1094.0,1180.0,1104.0,1132.0,1090.0,1107.0,1109.0,1143.0,1144.0,1124.0,1015.0,945.0,987.0,991.0,1003.0,938.0,986.0,951.0,982.0,973.0,889.0,868.0,929.0,801.0,852.0,848.0,833.0,889.0,845.0,898.0,1109.0,1060.0,1023.0,1135.0,1089.0,1053.0,1080.0,1087.0,1076.0,1114.0,973.0,971.0,973.0,987.0,940.0,999.0,995.0,982.0,949.0,983.0,864.0,887.0,881.0,855.0,894.0,875.0,833.0,860.0,867.0,837.0,784.0,786.0,777.0,741.0,785.0,809.0,779.0,793.0,739.0,775.0,838.0,852.0,898.0,865.0,857.0,923.0,878.0,882.0,881.0,833.0
332,1150.0,1184.0,1198.0,1172.0,1252.0,1160.0,1165.0,1138.0,1194.0,1177.0,1130.0,1063.0,1079.0,1070.0,1084.0,1113.0,1087.0,1116.0,1021.0,1117.0,1089.0,1128.0,1165.0,1100.0,1077.0,1133.0,1142.0,1076.0,1065.0,1063.0,1005.0,1036.0,928.0,935.0,970.0,978.0,981.0,985.0,1002.0,988.0,883.0,826.0,838.0,853.0,869.0,834.0,856.0,857.0,897.0,858.0,1093.0,1113.0,1129.0,1113.0,1131.0,1079.0,1064.0,1124.0,1096.0,1130.0,962.0,925.0,973.0,982.0,911.0,998.0,988.0,980.0,994.0,994.0,846.0,874.0,870.0,855.0,874.0,876.0,880.0,855.0,812.0,898.0,811.0,791.0,813.0,808.0,770.0,760.0,769.0,790.0,759.0,767.0,843.0,857.0,811.0,877.0,836.0,867.0,869.0,853.0,911.0,818.0
333,1123.0,1167.0,1219.0,1176.0,1220.0,1185.0,1160.0,1194.0,1210.0,1210.0,1112.0,1098.0,1124.0,1145.0,1070.0,1150.0,1099.0,1117.0,1074.0,1095.0,1146.0,1101.0,1093.0,1100.0,1145.0,1122.0,1112.0,1105.0,1062.0,1121.0,1007.0,1054.0,952.0,954.0,987.0,955.0,996.0,990.0,937.0,1032.0,852.0,805.0,849.0,852.0,844.0,777.0,850.0,847.0,873.0,872.0,1099.0,1108.0,1091.0,1065.0,1055.0,1071.0,1106.0,1070.0,1117.0,1049.0,974.0,958.0,950.0,979.0,965.0,1011.0,910.0,963.0,1018.0,932.0,853.0,867.0,853.0,870.0,853.0,897.0,941.0,867.0,875.0,852.0,787.0,718.0,775.0,736.0,759.0,755.0,755.0,760.0,727.0,769.0,860.0,917.0,896.0,887.0,872.0,870.0,874.0,859.0,854.0,877.0
334,1161.0,1163.0,1202.0,1212.0,1131.0,1183.0,1166.0,1177.0,1189.0,1175.0,1097.0,1129.0,1061.0,1082.0,1068.0,1179.0,1100.0,1129.0,1079.0,1087.0,1067.0,1106.0,1120.0,1072.0,1099.0,1122.0,1138.0,1122.0,1058.0,1117.0,965.0,1008.0,964.0,978.0,1001.0,943.0,949.0,960.0,1018.0,957.0,881.0,848.0,820.0,871.0,894.0,863.0,875.0,830.0,882.0,875.0,1140.0,1086.0,1090.0,1112.0,1084.0,1033.0,1056.0,1088.0,1074.0,1070.0,1032.0,937.0,977.0,979.0,926.0,932.0,969.0,943.0,946.0,979.0,865.0,919.0,898.0,851.0,916.0,910.0,848.0,885.0,856.0,924.0,766.0,732.0,783.0,755.0,753.0,741.0,787.0,757.0,766.0,802.0,840.0,866.0,888.0,851.0,904.0,884.0,917.0,879.0,881.0,826.0
335,1203.0,1138.0,1163.0,1148.0,1208.0,1229.0,1176.0,1226.0,1149.0,1177.0,1110.0,1108.0,1080.0,1075.0,1038.0,1056.0,1096.0,1104.0,1129.0,1093.0,1100.0,1095.0,1099.0,1122.0,1134.0,1130.0,1136.0,1121.0,1134.0,1113.0,946.0,971.0,1001.0,994.0,1002.0,932.0,954.0,943.0,945.0,988.0,868.0,854.0,838.0,906.0,884.0,824.0,881.0,855.0,835.0,869.0,1068.0,1110.0,1057.0,1056.0,1073.0,1079.0,1079.0,1062.0,1055.0,1090.0,954.0,976.0,985.0,988.0,985.0,985.0,976.0,952.0,979.0,930.0,923.0,938.0,886.0,852.0,857.0,872.0,879.0,874.0,890.0,899.0,757.0,735.0,804.0,774.0,735.0,788.0,791.0,755.0,725.0,788.0,885.0,868.0,894.0,851.0,858.0,893.0,839.0,875.0,906.0,866.0
336,1173.0,1160.0,1116.0,1191.0,1147.0,1228.0,1182.0,1173.0,1206.0,1183.0,1087.0,1071.0,1077.0,1111.0,1089.0,1078.0,1087.0,1128.0,1091.0,1026.0,1128.0,1115.0,1145.0,1067.0,1120.0,1143.0,1105.0,1115.0,1137.0,1160.0,963.0,943.0,1015.0,969.0,1000.0,937.0,1009.0,1018.0,964.0,997.0,827.0,885.0,874.0,866.0,871.0,853.0,872.0,801.0,828.0,805.0,1102.0,1107.0,1048.0,1058.0,1089.0,1110.0,1030.0,1095.0,1084.0,1077.0,1020.0,1018.0,977.0,985.0,935.0,1013.0,1017.0,902.0,938.0,1006.0,868.0,871.0,862.0,844.0,897.0,823.0,874.0,889.0,900.0,884.0,758.0,753.0,826.0,798.0,773.0,726.0,779.0,792.0,737.0,790.0,884.0,872.0,871.0,879.0,856.0,869.0,853.0,851.0,856.0,884.0
337,1151.0,1213.0,1211.0,1169.0,1216.0,1183.0,1140.0,1160.0,1158.0,1125.0,1137.0,1056.0,1079.0,1082.0,1086.0,1121.0,1132.0,1112.0,1096.0,1095.0,1087.0,1102.0,1145.0,1132.0,1128.0,1090.0,1142.0,1121.0,1135.0,1103.0,971.0,967.0,961.0,944.0,991.0,985.0,978.0,968.0,970.0,995.0,864.0,902.0,869.0,817.0,863.0,825.0,852.0,815.0,867.0,859.0,1071.0,1074.0,1079.0,1076.0,1065.0,1079.0,1106.0,1051.0,1040.0,1090.0,993.0,948.0,968.0,970.0,951.0,995.0,1019.0,945.0,949.0,986.0,884.0,858.0,820.0,900.0,864.0,861.0,833.0,917.0,864.0,860.0,773.0,809.0,779.0,810.0,717.0,778.0,761.0,779.0,790.0,810.0,881.0,869.0,894.0,871.0,892.0,864.0,842.0,897.0,874.0,893.0
338,1145.0,1173.0,1164.0,1238.0,1160.0,1213.0,1164.0,1184.0,1143.0,1175.0,1117.0,1050.0,1058.0,1059.0,1098.0,1111.0,1114.0,1064.0,1106.0,1114.0,1122.0,1127.0,1162.0,1126.0,1090.0,1102.0,1131.0,1119.0,1133.0,1117.0,961.0,968.0,1010.0,965.0,987.0,976.0,985.0,988.0,1017.0,965.0,864.0,845.0,871.0,832.0,893.0,846.0,886.0,816.0,848.0,887.0,1118.0,1101.0,1111.0,1047.0,1099.0,1055.0,1056.0,1053.0,1097.0,1086.0,982.0,987.0,1015.0,972.0,973.0,975.0,964.0,995.0,917.0,952.0,865.0,863.0,840.0,909.0,855.0,872.0,870.0,865.0,835.0,896.0,769.0,784.0,739.0,746.0,749.0,748.0,735.0,794.0,764.0,764.0,868.0,903.0,829.0,876.0,872.0,883.0,899.0,888.0,881.0,860.0
339,1175.0,1153.0,1149.0,1205.0,1165.0,1209.0,1136.0,1155.0,1198.0,1208.0,1085.0,1066.0,1129.0,1086.0,1094.0,1119.0,1139.0,1118.0,1081.0,1162.0,1109.0,1155.0,1081.0,1106.0,1092.0,1077.0,1151.0,1088.0,1108.0,1151.0,936.0,978.0,980.0,1041.0,986.0,968.0,948.0,1007.0,945.0,953.0,882.0,852.0,904.0,812.0,890.0,863.0,890.0,889.0,847.0,878.0,1101.0,1064.0,1086.0,1075.0,1092.0,1088.0,1121.0,1058.0,1048.0,1060.0,997.0,987.0,935.0,900.0,955.0,1000.0,924.0,963.0,940.0,958.0,923.0,916.0,859.0,866.0,847.0,842.0,862.0,825.0,896.0,855.0,698.0,755.0,803.0,799.0,791.0,771.0,798.0,806.0,815.0,756.0,905.0,877.0,877.0,878.0,868.0,844.0,834.0,862.0,867.0,826.0
340,1180.0,1206.0,1170.0,1141.0,1153.0,1167.0,1200.0,1240.0,1148.0,1165.0,1089.0,1129.0,1040.0,1073.0,1106.0,1088.0,1064.0,1117.0,1153.0,1108.0,1118.0,1086.0,1101.0,1119.0,1096.0,1148.0,1133.0,1139.0,1116.0,1130.0,983.0,983.0,1041.0,937.0,993.0,946.0,984.0,992.0,948.0,947.0,803.0,818.0,873.0,872.0,873.0,840.0,878.0,812.0,871.0,845.0,1110.0,1097.0,1135.0,1080.0,1062.0,1057.0,1093.0,1059.0,1041.0,1131.0,1005.0,979.0,956.0,951.0,986.0,977.0,971.0,954.0,942.0,959.0,847.0,868.0,897.0,864.0,891.0,873.0,889.0,900.0,862.0,901.0,786.0,781.0,764.0,809.0,755.0,814.0,740.0,706.0,793.0,747.0,888.0,852.0,825.0,927.0,868.0,874.0,850.0,845.0,873.0,873.0
341,1168.0,1184.0,1185.0,1176.0,1168.0,1216.0,1199.0,1189.0,1156.0,1224.0,1079.0,1105.0,1060.0,1101.0,1110.0,1084.0,1041.0,1101.0,1107.0,1088.0,1124.0,1079.0,1131.0,1126.0,1157.0,1128.0,1094.0,1119.0,1129.0,1118.0,1000.0,990.0,973.0,975.0,987.0,1002.0,1002.0,955.0,989.0,998.0,836.0,851.0,840.0,884.0,868.0,801.0,838.0,858.0,838.0,848.0,1080.0,1091.0,1067.0,1051.0,1063.0,1091.0,1104.0,1029.0,1088.0,1069.0,950.0,962.0,1001.0,979.0,969.0,967.0,951.0,1011.0,946.0,999.0,868.0,888.0,862.0,860.0,857.0,865.0,901.0,889.0,879.0,874.0,797.0,788.0,795.0,743.0,753.0,770.0,795.0,769.0,770.0,729.0,909.0,864.0,889.0,878.0,847.0,857.0,879.0,845.0,845.0,854.0
342,1181.0,1182.0,1183.0,1201.0,1194.0,1162.0,1141.0,1115.0,1200.0,1191.0,1109.0,1088.0,1101.0,1059.0,1091.0,1138.0,1096.0,1110.0,1084.0,1117.0,1099.0,1120.0,1116.0,1084.0,1086.0,1114.0,1142.0,1154.0,1081.0,1112.0,981.0,1046.0,937.0,985.0,939.0,981.0,970.0,994.0,995.0,1011.0,864.0,858.0,904.0,827.0,894.0,835.0,835.0,825.0,874.0,864.0,1106.0,1086.0,1077.0,1106.0,1096.0,1103.0,1081.0,1048.0,1073.0,1025.0,945.0,960.0,1034.0,985.0,924.0,949.0,992.0,996.0,917.0,939.0,912.0,813.0,813.0,883.0,867.0,862.0,913.0,843.0,834.0,901.0,770.0,772.0,764.0,769.0,791.0,755.0,746.0,795.0,794.0,793.0,844.0,874.0,873.0,873.0,899.0,880.0,888.0,887.0,895.0,850.0
343,1188.0,1172.0,1181.0,1179.0,1166.0,1154.0,1130.0,1154.0,1176.0,1166.0,1086.0,1076.0,1122.0,1090.0,1060.0,1119.0,1111.0,1117.0,1110.0,1096.0,1123.0,1112.0,1140.0,1114.0,1117.0,1122.0,1170.0,1186.0,1067.0,1108.0,1000.0,1009.0,964.0,966.0,986.0,968.0,923.0,957.0,959.0,984.0,875.0,888.0,889.0,787.0,838.0,849.0,887.0,835.0,811.0,827.0,1080.0,1116.0,1057.0,1075.0,1085.0,1023.0,1041.0,1047.0,1120.0,1064.0,919.0,950.0,953.0,975.0,1040.0,986.0,991.0,915.0,1027.0,1015.0,912.0,892.0,873.0,902.0,865.0,846.0,893.0,896.0,836.0,878.0,748.0,720.0,726.0,813.0,759.0,826.0,781.0,776.0,757.0,807.0,880.0,862.0,895.0,873.0,864.0,891.0,878.0,882.0,879.0,862.0
344,1137.0,1176.0,1189.0,1145.0,1209.0,1150.0,1146.0,1140.0,1166.0,1204.0,1116.0,1091.0,1101.0,1078.0,1076.0,1121.0,1103.0,1076.0,1105.0,1095.0,1136.0,1106.0,1150.0,1117.0,1094.0,1135.0,1162.0,1076.0,1142.0,1145.0,953.0,987.0,981.0,1003.0,977.0,972.0,975.0,1026.0,928.0,915.0,849.0,868.0,838.0,841.0,823.0,869.0,882.0,892.0,852.0,852.0,1132.0,1076.0,1060.0,1078.0,1062.0,1079.0,1083.0,1120.0,1072.0,1111.0,965.0,974.0,937.0,965.0,976.0,925.0,987.0,954.0,984.0,1023.0,845.0,863.0,865.0,872.0,894.0,871.0,862.0,890.0,876.0,809.0,824.0,787.0,788.0,795.0,785.0,721.0,743.0,730.0,726.0,784.0,854.0,871.0,892.0,882.0,883.0,941.0,861.0,862.0,889.0,866.0
345,1163.0,1242.0,1192.0,1161.0,1196.0,1155.0,1160.0,1180.0,1172.0,1182.0,1095.0,1105.0,1128.0,1063.0,1070.0,1054.0,1085.0,1112.0,1103.0,1088.0,1177.0,1142.0,1117.0,1101.0,1114.0,1125.0,1116.0,1121.0,1126.0,1100.0,949.0,989.0,952.0,977.0,972.0,958.0,974.0,927.0,952.0,962.0,844.0,838.0,867.0,855.0,896.0,888.0,857.0,873.0,849.0,857.0,1077.0,1032.0,1054.0,1085.0,1071.0,1129.0,1056.0,1051.0,1070.0,1099.0,970.0,978.0,957.0,1011.0,983.0,999.0,979.0,994.0,974.0,997.0,863.0,826.0,859.0,883.0,876.0,869.0,901.0,889.0,879.0,889.0,800.0,767.0,801.0,786.0,761.0,727.0,783.0,745.0,786.0,776.0,871.0,874.0,874.0,856.0,840.0,880.0,897.0,874.0,830.0,855.0
346,1126.0,1210.0,1132.0,1181.0,1145.0,1141.0,1192.0,1211.0,1137.0,1182.0,1106.0,1116.0,1082.0,1059.0,1051.0,1137.0,1092.0,1052.0,1114.0,1091.0,1124.0,1103.0,1112.0,1124.0,1155.0,1115.0,1122.0,1123.0,1106.0,1143.0,980.0,978.0,1047.0,998.0,979.0,925.0,1014.0,920.0,953.0,979.0,843.0,871.0,873.0,817.0,879.0,889.0,871.0,846.0,906.0,868.0,1123.0,1053.0,1038.0,1091.0,1106.0,1096.0,1080.0,1076.0,1065.0,1090.0,997.0,944.0,952.0,993.0,983.0,980.0,959.0,962.0,959.0,969.0,866.0,879.0,852.0,854.0,861.0,905.0,825.0,913.0,867.0,861.0,787.0,760.0,827.0,783.0,762.0,731.0,780.0,748.0,755.0,773.0,858.0,879.0,892.0,878.0,859.0,867.0,873.0,916.0,883.0,847.0
347,1193.0,1217.0,1183.0,1214.0,1134.0,1225.0,1234.0,1191.0,1175.0,1196.0,1130.0,1120.0,1083.0,1142.0,1107.0,1040.0,1111.0,1068.0,1070.0,1092.0,1123.0,1098.0,1122.0,1060.0,1122.0,1135.0,1089.0,1126.0,1135.0,1064.0,986.0,921.0,1003.0,989.0,983.0,923.0,948.0,971.0,930.0,973.0,818.0,796.0,815.0,858.0,829.0,887.0,903.0,821.0,854.0,880.0,1061.0,1115.0,1077.0,1024.0,1088.0,1057.0,1082.0,1076.0,1105.0,1118.0,960.0,970.0,1012.0,977.0,971.0,1003.0,988.0,984.0,967.0,969.0,858.0,929.0,904.0,876.0,878.0,870.0,840.0,915.0,868.0,882.0,816.0,764.0,734.0,766.0,767.0,788.0,768.0,777.0,735.0,776.0,866.0,858.0,871.0,871.0,902.0,859.0,840.0,837.0,904.0,855.0
348,1158.0,1187.0,1156.0,1188.0,1162.0,1173.0,1215.0,1188.0,1169.0,1205.0,1101.0,1055.0,1086.0,1098.0,1089.0,1096.0,1073.0,1110.0,1099.0,1106.0,1126.0,1084.0,1105.0,1139.0,1163.0,1066.0,1105.0,1116.0,1081.0,1167.0,999.0,1009.0,1026.0,976.0,969.0,983.0,973.0,1004.0,957.0,925.0,825.0,887.0,898.0,872.0,849.0,914.0,883.0,774.0,896.0,873.0,1096.0,1023.0,1048.0,1115.0,1063.0,1066.0,1085.0,1075.0,1046.0,1072.0,938.0,1017.0,951.0,934.0,925.0,987.0,987.0,1044.0,970.0,968.0,849.0,881.0,914.0,846.0,880.0,811.0,816.0,840.0,900.0,850.0,826.0,777.0,801.0,730.0,801.0,772.0,799.0,766.0,767.0,804.0,894.0,873.0,823.0,873.0,880.0,924.0,866.0,844.0,863.0,833.0
349,1177.0,1146.0,1136.0,1165.0,1196.0,1156.0,1166.0,1180.0,1194.0,1188.0,1109.0,1072.0,1100.0,1091.0,1105.0,1092.0,1072.0,1091.0,1103.0,1111.0,1107.0,1143.0,1107.0,1061.0,1121.0,1089.0,1109.0,1100.0,1135.0,1114.0,1014.0,1066.0,1024.0,999.0,994.0,1000.0,995.0,1009.0,1014.0,982.0,872.0,839.0,848.0,844.0,880.0,856.0,822.0,877.0,861.0,822.0,1012.0,1027.0,1064.0,1035.0,1088.0,1067.0,1149.0,1015.0,1066.0,1116.0,971.0,1019.0,999.0,973.0,942.0,984.0,1007.0,975.0,972.0,958.0,860.0,799.0,904.0,918.0,854.0,856.0,884.0,889.0,808.0,841.0,794.0,753.0,764.0,763.0,794.0,792.0,771.0,796.0,715.0,783.0,899.0,928.0,865.0,927.0,805.0,904.0,825.0,835.0,874.0,885.0
350,1201.0,1181.0,1139.0,1148.0,1215.0,1185.0,1164.0,1170.0,1199.0,1264.0,1119.0,1099.0,1103.0,1088.0,1106.0,1119.0,1111.0,1086.0,1095.0,1084.0,1062.0,1143.0,1120.0,1072.0,1117.0,1108.0,1163.0,1140.0,1092.0,1116.0,1015.0,962.0,984.0,965.0,1007.0,991.0,1038.0,939.0,998.0,971.0,820.0,845.0,846.0,888.0,829.0,831.0,787.0,883.0,832.0,828.0,1073.0,1054.0,1122.0,1036.0,1057.0,1090.0,1077.0,1076.0,1104.0,1065.0,949.0,944.0,955.0,1037.0,966.0,968.0,962.0,967.0,994.0,987.0,898.0,889.0,888.0,922.0,861.0,867.0,842.0,871.0,839.0,846.0,750.0,787.0,782.0,767.0,761.0,753.0,772.0,775.0,738.0,760.0,928.0,890.0,873.0,858.0,856.0,883.0,880.0,860.0,846.0,872.0
351,1165.0,1185.0,1155.0,1199.0,1222.0,1234.0,1184.0,1193.0,1178.0,1212.0,1084.0,1077.0,1141.0,1036.0,1057.0,1097.0,1081.0,1085.0,1100.0,1102.0,1138.0,1138.0,1089.0,1138.0,1103.0,1114.0,1068.0,1101.0,1095.0,1110.0,995.0,965.0,1003.0,966.0,992.0,996.0,967.0,973.0,986.0,939.0,800.0,835.0,859.0,896.0,827.0,878.0,863.0,869.0,837.0,845.0,1089.0,1094.0,1069.0,1106.0,1116.0,1068.0,1068.0,1062.0,1063.0,1101.0,962.0,967.0,939.0,936.0,979.0,982.0,970.0,921.0,953.0,997.0,892.0,873.0,869.0,821.0,842.0,813.0,864.0,941.0,882.0,889.0,792.0,789.0,802.0,783.0,773.0,740.0,836.0,768.0,715.0,734.0,898.0,873.0,888.0,899.0,861.0,867.0,902.0,856.0,928.0,861.0
352,1179.0,1136.0,1217.0,1163.0,1199.0,1256.0,1222.0,1173.0,1086.0,1173.0,1121.0,1090.0,1094.0,1143.0,1074.0,1080.0,1102.0,1081.0,1102.0,1050.0,1136.0,1135.0,1062.0,1070.0,1090.0,1115.0,1073.0,1100.0,1085.0,1141.0,981.0,933.0,1001.0,967.0,954.0,944.0,1008.0,1000.0,949.0,958.0,845.0,880.0,883.0,875.0,839.0,813.0,824.0,802.0,890.0,789.0,1104.0,1064.0,1086.0,1098.0,1097.0,1087.0,1130.0,1138.0,1109.0,1120.0,940.0,1002.0,970.0,954.0,966.0,1013.0,925.0,996.0,952.0,987.0,848.0,879.0,890.0,870.0,866.0,869.0,862.0,877.0,872.0,880.0,787.0,780.0,789.0,765.0,811.0,778.0,776.0,765.0,812.0,818.0,871.0,902.0,821.0,875.0,878.0,826.0,877.0,835.0,889.0,877.0
353,1173.0,1150.0,1206.0,1219.0,1179.0,1173.0,1211.0,1203.0,1161.0,1148.0,1097.0,1142.0,1082.0,1084.0,1040.0,1086.0,1070.0,1069.0,1103.0,1112.0,1135.0,1135.0,1077.0,1160.0,1107.0,1118.0,1082.0,1083.0,1137.0,1066.0,1002.0,913.0,1023.0,1017.0,949.0,958.0,959.0,965.0,945.0,963.0,876.0,868.0,834.0,858.0,875.0,841.0,829.0,860.0,831.0,875.0,1101.0,1096.0,1088.0,1027.0,1106.0,1105.0,1130.0,1045.0,1095.0,1107.0,911.0,974.0,1000.0,932.0,947.0,980.0,972.0,1003.0,910.0,980.0,881.0,884.0,861.0,867.0,839.0,878.0,830.0,917.0,899.0,866.0,774.0,726.0,773.0,740.0,806.0,766.0,822.0,783.0,760.0,818.0,863.0,910.0,867.0,870.0,928.0,878.0,893.0,842.0,906.0,864.0
354,1216.0,1169.0,1205.0,1177.0,1197.0,1123.0,1159.0,1191.0,1262.0,1190.0,1136.0,1095.0,1129.0,1095.0,1083.0,1044.0,1091.0,1082.0,1050.0,1082.0,1102.0,1123.0,1094.0,1096.0,1102.0,1120.0,1100.0,1120.0,1063.0,1119.0,1010.0,969.0,968.0,984.0,947.0,962.0,982.0,979.0,947.0,985.0,806.0,840.0,847.0,859.0,844.0,811.0,848.0,831.0,824.0,883.0,1054.0,1137.0,1087.0,1085.0,1083.0,1138.0,1090.0,1056.0,1088.0,1090.0,982.0,968.0,978.0,995.0,937.0,1018.0,986.0,975.0,949.0,956.0,828.0,857.0,866.0,873.0,923.0,879.0,903.0,869.0,861.0,897.0,811.0,779.0,738.0,766.0,764.0,822.0,790.0,804.0,824.0,752.0,864.0,858.0,894.0,844.0,897.0,869.0,854.0,864.0,876.0,845.0
355,1153.0,1126.0,1190.0,1149.0,1204.0,1198.0,1169.0,1195.0,1164.0,1120.0,1132.0,1112.0,1125.0,1041.0,1069.0,1118.0,1088.0,1112.0,1111.0,1116.0,1116.0,1095.0,1133.0,1126.0,1130.0,1075.0,1119.0,1113.0,1106.0,1096.0,956.0,980.0,973.0,1000.0,1002.0,941.0,959.0,998.0,998.0,1054.0,857.0,834.0,854.0,863.0,803.0,892.0,847.0,822.0,848.0,815.0,1123.0,1101.0,1078.0,1110.0,1085.0,1049.0,1070.0,1081.0,1039.0,1017.0,961.0,998.0,935.0,952.0,985.0,965.0,1025.0,962.0,943.0,971.0,864.0,880.0,868.0,871.0,858.0,852.0,894.0,860.0,923.0,931.0,751.0,798.0,778.0,777.0,777.0,754.0,755.0,766.0,801.0,793.0,894.0,874.0,869.0,889.0,863.0,944.0,878.0,860.0,813.0,892.0
356,1223.0,1172.0,1171.0,1119.0,1174.0,1188.0,1136.0,1215.0,1173.0,1176.0,1090.0,1094.0,1078.0,1060.0,1038.0,1084.0,1113.0,1105.0,1096.0,1109.0,1152.0,1107.0,1153.0,1107.0,1124.0,1134.0,1149.0,1066.0,1117.0,1160.0,928.0,958.0,904.0,1041.0,1007.0,953.0,995.0,986.0,1007.0,992.0,807.0,856.0,821.0,887.0,855.0,887.0,846.0,800.0,806.0,859.0,1103.0,1070.0,1085.0,1076.0,1059.0,1073.0,1078.0,1095.0,1064.0,1095.0,953.0,1014.0,1005.0,971.0,973.0,974.0,969.0,969.0,956.0,926.0,883.0,855.0,904.0,853.0,885.0,884.0,868.0,888.0,871.0,868.0,800.0,787.0,770.0,744.0,806.0,757.0,802.0,771.0,754.0,735.0,863.0,888.0,913.0,924.0,860.0,854.0,850.0,873.0,900.0,881.0
357,1133.0,1157.0,1178.0,1207.0,1142.0,1181.0,1170.0,1194.0,1137.0,1193.0,1134.0,1111.0,1089.0,1069.0,1091.0,1100.0,1119.0,1071.0,1100.0,1107.0,1120.0,1146.0,1116.0,1114.0,1139.0,1120.0,1201.0,1126.0,1113.0,1075.0,1012.0,984.0,932.0,930.0,970.0,952.0,974.0,990.0,972.0,949.0,850.0,833.0,821.0,848.0,821.0,861.0,803.0,852.0,857.0,850.0,1055.0,1079.0,1151.0,1051.0,1091.0,1101.0,1027.0,1074.0,1066.0,1105.0,971.0,1008.0,901.0,1008.0,1021.0,954.0,976.0,942.0,972.0,959.0,881.0,868.0,898.0,934.0,877.0,869.0,853.0,907.0,882.0,881.0,774.0,782.0,813.0,760.0,780.0,769.0,807.0,762.0,759.0,790.0,875.0,831.0,904.0,860.0,851.0,882.0,873.0,850.0,889.0,893.0
358,1152.0,1212.0,1202.0,1164.0,1173.0,1148.0,1219.0,1154.0,1204.0,1181.0,1123.0,1087.0,1033.0,1090.0,1127.0,1071.0,1101.0,1072.0,1085.0,1116.0,1180.0,1134.0,1124.0,1109.0,1119.0,1139.0,1142.0,1076.0,1075.0,1123.0,974.0,950.0,975.0,992.0,955.0,1014.0,1025.0,1022.0,946.0,977.0,875.0,876.0,875.0,853.0,879.0,828.0,817.0,870.0,869.0,857.0,1064.0,1081.0,1079.0,1061.0,1086.0,1111.0,1008.0,1067.0,1092.0,1096.0,935.0,925.0,944.0,985.0,959.0,913.0,930.0,979.0,963.0,973.0,843.0,875.0,854.0,830.0,844.0,885.0,902.0,845.0,849.0,825.0,802.0,790.0,800.0,811.0,757.0,804.0,784.0,789.0,796.0,752.0,856.0,868.0,920.0,888.0,881.0,879.0,872.0,900.0,868.0,901.0
359,1181.0,1203.0,1233.0,1160.0,1176.0,1170.0,1238.0,1170.0,1210.0,1151.0,1035.0,1115.0,1141.0,1064.0,1084.0,1080.0,1047.0,1062.0,1066.0,1084.0,1144.0,1120.0,1073.0,1099.0,1178.0,1100.0,1154.0,1133.0,1133.0,1130.0,1014.0,957.0,978.0,974.0,957.0,941.0,976.0,977.0,949.0,934.0,841.0,869.0,877.0,853.0,828.0,851.0,841.0,879.0,841.0,892.0,1076.0,1095.0,1056.0,1088.0,1109.0,1111.0,1091.0,1040.0,1063.0,1086.0,996.0,946.0,916.0,1015.0,953.0,963.0,926.0,965.0,961.0,1016.0,885.0,868.0,867.0,863.0,814.0,863.0,840.0,866.0,864.0,834.0,761.0,780.0,799.0,754.0,776.0,801.0,800.0,797.0,763.0,791.0,872.0,843.0,866.0,913.0,901.0,915.0,885.0,887.0,896.0,887.0
360,1162.0,1260.0,1216.0,1181.0,1157.0,1204.0,1222.0,1151.0,1139.0,1185.0,1085.0,1117.0,1151.0,1086.0,1092.0,1011.0,1094.0,1109.0,1103.0,1091.0,1072.0,1116.0,1106.0,1159.0,1102.0,1129.0,1121.0,1098.0,1109.0,1102.0,974.0,984.0,991.0,994.0,1014.0,1009.0,963.0,932.0,960.0,937.0,883.0,843.0,805.0,840.0,825.0,842.0,861.0,881.0,868.0,891.0,1041.0,1048.0,1044.0,1105.0,1137.0,1079.0,1040.0,1102.0,1088.0,1082.0,970.0,943.0,1045.0,926.0,953.0,1009.0,987.0,944.0,950.0,960.0,929.0,841.0,841.0,885.0,864.0,849.0,839.0,850.0,877.0,895.0,821.0,775.0,744.0,771.0,780.0,724.0,793.0,818.0,761.0,779.0,877.0,862.0,854.0,833.0,851.0,937.0,878.0,895.0,894.0,886.0
361,1175.0,1234.0,1152.0,1213.0,1178.0,1155.0,1168.0,1163.0,1165.0,1162.0,1049.0,1143.0,1091.0,1109.0,1042.0,1093.0,1122.0,1051.0,1092.0,1109.0,1151.0,1034.0,1129.0,1115.0,1095.0,1109.0,1096.0,1104.0,1124.0,1109.0,1025.0,973.0,1046.0,956.0,954.0,964.0,974.0,925.0,975.0,924.0,824.0,825.0,873.0,810.0,867.0,847.0,884.0,882.0,867.0,895.0,1097.0,1115.0,1090.0,1094.0,1094.0,1056.0,1058.0,1060.0,1066.0,1116.0,985.0,973.0,949.0,952.0,1014.0,951.0,960.0,1015.0,971.0,993.0,922.0,867.0,874.0,864.0,847.0,908.0,872.0,914.0,891.0,815.0,751.0,812.0,767.0,782.0,823.0,811.0,777.0,802.0,753.0,804.0,832.0,809.0,826.0,882.0,865.0,905.0,890.0,869.0,845.0,882.0
362,1220.0,1259.0,1146.0,1160.0,1185.0,1159.0,1187.0,1175.0,1142.0,1167.0,1114.0,1108.0,1109.0,1069.0,1058.0,1117.0,1087.0,1107.0,1077.0,1124.0,1102.0,1079.0,1132.0,1091.0,1106.0,1093.0,1147.0,1082.0,1128.0,1126.0,962.0,955.0,981.0,1002.0,998.0,996.0,946.0,969.0,945.0,999.0,793.0,859.0,902.0,837.0,839.0,864.0,855.0,831.0,876.0,872.0,1086.0,1064.0,1080.0,1129.0,1116.0,1074.0,1050.0,1099.0,1099.0,1078.0,977.0,975.0,940.0,956.0,997.0,975.0,1007.0,1012.0,954.0,948.0,883.0,859.0,835.0,851.0,874.0,874.0,844.0,863.0,895.0,873.0,794.0,774.0,756.0,785.0,761.0,781.0,771.0,768.0,773.0,750.0,878.0,851.0,916.0,897.0,843.0,868.0,907.0,877.0,861.0,871.0
363,1236.0,1216.0,1215.0,1223.0,1160.0,1194.0,1185.0,1208.0,1165.0,1162.0,1092.0,1059.0,1061.0,1100.0,1053.0,1148.0,1134.0,1105.0,1049.0,1095.0,1138.0,1113.0,1114.0,1096.0,1131.0,1074.0,1104.0,1124.0,1121.0,1231.0,973.0,971.0,995.0,952.0,1019.0,982.0,945.0,1000.0,960.0,933.0,867.0,840.0,893.0,883.0,847.0,823.0,862.0,777.0,855.0,810.0,1050.0,1101.0,1082.0,1106.0,1050.0,1087.0,1131.0,1060.0,1052.0,1143.0,985.0,986.0,946.0,976.0,983.0,976.0,975.0,989.0,968.0,962.0,854.0,854.0,894.0,811.0,883.0,880.0,829.0,880.0,893.0,860.0,758.0,782.0,780.0,778.0,786.0,752.0,750.0,787.0,804.0,765.0,852.0,859.0,817.0,847.0,869.0,882.0,882.0,849.0,887.0,836.0
364,1164.0,1186.0,1210.0,1203.0,1147.0,1173.0,1172.0,1189.0,1180.0,1187.0,1120.0,1071.0,1101.0,1079.0,1161.0,1063.0,1108.0,1184.0,1056.0,1098.0,1088.0,1100.0,1105.0,1105.0,1132.0,1095.0,1123.0,1105.0,1103.0,1095.0,988.0,961.0,977.0,946.0,989.0,984.0,943.0,967.0,985.0,944.0,883.0,825.0,927.0,866.0,833.0,889.0,894.0,871.0,833.0,877.0,1073.0,1085.0,1013.0,1078.0,1081.0,1129.0,1126.0,985.0,1078.0,1076.0,988.0,976.0,975.0,981.0,951.0,978.0,919.0,925.0,978.0,985.0,862.0,882.0,865.0,879.0,873.0,894.0,868.0,896.0,878.0,855.0,765.0,825.0,794.0,775.0,798.0,740.0,797.0,758.0,761.0,760.0,875.0,876.0,831.0,859.0,813.0,853.0,846.0,896.0,904.0,922.0
365,1200.0,1203.0,1231.0,1172.0,1178.0,1138.0,1196.0,1177.0,1146.0,1175.0,1100.0,1068.0,1124.0,1149.0,1090.0,1059.0,1080.0,1040.0,1123.0,1085.0,1137.0,1114.0,1106.0,1076.0,1134.0,1102.0,1131.0,1162.0,1100.0,1108.0,947.0,968.0,987.0,931.0,980.0,954.0,971.0,996.0,980.0,985.0,802.0,818.0,861.0,872.0,803.0,892.0,844.0,914.0,822.0,904.0,1116.0,1060.0,1122.0,1116.0,1049.0,1145.0,1048.0,1097.0,1080.0,1132.0,1031.0,1024.0,961.0,956.0,1008.0,991.0,966.0,947.0,938.0,960.0,863.0,882.0,829.0,821.0,860.0,852.0,907.0,891.0,873.0,850.0,735.0,747.0,773.0,778.0,770.0,781.0,793.0,740.0,787.0,723.0,869.0,904.0,796.0,900.0,905.0,887.0,861.0,808.0,910.0,877.0
366,1218.0,1155.0,1198.0,1188.0,1153.0,1123.0,1178.0,1165.0,1186.0,1187.0,1048.0,1087.0,1064.0,1112.0,1109.0,1071.0,1097.0,1101.0,1093.0,1132.0,1057.0,1118.0,1137.0,1100.0,1113.0,1141.0,1093.0,1069.0,1108.0,1080.0,1003.0,955.0,1036.0,949.0,1012.0,967.0,978.0,934.0,943.0,981.0,864.0,892.0,872.0,848.0,809.0,929.0,857.0,877.0,835.0,883.0,1061.0,1067.0,1078.0,1105.0,1073.0,1088.0,1088.0,1098.0,1091.0,1087.0,991.0,958.0,962.0,958.0,1008.0,981.0,990.0,963.0,1001.0,988.0,896.0,895.0,838.0,936.0,869.0,855.0,862.0,885.0,875.0,855.0,769.0,768.0,742.0,727.0,765.0,755.0,775.0,773.0,761.0,702.0,897.0,898.0,860.0,845.0,866.0,894.0,881.0,910.0,862.0,902.0
367,1228.0,1172.0,1184.0,1149.0,1134.0,1186.0,1191.0,1162.0,1148.0,1183.0,1091.0,1057.0,1073.0,1062.0,1110.0,1124.0,1055.0,1062.0,1099.0,1088.0,1116.0,1122.0,1119.0,1094.0,1073.0,1090.0,1149.0,1129.0,1143.0,1095.0,943.0,997.0,975.0,985.0,1007.0,919.0,938.0,928.0,955.0,997.0,836.0,845.0,828.0,837.0,849.0,839.0,828.0,865.0,856.0,818.0,1057.0,1081.0,1089.0,1084.0,1123.0,1091.0,1084.0,1119.0,1107.0,1088.0,988.0,991.0,966.0,982.0,984.0,984.0,976.0,972.0,928.0,982.0,881.0,890.0,866.0,904.0,863.0,877.0,892.0,879.0,900.0,946.0,774.0,758.0,763.0,813.0,745.0,779.0,802.0,772.0,722.0,743.0,889.0,881.0,926.0,863.0,891.0,915.0,887.0,886.0,894.0,856.0
368,1197.0,1191.0,1193.0,1189.0,1169.0,1207.0,1115.0,1164.0,1179.0,1187.0,1112.0,1139.0,1109.0,1112.0,1059.0,1108.0,1085.0,1133.0,1057.0,1105.0,1136.0,1107.0,1120.0,1124.0,1050.0,1080.0,1100.0,1173.0,1106.0,1091.0,1013.0,906.0,967.0,981.0,939.0,969.0,1003.0,988.0,956.0,1027.0,810.0,858.0,843.0,841.0,925.0,845.0,859.0,810.0,850.0,855.0,1083.0,1102.0,1071.0,1061.0,1054.0,1076.0,1065.0,1078.0,1045.0,1084.0,994.0,990.0,998.0,931.0,1006.0,1005.0,984.0,993.0,1003.0,958.0,881.0,890.0,848.0,827.0,918.0,847.0,929.0,850.0,899.0,855.0,726.0,766.0,755.0,831.0,808.0,790.0,797.0,781.0,766.0,781.0,845.0,842.0,883.0,877.0,858.0,875.0,872.0,798.0,893.0,855.0
369,1224.0,1177.0,1103.0,1232.0,1160.0,1174.0,1190.0,1145.0,1167.0,1167.0,1084.0,1134.0,1047.0,1093.0,1102.0,1101.0,1107.0,1044.0,1053.0,1135.0,1094.0,1122.0,1122.0,1126.0,1125.0,1116.0,1059.0,1139.0,1095.0,1100.0,944.0,938.0,1017.0,946.0,938.0,1015.0,963.0,980.0,974.0,965.0,890.0,884.0,887.0,836.0,864.0,836.0,934.0,864.0,878.0,855.0,1109.0,1064.0,1121.0,1080.0,1092.0,1055.0,1064.0,1123.0,1104.0,1134.0,962.0,950.0,1005.0,914.0,1014.0,969.0,983.0,977.0,995.0,970.0,861.0,895.0,882.0,896.0,881.0,873.0,827.0,851.0,848.0,881.0,781.0,764.0,767.0,783.0,764.0,779.0,819.0,761.0,773.0,757.0,848.0,863.0,840.0,864.0,845.0,884.0,866.0,886.0,868.0,832.0
370,1203.0,1175.0,1151.0,1185.0,1216.0,1186.0,1178.0,1167.0,1157.0,1181.0,1071.0,1145.0,1094.0,1084.0,1070.0,1094.0,1124.0,1076.0,1129.0,1150.0,1097.0,1090.0,1100.0,1105.0,1118.0,1153.0,1155.0,1071.0,1070.0,1113.0,952.0,942.0,985.0,964.0,967.0,986.0,958.0,955.0,986.0,944.0,828.0,873.0,876.0,881.0,886.0,879.0,877.0,854.0,883.0,836.0,1137.0,1083.0,1027.0,1088.0,1090.0,1051.0,1065.0,1123.0,1094.0,1057.0,964.0,1001.0,980.0,950.0,970.0,958.0,981.0,991.0,928.0,992.0,858.0,856.0,909.0,921.0,868.0,887.0,829.0,906.0,899.0,844.0,793.0,780.0,792.0,761.0,720.0,760.0,792.0,752.0,746.0,809.0,894.0,845.0,885.0,831.0,876.0,846.0,851.0,877.0,863.0,869.0
371,1199.0,1248.0,1139.0,1169.0,1148.0,1162.0,1157.0,1117.0,1166.0,1216.0,1072.0,1063.0,1086.0,1057.0,1120.0,1061.0,1112.0,1105.0,1060.0,1144.0,1102.0,1080.0,1081.0,1121.0,1096.0,1109.0,1067.0,1088.0,1104.0,1095.0,972.0,939.0,994.0,1024.0,966.0,975.0,976.0,994.0,1002.0,991.0,871.0,850.0,866.0,806.0,875.0,872.0,869.0,840.0,843.0,832.0,1075.0,1085.0,1081.0,1049.0,1044.0,1064.0,1108.0,1087.0,1078.0,1063.0,1021.0,969.0,980.0,975.0,1029.0,980.0,964.0,957.0,990.0,935.0,870.0,880.0,880.0,896.0,878.0,927.0,884.0,871.0,870.0,867.0,782.0,824.0,790.0,792.0,759.0,792.0,750.0,806.0,760.0,800.0,834.0,854.0,909.0,884.0,870.0,862.0,924.0,912.0,883.0,850.0
372,1148.0,1158.0,1224.0,1136.0,1181.0,1120.0,1192.0,1145.0,1199.0,1145.0,1084.0,1062.0,1067.0,1126.0,1100.0,1152.0,1140.0,1128.0,1083.0,1143.0,1157.0,1094.0,1130.0,1154.0,1120.0,1132.0,1101.0,1058.0,1137.0,1123.0,1040.0,997.0,956.0,947.0,966.0,978.0,993.0,984.0,978.0,978.0,844.0,820.0,840.0,834.0,846.0,859.0,824.0,865.0,807.0,844.0,1027.0,1097.0,1094.0,1093.0,1093.0,1023.0,1098.0,1074.0,1064.0,1095.0,960.0,1002.0,985.0,947.0,964.0,987.0,946.0,986.0,994.0,921.0,877.0,887.0,868.0,890.0,866.0,868.0,868.0,844.0,798.0,892.0,794.0,773.0,786.0,756.0,758.0,773.0,756.0,790.0,807.0,798.0,870.0,907.0,853.0,888.0,890.0,914.0,889.0,906.0,884.0,856.0
373,1148.0,1150.0,1193.0,1146.0,1127.0,1189.0,1229.0,1153.0,1207.0,1188.0,1088.0,1111.0,1111.0,1094.0,1089.0,1055.0,1079.0,1055.0,1062.0,1095.0,1181.0,1118.0,1121.0,1091.0,1139.0,1152.0,1086.0,1107.0,1052.0,1095.0,999.0,982.0,983.0,943.0,998.0,949.0,959.0,945.0,1008.0,979.0,877.0,867.0,845.0,918.0,845.0,844.0,873.0,851.0,833.0,889.0,1019.0,1056.0,1143.0,1114.0,1103.0,1072.0,1070.0,1151.0,1097.0,1072.0,971.0,955.0,936.0,978.0,922.0,988.0,953.0,988.0,1003.0,939.0,852.0,902.0,847.0,880.0,885.0,849.0,856.0,868.0,860.0,880.0,785.0,757.0,748.0,745.0,757.0,798.0,799.0,795.0,748.0,745.0,883.0,901.0,870.0,864.0,920.0,909.0,904.0,866.0,880.0,916.0
374,1172.0,1148.0,1193.0,1148.0,1159.0,1192.0,1215.0,1162.0,1174.0,1244.0,1095.0,1154.0,1093.0,1094.0,1081.0,1089.0,1102.0,1108.0,1109.0,1097.0,1094.0,1082.0,1090.0,1146.0,1133.0,1148.0,1100.0,1126.0,1062.0,1164.0,997.0,987.0,936.0,958.0,965.0,958.0,973.0,960.0,960.0,963.0,843.0,840.0,853.0,855.0,860.0,862.0,891.0,846.0,839.0,790.0,1106.0,1091.0,1108.0,1076.0,1075.0,1052.0,1065.0,1053.0,1124.0,1091.0,961.0,1007.0,996.0,965.0,955.0,990.0,990.0,975.0,966.0,969.0,888.0,893.0,885.0,913.0,854.0,857.0,871.0,920.0,892.0,855.0,752.0,739.0,774.0,740.0,822.0,790.0,756.0,765.0,776.0,722.0,896.0,857.0,871.0,878.0,886.0,867.0,842.0,864.0,848.0,893.0
375,1240.0,1162.0,1129.0,1170.0,1193.0,1196.0,1207.0,1189.0,1156.0,1201.0,1092.0,1086.0,1110.0,1108.0,1070.0,1086.0,1119.0,1112.0,1110.0,1104.0,1121.0,1114.0,1160.0,1128.0,1145.0,1085.0,1100.0,1082.0,1098.0,1070.0,934.0,992.0,955.0,979.0,919.0,974.0,953.0,985.0,980.0,976.0,871.0,837.0,843.0,823.0,854.0,878.0,817.0,862.0,818.0,869.0,1115.0,1081.0,1056.0,1075.0,1101.0,1111.0,1092.0,989.0,1116.0,1087.0,939.0,947.0,958.0,972.0,950.0,966.0,977.0,989.0,982.0,979.0,870.0,886.0,888.0,880.0,866.0,867.0,912.0,902.0,879.0,849.0,757.0,815.0,823.0,820.0,807.0,771.0,761.0,799.0,769.0,762.0,861.0,882.0,881.0,818.0,883.0,872.0,865.0,873.0,841.0,893.0
376,1187.0,1149.0,1172.0,1151.0,1213.0,1191.0,1188.0,1130.0,1150.0,1205.0,1122.0,1148.0,1056.0,1142.0,1096.0,1119.0,1131.0,1078.0,1086.0,1087.0,1076.0,1101.0,1123.0,1159.0,1117.0,1109.0,1085.0,1176.0,1123.0,1108.0,968.0,944.0,1028.0,994.0,993.0,941.0,959.0,1007.0,984.0,970.0,869.0,934.0,852.0,815.0,804.0,813.0,840.0,840.0,835.0,840.0,1053.0,1056.0,1090.0,1000.0,1086.0,1111.0,1067.0,1104.0,1072.0,1084.0,1001.0,980.0,1021.0,975.0,957.0,988.0,988.0,977.0,989.0,979.0,851.0,860.0,842.0,846.0,891.0,878.0,871.0,872.0,853.0,859.0,807.0,749.0,773.0,826.0,736.0,773.0,760.0,773.0,788.0,818.0,869.0,882.0,846.0,864.0,891.0,880.0,914.0,821.0,869.0,841.0
377,1187.0,1168.0,1171.0,1166.0,1184.0,1198.0,1210.0,1134.0,1158.0,1199.0,1052.0,1121.0,1111.0,1110.0,1120.0,1062.0,1107.0,1132.0,1081.0,1063.0,1100.0,1122.0,1146.0,1167.0,1063.0,1076.0,1142.0,1102.0,1132.0,1114.0,990.0,948.0,1017.0,946.0,928.0,970.0,999.0,1003.0,934.0,988.0,888.0,866.0,836.0,841.0,878.0,861.0,863.0,841.0,840.0,829.0,1067.0,1091.0,1069.0,1049.0,1114.0,1052.0,1078.0,1023.0,1081.0,1102.0,976.0,956.0,958.0,924.0,956.0,1021.0,923.0,1003.0,992.0,936.0,897.0,840.0,829.0,856.0,898.0,892.0,865.0,885.0,842.0,893.0,791.0,823.0,778.0,827.0,762.0,803.0,743.0,808.0,769.0,812.0,860.0,871.0,886.0,885.0,880.0,872.0,870.0,850.0,919.0,857.0
378,1222.0,1116.0,1218.0,1189.0,1268.0,1151.0,1154.0,1166.0,1212.0,1151.0,1086.0,1104.0,1137.0,1117.0,1099.0,1160.0,1104.0,1104.0,1058.0,1108.0,1120.0,1111.0,1161.0,1126.0,1069.0,1155.0,1145.0,1072.0,1101.0,1099.0,955.0,975.0,950.0,965.0,968.0,945.0,1001.0,991.0,951.0,984.0,827.0,893.0,848.0,806.0,857.0,825.0,857.0,862.0,831.0,837.0,1082.0,1084.0,1044.0,1133.0,1066.0,1027.0,1097.0,1045.0,1099.0,1099.0,965.0,993.0,919.0,927.0,970.0,1007.0,955.0,993.0,987.0,949.0,888.0,876.0,887.0,878.0,892.0,887.0,885.0,867.0,827.0,867.0,777.0,803.0,751.0,727.0,738.0,749.0,736.0,795.0,768.0,821.0,883.0,855.0,880.0,898.0,849.0,898.0,864.0,890.0,912.0,883.0
379,1190.0,1174.0,1209.0,1088.0,1145.0,1162.0,1150.0,1170.0,1209.0,1180.0,1130.0,1056.0,1099.0,1139.0,1129.0,1115.0,1101.0,1135.0,1050.0,1101.0,1101.0,1138.0,1135.0,1102.0,1098.0,1104.0,1115.0,1086.0,1087.0,1195.0,987.0,979.0,975.0,974.0,967.0,956.0,943.0,977.0,978.0,891.0,857.0,858.0,823.0,843.0,853.0,867.0,898.0,910.0,825.0,807.0,1102.0,1098.0,1050.0,1115.0,1130.0,996.0,1107.0,1057.0,1085.0,1088.0,962.0,1028.0,1001.0,1052.0,958.0,1005.0,926.0,1012.0,985.0,988.0,833.0,859.0,883.0,865.0,858.0,887.0,883.0,855.0,876.0,912.0,762.0,753.0,757.0,761.0,764.0,839.0,783.0,759.0,779.0,743.0,879.0,865.0,861.0,827.0,874.0,879.0,894.0,822.0,873.0,889.0
380,1202.0,1204.0,1180.0,1154.0,1201.0,1190.0,1189.0,1133.0,1184.0,1178.0,1085.0,1058.0,1093.0,1087.0,1071.0,1159.0,1041.0,1093.0,1045.0,1139.0,1112.0,1112.0,1121.0,1109.0,1097.0,1133.0,1137.0,1142.0,1131.0,1108.0,923.0,981.0,1006.0,985.0,1017.0,926.0,974.0,996.0,954.0,966.0,854.0,861.0,822.0,852.0,866.0,849.0,868.0,847.0,893.0,839.0,1102.0,1086.0,1059.0,1103.0,1077.0,1079.0,1085.0,1044.0,1038.0,1033.0,1013.0,964.0,969.0,975.0,977.0,967.0,1014.0,936.0,1000.0,1007.0,835.0,867.0,860.0,892.0,871.0,853.0,852.0,901.0,844.0,889.0,806.0,774.0,819.0,761.0,734.0,771.0,784.0,826.0,761.0,739.0,871.0,901.0,866.0,848.0,864.0,878.0,856.0,869.0,899.0,896.0
381,1243.0,1200.0,1212.0,1189.0,1182.0,1182.0,1220.0,1122.0,1201.0,1126.0,1095.0,1123.0,1075.0,1058.0,1144.0,1097.0,1115.0,1098.0,1072.0,1069.0,1101.0,1136.0,1084.0,1140.0,1115.0,1127.0,1129.0,1141.0,1086.0,1129.0,1005.0,962.0,948.0,950.0,921.0,944.0,918.0,942.0,938.0,931.0,863.0,884.0,919.0,832.0,832.0,816.0,857.0,900.0,896.0,885.0,1089.0,1108.0,1034.0,1098.0,1132.0,1113.0,1080.0,1139.0,1051.0,1083.0,950.0,930.0,937.0,978.0,954.0,985.0,945.0,966.0,953.0,996.0,850.0,877.0,873.0,882.0,838.0,867.0,900.0,820.0,899.0,898.0,746.0,730.0,848.0,803.0,796.0,816.0,793.0,764.0,777.0,816.0,857.0,851.0,871.0,837.0,857.0,857.0,840.0,892.0,878.0,868.0
382,1162.0,1228.0,1185.0,1166.0,1220.0,1180.0,1215.0,1152.0,1192.0,1232.0,1094.0,1105.0,1117.0,1078.0,1079.0,1090.0,1069.0,1076.0,1089.0,1090.0,1096.0,1056.0,1099.0,1143.0,1096.0,1111.0,1129.0,1118.0,1126.0,1108.0,973.0,919.0,946.0,985.0,921.0,913.0,1018.0,965.0,927.0,963.0,839.0,850.0,778.0,853.0,850.0,900.0,872.0,848.0,833.0,842.0,1113.0,1088.0,1097.0,1076.0,1094.0,1092.0,1039.0,1112.0,1099.0,1057.0,995.0,1034.0,969.0,1013.0,964.0,972.0,976.0,950.0,976.0,994.0,840.0,916.0,869.0,849.0,904.0,878.0,838.0,873.0,897.0,856.0,774.0,734.0,823.0,767.0,776.0,808.0,778.0,760.0,748.0,775.0,917.0,867.0,917.0,835.0,866.0,863.0,864.0,931.0,861.0,883.0
383,1163.0,1158.0,1193.0,1203.0,1198.0,1171.0,1206.0,1179.0,1222.0,1188.0,1063.0,1108.0,1104.0,1106.0,1125.0,1088.0,1127.0,1117.0,1084.0,1136.0,1155.0,1098.0,1107.0,1136.0,1124.0,1111.0,1085.0,1141.0,1111.0,1143.0,1007.0,983.0,952.0,931.0,948.0,959.0,976.0,945.0,949.0,1018.0,841.0,856.0,842.0,860.0,815.0,840.0,887.0,854.0,829.0,800.0,1059.0,1086.0,1100.0,1070.0,1112.0,1135.0,1073.0,1088.0,1120.0,1068.0,948.0,1022.0,987.0,953.0,953.0,1030.0,984.0,928.0,933.0,943.0,870.0,858.0,853.0,847.0,905.0,852.0,870.0,866.0,874.0,840.0,799.0,776.0,795.0,780.0,759.0,780.0,740.0,789.0,775.0,776.0,902.0,853.0,867.0,877.0,826.0,838.0,848.0,875.0,846.0,883.0
384,1172.0,1163.0,1180.0,1174.0,1141.0,1171.0,1147.0,1200.0,1249.0,1181.0,1097.0,1114.0,1099.0,1086.0,1134.0,1102.0,1137.0,1059.0,1062.0,1109.0,1094.0,1108.0,1070.0,1164.0,1106.0,1094.0,1105.0,1125.0,1115.0,1069.0,965.0,950.0,964.0,960.0,956.0,1035.0,1017.0,991.0,953.0,950.0,844.0,835.0,863.0,849.0,852.0,797.0,840.0,901.0,828.0,836.0,1093.0,1092.0,1063.0,1102.0,1061.0,1097.0,1064.0,1067.0,1110.0,1085.0,982.0,968.0,969.0,963.0,988.0,960.0,1006.0,906.0,936.0,997.0,880.0,906.0,908.0,850.0,934.0,915.0,887.0,877.0,901.0,882.0,783.0,776.0,785.0,770.0,780.0,793.0,761.0,832.0,763.0,808.0,900.0,887.0,904.0,844.0,817.0,838.0,832.0,825.0,819.0,881.0
385,1182.0,1224.0,1224.0,1177.0,1216.0,1157.0,1190.0,1200.0,1221.0,1191.0,1022.0,1112.0,1101.0,1068.0,1091.0,1098.0,1120.0,1066.0,1117.0,1108.0,1136.0,1145.0,1144.0,1115.0,1129.0,1135.0,1098.0,1171.0,1070.0,1124.0,981.0,968.0,1011.0,952.0,946.0,977.0,991.0,993.0,962.0,980.0,863.0,854.0,816.0,839.0,807.0,860.0,825.0,790.0,847.0,851.0,1054.0,1066.0,1068.0,1126.0,1052.0,1066.0,1022.0,1092.0,1043.0,1070.0,999.0,950.0,973.0,938.0,1004.0,1018.0,992.0,920.0,975.0,1006.0,886.0,914.0,822.0,863.0,880.0,853.0,891.0,898.0,880.0,875.0,830.0,710.0,794.0,822.0,771.0,774.0,788.0,797.0,774.0,773.0,861.0,851.0,846.0,862.0,871.0,863.0,882.0,850.0,848.0,820.0
386,1152.0,1155.0,1168.0,1207.0,1163.0,1177.0,1186.0,1201.0,1166.0,1155.0,1110.0,1058.0,1133.0,1133.0,1140.0,1048.0,1127.0,1088.0,1099.0,1116.0,1130.0,1164.0,1101.0,1035.0,1119.0,1132.0,1103.0,1165.0,1112.0,1156.0,972.0,989.0,983.0,957.0,966.0,997.0,988.0,940.0,954.0,1005.0,856.0,887.0,860.0,822.0,823.0,915.0,874.0,869.0,842.0,841.0,1095.0,1101.0,1069.0,1121.0,1090.0,1041.0,1010.0,1113.0,1104.0,1102.0,991.0,928.0,965.0,988.0,971.0,965.0,1032.0,901.0,955.0,921.0,865.0,856.0,887.0,886.0,892.0,892.0,866.0,887.0,859.0,870.0,772.0,777.0,775.0,756.0,753.0,766.0,750.0,779.0,800.0,743.0,870.0,878.0,860.0,854.0,849.0,871.0,865.0,829.0,847.0,887.0
387,1200.0,1119.0,1219.0,1148.0,1215.0,1186.0,1166.0,1155.0,1137.0,1188.0,1114.0,1105.0,1098.0,1098.0,1107.0,1069.0,1111.0,1085.0,1081.0,1047.0,1123.0,1074.0,1122.0,1147.0,1074.0,1135.0,1126.0,1115.0,1118.0,1136.0,974.0,940.0,989.0,1016.0,979.0,986.0,956.0,917.0,1016.0,949.0,832.0,864.0,843.0,790.0,865.0,843.0,842.0,834.0,857.0,843.0,1091.0,1129.0,1054.0,1093.0,1052.0,1093.0,1108.0,1088.0,1071.0,1062.0,959.0,921.0,950.0,959.0,978.0,956.0,972.0,989.0,944.0,993.0,882.0,948.0,811.0,906.0,858.0,873.0,864.0,914.0,858.0,925.0,758.0,792.0,807.0,748.0,749.0,796.0,805.0,786.0,791.0,774.0,877.0,905.0,906.0,851.0,889.0,867.0,851.0,891.0,869.0,882.0
388,1187.0,1148.0,1169.0,1190.0,1187.0,1216.0,1177.0,1171.0,1181.0,1145.0,1175.0,1046.0,1150.0,1120.0,1121.0,1087.0,1104.0,1124.0,1036.0,1085.0,1137.0,1084.0,1081.0,1068.0,1098.0,1164.0,1076.0,1137.0,1098.0,1121.0,989.0,1024.0,1016.0,1001.0,956.0,976.0,996.0,941.0,967.0,972.0,826.0,852.0,822.0,800.0,865.0,882.0,837.0,849.0,853.0,913.0,1077.0,1101.0,1083.0,1101.0,1053.0,1098.0,1067.0,1116.0,1114.0,1038.0,968.0,1009.0,978.0,943.0,974.0,899.0,1024.0,984.0,991.0,953.0,855.0,874.0,828.0,854.0,857.0,863.0,882.0,885.0,876.0,943.0,746.0,778.0,783.0,797.0,782.0,764.0,780.0,709.0,757.0,792.0,842.0,885.0,886.0,882.0,877.0,849.0,859.0,852.0,868.0,844.0
389,1245.0,1143.0,1195.0,1147.0,1208.0,1180.0,1174.0,1207.0,1156.0,1150.0,1007.0,1132.0,1109.0,1107.0,1037.0,1101.0,1115.0,1071.0,1111.0,1084.0,1130.0,1096.0,1092.0,1158.0,1140.0,1120.0,1126.0,1123.0,1088.0,1109.0,1010.0,954.0,972.0,992.0,998.0,1039.0,997.0,946.0,948.0,976.0,831.0,888.0,874.0,883.0,865.0,807.0,810.0,819.0,849.0,875.0,1107.0,1071.0,1098.0,1059.0,1088.0,1123.0,1093.0,1111.0,1083.0,1078.0,986.0,958.0,948.0,977.0,980.0,944.0,968.0,924.0,976.0,1007.0,837.0,851.0,867.0,803.0,860.0,881.0,874.0,890.0,879.0,894.0,782.0,787.0,791.0,772.0,741.0,736.0,797.0,783.0,765.0,773.0,863.0,924.0,852.0,859.0,852.0,860.0,847.0,892.0,887.0,865.0
390,1159.0,1185.0,1180.0,1166.0,1212.0,1189.0,1200.0,1142.0,1176.0,1140.0,1134.0,1048.0,1118.0,1083.0,1137.0,1108.0,1134.0,1105.0,1104.0,1103.0,1091.0,1163.0,1075.0,1087.0,1107.0,1134.0,1151.0,1073.0,1056.0,1107.0,995.0,948.0,1004.0,1021.0,961.0,1020.0,1025.0,975.0,982.0,988.0,843.0,892.0,854.0,851.0,817.0,791.0,876.0,851.0,870.0,870.0,1095.0,1112.0,1071.0,1091.0,1046.0,1086.0,1029.0,1092.0,1074.0,1056.0,944.0,962.0,966.0,994.0,956.0,935.0,965.0,987.0,1018.0,975.0,855.0,834.0,873.0,843.0,892.0,891.0,796.0,859.0,850.0,892.0,791.0,749.0,828.0,776.0,784.0,777.0,776.0,798.0,786.0,798.0,894.0,908.0,831.0,845.0,855.0,859.0,843.0,889.0,827.0,887.0
391,1193.0,1193.0,1180.0,1170.0,1245.0,1209.0,1214.0,1176.0,1177.0,1169.0,1148.0,1101.0,1059.0,1088.0,1120.0,1166.0,1079.0,1111.0,1111.0,1104.0,1082.0,1130.0,1107.0,1076.0,1085.0,1044.0,1174.0,1142.0,1075.0,1110.0,962.0,976.0,1001.0,989.0,960.0,947.0,987.0,907.0,957.0,984.0,858.0,820.0,842.0,845.0,873.0,821.0,875.0,833.0,888.0,823.0,1064.0,1098.0,1085.0,1066.0,1082.0,1093.0,1106.0,1069.0,1029.0,1095.0,963.0,924.0,1002.0,983.0,958.0,968.0,892.0,948.0,1009.0,989.0,884.0,916.0,865.0,880.0,850.0,871.0,847.0,945.0,837.0,889.0,752.0,765.0,751.0,790.0,732.0,761.0,756.0,760.0,769.0,769.0,894.0,876.0,909.0,877.0,857.0,907.0,861.0,879.0,891.0,882.0
392,1198.0,1235.0,1153.0,1156.0,1187.0,1238.0,1221.0,1206.0,1187.0,1162.0,1098.0,1084.0,1042.0,1041.0,1131.0,1121.0,1088.0,1079.0,1105.0,1099.0,1066.0,1122.0,1143.0,1083.0,1095.0,1086.0,1127.0,1144.0,1146.0,1082.0,979.0,927.0,942.0,986.0,940.0,958.0,955.0,935.0,930.0,1001.0,827.0,833.0,868.0,834.0,848.0,814.0,819.0,851.0,879.0,857.0,1100.0,1052.0,1112.0,1128.0,1085.0,1052.0,1144.0,1029.0,1055.0,1117.0,1016.0,959.0,978.0,957.0,980.0,951.0,916.0,972.0,972.0,1013.0,872.0,881.0,862.0,924.0,876.0,869.0,901.0,900.0,864.0,840.0,768.0,812.0,807.0,796.0,754.0,796.0,750.0,767.0,757.0,767.0,875.0,892.0,896.0,864.0,866.0,900.0,865.0,889.0,846.0,875.0
393,1163.0,1221.0,1210.0,1162.0,1208.0,1193.0,1152.0,1171.0,1254.0,1168.0,1111.0,1100.0,1094.0,1099.0,1070.0,1135.0,1087.0,1123.0,1067.0,1101.0,1085.0,1098.0,1109.0,1113.0,1130.0,1102.0,1109.0,1085.0,1101.0,1091.0,1016.0,936.0,989.0,960.0,1018.0,1017.0,993.0,987.0,942.0,964.0,835.0,847.0,824.0,813.0,851.0,805.0,849.0,866.0,886.0,898.0,1130.0,1072.0,1059.0,1125.0,1057.0,1108.0,1120.0,1093.0,1040.0,1071.0,981.0,992.0,960.0,983.0,977.0,983.0,1014.0,982.0,989.0,924.0,859.0,845.0,892.0,861.0,811.0,844.0,838.0,865.0,865.0,893.0,721.0,820.0,776.0,768.0,773.0,714.0,774.0,768.0,737.0,770.0,894.0,866.0,888.0,884.0,866.0,877.0,853.0,830.0,857.0,938.0
394,1176.0,1214.0,1201.0,1155.0,1186.0,1221.0,1170.0,1177.0,1190.0,1171.0,1050.0,1086.0,1080.0,1043.0,1056.0,1143.0,1126.0,1066.0,1122.0,1122.0,1129.0,1139.0,1182.0,1130.0,1140.0,1110.0,1098.0,1083.0,1088.0,1130.0,981.0,983.0,958.0,999.0,980.0,960.0,970.0,995.0,963.0,982.0,849.0,857.0,851.0,863.0,875.0,797.0,828.0,912.0,865.0,852.0,1077.0,1026.0,1066.0,1077.0,1090.0,1062.0,1108.0,1055.0,1058.0,1145.0,1000.0,986.0,963.0,954.0,940.0,965.0,976.0,984.0,937.0,971.0,871.0,827.0,835.0,878.0,829.0,840.0,886.0,844.0,867.0,850.0,741.0,797.0,756.0,776.0,780.0,776.0,803.0,801.0,795.0,736.0,922.0,881.0,904.0,897.0,887.0,900.0,824.0,857.0,854.0,852.0
395,1165.0,1150.0,1128.0,1186.0,1170.0,1160.0,1227.0,1122.0,1191.0,1210.0,1103.0,1150.0,1102.0,1053.0,1087.0,1115.0,1108.0,1065.0,1074.0,1087.0,1114.0,1115.0,1119.0,1100.0,1109.0,1112.0,1121.0,1145.0,1155.0,1124.0,955.0,958.0,976.0,953.0,967.0,990.0,946.0,994.0,1011.0,953.0,850.0,810.0,851.0,839.0,848.0,804.0,846.0,883.0,843.0,845.0,1057.0,1055.0,1072.0,1110.0,1107.0,1142.0,1082.0,1116.0,1034.0,1066.0,1016.0,990.0,991.0,975.0,913.0,934.0,989.0,987.0,963.0,988.0,905.0,894.0,914.0,933.0,847.0,875.0,862.0,853.0,783.0,885.0,748.0,749.0,796.0,744.0,788.0,805.0,732.0,739.0,796.0,785.0,886.0,925.0,852.0,880.0,930.0,838.0,871.0,870.0,887.0,867.0
396,1187.0,1170.0,1152.0,1183.0,1201.0,1211.0,1164.0,1140.0,1189.0,1159.0,1048.0,1105.0,1124.0,1062.0,1093.0,1126.0,1062.0,1088.0,1047.0,1084.0,1150.0,1148.0,1165.0,1142.0,1086.0,1038.0,1121.0,1067.0,1123.0,1061.0,947.0,984.0,937.0,966.0,962.0,982.0,967.0,1020.0,1006.0,972.0,868.0,867.0,817.0,866.0,842.0,831.0,836.0,849.0,839.0,865.0,1063.0,1059.0,1047.0,1053.0,1070.0,1109.0,1097.0,1095.0,1075.0,1109.0,973.0,931.0,1009.0,983.0,944.0,993.0,995.0,961.0,960.0,1013.0,867.0,879.0,916.0,927.0,937.0,890.0,866.0,901.0,892.0,862.0,756.0,830.0,775.0,754.0,749.0,731.0,770.0,828.0,741.0,783.0,945.0,825.0,859.0,836.0,884.0,863.0,911.0,831.0,864.0,906.0
397,1154.0,1214.0,1158.0,1189.0,1185.0,1167.0,1195.0,1152.0,1223.0,1185.0,1124.0,1099.0,1112.0,1166.0,1051.0,1096.0,1063.0,1133.0,1100.0,1050.0,1075.0,1138.0,1165.0,1100.0,1113.0,1096.0,1104.0,1116.0,1105.0,1136.0,934.0,977.0,972.0,943.0,981.0,965.0,969.0,975.0,979.0,996.0,831.0,841.0,885.0,846.0,866.0,870.0,867.0,825.0,858.0,861.0,1130.0,1084.0,1036.0,1004.0,1133.0,1101.0,1104.0,1115.0,1097.0,1084.0,934.0,980.0,966.0,1014.0,980.0,979.0,985.0,955.0,964.0,973.0,925.0,884.0,821.0,851.0,885.0,908.0,906.0,827.0,828.0,943.0,790.0,701.0,807.0,784.0,750.0,714.0,770.0,770.0,776.0,723.0,910.0,874.0,880.0,873.0,823.0,879.0,828.0,909.0,801.0,861.0
398,1175.0,1160.0,1174.0,1159.0,1190.0,1142.0,1176.0,1180.0,1170.0,1199.0,1106.0,1131.0,1105.0,1107.0,1085.0,1109.0,1091.0,1119.0,1159.0,1120.0,1164.0,1107.0,1178.0,1118.0,1058.0,1123.0,1132.0,1118.0,1103.0,1130.0,961.0,968.0,980.0,987.0,1000.0,1005.0,997.0,990.0,977.0,972.0,817.0,841.0,840.0,895.0,857.0,824.0,842.0,857.0,791.0,841.0,1082.0,1069.0,1084.0,1101.0,1099.0,1106.0,1042.0,1083.0,1067.0,1031.0,984.0,946.0,915.0,974.0,1018.0,951.0,987.0,944.0,984.0,1020.0,889.0,917.0,840.0,822.0,893.0,891.0,882.0,861.0,855.0,847.0,786.0,830.0,832.0,750.0,755.0,761.0,799.0,802.0,750.0,765.0,841.0,826.0,854.0,857.0,812.0,864.0,844.0,822.0,870.0,884.0
399,1209.0,1188.0,1190.0,1207.0,1173.0,1186.0,1151.0,1186.0,1156.0,1228.0,1120.0,1072.0,1086.0,1097.0,1092.0,1093.0,1129.0,1112.0,1110.0,1073.0,1120.0,1124.0,1122.0,1129.0,1133.0,1108.0,1125.0,1074.0,1107.0,1126.0,1006.0,942.0,938.0,922.0,928.0,984.0,978.0,1029.0,1025.0,963.0,864.0,854.0,838.0,850.0,838.0,888.0,866.0,842.0,809.0,841.0,1083.0,1100.0,1101.0,1108.0,1054.0,1040.0,1064.0,1076.0,1105.0,1104.0,928.0,976.0,972.0,941.0,1004.0,976.0,913.0,976.0,931.0,968.0,852.0,847.0,922.0,869.0,883.0,876.0,874.0,871.0,809.0,860.0,716.0,812.0,758.0,767.0,811.0,731.0,777.0,774.0,809.0,771.0,904.0,880.0,873.0,878.0,853.0,898.0,918.0,835.0,865.0,870.0
400,1193.0,1177.0,1156.0,1170.0,1166.0,1133.0,1145.0,1191.0,1155.0,1252.0,1142.0,1137.0,1134.0,1053.0,1125.0,1103.0,1106.0,1032.0,1064.0,1105.0,1084.0,1128.0,1129.0,1118.0,1132.0,1179.0,1130.0,1106.0,1099.0,1043.0,955.0,947.0,979.0,976.0,976.0,948.0,1015.0,1000.0,1004.0,947.0,861.0,832.0,853.0,833.0,823.0,867.0,860.0,833.0,834.0,880.0,1124.0,1090.0,1063.0,1067.0,1016.0,1033.0,1101.0,1100.0,1095.0,1062.0,937.0,1019.0,953.0,956.0,1003.0,995.0,920.0,996.0,950.0,949.0,863.0,812.0,900.0,947.0,852.0,867.0,868.0,877.0,842.0,900.0,719.0,753.0,793.0,783.0,800.0,763.0,755.0,813.0,793.0,786.0,920.0,896.0,842.0,868.0,878.0,895.0,895.0,827.0,896.0,881.0
401,1193.0,1207.0,1176.0,1126.0,1185.0,1152.0,1201.0,1179.0,1154.0,1187.0,1150.0,1109.0,1091.0,1100.0,1130.0,1025.0,1085.0,1047.0,1117.0,1072.0,1116.0,1040.0,1130.0,1117.0,1127.0,1077.0,1087.0,1119.0,1100.0,1137.0,946.0,1038.0,1005.0,1005.0,1005.0,970.0,946.0,1023.0,960.0,974.0,855.0,840.0,829.0,856.0,802.0,912.0,880.0,830.0,802.0,876.0,1126.0,1084.0,1071.0,1061.0,1062.0,1175.0,1103.0,1074.0,1103.0,1131.0,949.0,958.0,989.0,1020.0,934.0,979.0,960.0,936.0,982.0,966.0,853.0,918.0,881.0,886.0,844.0,868.0,893.0,874.0,844.0,857.0,736.0,753.0,791.0,725.0,812.0,740.0,789.0,823.0,785.0,759.0,868.0,842.0,838.0,876.0,869.0,886.0,854.0,871.0,887.0,841.0
402,1251.0,1189.0,1166.0,1177.0,1195.0,1196.0,1152.0,1134.0,1132.0,1198.0,1042.0,1079.0,1071.0,1068.0,1139.0,1066.0,1089.0,1086.0,1117.0,1119.0,1062.0,1135.0,1084.0,1126.0,1112.0,1094.0,1071.0,1143.0,1109.0,1116.0,989.0,956.0,1020.0,971.0,976.0,994.0,1008.0,1022.0,924.0,986.0,834.0,852.0,922.0,836.0,833.0,837.0,866.0,840.0,843.0,788.0,1086.0,1055.0,1052.0,1094.0,1050.0,1067.0,1064.0,1084.0,1125.0,1067.0,966.0,984.0,949.0,994.0,956.0,1001.0,978.0,961.0,911.0,979.0,899.0,884.0,911.0,832.0,855.0,891.0,876.0,824.0,882.0,914.0,768.0,747.0,760.0,775.0,790.0,775.0,794.0,782.0,807.0,781.0,896.0,910.0,871.0,898.0,864.0,866.0,906.0,900.0,886.0,851.0
403,1188.0,1155.0,1176.0,1156.0,1246.0,1173.0,1199.0,1158.0,1212.0,1188.0,1033.0,1086.0,1079.0,1117.0,1101.0,1090.0,1062.0,1103.0,1073.0,1087.0,1123.0,1095.0,1148.0,1137.0,1083.0,1086.0,1088.0,1174.0,1018.0,1127.0,992.0,1027.0,966.0,978.0,991.0,997.0,972.0,950.0,909.0,989.0,856.0,873.0,878.0,850.0,849.0,877.0,902.0,822.0,819.0,840.0,1110.0,1110.0,1064.0,1042.0,1036.0,1122.0,1087.0,1079.0,1157.0,1068.0,969.0,970.0,978.0,938.0,992.0,944.0,948.0,964.0,1034.0,970.0,829.0,824.0,892.0,851.0,876.0,890.0,889.0,852.0,870.0,849.0,799.0,745.0,807.0,799.0,742.0,734.0,800.0,751.0,766.0,788.0,894.0,907.0,820.0,906.0,852.0,875.0,861.0,919.0,875.0,893.0
404,1169.0,1136.0,1178.0,1168.0,1184.0,1183.0,1177.0,1195.0,1156.0,1175.0,1093.0,1110.0,1115.0,1078.0,1112.0,1090.0,1040.0,1067.0,1146.0,1110.0,1080.0,1100.0,1115.0,1119.0,1068.0,1072.0,1130.0,1115.0,1065.0,1073.0,988.0,939.0,984.0,958.0,956.0,958.0,1009.0,955.0,916.0,988.0,836.0,876.0,840.0,890.0,859.0,905.0,865.0,880.0,846.0,842.0,1123.0,1102.0,1064.0,1084.0,1082.0,1111.0,1087.0,1049.0,1075.0,1057.0,940.0,994.0,948.0,984.0,983.0,1005.0,1014.0,956.0,991.0,993.0,931.0,870.0,868.0,865.0,859.0,805.0,870.0,862.0,887.0,860.0,753.0,829.0,796.0,775.0,774.0,758.0,759.0,799.0,771.0,810.0,883.0,840.0,901.0,852.0,894.0,901.0,857.0,898.0,883.0,893.0
405,1192.0,1131.0,1143.0,1198.0,1193.0,1166.0,1186.0,1205.0,1170.0,1141.0,1082.0,1122.0,1092.0,1082.0,1078.0,1062.0,1137.0,1051.0,1082.0,1091.0,1131.0,1127.0,1101.0,1155.0,1102.0,1128.0,1107.0,1079.0,1142.0,1127.0,979.0,986.0,948.0,930.0,989.0,955.0,984.0,988.0,964.0,1002.0,833.0,888.0,894.0,897.0,851.0,848.0,848.0,811.0,832.0,832.0,1083.0,1069.0,1111.0,1066.0,1041.0,1099.0,1053.0,1098.0,1066.0,1102.0,969.0,985.0,938.0,977.0,1015.0,1021.0,1001.0,965.0,949.0,989.0,849.0,864.0,862.0,862.0,850.0,891.0,862.0,932.0,851.0,858.0,790.0,734.0,810.0,750.0,786.0,738.0,770.0,777.0,768.0,766.0,889.0,892.0,913.0,854.0,868.0,881.0,859.0,870.0,913.0,894.0
406,1178.0,1197.0,1165.0,1218.0,1206.0,1188.0,1227.0,1126.0,1113.0,1123.0,1103.0,1074.0,1094.0,1085.0,1097.0,1116.0,1156.0,1111.0,1072.0,1077.0,1086.0,1167.0,1139.0,1090.0,1146.0,1071.0,1084.0,1161.0,1159.0,1147.0,1019.0,1029.0,907.0,1000.0,950.0,1024.0,940.0,955.0,1009.0,995.0,833.0,794.0,899.0,847.0,817.0,831.0,881.0,832.0,848.0,855.0,1107.0,1072.0,1087.0,1084.0,1085.0,1019.0,1074.0,1097.0,1113.0,1103.0,961.0,932.0,993.0,964.0,994.0,992.0,932.0,988.0,956.0,921.0,853.0,842.0,887.0,904.0,828.0,890.0,871.0,851.0,841.0,914.0,820.0,816.0,780.0,740.0,791.0,779.0,743.0,779.0,793.0,755.0,839.0,871.0,861.0,837.0,855.0,881.0,893.0,875.0,834.0,915.0
407,1207.0,1132.0,1158.0,1186.0,1179.0,1170.0,1194.0,1143.0,1189.0,1136.0,1074.0,1114.0,1109.0,1080.0,1120.0,1054.0,1115.0,1099.0,1110.0,1080.0,1142.0,1134.0,1084.0,1106.0,1126.0,1101.0,1096.0,1176.0,1093.0,1159.0,1000.0,978.0,948.0,1007.0,951.0,954.0,959.0,945.0,982.0,959.0,848.0,827.0,867.0,864.0,847.0,878.0,836.0,855.0,845.0,826.0,1073.0,1097.0,1094.0,1079.0,1106.0,1107.0,1098.0,1049.0,1087.0,1086.0,948.0,957.0,1007.0,926.0,947.0,965.0,997.0,965.0,979.0,1018.0,884.0,909.0,878.0,883.0,876.0,882.0,876.0,889.0,850.0,889.0,772.0,775.0,750.0,740.0,769.0,792.0,796.0,819.0,775.0,793.0,850.0,874.0,918.0,898.0,848.0,892.0,833.0,837.0,826.0,861.0
408,1177.0,1172.0,1160.0,1188.0,1188.0,1171.0,1135.0,1186.0,1187.0,1168.0,1142.0,1100.0,1044.0,1048.0,1051.0,1087.0,1164.0,1072.0,1083.0,1089.0,1102.0,1110.0,1138.0,1106.0,1092.0,1124.0,1122.0,1135.0,1109.0,1097.0,1007.0,960.0,1009.0,908.0,977.0,985.0,996.0,979.0,1016.0,914.0,816.0,866.0,819.0,841.0,892.0,844.0,808.0,853.0,805.0,846.0,1069.0,1083.0,1101.0,1115.0,1116.0,1131.0,1084.0,1058.0,1042.0,1080.0,981.0,961.0,989.0,959.0,976.0,1005.0,969.0,1005.0,938.0,1010.0,888.0,850.0,892.0,913.0,875.0,832.0,883.0,870.0,886.0,887.0,764.0,790.0,777.0,789.0,753.0,738.0,756.0,761.0,761.0,808.0,850.0,908.0,882.0,904.0,849.0,874.0,881.0,856.0,910.0,913.0
409,1143.0,1185.0,1140.0,1205.0,1184.0,1184.0,1206.0,1189.0,1161.0,1141.0,1075.0,1070.0,1105.0,1096.0,1037.0,1105.0,1119.0,1148.0,1129.0,1103.0,1134.0,1116.0,1105.0,1105.0,1088.0,1161.0,1116.0,1126.0,1141.0,1139.0,997.0,946.0,979.0,979.0,930.0,974.0,949.0,989.0,964.0,957.0,848.0,831.0,816.0,834.0,848.0,815.0,826.0,862.0,803.0,832.0,1097.0,1076.0,1101.0,1110.0,1118.0,1078.0,1068.0,1033.0,1060.0,1072.0,1007.0,996.0,999.0,941.0,1017.0,979.0,1009.0,969.0,964.0,978.0,866.0,904.0,902.0,918.0,863.0,867.0,846.0,835.0,867.0,939.0,786.0,801.0,799.0,698.0,802.0,765.0,804.0,729.0,802.0,774.0,846.0,879.0,866.0,880.0,887.0,858.0,852.0,891.0,845.0,880.0
410,1132.0,1169.0,1162.0,1172.0,1139.0,1167.0,1200.0,1191.0,1186.0,1193.0,1100.0,1071.0,1101.0,1126.0,1077.0,1128.0,1068.0,1092.0,1087.0,1035.0,1140.0,1083.0,1104.0,1038.0,1137.0,1108.0,1179.0,1157.0,1095.0,1143.0,1004.0,1024.0,977.0,1012.0,980.0,1012.0,980.0,942.0,992.0,979.0,867.0,852.0,919.0,861.0,851.0,834.0,839.0,866.0,835.0,863.0,1062.0,1113.0,1050.0,1078.0,1074.0,1039.0,1090.0,1011.0,1050.0,1060.0,960.0,1002.0,934.0,965.0,931.0,984.0,998.0,963.0,954.0,1022.0,893.0,831.0,923.0,880.0,904.0,902.0,796.0,889.0,886.0,875.0,772.0,809.0,761.0,746.0,780.0,733.0,793.0,790.0,781.0,749.0,874.0,851.0,885.0,890.0,905.0,879.0,847.0,871.0,872.0,895.0
411,1128.0,1177.0,1159.0,1204.0,1208.0,1129.0,1156.0,1199.0,1180.0,1156.0,1095.0,1078.0,1081.0,1101.0,1105.0,1135.0,1090.0,1074.0,1128.0,1075.0,1135.0,1079.0,1129.0,1137.0,1131.0,1108.0,1144.0,1151.0,1069.0,1182.0,968.0,1023.0,954.0,955.0,968.0,987.0,1008.0,962.0,965.0,928.0,846.0,884.0,872.0,822.0,869.0,847.0,810.0,842.0,858.0,853.0,1084.0,1122.0,1059.0,1076.0,1036.0,1080.0,1089.0,1037.0,1081.0,1116.0,982.0,962.0,1079.0,949.0,958.0,988.0,960.0,956.0,982.0,996.0,954.0,804.0,833.0,859.0,862.0,894.0,884.0,916.0,849.0,847.0,776.0,815.0,786.0,764.0,771.0,726.0,794.0,797.0,768.0,756.0,839.0,862.0,863.0,898.0,870.0,891.0,854.0,838.0,859.0,902.0
412,1149.0,1195.0,1149.0,1171.0,1160.0,1160.0,1156.0,1190.0,1243.0,1167.0,1059.0,1048.0,1099.0,1092.0,1075.0,1102.0,1123.0,1056.0,1061.0,1113.0,1108.0,1123.0,1121.0,1143.0,1099.0,1135.0,1132.0,1095.0,1090.0,1137.0,1000.0,962.0,974.0,966.0,994.0,988.0,950.0,955.0,948.0,940.0,850.0,835.0,889.0,872.0,869.0,876.0,836.0,882.0,826.0,870.0,1083.0,1142.0,1098.0,1059.0,1111.0,1071.0,1054.0,1099.0,1100.0,1091.0,956.0,942.0,989.0,944.0,951.0,930.0,998.0,984.0,986.0,980.0,888.0,892.0,857.0,865.0,886.0,890.0,909.0,879.0,887.0,841.0,805.0,792.0,762.0,789.0,748.0,767.0,786.0,785.0,769.0,747.0,916.0,872.0,877.0,867.0,887.0,869.0,846.0,850.0,824.0,923.0
413,1165.0,1160.0,1214.0,1125.0,1154.0,1131.0,1165.0,1196.0,1148.0,1216.0,1121.0,1142.0,1063.0,1131.0,1043.0,1071.0,1101.0,1091.0,1075.0,1071.0,1083.0,1122.0,1128.0,1095.0,1122.0,1124.0,1093.0,1100.0,1094.0,1123.0,965.0,983.0,949.0,979.0,988.0,968.0,950.0,975.0,1010.0,948.0,885.0,871.0,833.0,864.0,837.0,878.0,862.0,809.0,866.0,879.0,1077.0,1048.0,1110.0,1080.0,1082.0,1074.0,1087.0,1092.0,1081.0,1102.0,991.0,955.0,1016.0,973.0,980.0,1030.0,961.0,1029.0,957.0,951.0,866.0,894.0,885.0,833.0,894.0,889.0,900.0,860.0,875.0,881.0,803.0,771.0,798.0,782.0,839.0,745.0,794.0,771.0,776.0,778.0,861.0,857.0,814.0,910.0,845.0,883.0,881.0,848.0,855.0,859.0
414,1147.0,1211.0,1186.0,1144.0,1178.0,1203.0,1222.0,1164.0,1150.0,1169.0,1088.0,1077.0,1095.0,1076.0,1078.0,1079.0,1099.0,1100.0,1027.0,1054.0,1132.0,1108.0,1111.0,1132.0,1130.0,1137.0,1109.0,1102.0,1115.0,1112.0,1014.0,965.0,1008.0,1013.0,949.0,932.0,923.0,1004.0,953.0,988.0,894.0,888.0,838.0,836.0,834.0,882.0,888.0,837.0,861.0,868.0,1078.0,1079.0,1048.0,1071.0,1076.0,1048.0,1106.0,1060.0,1105.0,1073.0,925.0,956.0,971.0,983.0,965.0,943.0,935.0,970.0,1003.0,994.0,909.0,865.0,878.0,918.0,869.0,885.0,835.0,882.0,848.0,882.0,759.0,755.0,769.0,764.0,792.0,784.0,776.0,756.0,783.0,818.0,872.0,898.0,906.0,837.0,914.0,902.0,899.0,897.0,895.0,855.0
415,1130.0,1186.0,1236.0,1146.0,1175.0,1145.0,1175.0,1169.0,1184.0,1190.0,1146.0,1071.0,1075.0,1085.0,1077.0,1110.0,1068.0,1108.0,1051.0,1114.0,1130.0,1121.0,1119.0,1129.0,1137.0,1086.0,1111.0,1145.0,1170.0,1111.0,1002.0,969.0,964.0,962.0,1031.0,977.0,935.0,962.0,948.0,985.0,849.0,830.0,854.0,868.0,797.0,817.0,884.0,846.0,859.0,868.0,1022.0,1113.0,1057.0,1151.0,1082.0,1137.0,1125.0,1074.0,1058.0,1130.0,989.0,983.0,952.0,927.0,976.0,1010.0,987.0,894.0,921.0,949.0,918.0,868.0,876.0,837.0,878.0,886.0,869.0,875.0,932.0,829.0,749.0,794.0,799.0,806.0,711.0,728.0,780.0,819.0,779.0,771.0,883.0,866.0,877.0,862.0,916.0,897.0,859.0,882.0,838.0,862.0
416,1185.0,1156.0,1233.0,1187.0,1121.0,1142.0,1206.0,1189.0,1181.0,1173.0,1058.0,1092.0,1028.0,1118.0,1120.0,1106.0,1106.0,1017.0,1081.0,1121.0,1149.0,1128.0,1119.0,1093.0,1147.0,1103.0,1135.0,1139.0,1099.0,1103.0,983.0,997.0,990.0,955.0,935.0,1001.0,989.0,981.0,946.0,946.0,836.0,833.0,865.0,877.0,871.0,849.0,876.0,871.0,842.0,880.0,1067.0,1067.0,1087.0,1071.0,1046.0,1022.0,1128.0,1092.0,1042.0,1100.0,973.0,933.0,1002.0,957.0,985.0,1021.0,941.0,975.0,976.0,955.0,890.0,870.0,867.0,895.0,889.0,894.0,823.0,892.0,912.0,868.0,816.0,808.0,755.0,749.0,775.0,766.0,737.0,741.0,811.0,773.0,862.0,921.0,860.0,871.0,893.0,893.0,846.0,877.0,853.0,892.0
417,1173.0,1156.0,1186.0,1137.0,1225.0,1171.0,1132.0,1179.0,1162.0,1211.0,1085.0,1097.0,1074.0,1099.0,1092.0,1119.0,1102.0,1092.0,1062.0,1131.0,1106.0,1123.0,1131.0,1136.0,1111.0,1121.0,1109.0,1078.0,1127.0,1144.0,939.0,966.0,1018.0,1009.0,948.0,1000.0,1021.0,990.0,992.0,996.0,850.0,852.0,855.0,875.0,869.0,842.0,850.0,863.0,861.0,822.0,1093.0,1069.0,1086.0,1040.0,1095.0,1068.0,1054.0,1036.0,1052.0,1032.0,974.0,991.0,960.0,983.0,974.0,981.0,1015.0,909.0,979.0,971.0,868.0,908.0,852.0,851.0,866.0,865.0,872.0,943.0,856.0,867.0,790.0,765.0,793.0,781.0,764.0,774.0,765.0,826.0,803.0,775.0,944.0,880.0,849.0,865.0,834.0,856.0,870.0,864.0,852.0,857.0
418,1176.0,1141.0,1216.0,1147.0,1156.0,1197.0,1174.0,1196.0,1130.0,1155.0,1102.0,1081.0,1061.0,1096.0,1109.0,1082.0,1078.0,1081.0,1056.0,1124.0,1111.0,1141.0,1142.0,1151.0,1082.0,1156.0,1083.0,1104.0,1113.0,1139.0,949.0,972.0,1006.0,1013.0,984.0,978.0,997.0,999.0,1005.0,954.0,841.0,872.0,846.0,861.0,849.0,832.0,869.0,831.0,881.0,853.0,1060.0,1115.0,1066.0,1023.0,1094.0,1108.0,1085.0,1113.0,1054.0,1115.0,1014.0,963.0,991.0,956.0,967.0,948.0,1004.0,969.0,976.0,957.0,914.0,878.0,888.0,911.0,834.0,822.0,861.0,880.0,893.0,840.0,793.0,747.0,769.0,732.0,798.0,783.0,774.0,745.0,783.0,781.0,864.0,898.0,815.0,886.0,908.0,887.0,869.0,858.0,861.0,888.0
419,1199.0,1170.0,1171.0,1177.0,1158.0,1163.0,1180.0,1128.0,1188.0,1192.0,1075.0,1076.0,1110.0,1126.0,1159.0,1111.0,1111.0,1095.0,1066.0,1105.0,1137.0,1082.0,1119.0,1117.0,1175.0,1120.0,1082.0,1130.0,1141.0,1118.0,1020.0,975.0,1002.0,998.0,940.0,968.0,1001.0,994.0,979.0,1015.0,845.0,902.0,830.0,847.0,832.0,839.0,822.0,868.0,849.0,826.0,1098.0,1077.0,1106.0,1052.0,1045.0,1083.0,1072.0,1086.0,1049.0,1080.0,906.0,963.0,957.0,943.0,961.0,947.0,949.0,966.0,971.0,977.0,884.0,858.0,896.0,904.0,884.0,906.0,884.0,864.0,835.0,853.0,794.0,780.0,775.0,748.0,720.0,782.0,799.0,751.0,802.0,751.0,863.0,929.0,832.0,864.0,903.0,876.0,897.0,896.0,872.0,887.0
420,1190.0,1114.0,1165.0,1159.0,1130.0,1135.0,1186.0,1160.0,1150.0,1177.0,1122.0,1116.0,1147.0,1115.0,1124.0,1070.0,1071.0,1102.0,1066.0,1104.0,1115.0,1170.0,1123.0,1078.0,1162.0,1155.0,1129.0,1129.0,1130.0,1081.0,992.0,957.0,971.0,1007.0,991.0,973.0,967.0,931.0,968.0,968.0,861.0,837.0,835.0,864.0,814.0,829.0,862.0,834.0,862.0,875.0,1047.0,1091.0,1083.0,1079.0,1100.0,1064.0,1077.0,1097.0,1094.0,1090.0,989.0,995.0,958.0,1016.0,973.0,968.0,952.0,989.0,966.0,980.0,859.0,875.0,867.0,852.0,907.0,882.0,883.0,858.0,845.0,885.0,760.0,755.0,775.0,752.0,732.0,799.0,768.0,770.0,802.0,778.0,884.0,902.0,872.0,852.0,840.0,923.0,904.0,908.0,872.0,868.0
421,1169.0,1170.0,1161.0,1207.0,1153.0,1169.0,1165.0,1212.0,1164.0,1185.0,1078.0,1046.0,1123.0,1078.0,1073.0,1124.0,1083.0,1094.0,1045.0,1038.0,1140.0,1112.0,1137.0,1101.0,1074.0,1122.0,1119.0,1128.0,1082.0,1121.0,958.0,1025.0,971.0,1002.0,1011.0,1009.0,967.0,950.0,1018.0,983.0,882.0,901.0,854.0,808.0,859.0,845.0,862.0,856.0,833.0,873.0,1070.0,1048.0,1087.0,1116.0,1074.0,1066.0,1097.0,1037.0,1109.0,1074.0,974.0,1004.0,949.0,1012.0,980.0,935.0,972.0,947.0,951.0,993.0,894.0,858.0,879.0,801.0,884.0,924.0,843.0,871.0,875.0,909.0,783.0,825.0,811.0,782.0,714.0,772.0,815.0,803.0,797.0,778.0,874.0,826.0,822.0,862.0,954.0,831.0,879.0,879.0,884.0,855.0
422,1138.0,1188.0,1169.0,1191.0,1147.0,1168.0,1153.0,1219.0,1158.0,1194.0,1097.0,1097.0,1129.0,1104.0,1085.0,1110.0,1081.0,1075.0,1097.0,1078.0,1117.0,1158.0,1111.0,1058.0,1148.0,1108.0,1120.0,1137.0,1125.0,1127.0,969.0,971.0,968.0,1007.0,977.0,960.0,958.0,1013.0,947.0,994.0,856.0,884.0,865.0,863.0,814.0,821.0,864.0,843.0,848.0,866.0,1101.0,1075.0,1033.0,1068.0,1088.0,1068.0,1147.0,1054.0,1071.0,1081.0,963.0,912.0,970.0,970.0,985.0,1012.0,957.0,986.0,933.0,962.0,874.0,878.0,898.0,883.0,871.0,867.0,798.0,826.0,928.0,861.0,816.0,798.0,762.0,748.0,767.0,820.0,796.0,800.0,754.0,774.0,893.0,852.0,891.0,878.0,894.0,864.0,928.0,819.0,897.0,872.0
423,1193.0,1139.0,1167.0,1160.0,1174.0,1178.0,1156.0,1165.0,1180.0,1239.0,1097.0,1086.0,1087.0,1115.0,1108.0,1089.0,1124.0,1144.0,1091.0,1064.0,1092.0,1128.0,1119.0,1140.0,1124.0,1125.0,1046.0,1099.0,1087.0,1153.0,925.0,953.0,968.0,939.0,966.0,980.0,977.0,936.0,965.0,981.0,894.0,867.0,815.0,869.0,852.0,838.0,882.0,814.0,864.0,787.0,1064.0,1118.0,1108.0,1059.0,1064.0,1059.0,1083.0,1078.0,1090.0,1074.0,954.0,981.0,977.0,968.0,953.0,1014.0,961.0,968.0,946.0,965.0,903.0,927.0,871.0,901.0,888.0,881.0,906.0,910.0,878.0,880.0,843.0,764.0,762.0,746.0,792.0,775.0,775.0,795.0,740.0,754.0,862.0,850.0,921.0,873.0,856.0,858.0,895.0,863.0,916.0,907.0
424,1182.0,1192.0,1215.0,1177.0,1201.0,1174.0,1185.0,1177.0,1156.0,1175.0,1071.0,1083.0,1118.0,1109.0,1130.0,1100.0,1113.0,1109.0,1094.0,1128.0,1102.0,1122.0,1129.0,1132.0,1126.0,1078.0,1100.0,1117.0,1163.0,1113.0,1015.0,968.0,969.0,965.0,1000.0,994.0,1016.0,965.0,969.0,978.0,866.0,864.0,852.0,805.0,865.0,884.0,849.0,842.0,830.0,813.0,1072.0,1080.0,1080.0,1054.0,1055.0,1075.0,1049.0,1053.0,1094.0,1046.0,956.0,976.0,962.0,981.0,963.0,987.0,1006.0,978.0,931.0,994.0,873.0,894.0,890.0,870.0,843.0,849.0,825.0,885.0,888.0,881.0,813.0,748.0,752.0,798.0,717.0,771.0,756.0,747.0,758.0,802.0,881.0,885.0,824.0,878.0,872.0,888.0,905.0,899.0,872.0,876.0
425,1173.0,1221.0,1171.0,1161.0,1163.0,1209.0,1162.0,1108.0,1191.0,1175.0,1109.0,1071.0,1161.0,1137.0,1072.0,1079.0,1098.0,1109.0,1102.0,1116.0,1182.0,1150.0,1064.0,1121.0,1122.0,1135.0,1144.0,1075.0,1113.0,1140.0,955.0,992.0,999.0,958.0,1050.0,952.0,974.0,977.0,969.0,1008.0,879.0,828.0,818.0,826.0,890.0,869.0,864.0,870.0,843.0,851.0,1073.0,1089.0,1094.0,1074.0,1139.0,1069.0,1069.0,1082.0,1069.0,1077.0,947.0,955.0,961.0,966.0,925.0,1008.0,988.0,977.0,929.0,948.0,867.0,899.0,866.0,876.0,834.0,828.0,856.0,915.0,862.0,849.0,774.0,781.0,759.0,775.0,726.0,759.0,788.0,751.0,772.0,798.0,868.0,820.0,896.0,874.0,849.0,889.0,862.0,913.0,904.0,844.0
426,1183.0,1168.0,1180.0,1187.0,1185.0,1207.0,1164.0,1153.0,1209.0,1159.0,1084.0,1095.0,1115.0,1072.0,1090.0,1155.0,1055.0,1069.0,1072.0,1124.0,1169.0,1097.0,1128.0,1123.0,1097.0,1098.0,1133.0,1101.0,1073.0,1080.0,982.0,1015.0,1001.0,968.0,971.0,965.0,965.0,963.0,941.0,993.0,857.0,855.0,855.0,820.0,853.0,866.0,883.0,898.0,830.0,837.0,1068.0,1109.0,1078.0,1125.0,1063.0,1093.0,1058.0,1093.0,1110.0,1038.0,913.0,938.0,925.0,977.0,990.0,926.0,1013.0,1014.0,945.0,991.0,856.0,890.0,840.0,907.0,879.0,849.0,877.0,872.0,828.0,925.0,841.0,766.0,784.0,750.0,782.0,765.0,772.0,752.0,843.0,776.0,872.0,872.0,885.0,837.0,862.0,869.0,889.0,864.0,903.0,888.0
427,1209.0,1185.0,1152.0,1139.0,1157.0,1194.0,1181.0,1221.0,1186.0,1212.0,1089.0,1034.0,1088.0,1148.0,1104.0,1057.0,1086.0,1068.0,1095.0,1064.0,1116.0,1107.0,1119.0,1081.0,1119.0,1138.0,1109.0,1077.0,1095.0,1109.0,1024.0,1002.0,975.0,993.0,1009.0,979.0,1016.0,991.0,956.0,1034.0,850.0,875.0,871.0,857.0,840.0,796.0,823.0,872.0,836.0,848.0,1069.0,1079.0,1125.0,1090.0,1044.0,1131.0,1069.0,1024.0,1074.0,1041.0,943.0,947.0,984.0,998.0,996.0,987.0,1019.0,1023.0,957.0,980.0,874.0,885.0,844.0,892.0,898.0,856.0,835.0,875.0,906.0,901.0,776.0,794.0,773.0,731.0,760.0,756.0,759.0,754.0,756.0,789.0,873.0,901.0,861.0,837.0,847.0,892.0,910.0,874.0,893.0,833.0
428,1175.0,1176.0,1189.0,1187.0,1145.0,1161.0,1165.0,1152.0,1210.0,1203.0,1088.0,1060.0,1088.0,1075.0,1085.0,1129.0,1081.0,1081.0,1103.0,1156.0,1135.0,1129.0,1155.0,1118.0,1130.0,1123.0,1146.0,1138.0,1051.0,1134.0,951.0,944.0,962.0,973.0,988.0,955.0,984.0,1000.0,941.0,1040.0,846.0,788.0,857.0,865.0,867.0,850.0,878.0,887.0,885.0,830.0,1111.0,1087.0,1064.0,1092.0,1084.0,1050.0,1067.0,1084.0,1055.0,1066.0,971.0,1026.0,922.0,951.0,974.0,960.0,979.0,945.0,965.0,887.0,874.0,887.0,899.0,847.0,898.0,919.0,862.0,915.0,934.0,860.0,763.0,789.0,804.0,759.0,775.0,763.0,774.0,752.0,786.0,776.0,907.0,923.0,853.0,900.0,831.0,878.0,872.0,824.0,824.0,854.0
429,1135.0,1187.0,1184.0,1171.0,1171.0,1169.0,1160.0,1162.0,1168.0,1152.0,1098.0,1101.0,1136.0,1049.0,1128.0,1096.0,1066.0,1119.0,1096.0,1117.0,1106.0,1120.0,1081.0,1066.0,1079.0,1141.0,1127.0,1095.0,1142.0,1152.0,982.0,949.0,986.0,986.0,942.0,974.0,964.0,993.0,1009.0,1024.0,812.0,854.0,875.0,915.0,845.0,871.0,922.0,839.0,871.0,870.0,1130.0,1081.0,1075.0,1078.0,1063.0,1104.0,1089.0,1039.0,1041.0,1041.0,963.0,978.0,969.0,983.0,980.0,962.0,982.0,978.0,982.0,934.0,930.0,883.0,877.0,926.0,875.0,865.0,866.0,867.0,864.0,893.0,822.0,824.0,759.0,762.0,789.0,759.0,747.0,802.0,750.0,757.0,843.0,832.0,851.0,835.0,908.0,846.0,887.0,887.0,829.0,865.0
430,1205.0,1163.0,1186.0,1180.0,1233.0,1204.0,1191.0,1170.0,1166.0,1183.0,1085.0,1079.0,1109.0,1061.0,1093.0,1095.0,1103.0,1139.0,1096.0,1143.0,1163.0,1105.0,1121.0,1094.0,1140.0,1083.0,1099.0,1144.0,1146.0,1144.0,965.0,990.0,966.0,1015.0,965.0,983.0,996.0,963.0,938.0,922.0,819.0,850.0,866.0,866.0,855.0,866.0,821.0,867.0,833.0,843.0,1076.0,1086.0,1067.0,1080.0,1034.0,1052.0,1045.0,1043.0,1087.0,1079.0,991.0,968.0,998.0,963.0,956.0,972.0,1006.0,951.0,952.0,946.0,849.0,880.0,844.0,885.0,899.0,870.0,911.0,882.0,871.0,874.0,767.0,780.0,755.0,778.0,788.0,760.0,796.0,757.0,803.0,781.0,897.0,912.0,880.0,851.0,815.0,904.0,842.0,864.0,860.0,887.0
431,1179.0,1212.0,1205.0,1173.0,1201.0,1214.0,1148.0,1175.0,1159.0,1187.0,1123.0,1120.0,1119.0,1156.0,1046.0,1088.0,1117.0,1098.0,1082.0,1098.0,1073.0,1085.0,1098.0,1179.0,1143.0,1106.0,1132.0,1084.0,1074.0,1123.0,964.0,968.0,949.0,960.0,1025.0,970.0,1007.0,978.0,953.0,976.0,872.0,830.0,869.0,808.0,790.0,820.0,801.0,908.0,869.0,862.0,1060.0,1095.0,1077.0,1041.0,1115.0,1093.0,1108.0,1084.0,1082.0,1069.0,989.0,977.0,980.0,953.0,912.0,948.0,978.0,972.0,911.0,1022.0,865.0,898.0,847.0,869.0,877.0,835.0,836.0,863.0,902.0,864.0,824.0,784.0,745.0,784.0,770.0,802.0,800.0,767.0,803.0,746.0,872.0,840.0,901.0,844.0,897.0,913.0,880.0,852.0,921.0,855.0
432,1175.0,1189.0,1174.0,1150.0,1160.0,1209.0,1196.0,1168.0,1207.0,1157.0,1125.0,1108.0,1098.0,1100.0,1133.0,1093.0,1100.0,1124.0,1040.0,1126.0,1102.0,1132.0,1047.0,1142.0,1069.0,1102.0,1122.0,1098.0,1056.0,1120.0,981.0,997.0,996.0,982.0,981.0,982.0,1015.0,1018.0,1004.0,993.0,837.0,824.0,868.0,843.0,856.0,856.0,831.0,858.0,836.0,839.0,1111.0,1078.0,1077.0,1055.0,1062.0,1079.0,1081.0,1064.0,1110.0,1100.0,970.0,972.0,979.0,990.0,970.0,980.0,949.0,962.0,957.0,979.0,847.0,885.0,895.0,884.0,878.0,825.0,851.0,872.0,861.0,828.0,789.0,758.0,756.0,745.0,799.0,792.0,764.0,738.0,782.0,760.0,881.0,863.0,904.0,877.0,873.0,869.0,896.0,878.0,903.0,898.0
433,1138.0,1179.0,1145.0,1175.0,1221.0,1186.0,1175.0,1145.0,1143.0,1188.0,1112.0,1103.0,1118.0,1133.0,1032.0,1072.0,1136.0,1112.0,1108.0,1089.0,1131.0,1106.0,1122.0,1123.0,1167.0,1092.0,1112.0,1163.0,1118.0,1104.0,990.0,1010.0,1016.0,961.0,980.0,979.0,955.0,964.0,1007.0,958.0,866.0,848.0,801.0,885.0,820.0,843.0,839.0,865.0,805.0,847.0,1105.0,1114.0,1098.0,1049.0,1087.0,1055.0,1077.0,1026.0,1062.0,1104.0,966.0,923.0,962.0,975.0,996.0,978.0,950.0,986.0,932.0,964.0,888.0,844.0,867.0,845.0,838.0,901.0,911.0,884.0,910.0,881.0,776.0,794.0,792.0,754.0,775.0,770.0,763.0,759.0,768.0,773.0,846.0,884.0,873.0,867.0,859.0,915.0,887.0,876.0,903.0,893.0
434,1180.0,1223.0,1190.0,1162.0,1163.0,1118.0,1204.0,1178.0,1166.0,1225.0,1071.0,1064.0,1078.0,1119.0,1094.0,1084.0,1103.0,1055.0,1104.0,1123.0,1085.0,1078.0,1093.0,1098.0,1111.0,1068.0,1159.0,1103.0,1134.0,1095.0,995.0,967.0,970.0,1007.0,952.0,999.0,963.0,992.0,937.0,976.0,901.0,845.0,862.0,875.0,860.0,861.0,825.0,836.0,846.0,871.0,1035.0,1065.0,1047.0,1058.0,1079.0,1081.0,1094.0,1089.0,1065.0,1104.0,955.0,978.0,978.0,1012.0,985.0,980.0,957.0,981.0,974.0,956.0,910.0,852.0,893.0,835.0,893.0,911.0,839.0,877.0,870.0,854.0,812.0,791.0,791.0,776.0,781.0,821.0,796.0,777.0,791.0,724.0,881.0,944.0,898.0,826.0,860.0,877.0,861.0,894.0,869.0,868.0
435,1154.0,1212.0,1177.0,1204.0,1154.0,1201.0,1219.0,1207.0,1156.0,1246.0,1090.0,1094.0,1132.0,1081.0,1106.0,1086.0,1092.0,1117.0,1116.0,1081.0,1144.0,1045.0,1106.0,1143.0,1124.0,1157.0,1149.0,1083.0,1131.0,1082.0,969.0,980.0,994.0,980.0,953.0,948.0,970.0,947.0,929.0,949.0,839.0,871.0,853.0,856.0,856.0,836.0,835.0,828.0,839.0,826.0,1118.0,1041.0,1066.0,1048.0,1120.0,1097.0,1084.0,1061.0,1076.0,1109.0,989.0,1003.0,990.0,960.0,933.0,970.0,994.0,985.0,985.0,994.0,841.0,925.0,862.0,909.0,866.0,845.0,870.0,876.0,908.0,893.0,821.0,759.0,777.0,749.0,773.0,777.0,760.0,772.0,795.0,729.0,857.0,879.0,842.0,837.0,892.0,880.0,822.0,905.0,819.0,883.0
436,1195.0,1180.0,1199.0,1142.0,1169.0,1202.0,1198.0,1209.0,1109.0,1205.0,1095.0,1094.0,1130.0,1100.0,1114.0,1094.0,1080.0,1096.0,1105.0,1132.0,1113.0,1101.0,1078.0,1085.0,1114.0,1110.0,1129.0,1111.0,1124.0,1126.0,945.0,944.0,1025.0,1020.0,993.0,929.0,955.0,1001.0,990.0,954.0,848.0,899.0,869.0,830.0,825.0,865.0,913.0,855.0,870.0,844.0,1095.0,1109.0,1060.0,1121.0,1031.0,1135.0,1137.0,1089.0,1057.0,1077.0,978.0,972.0,940.0,954.0,983.0,949.0,916.0,965.0,995.0,924.0,895.0,882.0,875.0,844.0,915.0,869.0,864.0,859.0,848.0,883.0,775.0,781.0,768.0,746.0,765.0,780.0,768.0,733.0,781.0,749.0,881.0,846.0,854.0,925.0,868.0,860.0,832.0,859.0,879.0,895.0
437,1195.0,1185.0,1148.0,1158.0,1158.0,1189.0,1209.0,1148.0,1204.0,1200.0,1082.0,1057.0,1154.0,1098.0,1087.0,1104.0,1077.0,1049.0,1059.0,1109.0,1088.0,1137.0,1142.0,1115.0,1091.0,1124.0,1130.0,1094.0,1179.0,1098.0,997.0,961.0,1008.0,996.0,969.0,967.0,967.0,1018.0,955.0,1037.0,841.0,877.0,855.0,826.0,817.0,875.0,870.0,848.0,814.0,806.0,1095.0,1126.0,1086.0,1042.0,1051.0,1078.0,1072.0,1106.0,1090.0,1075.0,1004.0,958.0,978.0,946.0,1032.0,989.0,968.0,939.0,953.0,987.0,815.0,890.0,819.0,906.0,880.0,805.0,869.0,881.0,835.0,881.0,794.0,791.0,750.0,790.0,812.0,777.0,772.0,789.0,810.0,736.0,908.0,825.0,854.0,891.0,884.0,884.0,858.0,909.0,853.0,857.0
438,1176.0,1173.0,1195.0,1174.0,1190.0,1149.0,1153.0,1167.0,1138.0,1216.0,1095.0,1006.0,1081.0,1107.0,1071.0,1106.0,1142.0,1099.0,1096.0,1092.0,1074.0,1183.0,1102.0,1091.0,1084.0,1071.0,1123.0,1119.0,1117.0,1092.0,1007.0,962.0,1028.0,1019.0,998.0,987.0,963.0,942.0,975.0,985.0,894.0,889.0,816.0,819.0,845.0,942.0,860.0,828.0,825.0,863.0,1086.0,1081.0,1097.0,1052.0,1080.0,1098.0,1079.0,1061.0,1103.0,1115.0,960.0,978.0,982.0,1008.0,987.0,916.0,1016.0,1022.0,966.0,969.0,883.0,843.0,880.0,824.0,862.0,873.0,822.0,873.0,910.0,860.0,783.0,806.0,765.0,780.0,814.0,783.0,765.0,772.0,797.0,750.0,863.0,887.0,845.0,895.0,852.0,870.0,867.0,896.0,825.0,844.0
439,1193.0,1193.0,1172.0,1172.0,1164.0,1185.0,1185.0,1169.0,1176.0,1174.0,1090.0,1055.0,1130.0,1133.0,1085.0,1079.0,1100.0,1090.0,1067.0,1069.0,1137.0,1135.0,1106.0,1079.0,1147.0,1099.0,1092.0,1121.0,1135.0,1090.0,970.0,978.0,967.0,985.0,1016.0,914.0,993.0,1012.0,981.0,986.0,870.0,884.0,819.0,851.0,857.0,879.0,910.0,833.0,865.0,841.0,1049.0,1062.0,1076.0,1076.0,1059.0,1122.0,1101.0,1096.0,1083.0,1082.0,973.0,969.0,1011.0,957.0,955.0,982.0,958.0,974.0,957.0,974.0,878.0,860.0,858.0,837.0,849.0,885.0,826.0,845.0,895.0,893.0,773.0,791.0,792.0,804.0,783.0,792.0,769.0,768.0,750.0,764.0,888.0,882.0,861.0,874.0,870.0,860.0,858.0,870.0,841.0,918.0
440,1145.0,1135.0,1228.0,1161.0,1145.0,1196.0,1149.0,1150.0,1242.0,1191.0,1064.0,1120.0,1115.0,1098.0,1102.0,1087.0,1130.0,1122.0,1046.0,1059.0,1119.0,1101.0,1046.0,1095.0,1125.0,1118.0,1116.0,1099.0,1077.0,1131.0,1027.0,963.0,945.0,971.0,995.0,906.0,965.0,986.0,953.0,983.0,861.0,877.0,844.0,850.0,884.0,821.0,894.0,824.0,890.0,833.0,1087.0,1122.0,1044.0,1068.0,1127.0,1050.0,1118.0,1109.0,1071.0,1071.0,975.0,981.0,1007.0,1015.0,942.0,1031.0,949.0,952.0,943.0,964.0,851.0,852.0,904.0,880.0,876.0,902.0,886.0,888.0,884.0,873.0,804.0,761.0,763.0,737.0,684.0,800.0,748.0,773.0,770.0,817.0,892.0,897.0,897.0,895.0,902.0,887.0,836.0,874.0,873.0,872.0
441,1175.0,1189.0,1146.0,1215.0,1187.0,1168.0,1156.0,1193.0,1179.0,1229.0,1020.0,1066.0,1141.0,1074.0,1071.0,1148.0,1162.0,1081.0,1087.0,1024.0,1147.0,1129.0,1122.0,1154.0,1182.0,1103.0,1129.0,1157.0,1137.0,1079.0,971.0,960.0,963.0,942.0,904.0,987.0,978.0,985.0,991.0,1034.0,870.0,852.0,853.0,850.0,848.0,844.0,836.0,827.0,869.0,839.0,1097.0,1085.0,1101.0,1037.0,1055.0,1032.0,1035.0,1076.0,1063.0,1103.0,991.0,970.0,946.0,1009.0,1005.0,1000.0,1023.0,977.0,1012.0,988.0,878.0,878.0,869.0,852.0,882.0,892.0,810.0,857.0,841.0,831.0,798.0,805.0,784.0,770.0,779.0,764.0,783.0,722.0,747.0,795.0,879.0,877.0,870.0,864.0,865.0,859.0,879.0,897.0,820.0,872.0
442,1193.0,1197.0,1216.0,1179.0,1171.0,1230.0,1204.0,1195.0,1173.0,1237.0,1116.0,1124.0,1104.0,1068.0,1085.0,1087.0,1116.0,1113.0,1088.0,1113.0,1079.0,1071.0,1104.0,1117.0,1114.0,1107.0,1073.0,1122.0,1082.0,1116.0,1010.0,968.0,976.0,1032.0,949.0,1023.0,965.0,985.0,1000.0,979.0,811.0,840.0,820.0,818.0,839.0,843.0,849.0,863.0,849.0,863.0,1049.0,1044.0,1076.0,1082.0,1083.0,1064.0,1052.0,1016.0,1055.0,1088.0,1020.0,979.0,957.0,1012.0,964.0,959.0,965.0,939.0,977.0,953.0,879.0,907.0,887.0,837.0,867.0,816.0,878.0,888.0,883.0,882.0,777.0,792.0,771.0,739.0,786.0,748.0,797.0,761.0,756.0,751.0,891.0,890.0,884.0,879.0,922.0,915.0,894.0,890.0,884.0,808.0
443,1166.0,1225.0,1221.0,1206.0,1169.0,1165.0,1176.0,1192.0,1124.0,1198.0,1091.0,1042.0,1126.0,1067.0,1073.0,1076.0,1090.0,1118.0,1067.0,1109.0,1102.0,1135.0,1128.0,1128.0,1155.0,1136.0,1075.0,1151.0,1150.0,1068.0,1016.0,1007.0,964.0,954.0,986.0,1004.0,967.0,948.0,971.0,990.0,819.0,833.0,838.0,889.0,833.0,891.0,892.0,850.0,874.0,832.0,1092.0,1079.0,1059.0,1029.0,1120.0,1090.0,1107.0,1071.0,1099.0,1107.0,1017.0,994.0,1008.0,947.0,941.0,942.0,916.0,936.0,972.0,987.0,851.0,840.0,868.0,886.0,921.0,827.0,874.0,896.0,869.0,894.0,776.0,780.0,746.0,789.0,735.0,805.0,807.0,754.0,752.0,750.0,894.0,874.0,831.0,871.0,842.0,858.0,894.0,852.0,869.0,855.0
444,1145.0,1169.0,1187.0,1156.0,1166.0,1195.0,1211.0,1215.0,1178.0,1172.0,1101.0,1136.0,1076.0,1065.0,1134.0,1101.0,1113.0,1112.0,1057.0,1087.0,1113.0,1110.0,1108.0,1121.0,1085.0,1143.0,1133.0,1118.0,1117.0,1073.0,980.0,984.0,968.0,1024.0,965.0,933.0,997.0,957.0,985.0,973.0,841.0,869.0,864.0,851.0,796.0,840.0,841.0,849.0,882.0,835.0,1113.0,1079.0,1110.0,1078.0,1083.0,1105.0,1075.0,1092.0,1089.0,1083.0,1000.0,962.0,965.0,957.0,975.0,951.0,990.0,928.0,968.0,997.0,893.0,830.0,861.0,892.0,849.0,888.0,821.0,865.0,848.0,893.0,804.0,789.0,770.0,771.0,800.0,760.0,754.0,762.0,765.0,806.0,834.0,879.0,881.0,852.0,923.0,875.0,857.0,866.0,858.0,876.0
445,1195.0,1165.0,1129.0,1195.0,1213.0,1190.0,1200.0,1204.0,1190.0,1165.0,1101.0,1123.0,1091.0,1068.0,1092.0,1085.0,1101.0,1069.0,1063.0,1095.0,1112.0,1142.0,1134.0,1126.0,1099.0,1088.0,1132.0,1110.0,1103.0,1097.0,937.0,967.0,966.0,965.0,934.0,955.0,970.0,1006.0,972.0,996.0,887.0,842.0,882.0,837.0,838.0,868.0,833.0,829.0,849.0,835.0,1149.0,1044.0,1058.0,1051.0,1076.0,1110.0,1041.0,1063.0,1117.0,1065.0,913.0,1044.0,1021.0,984.0,985.0,996.0,996.0,1003.0,963.0,970.0,890.0,852.0,934.0,835.0,864.0,828.0,859.0,852.0,850.0,884.0,763.0,735.0,774.0,816.0,787.0,796.0,798.0,773.0,770.0,803.0,874.0,890.0,805.0,891.0,890.0,875.0,861.0,852.0,868.0,890.0
446,1205.0,1151.0,1168.0,1178.0,1192.0,1179.0,1184.0,1148.0,1204.0,1212.0,1120.0,1129.0,1153.0,1086.0,1115.0,1118.0,1101.0,1139.0,1111.0,1099.0,1088.0,1089.0,1122.0,1097.0,1061.0,1115.0,1141.0,1074.0,1105.0,1120.0,1001.0,964.0,982.0,965.0,943.0,997.0,1007.0,940.0,956.0,964.0,861.0,854.0,897.0,813.0,845.0,884.0,855.0,828.0,824.0,844.0,1097.0,1118.0,1022.0,1072.0,1115.0,1063.0,1051.0,1084.0,1091.0,1091.0,983.0,987.0,1035.0,973.0,992.0,955.0,987.0,963.0,942.0,949.0,868.0,875.0,820.0,905.0,880.0,857.0,829.0,902.0,864.0,889.0,767.0,765.0,729.0,790.0,768.0,738.0,751.0,793.0,749.0,774.0,827.0,872.0,865.0,891.0,866.0,884.0,883.0,892.0,895.0,857.0
447,1193.0,1176.0,1174.0,1140.0,1208.0,1182.0,1196.0,1196.0,1142.0,1240.0,1095.0,1113.0,1149.0,1113.0,1099.0,1080.0,1085.0,1028.0,1055.0,1098.0,1155.0,1071.0,1080.0,1131.0,1069.0,1121.0,1161.0,1098.0,1090.0,1084.0,1006.0,989.0,978.0,986.0,978.0,1008.0,954.0,968.0,974.0,977.0,878.0,866.0,829.0,836.0,868.0,858.0,827.0,864.0,821.0,874.0,1016.0,1117.0,1078.0,1050.0,1077.0,1066.0,1071.0,1094.0,1126.0,1080.0,977.0,965.0,959.0,950.0,935.0,992.0,947.0,971.0,990.0,946.0,840.0,879.0,874.0,926.0,855.0,867.0,886.0,852.0,896.0,893.0,769.0,758.0,788.0,788.0,801.0,765.0,755.0,773.0,819.0,772.0,889.0,870.0,883.0,852.0,889.0,851.0,907.0,920.0,831.0,834.0
448,1175.0,1209.0,1172.0,1199.0,1197.0,1174.0,1171.0,1140.0,1153.0,1199.0,1112.0,1083.0,1142.0,1093.0,1113.0,1107.0,1048.0,1157.0,1108.0,1101.0,1096.0,1109.0,1125.0,1084.0,1140.0,1152.0,1162.0,1070.0,1112.0,1145.0,950.0,950.0,1011.0,961.0,964.0,1008.0,984.0,958.0,925.0,1001.0,841.0,838.0,787.0,882.0,817.0,832.0,856.0,857.0,861.0,828.0,1046.0,1111.0,1115.0,1075.0,1039.0,1033.0,1067.0,1096.0,1085.0,1067.0,1039.0,951.0,913.0,944.0,1012.0,972.0,1006.0,939.0,976.0,946.0,904.0,851.0,884.0,891.0,885.0,854.0,854.0,877.0,870.0,869.0,801.0,814.0,773.0,792.0,763.0,786.0,786.0,775.0,782.0,790.0,856.0,887.0,867.0,852.0,847.0,871.0,857.0,896.0,874.0,850.0
449,1180.0,1151.0,1232.0,1219.0,1182.0,1190.0,1158.0,1167.0,1194.0,1181.0,1065.0,1087.0,1104.0,1080.0,1072.0,1128.0,1056.0,1127.0,1110.0,1092.0,1155.0,1123.0,1090.0,1130.0,1073.0,1124.0,1065.0,1112.0,1087.0,1163.0,960.0,1005.0,986.0,985.0,976.0,997.0,988.0,957.0,905.0,979.0,866.0,899.0,825.0,873.0,868.0,858.0,905.0,801.0,855.0,823.0,1040.0,1073.0,1086.0,1072.0,1050.0,1077.0,1039.0,1044.0,1124.0,1087.0,1027.0,1002.0,1010.0,926.0,980.0,959.0,969.0,986.0,969.0,962.0,895.0,856.0,875.0,862.0,886.0,842.0,865.0,910.0,861.0,952.0,734.0,760.0,700.0,755.0,811.0,775.0,857.0,771.0,780.0,726.0,899.0,846.0,875.0,867.0,885.0,835.0,902.0,890.0,859.0,826.0
450,1225.0,1174.0,1237.0,1187.0,1170.0,1155.0,1156.0,1146.0,1158.0,1162.0,1104.0,1076.0,1069.0,1077.0,1078.0,1120.0,1081.0,1076.0,1133.0,1065.0,1059.0,1094.0,1142.0,1145.0,1140.0,1116.0,1102.0,1105.0,1093.0,1157.0,968.0,996.0,984.0,978.0,1004.0,960.0,976.0,993.0,947.0,958.0,883.0,889.0,820.0,802.0,840.0,860.0,868.0,842.0,819.0,873.0,1033.0,1080.0,1084.0,1111.0,1098.0,1088.0,1123.0,1088.0,1095.0,1097.0,1017.0,954.0,996.0,973.0,952.0,1013.0,971.0,958.0,943.0,992.0,928.0,906.0,854.0,887.0,861.0,876.0,895.0,881.0,887.0,855.0,753.0,748.0,758.0,732.0,823.0,754.0,777.0,790.0,748.0,771.0,850.0,887.0,834.0,873.0,818.0,843.0,854.0,890.0,920.0,863.0
451,1205.0,1168.0,1163.0,1175.0,1179.0,1156.0,1187.0,1183.0,1167.0,1180.0,1042.0,1103.0,1085.0,1090.0,1161.0,1096.0,1056.0,1139.0,1081.0,1094.0,1160.0,1167.0,1099.0,1150.0,1111.0,1091.0,1117.0,1108.0,1095.0,1123.0,965.0,963.0,1061.0,984.0,964.0,1006.0,1006.0,942.0,981.0,925.0,850.0,841.0,787.0,854.0,785.0,908.0,849.0,844.0,825.0,931.0,1069.0,1056.0,1112.0,1090.0,1081.0,1097.0,1044.0,1140.0,1050.0,1112.0,966.0,992.0,910.0,914.0,992.0,932.0,974.0,980.0,995.0,967.0,906.0,849.0,869.0,866.0,853.0,882.0,900.0,851.0,867.0,836.0,787.0,762.0,773.0,783.0,768.0,807.0,776.0,741.0,780.0,724.0,869.0,901.0,920.0,859.0,885.0,813.0,896.0,834.0,905.0,901.0
452,1171.0,1204.0,1162.0,1180.0,1192.0,1162.0,1128.0,1226.0,1172.0,1205.0,1109.0,1116.0,1075.0,1043.0,1062.0,1115.0,1079.0,1102.0,1090.0,1079.0,1104.0,1086.0,1121.0,1136.0,1140.0,1123.0,1169.0,1060.0,1152.0,1135.0,952.0,974.0,929.0,969.0,967.0,982.0,944.0,948.0,948.0,962.0,871.0,888.0,837.0,822.0,874.0,844.0,824.0,847.0,867.0,855.0,1087.0,1094.0,1109.0,1051.0,1093.0,1085.0,1092.0,1125.0,1079.0,1088.0,966.0,968.0,979.0,954.0,986.0,990.0,978.0,986.0,1002.0,989.0,881.0,869.0,893.0,901.0,872.0,849.0,885.0,841.0,824.0,860.0,797.0,717.0,778.0,832.0,748.0,797.0,793.0,760.0,766.0,751.0,881.0,882.0,900.0,883.0,842.0,840.0,916.0,864.0,843.0,867.0
453,1204.0,1198.0,1155.0,1162.0,1199.0,1155.0,1143.0,1172.0,1197.0,1178.0,1120.0,1110.0,1078.0,1098.0,1105.0,1092.0,1106.0,1107.0,1052.0,1128.0,1093.0,1115.0,1149.0,1113.0,1059.0,1138.0,1118.0,1099.0,1117.0,1129.0,979.0,961.0,940.0,977.0,999.0,974.0,992.0,992.0,995.0,980.0,868.0,878.0,861.0,848.0,852.0,858.0,826.0,813.0,820.0,826.0,1082.0,1078.0,1089.0,1117.0,1065.0,1059.0,1048.0,1089.0,1048.0,1057.0,960.0,1015.0,958.0,981.0,1022.0,987.0,1025.0,947.0,946.0,962.0,880.0,835.0,868.0,865.0,839.0,844.0,848.0,876.0,874.0,885.0,809.0,757.0,800.0,766.0,736.0,787.0,810.0,792.0,810.0,796.0,824.0,849.0,889.0,843.0,898.0,895.0,895.0,873.0,886.0,852.0
454,1179.0,1203.0,1189.0,1157.0,1202.0,1198.0,1171.0,1165.0,1142.0,1219.0,1115.0,1089.0,1055.0,1084.0,1093.0,1084.0,1100.0,1119.0,1118.0,1110.0,1087.0,1118.0,1106.0,1098.0,1130.0,1148.0,1174.0,1111.0,1157.0,1088.0,973.0,945.0,935.0,1001.0,957.0,986.0,964.0,965.0,983.0,964.0,838.0,878.0,888.0,839.0,865.0,818.0,851.0,850.0,820.0,855.0,1111.0,1121.0,1117.0,1105.0,1099.0,1079.0,1059.0,1068.0,1070.0,1094.0,995.0,950.0,954.0,1020.0,948.0,936.0,937.0,943.0,976.0,980.0,865.0,868.0,880.0,867.0,858.0,871.0,902.0,889.0,861.0,813.0,797.0,794.0,756.0,773.0,780.0,785.0,805.0,772.0,800.0,787.0,859.0,828.0,910.0,824.0,839.0,884.0,849.0,880.0,816.0,881.0
455,1190.0,1243.0,1180.0,1181.0,1185.0,1184.0,1165.0,1158.0,1201.0,1194.0,1117.0,1070.0,1075.0,1104.0,1100.0,1099.0,1076.0,1061.0,1113.0,1098.0,1064.0,1098.0,1138.0,1110.0,1108.0,1139.0,1117.0,1126.0,1092.0,1120.0,998.0,970.0,977.0,968.0,1004.0,1011.0,1027.0,960.0,948.0,998.0,890.0,840.0,824.0,838.0,866.0,853.0,867.0,839.0,863.0,854.0,1090.0,1049.0,1055.0,1090.0,1088.0,1093.0,1100.0,1125.0,1048.0,1079.0,926.0,975.0,980.0,971.0,960.0,974.0,956.0,952.0,983.0,929.0,885.0,855.0,889.0,834.0,862.0,853.0,871.0,911.0,858.0,890.0,778.0,810.0,780.0,790.0,724.0,714.0,753.0,778.0,764.0,800.0,881.0,883.0,894.0,882.0,871.0,866.0,881.0,854.0,873.0,830.0
456,1197.0,1203.0,1132.0,1197.0,1229.0,1192.0,1174.0,1195.0,1148.0,1192.0,1109.0,1122.0,1005.0,1150.0,1093.0,1103.0,1073.0,1041.0,1143.0,1113.0,1124.0,1112.0,1136.0,1068.0,1113.0,1106.0,1145.0,1117.0,1133.0,1106.0,956.0,1006.0,987.0,969.0,930.0,1005.0,947.0,979.0,920.0,1020.0,833.0,825.0,870.0,840.0,859.0,881.0,874.0,895.0,838.0,822.0,1075.0,1086.0,1134.0,1098.0,1027.0,1103.0,1066.0,1091.0,1102.0,1049.0,947.0,935.0,968.0,931.0,975.0,894.0,1014.0,965.0,982.0,1016.0,888.0,876.0,957.0,873.0,883.0,915.0,856.0,846.0,863.0,855.0,802.0,775.0,725.0,798.0,791.0,757.0,763.0,754.0,786.0,762.0,888.0,852.0,881.0,842.0,868.0,827.0,900.0,881.0,825.0,856.0
457,1187.0,1151.0,1129.0,1171.0,1153.0,1221.0,1206.0,1189.0,1167.0,1193.0,1093.0,1100.0,1139.0,1128.0,1140.0,1087.0,1094.0,1045.0,1020.0,1057.0,1118.0,1134.0,1155.0,1108.0,1133.0,1127.0,1086.0,1092.0,1123.0,1126.0,951.0,975.0,962.0,935.0,975.0,964.0,982.0,1018.0,958.0,1012.0,865.0,842.0,838.0,834.0,865.0,853.0,878.0,821.0,854.0,846.0,1070.0,1105.0,1063.0,1098.0,1061.0,1058.0,1070.0,1093.0,1083.0,1062.0,992.0,971.0,993.0,1007.0,991.0,946.0,992.0,960.0,975.0,981.0,897.0,880.0,867.0,857.0,893.0,920.0,862.0,877.0,890.0,858.0,793.0,769.0,785.0,752.0,710.0,777.0,796.0,794.0,800.0,782.0,854.0,867.0,867.0,874.0,845.0,828.0,847.0,877.0,874.0,877.0
458,1183.0,1238.0,1179.0,1172.0,1158.0,1165.0,1172.0,1200.0,1146.0,1205.0,1098.0,1036.0,1077.0,1098.0,1097.0,1109.0,1115.0,1101.0,1103.0,1111.0,1116.0,1134.0,1149.0,1141.0,1111.0,1122.0,1143.0,1089.0,1088.0,1086.0,1029.0,967.0,979.0,970.0,989.0,968.0,995.0,990.0,1007.0,979.0,854.0,862.0,905.0,854.0,902.0,847.0,872.0,843.0,870.0,848.0,1071.0,1071.0,1029.0,1055.0,1101.0,1041.0,1064.0,1027.0,1062.0,1042.0,948.0,953.0,1014.0,1005.0,933.0,995.0,936.0,991.0,964.0,962.0,851.0,859.0,863.0,865.0,826.0,844.0,885.0,851.0,822.0,930.0,795.0,798.0,761.0,733.0,777.0,797.0,772.0,806.0,786.0,749.0,875.0,875.0,843.0,868.0,875.0,896.0,860.0,871.0,899.0,883.0
459,1175.0,1186.0,1139.0,1185.0,1161.0,1166.0,1131.0,1147.0,1194.0,1239.0,1156.0,1080.0,1097.0,1080.0,1121.0,1086.0,1105.0,1089.0,1086.0,1071.0,1095.0,1076.0,1108.0,1124.0,1104.0,1155.0,1132.0,1183.0,1101.0,1128.0,989.0,981.0,948.0,966.0,971.0,1000.0,988.0,967.0,943.0,990.0,922.0,872.0,886.0,832.0,795.0,865.0,884.0,840.0,840.0,836.0,1091.0,1062.0,1108.0,1119.0,1114.0,1057.0,1070.0,1075.0,1076.0,1095.0,949.0,990.0,988.0,991.0,954.0,998.0,972.0,937.0,981.0,939.0,858.0,854.0,870.0,842.0,837.0,860.0,831.0,902.0,884.0,884.0,716.0,843.0,785.0,763.0,823.0,744.0,806.0,786.0,768.0,742.0,865.0,854.0,873.0,856.0,890.0,852.0,897.0,843.0,874.0,868.0
460,1191.0,1165.0,1150.0,1155.0,1166.0,1150.0,1184.0,1164.0,1187.0,1212.0,1084.0,1095.0,1086.0,1123.0,1159.0,1072.0,1105.0,1060.0,1059.0,1121.0,1120.0,1146.0,1079.0,1111.0,1095.0,1082.0,1104.0,1140.0,1091.0,1113.0,917.0,950.0,1000.0,973.0,962.0,992.0,969.0,961.0,985.0,973.0,849.0,871.0,854.0,831.0,862.0,832.0,836.0,840.0,868.0,869.0,1126.0,1139.0,1121.0,1076.0,1077.0,1102.0,1137.0,1042.0,1079.0,1094.0,999.0,987.0,987.0,975.0,936.0,975.0,941.0,1000.0,979.0,943.0,873.0,859.0,865.0,879.0,899.0,883.0,838.0,875.0,831.0,849.0,778.0,765.0,811.0,791.0,736.0,823.0,820.0,779.0,809.0,765.0,877.0,816.0,852.0,847.0,877.0,878.0,880.0,911.0,861.0,850.0
461,1187.0,1218.0,1187.0,1195.0,1179.0,1141.0,1171.0,1183.0,1155.0,1208.0,1102.0,1057.0,1135.0,1105.0,1091.0,1061.0,1131.0,1101.0,1111.0,1132.0,1102.0,1130.0,1100.0,1091.0,1140.0,1114.0,1091.0,1079.0,1110.0,1132.0,953.0,976.0,1017.0,985.0,972.0,991.0,983.0,968.0,949.0,996.0,908.0,799.0,879.0,861.0,820.0,856.0,861.0,851.0,850.0,800.0,1064.0,1037.0,1086.0,1089.0,1054.0,1086.0,1089.0,1087.0,1082.0,1086.0,989.0,962.0,971.0,963.0,956.0,961.0,939.0,986.0,993.0,961.0,854.0,895.0,877.0,840.0,915.0,898.0,876.0,884.0,835.0,863.0,760.0,805.0,693.0,732.0,793.0,806.0,804.0,763.0,766.0,751.0,896.0,915.0,854.0,899.0,851.0,881.0,869.0,871.0,898.0,855.0
462,1190.0,1181.0,1172.0,1158.0,1213.0,1217.0,1203.0,1214.0,1143.0,1165.0,1073.0,1048.0,1129.0,1075.0,1106.0,1071.0,1103.0,1094.0,1086.0,1083.0,1145.0,1109.0,1107.0,1138.0,1123.0,1065.0,1103.0,1091.0,1130.0,1076.0,950.0,976.0,1048.0,1008.0,941.0,956.0,943.0,982.0,975.0,997.0,862.0,881.0,846.0,854.0,832.0,850.0,828.0,838.0,874.0,869.0,1092.0,1068.0,1068.0,1072.0,1098.0,1079.0,1095.0,1039.0,1105.0,1087.0,949.0,987.0,953.0,951.0,942.0,958.0,969.0,1018.0,1002.0,969.0,864.0,891.0,857.0,900.0,897.0,905.0,943.0,853.0,839.0,863.0,768.0,786.0,769.0,749.0,774.0,812.0,764.0,771.0,759.0,825.0,921.0,871.0,850.0,857.0,843.0,886.0,859.0,871.0,834.0,857.0
463,1195.0,1158.0,1193.0,1233.0,1198.0,1204.0,1150.0,1214.0,1184.0,1226.0,1165.0,1103.0,1097.0,1093.0,1080.0,1118.0,1091.0,1066.0,1104.0,1058.0,1109.0,1132.0,1124.0,1082.0,1124.0,1098.0,1101.0,1127.0,1117.0,1103.0,930.0,966.0,980.0,943.0,962.0,989.0,1015.0,1011.0,941.0,1005.0,837.0,863.0,865.0,860.0,835.0,840.0,820.0,858.0,886.0,871.0,1067.0,1078.0,1048.0,1059.0,1062.0,1104.0,1094.0,1112.0,1018.0,1064.0,939.0,976.0,1016.0,1003.0,954.0,973.0,1015.0,955.0,970.0,959.0,900.0,887.0,874.0,834.0,885.0,828.0,878.0,806.0,888.0,868.0,770.0,792.0,733.0,765.0,797.0,755.0,777.0,781.0,757.0,773.0,900.0,845.0,867.0,890.0,874.0,885.0,868.0,836.0,884.0,865.0
464,1175.0,1122.0,1145.0,1158.0,1190.0,1179.0,1158.0,1171.0,1189.0,1215.0,1095.0,1080.0,1067.0,1097.0,1010.0,1122.0,1091.0,1055.0,1089.0,1122.0,1146.0,1155.0,1106.0,1119.0,1096.0,1169.0,1162.0,1117.0,1135.0,1115.0,939.0,973.0,987.0,989.0,949.0,969.0,985.0,974.0,942.0,969.0,838.0,865.0,878.0,867.0,841.0,800.0,886.0,837.0,809.0,839.0,1095.0,1089.0,1104.0,1104.0,1052.0,1061.0,1059.0,1094.0,1043.0,1077.0,984.0,958.0,965.0,903.0,1021.0,977.0,941.0,937.0,984.0,996.0,884.0,913.0,878.0,883.0,912.0,903.0,851.0,873.0,866.0,882.0,786.0,770.0,767.0,760.0,774.0,742.0,793.0,807.0,808.0,744.0,868.0,878.0,904.0,883.0,931.0,868.0,884.0,904.0,883.0,830.0
465,1193.0,1197.0,1162.0,1195.0,1141.0,1215.0,1170.0,1130.0,1135.0,1200.0,1096.0,1065.0,1062.0,1112.0,1082.0,1064.0,1087.0,1093.0,1083.0,1136.0,1123.0,1143.0,1148.0,1108.0,1073.0,1071.0,1110.0,1108.0,1084.0,1115.0,969.0,952.0,969.0,964.0,958.0,978.0,968.0,994.0,1005.0,999.0,850.0,842.0,866.0,851.0,837.0,870.0,880.0,849.0,855.0,826.0,1107.0,1052.0,1103.0,1101.0,1066.0,1079.0,1076.0,1087.0,1090.0,1079.0,916.0,988.0,959.0,935.0,1064.0,1022.0,945.0,994.0,972.0,990.0,881.0,917.0,891.0,897.0,878.0,896.0,872.0,834.0,879.0,841.0,796.0,750.0,779.0,761.0,794.0,765.0,803.0,807.0,767.0,753.0,879.0,895.0,864.0,838.0,887.0,830.0,902.0,876.0,881.0,845.0
466,1199.0,1194.0,1146.0,1200.0,1180.0,1204.0,1156.0,1195.0,1108.0,1172.0,1063.0,1067.0,1121.0,1106.0,1095.0,1095.0,1079.0,1043.0,1066.0,1168.0,1134.0,1111.0,1112.0,1108.0,1122.0,1150.0,1110.0,1117.0,1123.0,1110.0,946.0,975.0,984.0,1007.0,981.0,979.0,957.0,947.0,997.0,970.0,846.0,852.0,854.0,852.0,824.0,809.0,874.0,877.0,831.0,866.0,1069.0,1070.0,1056.0,1037.0,1076.0,1104.0,1141.0,1061.0,1060.0,1040.0,984.0,971.0,991.0,1026.0,1004.0,979.0,946.0,1005.0,995.0,965.0,912.0,864.0,842.0,851.0,891.0,860.0,878.0,848.0,899.0,841.0,792.0,782.0,840.0,752.0,768.0,784.0,785.0,803.0,773.0,778.0,867.0,917.0,862.0,820.0,838.0,819.0,889.0,880.0,904.0,876.0
467,1210.0,1138.0,1181.0,1171.0,1196.0,1196.0,1193.0,1149.0,1156.0,1197.0,1088.0,1091.0,1129.0,1084.0,1096.0,1113.0,1069.0,1076.0,1010.0,1107.0,1118.0,1127.0,1121.0,1122.0,1109.0,1117.0,1103.0,1084.0,1124.0,1114.0,988.0,975.0,950.0,994.0,975.0,1051.0,993.0,995.0,955.0,997.0,844.0,846.0,891.0,911.0,900.0,864.0,863.0,882.0,923.0,800.0,1048.0,1107.0,1117.0,1070.0,1022.0,1068.0,1086.0,1102.0,1043.0,1062.0,917.0,987.0,906.0,947.0,996.0,946.0,1008.0,952.0,977.0,1009.0,917.0,880.0,858.0,840.0,865.0,832.0,848.0,866.0,868.0,888.0,788.0,764.0,763.0,748.0,739.0,754.0,806.0,797.0,773.0,734.0,895.0,890.0,889.0,873.0,881.0,840.0,846.0,877.0,931.0,878.0
468,1186.0,1149.0,1210.0,1194.0,1156.0,1130.0,1159.0,1146.0,1141.0,1169.0,1129.0,1117.0,1095.0,1035.0,1104.0,1057.0,1119.0,1102.0,1120.0,1099.0,1125.0,1146.0,1141.0,1101.0,1100.0,1112.0,1097.0,1117.0,1073.0,1057.0,974.0,987.0,966.0,970.0,1011.0,1040.0,958.0,964.0,934.0,980.0,848.0,859.0,829.0,871.0,876.0,860.0,853.0,862.0,821.0,829.0,1079.0,1062.0,1129.0,1122.0,1127.0,1113.0,1101.0,1094.0,1086.0,1140.0,959.0,954.0,970.0,938.0,967.0,968.0,1005.0,969.0,997.0,1000.0,867.0,840.0,869.0,886.0,852.0,853.0,861.0,875.0,923.0,890.0,774.0,762.0,737.0,789.0,717.0,793.0,792.0,776.0,751.0,767.0,872.0,928.0,850.0,857.0,865.0,857.0,872.0,877.0,914.0,855.0
469,1165.0,1174.0,1191.0,1213.0,1136.0,1169.0,1165.0,1185.0,1212.0,1183.0,1102.0,1052.0,1075.0,1102.0,1121.0,1073.0,1057.0,1066.0,1129.0,1125.0,1104.0,1133.0,1130.0,1044.0,1101.0,1129.0,1106.0,1150.0,1058.0,1156.0,958.0,980.0,1028.0,945.0,996.0,977.0,995.0,958.0,951.0,917.0,845.0,871.0,839.0,904.0,883.0,892.0,924.0,875.0,854.0,845.0,1139.0,1061.0,1059.0,1114.0,1079.0,1071.0,1051.0,1086.0,1087.0,1078.0,1006.0,1010.0,983.0,976.0,981.0,981.0,987.0,1025.0,980.0,953.0,846.0,874.0,880.0,832.0,820.0,879.0,851.0,849.0,857.0,887.0,768.0,792.0,743.0,777.0,789.0,746.0,803.0,754.0,777.0,779.0,879.0,859.0,867.0,855.0,871.0,867.0,883.0,830.0,852.0,861.0
470,1200.0,1134.0,1128.0,1166.0,1143.0,1164.0,1187.0,1198.0,1154.0,1148.0,1094.0,1066.0,1075.0,1068.0,1107.0,1038.0,1109.0,1068.0,1101.0,1102.0,1143.0,1141.0,1115.0,1121.0,1144.0,1137.0,1096.0,1112.0,1121.0,1121.0,968.0,948.0,1029.0,1025.0,956.0,958.0,976.0,979.0,965.0,946.0,887.0,844.0,861.0,878.0,878.0,898.0,891.0,875.0,834.0,898.0,1004.0,1119.0,1072.0,1034.0,1089.0,1093.0,1074.0,1070.0,1086.0,1093.0,969.0,991.0,940.0,960.0,946.0,970.0,966.0,976.0,1000.0,963.0,870.0,898.0,874.0,855.0,865.0,892.0,885.0,863.0,838.0,867.0,776.0,793.0,826.0,776.0,771.0,765.0,785.0,745.0,737.0,799.0,903.0,873.0,881.0,881.0,880.0,872.0,853.0,890.0,920.0,853.0
471,1219.0,1163.0,1162.0,1130.0,1178.0,1124.0,1249.0,1156.0,1231.0,1162.0,1109.0,1062.0,1094.0,1133.0,1069.0,1116.0,1086.0,1102.0,1141.0,1103.0,1103.0,1079.0,1127.0,1132.0,1120.0,1128.0,1131.0,1094.0,1087.0,1121.0,987.0,960.0,1025.0,985.0,948.0,986.0,942.0,986.0,947.0,975.0,894.0,880.0,857.0,871.0,847.0,867.0,863.0,876.0,870.0,867.0,1101.0,1115.0,1044.0,1066.0,1140.0,1047.0,1083.0,1088.0,1067.0,1065.0,950.0,989.0,972.0,954.0,987.0,988.0,976.0,967.0,913.0,969.0,822.0,868.0,874.0,841.0,863.0,804.0,869.0,836.0,859.0,884.0,754.0,801.0,778.0,799.0,756.0,806.0,745.0,818.0,744.0,773.0,870.0,893.0,868.0,857.0,868.0,925.0,870.0,855.0,892.0,876.0
472,1192.0,1220.0,1227.0,1201.0,1194.0,1192.0,1158.0,1158.0,1199.0,1164.0,1086.0,1071.0,1022.0,1077.0,1038.0,1133.0,1084.0,1072.0,1127.0,1113.0,1181.0,1123.0,1124.0,1165.0,1118.0,1078.0,1157.0,1128.0,1140.0,1143.0,969.0,976.0,1005.0,1038.0,977.0,965.0,990.0,965.0,942.0,948.0,882.0,866.0,855.0,837.0,826.0,854.0,810.0,856.0,834.0,809.0,1091.0,1060.0,1108.0,1026.0,1109.0,1101.0,1089.0,1083.0,1043.0,1091.0,992.0,960.0,939.0,921.0,974.0,962.0,977.0,1003.0,984.0,987.0,857.0,851.0,872.0,851.0,896.0,835.0,892.0,890.0,843.0,893.0,723.0,770.0,761.0,793.0,748.0,781.0,800.0,776.0,761.0,764.0,829.0,913.0,884.0,857.0,895.0,890.0,856.0,847.0,874.0,882.0
473,1161.0,1181.0,1221.0,1180.0,1210.0,1207.0,1154.0,1140.0,1224.0,1199.0,1087.0,1096.0,1079.0,1078.0,1085.0,1080.0,1072.0,1110.0,1072.0,1130.0,1080.0,1115.0,1095.0,1120.0,1131.0,1128.0,1107.0,1146.0,1091.0,1072.0,1017.0,973.0,994.0,1016.0,946.0,955.0,997.0,958.0,938.0,994.0,841.0,879.0,854.0,837.0,781.0,897.0,814.0,816.0,811.0,845.0,1077.0,1060.0,1081.0,1072.0,1081.0,1115.0,1098.0,1052.0,1077.0,1096.0,1022.0,994.0,956.0,988.0,971.0,961.0,959.0,961.0,979.0,951.0,936.0,920.0,860.0,839.0,899.0,826.0,897.0,912.0,881.0,874.0,760.0,733.0,785.0,747.0,808.0,785.0,795.0,804.0,776.0,786.0,823.0,858.0,872.0,887.0,862.0,835.0,921.0,882.0,897.0,846.0
474,1164.0,1174.0,1193.0,1223.0,1232.0,1162.0,1164.0,1159.0,1156.0,1181.0,1102.0,1092.0,1105.0,1040.0,1106.0,1070.0,1109.0,1080.0,1054.0,1145.0,1154.0,1087.0,1075.0,1124.0,1081.0,1090.0,1077.0,1146.0,1104.0,1059.0,1029.0,938.0,1011.0,969.0,975.0,973.0,1016.0,962.0,997.0,1001.0,825.0,901.0,894.0,881.0,848.0,873.0,856.0,851.0,826.0,885.0,1061.0,1098.0,1078.0,1071.0,1055.0,1093.0,1048.0,1093.0,1066.0,1088.0,956.0,969.0,938.0,952.0,968.0,1017.0,956.0,965.0,991.0,910.0,870.0,897.0,886.0,861.0,877.0,865.0,886.0,862.0,878.0,916.0,814.0,787.0,760.0,789.0,765.0,741.0,805.0,800.0,772.0,773.0,829.0,867.0,858.0,854.0,865.0,908.0,900.0,864.0,905.0,837.0
475,1170.0,1182.0,1136.0,1151.0,1197.0,1202.0,1170.0,1159.0,1181.0,1216.0,1104.0,1091.0,1094.0,1130.0,1096.0,1058.0,1092.0,1102.0,1090.0,1076.0,1084.0,1056.0,1169.0,1098.0,1044.0,1100.0,1108.0,1103.0,1139.0,1075.0,979.0,977.0,977.0,953.0,938.0,978.0,990.0,977.0,970.0,960.0,859.0,835.0,821.0,843.0,848.0,812.0,895.0,884.0,858.0,888.0,1077.0,1080.0,1089.0,1076.0,1127.0,1062.0,1088.0,1054.0,1066.0,1114.0,992.0,992.0,980.0,964.0,999.0,1023.0,964.0,1034.0,990.0,982.0,864.0,903.0,868.0,926.0,880.0,903.0,915.0,868.0,907.0,888.0,790.0,790.0,823.0,779.0,771.0,768.0,735.0,757.0,721.0,726.0,889.0,908.0,841.0,846.0,873.0,888.0,858.0,843.0,824.0,868.0
476,1184.0,1177.0,1201.0,1154.0,1186.0,1149.0,1139.0,1099.0,1138.0,1122.0,1082.0,1097.0,1140.0,1143.0,1091.0,1112.0,1090.0,1096.0,1078.0,1109.0,1150.0,1095.0,1060.0,1152.0,1108.0,1083.0,1138.0,1101.0,1094.0,1145.0,956.0,977.0,947.0,1000.0,968.0,1007.0,983.0,1012.0,991.0,984.0,841.0,839.0,860.0,828.0,834.0,839.0,825.0,885.0,884.0,874.0,1082.0,1094.0,1079.0,1042.0,1085.0,1098.0,1107.0,1125.0,1137.0,1094.0,962.0,947.0,976.0,942.0,982.0,945.0,999.0,1025.0,953.0,968.0,902.0,911.0,864.0,866.0,836.0,860.0,909.0,856.0,908.0,904.0,774.0,836.0,773.0,743.0,807.0,814.0,773.0,757.0,714.0,751.0,876.0,844.0,900.0,894.0,877.0,891.0,852.0,825.0,848.0,846.0
477,1217.0,1150.0,1186.0,1213.0,1178.0,1183.0,1153.0,1165.0,1199.0,1200.0,1074.0,1110.0,1127.0,1130.0,1102.0,1130.0,1132.0,1127.0,1130.0,1141.0,1114.0,1136.0,1106.0,1111.0,1096.0,1116.0,1131.0,1114.0,1117.0,1132.0,918.0,998.0,952.0,979.0,956.0,941.0,961.0,968.0,961.0,959.0,851.0,825.0,867.0,821.0,837.0,818.0,862.0,871.0,827.0,846.0,1118.0,1100.0,1095.0,1045.0,1085.0,1095.0,1101.0,1093.0,1057.0,1114.0,937.0,946.0,995.0,963.0,979.0,1005.0,963.0,963.0,939.0,884.0,897.0,884.0,836.0,867.0,876.0,855.0,891.0,850.0,834.0,898.0,765.0,759.0,766.0,754.0,780.0,800.0,727.0,782.0,807.0,769.0,916.0,906.0,868.0,877.0,887.0,851.0,892.0,847.0,873.0,849.0
478,1230.0,1122.0,1185.0,1192.0,1160.0,1161.0,1170.0,1175.0,1195.0,1144.0,1106.0,1124.0,1109.0,1080.0,1132.0,1106.0,1095.0,1101.0,1159.0,1098.0,1089.0,1106.0,1097.0,1071.0,1112.0,1124.0,1134.0,1152.0,1075.0,1155.0,944.0,1014.0,974.0,996.0,956.0,946.0,1013.0,950.0,953.0,985.0,889.0,847.0,860.0,849.0,839.0,829.0,863.0,835.0,824.0,868.0,1092.0,1089.0,1086.0,1101.0,1115.0,1097.0,1032.0,1076.0,1061.0,1078.0,929.0,941.0,948.0,991.0,959.0,1023.0,999.0,981.0,1018.0,1020.0,866.0,905.0,875.0,895.0,821.0,845.0,910.0,851.0,873.0,836.0,768.0,790.0,771.0,719.0,799.0,814.0,727.0,742.0,735.0,759.0,893.0,877.0,894.0,865.0,882.0,849.0,869.0,913.0,845.0,849.0
479,1205.0,1179.0,1162.0,1165.0,1165.0,1164.0,1130.0,1221.0,1233.0,1171.0,1095.0,1124.0,1064.0,1090.0,1085.0,1135.0,1107.0,1128.0,1060.0,1091.0,1134.0,1108.0,1120.0,1069.0,1108.0,1114.0,1142.0,1073.0,1073.0,1121.0,957.0,914.0,985.0,972.0,1024.0,1027.0,974.0,970.0,980.0,973.0,867.0,872.0,855.0,862.0,856.0,802.0,873.0,863.0,887.0,845.0,1114.0,1029.0,1068.0,1080.0,1134.0,1085.0,1097.0,1077.0,1075.0,1094.0,962.0,980.0,987.0,984.0,949.0,978.0,982.0,938.0,970.0,964.0,835.0,889.0,904.0,900.0,817.0,851.0,851.0,865.0,871.0,903.0,766.0,783.0,780.0,794.0,738.0,784.0,761.0,751.0,774.0,761.0,869.0,939.0,879.0,850.0,896.0,853.0,894.0,887.0,816.0,871.0
480,1236.0,1174.0,1197.0,1146.0,1194.0,1108.0,1181.0,1150.0,1194.0,1205.0,1103.0,1113.0,1095.0,1117.0,1110.0,1108.0,1095.0,1103.0,1114.0,1052.0,1066.0,1096.0,1088.0,1104.0,1153.0,1144.0,1128.0,1114.0,1065.0,1107.0,977.0,970.0,981.0,994.0,932.0,987.0,964.0,967.0,977.0,1003.0,836.0,853.0,842.0,852.0,854.0,811.0,870.0,873.0,882.0,817.0,1109.0,1129.0,1116.0,1044.0,1075.0,1089.0,1118.0,1063.0,1112.0,1103.0,949.0,991.0,937.0,960.0,971.0,1020.0,974.0,1028.0,923.0,955.0,839.0,844.0,890.0,879.0,840.0,880.0,863.0,864.0,877.0,914.0,800.0,778.0,768.0,806.0,805.0,784.0,754.0,749.0,762.0,793.0,888.0,866.0,889.0,867.0,837.0,864.0,861.0,864.0,832.0,845.0
481,1210.0,1187.0,1141.0,1183.0,1244.0,1212.0,1201.0,1113.0,1150.0,1159.0,1122.0,1132.0,1127.0,1081.0,1072.0,1087.0,1134.0,1083.0,1151.0,1104.0,1135.0,1092.0,1120.0,1107.0,1068.0,1082.0,1096.0,1040.0,1124.0,1094.0,968.0,1009.0,967.0,962.0,1008.0,983.0,952.0,1024.0,977.0,982.0,874.0,828.0,868.0,880.0,867.0,856.0,883.0,889.0,838.0,841.0,1079.0,1050.0,1099.0,1059.0,1079.0,1057.0,1041.0,1112.0,1114.0,1112.0,954.0,961.0,933.0,957.0,979.0,956.0,959.0,957.0,911.0,959.0,853.0,878.0,904.0,842.0,843.0,859.0,885.0,920.0,826.0,886.0,774.0,803.0,761.0,824.0,744.0,794.0,788.0,770.0,758.0,805.0,833.0,873.0,884.0,877.0,864.0,910.0,869.0,873.0,884.0,855.0
482,1188.0,1208.0,1233.0,1204.0,1203.0,1213.0,1149.0,1159.0,1190.0,1138.0,1111.0,1056.0,1090.0,1057.0,1099.0,1166.0,1116.0,1074.0,1051.0,1171.0,1122.0,1094.0,1146.0,1097.0,1081.0,1116.0,1150.0,1133.0,1096.0,1142.0,1000.0,996.0,935.0,984.0,989.0,1025.0,978.0,992.0,947.0,985.0,794.0,832.0,824.0,910.0,838.0,827.0,880.0,858.0,844.0,860.0,1086.0,1075.0,1109.0,1058.0,1073.0,1056.0,1062.0,1119.0,1107.0,1058.0,1010.0,984.0,937.0,949.0,987.0,972.0,969.0,970.0,970.0,973.0,863.0,857.0,873.0,851.0,832.0,867.0,888.0,858.0,881.0,850.0,760.0,789.0,772.0,772.0,772.0,741.0,738.0,763.0,791.0,788.0,865.0,923.0,880.0,893.0,894.0,803.0,878.0,853.0,858.0,831.0
483,1165.0,1156.0,1196.0,1187.0,1159.0,1213.0,1186.0,1150.0,1163.0,1183.0,1085.0,1137.0,1067.0,1091.0,1147.0,1150.0,1072.0,1101.0,1099.0,1078.0,1065.0,1101.0,1084.0,1143.0,1127.0,1094.0,1118.0,1099.0,1092.0,1115.0,998.0,935.0,975.0,935.0,947.0,971.0,982.0,952.0,984.0,982.0,863.0,838.0,820.0,854.0,859.0,893.0,857.0,838.0,848.0,860.0,1133.0,1123.0,1085.0,1072.0,1066.0,1070.0,1066.0,1125.0,1099.0,1096.0,994.0,948.0,985.0,1003.0,947.0,899.0,977.0,1014.0,950.0,960.0,873.0,884.0,886.0,856.0,888.0,861.0,857.0,879.0,882.0,890.0,768.0,802.0,814.0,787.0,789.0,774.0,813.0,743.0,738.0,758.0,857.0,889.0,891.0,844.0,841.0,858.0,882.0,876.0,881.0,875.0
484,1216.0,1180.0,1232.0,1198.0,1177.0,1226.0,1171.0,1214.0,1222.0,1094.0,1076.0,1041.0,1071.0,1128.0,1071.0,1130.0,1089.0,1039.0,1108.0,1144.0,1114.0,1094.0,1082.0,1115.0,1126.0,1069.0,1108.0,1105.0,1095.0,1109.0,958.0,969.0,948.0,955.0,982.0,978.0,977.0,977.0,936.0,965.0,870.0,863.0,852.0,846.0,811.0,860.0,818.0,835.0,839.0,832.0,1095.0,1134.0,1088.0,1062.0,1119.0,1035.0,1071.0,1097.0,1026.0,1109.0,965.0,977.0,988.0,972.0,1000.0,981.0,988.0,1018.0,1019.0,988.0,854.0,887.0,869.0,912.0,878.0,892.0,882.0,846.0,855.0,899.0,770.0,816.0,793.0,773.0,746.0,755.0,834.0,769.0,803.0,771.0,883.0,853.0,880.0,808.0,858.0,855.0,875.0,875.0,832.0,889.0
485,1184.0,1204.0,1180.0,1159.0,1161.0,1206.0,1216.0,1220.0,1158.0,1188.0,1147.0,1076.0,1079.0,1050.0,1080.0,1071.0,1093.0,1075.0,1081.0,1072.0,1123.0,1133.0,1116.0,1109.0,1105.0,1125.0,1115.0,1095.0,1143.0,1120.0,983.0,941.0,954.0,1003.0,936.0,998.0,960.0,939.0,970.0,990.0,833.0,809.0,842.0,862.0,850.0,871.0,846.0,851.0,850.0,852.0,1047.0,1073.0,1101.0,1119.0,1107.0,1059.0,1091.0,1099.0,1075.0,1022.0,978.0,1002.0,966.0,1005.0,980.0,968.0,985.0,954.0,998.0,951.0,854.0,868.0,927.0,821.0,870.0,846.0,871.0,860.0,826.0,905.0,783.0,787.0,774.0,756.0,774.0,766.0,758.0,785.0,767.0,820.0,869.0,918.0,865.0,884.0,908.0,871.0,873.0,896.0,867.0,885.0
486,1161.0,1192.0,1178.0,1171.0,1223.0,1196.0,1187.0,1221.0,1154.0,1183.0,1123.0,1122.0,1080.0,1038.0,1082.0,1085.0,1099.0,1087.0,1098.0,1108.0,1098.0,1105.0,1156.0,1121.0,1135.0,1165.0,1146.0,1104.0,1117.0,1148.0,965.0,1010.0,988.0,959.0,1021.0,937.0,928.0,925.0,991.0,995.0,846.0,819.0,847.0,897.0,805.0,864.0,854.0,892.0,813.0,832.0,1102.0,1036.0,1090.0,1075.0,1040.0,1076.0,1071.0,1079.0,1078.0,1042.0,959.0,987.0,1000.0,1003.0,961.0,957.0,967.0,943.0,948.0,946.0,843.0,867.0,826.0,856.0,892.0,880.0,893.0,889.0,874.0,854.0,797.0,791.0,762.0,765.0,773.0,774.0,821.0,775.0,772.0,812.0,910.0,880.0,872.0,886.0,836.0,847.0,843.0,857.0,892.0,886.0
487,1167.0,1147.0,1240.0,1152.0,1199.0,1172.0,1172.0,1205.0,1199.0,1145.0,1112.0,1135.0,1072.0,1137.0,1083.0,1082.0,1101.0,1108.0,1067.0,1102.0,1121.0,1129.0,1106.0,1089.0,1139.0,1130.0,1101.0,1113.0,1112.0,1196.0,972.0,1033.0,966.0,985.0,994.0,1015.0,988.0,918.0,976.0,944.0,844.0,854.0,857.0,839.0,841.0,866.0,797.0,821.0,883.0,902.0,1115.0,1063.0,1109.0,1080.0,1068.0,1056.0,1115.0,1083.0,1058.0,1047.0,974.0,1008.0,960.0,947.0,992.0,997.0,1012.0,1011.0,948.0,955.0,869.0,810.0,826.0,888.0,849.0,867.0,877.0,906.0,874.0,870.0,757.0,800.0,803.0,776.0,774.0,768.0,764.0,765.0,764.0,766.0,872.0,826.0,855.0,879.0,828.0,828.0,880.0,839.0,858.0,879.0
488,1204.0,1148.0,1168.0,1136.0,1171.0,1183.0,1154.0,1180.0,1158.0,1132.0,1077.0,1117.0,1130.0,1184.0,1156.0,1080.0,1069.0,1092.0,1061.0,1100.0,1129.0,1119.0,1128.0,1098.0,1134.0,1099.0,1104.0,1091.0,1116.0,1110.0,937.0,990.0,958.0,1004.0,970.0,991.0,997.0,996.0,1002.0,992.0,902.0,830.0,821.0,844.0,812.0,880.0,814.0,799.0,873.0,848.0,1022.0,1099.0,1079.0,1092.0,1117.0,1055.0,1076.0,1112.0,1049.0,1156.0,1027.0,972.0,958.0,947.0,919.0,1010.0,969.0,951.0,976.0,973.0,871.0,862.0,927.0,864.0,865.0,809.0,871.0,888.0,860.0,911.0,752.0,762.0,752.0,751.0,768.0,756.0,827.0,771.0,817.0,771.0,884.0,905.0,874.0,849.0,852.0,919.0,929.0,888.0,832.0,811.0
489,1208.0,1182.0,1178.0,1167.0,1178.0,1172.0,1188.0,1132.0,1164.0,1176.0,1097.0,1115.0,1065.0,1093.0,1030.0,1093.0,1078.0,1099.0,1103.0,1049.0,1102.0,1116.0,1125.0,1134.0,1109.0,1103.0,1085.0,1120.0,1078.0,1104.0,967.0,905.0,952.0,984.0,925.0,928.0,1017.0,970.0,977.0,1002.0,894.0,840.0,875.0,876.0,850.0,888.0,878.0,872.0,894.0,869.0,1041.0,1121.0,1077.0,1061.0,1135.0,1103.0,1127.0,1107.0,1066.0,1098.0,1007.0,971.0,982.0,992.0,950.0,985.0,947.0,941.0,957.0,982.0,881.0,899.0,863.0,843.0,878.0,906.0,843.0,868.0,887.0,875.0,759.0,761.0,812.0,756.0,816.0,742.0,764.0,789.0,753.0,770.0,850.0,890.0,869.0,863.0,895.0,864.0,882.0,871.0,868.0,881.0
490,1179.0,1200.0,1184.0,1172.0,1131.0,1191.0,1178.0,1119.0,1168.0,1236.0,1113.0,1059.0,1056.0,1126.0,1118.0,1086.0,1100.0,1122.0,1053.0,1087.0,1052.0,1101.0,1145.0,1083.0,1153.0,1122.0,1103.0,1159.0,1131.0,1064.0,1019.0,987.0,920.0,965.0,954.0,927.0,971.0,929.0,972.0,960.0,877.0,843.0,860.0,866.0,881.0,850.0,828.0,888.0,865.0,838.0,1075.0,1088.0,1102.0,1108.0,1074.0,1103.0,1132.0,1081.0,1076.0,1106.0,972.0,972.0,958.0,967.0,944.0,978.0,942.0,960.0,941.0,1001.0,916.0,864.0,882.0,849.0,861.0,885.0,885.0,857.0,886.0,886.0,777.0,799.0,797.0,789.0,772.0,814.0,780.0,737.0,757.0,746.0,828.0,887.0,895.0,844.0,881.0,828.0,888.0,917.0,900.0,880.0
491,1183.0,1168.0,1205.0,1187.0,1184.0,1230.0,1185.0,1176.0,1233.0,1192.0,1088.0,1047.0,1080.0,1044.0,1061.0,1092.0,1080.0,1088.0,1054.0,1096.0,1151.0,1121.0,1151.0,1093.0,1144.0,1093.0,1113.0,1139.0,1110.0,1133.0,979.0,978.0,961.0,931.0,947.0,949.0,1002.0,977.0,935.0,892.0,817.0,829.0,860.0,824.0,833.0,824.0,885.0,859.0,854.0,859.0,1095.0,1134.0,1064.0,1160.0,1077.0,1079.0,1064.0,1042.0,1048.0,1120.0,991.0,984.0,986.0,999.0,985.0,975.0,966.0,994.0,970.0,989.0,886.0,864.0,843.0,886.0,900.0,901.0,850.0,887.0,878.0,881.0,770.0,793.0,825.0,789.0,783.0,745.0,785.0,738.0,786.0,796.0,843.0,883.0,823.0,855.0,857.0,895.0,880.0,869.0,882.0,844.0
492,1205.0,1184.0,1177.0,1141.0,1201.0,1170.0,1211.0,1166.0,1138.0,1181.0,1065.0,1098.0,1115.0,1091.0,1159.0,1071.0,1105.0,1068.0,1133.0,1059.0,1123.0,1165.0,1089.0,1106.0,1098.0,1055.0,1074.0,1130.0,1117.0,1118.0,973.0,900.0,996.0,962.0,912.0,1014.0,951.0,995.0,982.0,977.0,816.0,877.0,884.0,859.0,858.0,844.0,872.0,876.0,839.0,804.0,1071.0,1058.0,1040.0,1118.0,1050.0,1090.0,1109.0,1113.0,1055.0,1116.0,994.0,957.0,941.0,963.0,986.0,989.0,1011.0,938.0,980.0,1024.0,882.0,931.0,933.0,890.0,854.0,882.0,866.0,883.0,852.0,854.0,810.0,772.0,777.0,782.0,785.0,781.0,741.0,746.0,800.0,787.0,865.0,859.0,848.0,860.0,867.0,892.0,866.0,853.0,854.0,881.0
493,1169.0,1185.0,1168.0,1208.0,1192.0,1174.0,1222.0,1165.0,1170.0,1171.0,1068.0,1101.0,1067.0,1082.0,1090.0,1081.0,1082.0,1088.0,1109.0,1057.0,1073.0,1106.0,1171.0,1093.0,1120.0,1108.0,1064.0,1053.0,1152.0,1106.0,985.0,996.0,1018.0,998.0,941.0,973.0,982.0,1020.0,1002.0,1026.0,875.0,834.0,828.0,862.0,846.0,848.0,859.0,831.0,819.0,850.0,1123.0,1043.0,1057.0,1094.0,1064.0,1100.0,1075.0,1123.0,1115.0,1057.0,977.0,990.0,968.0,952.0,976.0,956.0,1015.0,953.0,937.0,1008.0,895.0,908.0,834.0,831.0,918.0,889.0,880.0,854.0,856.0,891.0,752.0,778.0,801.0,814.0,768.0,755.0,763.0,806.0,723.0,784.0,891.0,861.0,887.0,837.0,855.0,905.0,862.0,878.0,861.0,855.0
494,1217.0,1168.0,1157.0,1238.0,1213.0,1169.0,1180.0,1161.0,1155.0,1162.0,1065.0,1146.0,1093.0,1087.0,1104.0,1083.0,1124.0,1096.0,1073.0,1045.0,1130.0,1098.0,1165.0,1132.0,1109.0,1173.0,1095.0,1119.0,1104.0,1142.0,958.0,941.0,987.0,953.0,946.0,973.0,959.0,963.0,999.0,1002.0,858.0,844.0,870.0,806.0,849.0,802.0,861.0,835.0,819.0,854.0,1100.0,1073.0,1024.0,1057.0,1090.0,1067.0,1095.0,1091.0,1098.0,1090.0,977.0,949.0,929.0,990.0,937.0,966.0,962.0,1023.0,956.0,959.0,904.0,892.0,891.0,889.0,818.0,910.0,910.0,879.0,887.0,903.0,743.0,819.0,770.0,808.0,834.0,806.0,781.0,770.0,771.0,742.0,855.0,873.0,916.0,806.0,870.0,840.0,836.0,834.0,884.0,908.0
495,1160.0,1145.0,1164.0,1159.0,1188.0,1218.0,1196.0,1124.0,1189.0,1136.0,1124.0,1080.0,1124.0,1138.0,1099.0,1092.0,1118.0,1116.0,1065.0,1077.0,1116.0,1128.0,1126.0,1090.0,1098.0,1074.0,1058.0,1081.0,1091.0,1132.0,950.0,957.0,941.0,952.0,986.0,992.0,971.0,983.0,992.0,1008.0,876.0,888.0,819.0,851.0,812.0,871.0,861.0,902.0,861.0,836.0,1106.0,1104.0,1074.0,1072.0,1098.0,1044.0,1087.0,1063.0,1050.0,1116.0,924.0,990.0,961.0,967.0,986.0,914.0,921.0,995.0,952.0,928.0,875.0,871.0,910.0,843.0,890.0,888.0,883.0,892.0,906.0,913.0,793.0,803.0,795.0,795.0,772.0,793.0,810.0,754.0,765.0,798.0,885.0,840.0,888.0,901.0,840.0,906.0,901.0,864.0,878.0,865.0
496,1171.0,1204.0,1177.0,1164.0,1186.0,1212.0,1229.0,1166.0,1179.0,1161.0,1115.0,1059.0,1101.0,1064.0,1125.0,1059.0,1073.0,1118.0,1094.0,1050.0,1123.0,1066.0,1132.0,1158.0,1147.0,1134.0,1104.0,1130.0,1103.0,1125.0,985.0,998.0,986.0,974.0,952.0,943.0,970.0,951.0,973.0,974.0,882.0,856.0,857.0,879.0,826.0,853.0,812.0,897.0,874.0,832.0,1089.0,1116.0,1061.0,1077.0,1044.0,1065.0,1124.0,1048.0,1085.0,1102.0,974.0,958.0,987.0,950.0,995.0,987.0,967.0,974.0,929.0,988.0,877.0,903.0,880.0,878.0,866.0,866.0,880.0,854.0,894.0,889.0,731.0,760.0,735.0,734.0,791.0,767.0,766.0,760.0,727.0,775.0,860.0,885.0,886.0,890.0,836.0,906.0,876.0,877.0,891.0,916.0
497,1205.0,1205.0,1174.0,1226.0,1172.0,1166.0,1169.0,1208.0,1193.0,1175.0,1072.0,1096.0,1121.0,1058.0,1132.0,1075.0,1161.0,1104.0,1077.0,1059.0,1141.0,1117.0,1086.0,1120.0,1111.0,1104.0,1054.0,1104.0,1146.0,1151.0,967.0,981.0,966.0,976.0,1018.0,996.0,993.0,1002.0,945.0,995.0,850.0,814.0,890.0,891.0,874.0,833.0,865.0,850.0,878.0,842.0,1099.0,1097.0,1069.0,1099.0,1052.0,1131.0,1057.0,1055.0,1082.0,1073.0,982.0,942.0,982.0,965.0,957.0,965.0,968.0,953.0,983.0,979.0,827.0,898.0,883.0,850.0,835.0,859.0,891.0,877.0,879.0,868.0,772.0,756.0,793.0,743.0,761.0,787.0,794.0,777.0,749.0,792.0,890.0,894.0,841.0,835.0,856.0,878.0,852.0,844.0,813.0,878.0
498,1197.0,1159.0,1179.0,1146.0,1231.0,1204.0,1193.0,1152.0,1235.0,1182.0,1085.0,1063.0,1112.0,1094.0,1076.0,1138.0,1063.0,1146.0,1073.0,1079.0,1120.0,1128.0,1137.0,1177.0,1133.0,1116.0,1088.0,1080.0,1125.0,1113.0,989.0,1004.0,998.0,963.0,948.0,967.0,969.0,972.0,970.0,1004.0,820.0,859.0,872.0,849.0,841.0,863.0,869.0,833.0,836.0,877.0,1061.0,1057.0,1108.0,1013.0,1082.0,1061.0,1101.0,1090.0,1056.0,1099.0,992.0,1024.0,985.0,1006.0,952.0,993.0,915.0,977.0,983.0,983.0,873.0,854.0,840.0,909.0,857.0,815.0,888.0,886.0,839.0,835.0,774.0,715.0,739.0,785.0,768.0,745.0,823.0,779.0,798.0,773.0,895.0,937.0,829.0,823.0,878.0,888.0,901.0,860.0,826.0,868.0
499,1169.0,1180.0,1140.0,1179.0,1124.0,1221.0,1186.0,1143.0,1177.0,1179.0,1105.0,1119.0,1072.0,1058.0,1070.0,1123.0,1099.0,1155.0,1128.0,1140.0,1121.0,1145.0,1142.0,1114.0,1102.0,1127.0,1108.0,1113.0,1088.0,1100.0,1001.0,952.0,965.0,977.0,1011.0,947.0,961.0,981.0,1017.0,1008.0,860.0,891.0,854.0,924.0,819.0,853.0,868.0,861.0,889.0,877.0,1091.0,1071.0,1092.0,1061.0,1077.0,1086.0,1026.0,1106.0,1037.0,1031.0,988.0,966.0,1007.0,945.0,983.0,960.0,1013.0,958.0,935.0,969.0,849.0,854.0,874.0,868.0,901.0,835.0,871.0,870.0,863.0,875.0,791.0,710.0,755.0,773.0,807.0,763.0,796.0,761.0,776.0,806.0,832.0,909.0,900.0,868.0,879.0,869.0,884.0,823.0,832.0,830.0
500,1161.0,1225.0,1164.0,1183.0,1135.0,1178.0,1150.0,1181.0,1198.0,1222.0,1079.0,1066.0,1094.0,1075.0,1080.0,1115.0,1091.0,1037.0,1077.0,1147.0,1077.0,1140.0,1140.0,1151.0,1114.0,1110.0,1144.0,1152.0,1097.0,1152.0,1011.0,968.0,973.0,952.0,976.0,939.0,997.0,979.0,1008.0,992.0,861.0,835.0,833.0,890.0,867.0,838.0,880.0,849.0,860.0,841.0,1129.0,1052.0,1147.0,1084.0,1094.0,1095.0,1060.0,1054.0,1020.0,1079.0,950.0,981.0,974.0,971.0,950.0,943.0,1015.0,997.0,967.0,947.0,858.0,915.0,874.0,864.0,883.0,917.0,868.0,884.0,853.0,841.0,782.0,774.0,723.0,794.0,762.0,805.0,734.0,746.0,821.0,734.0,902.0,840.0,875.0,804.0,914.0,845.0,870.0,891.0,844.0,852.0
501,1175.0,1151.0,1204.0,1135.0,1169.0,1226.0,1190.0,1161.0,1161.0,1181.0,1049.0,1125.0,1081.0,1126.0,1087.0,1108.0,1100.0,1090.0,1081.0,1067.0,1137.0,1144.0,1129.0,1128.0,1150.0,1087.0,1184.0,1104.0,1137.0,1127.0,979.0,954.0,977.0,977.0,951.0,993.0,953.0,993.0,967.0,980.0,841.0,820.0,834.0,825.0,865.0,848.0,875.0,857.0,862.0,858.0,1147.0,1076.0,1086.0,1072.0,1067.0,1052.0,1087.0,1076.0,1069.0,1143.0,996.0,964.0,948.0,945.0,942.0,1017.0,940.0,976.0,956.0,948.0,868.0,877.0,885.0,878.0,905.0,860.0,884.0,860.0,874.0,817.0,764.0,817.0,766.0,793.0,733.0,745.0,743.0,736.0,763.0,818.0,852.0,869.0,885.0,890.0,905.0,847.0,848.0,919.0,877.0,867.0
502,1193.0,1161.0,1164.0,1217.0,1177.0,1186.0,1207.0,1216.0,1155.0,1151.0,1078.0,1076.0,1136.0,1064.0,1085.0,1128.0,1067.0,1057.0,1086.0,1116.0,1119.0,1126.0,1073.0,1180.0,1138.0,1094.0,1129.0,1126.0,1061.0,1100.0,986.0,960.0,970.0,906.0,966.0,1014.0,919.0,976.0,990.0,1001.0,880.0,899.0,888.0,840.0,840.0,831.0,880.0,845.0,858.0,872.0,1095.0,1107.0,1081.0,1045.0,1069.0,1058.0,1068.0,1070.0,1087.0,1076.0,986.0,1005.0,929.0,956.0,961.0,937.0,987.0,970.0,1014.0,952.0,858.0,840.0,880.0,901.0,891.0,874.0,881.0,888.0,868.0,892.0,747.0,760.0,755.0,796.0,741.0,771.0,759.0,764.0,763.0,794.0,866.0,864.0,920.0,862.0,906.0,891.0,907.0,858.0,869.0,855.0
503,1175.0,1196.0,1176.0,1201.0,1210.0,1171.0,1225.0,1180.0,1161.0,1131.0,1119.0,1067.0,1087.0,1045.0,1059.0,1126.0,1081.0,1100.0,1066.0,1054.0,1053.0,1124.0,1192.0,1134.0,1113.0,1128.0,1129.0,1118.0,1160.0,1065.0,1008.0,1017.0,990.0,987.0,958.0,958.0,950.0,1004.0,924.0,1035.0,885.0,882.0,843.0,848.0,865.0,810.0,866.0,829.0,861.0,860.0,1070.0,1039.0,1134.0,1070.0,1056.0,1122.0,1042.0,1040.0,1066.0,1118.0,994.0,996.0,890.0,983.0,966.0,983.0,1024.0,965.0,993.0,981.0,869.0,813.0,881.0,877.0,856.0,855.0,868.0,906.0,860.0,901.0,770.0,790.0,732.0,770.0,804.0,769.0,762.0,745.0,766.0,796.0,868.0,874.0,863.0,852.0,890.0,859.0,854.0,883.0,894.0,873.0
504,1176.0,1130.0,1194.0,1180.0,1178.0,1166.0,1174.0,1151.0,1178.0,1147.0,1079.0,1111.0,1044.0,1105.0,1126.0,1119.0,1068.0,1133.0,1081.0,1070.0,1075.0,1094.0,1145.0,1079.0,1122.0,1069.0,1090.0,1126.0,1053.0,1181.0,968.0,975.0,961.0,970.0,979.0,962.0,1002.0,965.0,1005.0,1000.0,862.0,878.0,826.0,895.0,865.0,878.0,879.0,824.0,852.0,820.0,1094.0,1115.0,1082.0,1064.0,1091.0,1086.0,1072.0,1081.0,1050.0,1080.0,1028.0,950.0,950.0,935.0,967.0,968.0,959.0,976.0,993.0,955.0,869.0,895.0,902.0,843.0,865.0,903.0,839.0,890.0,889.0,891.0,794.0,750.0,763.0,788.0,760.0,791.0,794.0,752.0,806.0,762.0,869.0,904.0,921.0,912.0,821.0,845.0,928.0,870.0,846.0,906.0
505,1117.0,1175.0,1172.0,1207.0,1187.0,1175.0,1170.0,1171.0,1155.0,1161.0,1121.0,1064.0,1071.0,1088.0,1070.0,1087.0,1115.0,1125.0,1127.0,1077.0,1089.0,1112.0,1109.0,1103.0,1075.0,1127.0,1116.0,1094.0,1089.0,1143.0,964.0,951.0,955.0,988.0,936.0,1004.0,978.0,1005.0,1007.0,982.0,824.0,841.0,799.0,799.0,838.0,839.0,835.0,876.0,832.0,840.0,1143.0,1094.0,1145.0,1133.0,1096.0,1074.0,1093.0,1098.0,1073.0,1072.0,986.0,1011.0,959.0,990.0,1024.0,928.0,966.0,962.0,986.0,952.0,890.0,862.0,924.0,879.0,884.0,888.0,859.0,865.0,842.0,880.0,794.0,803.0,768.0,751.0,772.0,782.0,801.0,688.0,751.0,813.0,889.0,890.0,886.0,827.0,894.0,885.0,872.0,880.0,890.0,896.0
506,1164.0,1213.0,1194.0,1188.0,1191.0,1140.0,1141.0,1221.0,1212.0,1104.0,1117.0,1027.0,1081.0,1081.0,1072.0,1067.0,1129.0,1069.0,1087.0,1076.0,1145.0,1146.0,1101.0,1086.0,1116.0,1121.0,1111.0,1133.0,1136.0,1137.0,879.0,958.0,954.0,986.0,966.0,987.0,959.0,967.0,988.0,991.0,832.0,878.0,838.0,837.0,866.0,835.0,857.0,847.0,835.0,863.0,1143.0,1071.0,1080.0,1069.0,1021.0,1066.0,1101.0,1043.0,1073.0,1135.0,975.0,1010.0,975.0,942.0,979.0,973.0,957.0,997.0,995.0,968.0,925.0,858.0,911.0,883.0,944.0,912.0,883.0,877.0,814.0,915.0,776.0,734.0,768.0,778.0,745.0,811.0,758.0,762.0,756.0,759.0,856.0,905.0,888.0,917.0,878.0,883.0,909.0,846.0,850.0,869.0
507,1168.0,1168.0,1192.0,1179.0,1178.0,1212.0,1194.0,1164.0,1193.0,1146.0,1100.0,1094.0,1103.0,1134.0,1076.0,1107.0,1118.0,1034.0,1079.0,1073.0,1076.0,1128.0,1129.0,1076.0,1154.0,1104.0,1157.0,1203.0,1150.0,1154.0,974.0,983.0,937.0,982.0,996.0,958.0,910.0,964.0,1000.0,946.0,872.0,869.0,856.0,890.0,812.0,822.0,830.0,845.0,843.0,855.0,1074.0,1108.0,1094.0,1068.0,985.0,1080.0,1101.0,1076.0,1039.0,1078.0,1001.0,975.0,953.0,973.0,997.0,951.0,976.0,926.0,1001.0,1044.0,863.0,876.0,883.0,886.0,906.0,869.0,871.0,823.0,818.0,893.0,841.0,740.0,774.0,760.0,785.0,792.0,772.0,811.0,784.0,747.0,848.0,858.0,869.0,819.0,890.0,899.0,870.0,915.0,836.0,880.0
508,1167.0,1204.0,1180.0,1146.0,1163.0,1174.0,1192.0,1199.0,1150.0,1164.0,1109.0,1102.0,1087.0,1105.0,1086.0,1071.0,1110.0,1053.0,1117.0,1099.0,1135.0,1140.0,1122.0,1119.0,1087.0,1110.0,1097.0,1090.0,1075.0,1127.0,965.0,973.0,946.0,997.0,976.0,998.0,969.0,1029.0,977.0,949.0,854.0,838.0,829.0,851.0,844.0,802.0,796.0,853.0,867.0,850.0,1100.0,1051.0,1119.0,1078.0,1095.0,1110.0,1066.0,1090.0,1093.0,1067.0,1003.0,919.0,989.0,985.0,1030.0,963.0,980.0,920.0,1003.0,985.0,839.0,874.0,832.0,865.0,856.0,900.0,921.0,858.0,818.0,911.0,740.0,798.0,801.0,773.0,757.0,782.0,796.0,804.0,794.0,750.0,903.0,900.0,884.0,849.0,884.0,884.0,870.0,868.0,849.0,916.0
509,1203.0,1175.0,1195.0,1194.0,1219.0,1205.0,1168.0,1162.0,1133.0,1163.0,1035.0,1111.0,1087.0,1087.0,1115.0,1089.0,1110.0,1108.0,1122.0,1055.0,1130.0,1109.0,1130.0,1150.0,1099.0,1111.0,1101.0,1108.0,1093.0,1175.0,962.0,967.0,928.0,952.0,952.0,989.0,948.0,988.0,987.0,972.0,855.0,880.0,793.0,857.0,867.0,871.0,838.0,867.0,894.0,868.0,1097.0,1083.0,1115.0,1116.0,1031.0,1101.0,1035.0,1051.0,1066.0,1098.0,1004.0,983.0,971.0,913.0,968.0,958.0,1022.0,979.0,981.0,993.0,872.0,851.0,857.0,867.0,875.0,897.0,889.0,857.0,854.0,860.0,812.0,755.0,822.0,758.0,818.0,731.0,784.0,768.0,743.0,748.0,845.0,886.0,889.0,871.0,834.0,839.0,906.0,878.0,873.0,883.0
510,1177.0,1231.0,1210.0,1172.0,1214.0,1196.0,1184.0,1194.0,1217.0,1195.0,1052.0,1078.0,1155.0,1086.0,1084.0,1129.0,1087.0,1042.0,1052.0,1083.0,1125.0,1124.0,1095.0,1125.0,1071.0,1108.0,1151.0,1105.0,1117.0,1108.0,1010.0,970.0,964.0,935.0,993.0,1001.0,993.0,975.0,991.0,949.0,860.0,885.0,848.0,837.0,768.0,823.0,854.0,871.0,849.0,856.0,1072.0,1031.0,1036.0,1130.0,1120.0,1049.0,1066.0,1126.0,1061.0,1081.0,975.0,987.0,959.0,963.0,975.0,1007.0,980.0,956.0,1011.0,997.0,871.0,846.0,891.0,874.0,873.0,877.0,838.0,856.0,902.0,880.0,817.0,786.0,776.0,801.0,821.0,790.0,767.0,740.0,726.0,765.0,858.0,861.0,853.0,842.0,858.0,809.0,879.0,901.0,815.0,900.0
511,1175.0,1168.0,1193.0,1213.0,1186.0,1175.0,1217.0,1120.0,1162.0,1216.0,1089.0,1108.0,1064.0,1105.0,1093.0,1128.0,1077.0,1091.0,1108.0,1073.0,1120.0,1142.0,1132.0,1113.0,1120.0,1149.0,1141.0,1143.0,1150.0,1097.0,986.0,1005.0,1002.0,937.0,959.0,1049.0,981.0,982.0,994.0,948.0,820.0,846.0,830.0,864.0,862.0,822.0,922.0,828.0,853.0,870.0,1087.0,1076.0,1114.0,1067.0,1039.0,1040.0,1029.0,1118.0,1058.0,1046.0,991.0,958.0,957.0,1012.0,990.0,942.0,941.0,950.0,940.0,1005.0,889.0,830.0,887.0,867.0,837.0,816.0,834.0,907.0,855.0,902.0,804.0,756.0,746.0,742.0,788.0,813.0,804.0,767.0,781.0,771.0,856.0,908.0,860.0,840.0,904.0,852.0,854.0,861.0,839.0,888.0
512,1144.0,1204.0,1169.0,1223.0,1215.0,1189.0,1178.0,1172.0,1102.0,1181.0,1162.0,1118.0,1073.0,1116.0,1095.0,1099.0,1069.0,1013.0,1136.0,1104.0,1111.0,1116.0,1124.0,1135.0,1140.0,1117.0,1076.0,1118.0,1125.0,1089.0,926.0,946.0,988.0,964.0,958.0,992.0,994.0,980.0,986.0,1024.0,830.0,880.0,867.0,826.0,884.0,863.0,849.0,845.0,814.0,861.0,1095.0,1052.0,1048.0,1076.0,1053.0,1086.0,1094.0,1080.0,1110.0,1061.0,983.0,957.0,1000.0,948.0,948.0,922.0,978.0,974.0,962.0,978.0,917.0,867.0,878.0,862.0,880.0,853.0,905.0,903.0,870.0,883.0,787.0,798.0,775.0,754.0,751.0,774.0,769.0,813.0,789.0,749.0,861.0,861.0,867.0,851.0,851.0,892.0,892.0,874.0,848.0,885.0
513,1159.0,1164.0,1136.0,1218.0,1203.0,1164.0,1152.0,1151.0,1141.0,1180.0,1069.0,1087.0,1087.0,1097.0,1069.0,1107.0,1090.0,1080.0,1050.0,1065.0,1129.0,1163.0,1104.0,1094.0,1111.0,1114.0,1129.0,1065.0,1114.0,1163.0,968.0,994.0,1038.0,1021.0,958.0,939.0,986.0,1003.0,995.0,997.0,904.0,870.0,875.0,845.0,892.0,831.0,886.0,853.0,840.0,849.0,1079.0,1040.0,1104.0,1086.0,1099.0,1105.0,1094.0,1053.0,1074.0,1077.0,997.0,981.0,962.0,965.0,901.0,947.0,958.0,1006.0,996.0,986.0,877.0,855.0,899.0,857.0,873.0,930.0,826.0,888.0,900.0,868.0,769.0,796.0,743.0,721.0,776.0,765.0,793.0,784.0,756.0,771.0,869.0,849.0,842.0,848.0,894.0,887.0,893.0,894.0,878.0,859.0
514,1244.0,1172.0,1204.0,1156.0,1161.0,1196.0,1146.0,1102.0,1095.0,1216.0,1070.0,1088.0,1048.0,1083.0,1077.0,1095.0,1113.0,1066.0,1107.0,1116.0,1137.0,1172.0,1136.0,1126.0,1103.0,1117.0,1115.0,1145.0,1137.0,1114.0,964.0,999.0,942.0,1009.0,972.0,971.0,997.0,993.0,948.0,967.0,870.0,838.0,832.0,863.0,852.0,817.0,862.0,838.0,877.0,864.0,1065.0,1058.0,1060.0,1073.0,1115.0,1088.0,1064.0,1151.0,1041.0,1081.0,970.0,971.0,984.0,948.0,964.0,968.0,1022.0,988.0,952.0,976.0,841.0,899.0,890.0,885.0,851.0,872.0,845.0,850.0,899.0,838.0,742.0,737.0,782.0,747.0,813.0,780.0,766.0,747.0,785.0,758.0,912.0,862.0,915.0,865.0,871.0,884.0,878.0,897.0,909.0,881.0
515,1229.0,1176.0,1203.0,1159.0,1188.0,1219.0,1175.0,1168.0,1191.0,1212.0,1125.0,1127.0,1076.0,1103.0,1089.0,1095.0,1100.0,1101.0,1057.0,1053.0,1107.0,1098.0,1160.0,1114.0,1140.0,1093.0,1105.0,1121.0,1135.0,1181.0,979.0,969.0,958.0,984.0,931.0,961.0,938.0,948.0,946.0,985.0,829.0,854.0,840.0,864.0,855.0,809.0,869.0,876.0,863.0,875.0,1060.0,1064.0,1071.0,1011.0,1124.0,1097.0,1095.0,1091.0,1071.0,1104.0,955.0,1004.0,1016.0,977.0,957.0,958.0,987.0,1013.0,1008.0,950.0,851.0,856.0,860.0,878.0,859.0,869.0,922.0,894.0,867.0,861.0,777.0,765.0,743.0,834.0,750.0,770.0,793.0,736.0,739.0,734.0,898.0,882.0,864.0,837.0,882.0,915.0,825.0,826.0,872.0,849.0
516,1189.0,1144.0,1141.0,1108.0,1152.0,1215.0,1193.0,1205.0,1184.0,1203.0,1102.0,1056.0,1099.0,1100.0,1044.0,1125.0,1056.0,1089.0,1112.0,1109.0,1109.0,1146.0,1115.0,1098.0,1110.0,1075.0,1126.0,1135.0,1087.0,1193.0,982.0,990.0,966.0,1001.0,1010.0,986.0,1003.0,950.0,937.0,905.0,844.0,878.0,840.0,853.0,836.0,840.0,828.0,813.0,910.0,799.0,1087.0,1060.0,1076.0,1039.0,1075.0,1084.0,1090.0,1108.0,1080.0,1136.0,951.0,1005.0,1002.0,975.0,1017.0,920.0,1011.0,955.0,991.0,969.0,861.0,846.0,921.0,870.0,901.0,905.0,880.0,839.0,830.0,888.0,781.0,762.0,774.0,792.0,775.0,755.0,766.0,777.0,744.0,758.0,904.0,910.0,863.0,932.0,860.0,880.0,854.0,898.0,874.0,833.0
517,1233.0,1188.0,1221.0,1173.0,1174.0,1194.0,1155.0,1145.0,1179.0,1196.0,1106.0,1054.0,1048.0,1076.0,1038.0,1118.0,1128.0,1123.0,1092.0,1125.0,1151.0,1074.0,1079.0,1153.0,1109.0,1157.0,1142.0,1111.0,1134.0,1107.0,939.0,988.0,1032.0,937.0,948.0,987.0,932.0,1022.0,991.0,916.0,830.0,891.0,818.0,856.0,855.0,807.0,924.0,851.0,833.0,856.0,1078.0,1109.0,1107.0,1054.0,1105.0,1107.0,1064.0,1080.0,1102.0,1055.0,932.0,997.0,955.0,1012.0,986.0,922.0,967.0,977.0,987.0,959.0,854.0,828.0,886.0,865.0,843.0,870.0,863.0,821.0,898.0,935.0,780.0,765.0,759.0,755.0,821.0,727.0,754.0,771.0,726.0,823.0,903.0,904.0,890.0,886.0,905.0,891.0,880.0,867.0,803.0,824.0
518,1232.0,1200.0,1194.0,1112.0,1149.0,1161.0,1182.0,1171.0,1173.0,1171.0,1080.0,1125.0,1128.0,1064.0,1097.0,1139.0,1058.0,1091.0,1022.0,1113.0,1152.0,1115.0,1128.0,1101.0,1138.0,1137.0,1153.0,1091.0,1169.0,1129.0,982.0,899.0,991.0,991.0,998.0,978.0,998.0,994.0,953.0,973.0,835.0,826.0,850.0,896.0,883.0,872.0,865.0,824.0,855.0,855.0,1132.0,1086.0,1069.0,1059.0,1070.0,1029.0,1081.0,1066.0,1109.0,1060.0,921.0,969.0,962.0,994.0,941.0,1024.0,971.0,980.0,929.0,990.0,852.0,909.0,848.0,905.0,898.0,839.0,860.0,909.0,812.0,852.0,785.0,769.0,722.0,767.0,739.0,758.0,790.0,781.0,797.0,778.0,828.0,898.0,900.0,885.0,871.0,842.0,850.0,862.0,926.0,877.0
519,1198.0,1180.0,1211.0,1144.0,1159.0,1189.0,1199.0,1194.0,1218.0,1173.0,1079.0,1117.0,1106.0,1066.0,1081.0,1103.0,1057.0,1098.0,1077.0,1108.0,1117.0,1111.0,1139.0,1136.0,1124.0,1084.0,1064.0,1146.0,1091.0,1108.0,965.0,1013.0,969.0,996.0,933.0,971.0,972.0,954.0,943.0,978.0,854.0,822.0,848.0,857.0,903.0,824.0,923.0,835.0,899.0,839.0,1057.0,1067.0,1069.0,1044.0,1074.0,1105.0,1123.0,1108.0,1114.0,1082.0,943.0,995.0,941.0,975.0,1011.0,967.0,955.0,959.0,961.0,946.0,920.0,886.0,887.0,915.0,838.0,888.0,876.0,837.0,859.0,903.0,774.0,737.0,758.0,767.0,761.0,774.0,777.0,783.0,752.0,818.0,895.0,867.0,861.0,878.0,902.0,876.0,862.0,852.0,828.0,848.0
520,1202.0,1235.0,1190.0,1132.0,1229.0,1214.0,1199.0,1159.0,1197.0,1164.0,1093.0,1084.0,1128.0,1069.0,1100.0,1050.0,1112.0,1190.0,1090.0,1058.0,1108.0,1092.0,1149.0,1126.0,1106.0,1086.0,1101.0,1121.0,1114.0,1058.0,1003.0,939.0,954.0,934.0,982.0,986.0,1021.0,948.0,965.0,994.0,862.0,881.0,833.0,865.0,857.0,866.0,878.0,802.0,874.0,829.0,1032.0,1102.0,1116.0,1096.0,1091.0,1093.0,1048.0,1064.0,1079.0,1114.0,951.0,968.0,946.0,1005.0,956.0,987.0,1010.0,965.0,946.0,1034.0,930.0,880.0,854.0,862.0,800.0,858.0,834.0,848.0,849.0,881.0,731.0,793.0,771.0,777.0,798.0,777.0,756.0,764.0,782.0,790.0,892.0,818.0,844.0,915.0,862.0,867.0,846.0,901.0,845.0,884.0
521,1156.0,1196.0,1166.0,1171.0,1216.0,1180.0,1226.0,1156.0,1220.0,1155.0,1110.0,1118.0,1081.0,1061.0,1081.0,1105.0,1092.0,1139.0,1092.0,1084.0,1105.0,1108.0,1111.0,1128.0,1126.0,1086.0,1110.0,1133.0,1122.0,1148.0,998.0,966.0,1026.0,937.0,971.0,1005.0,943.0,1051.0,980.0,984.0,834.0,836.0,845.0,835.0,836.0,840.0,880.0,829.0,830.0,882.0,1102.0,1080.0,1060.0,1094.0,1071.0,1053.0,1094.0,1037.0,1042.0,1072.0,963.0,987.0,990.0,972.0,921.0,968.0,962.0,964.0,964.0,973.0,855.0,873.0,894.0,875.0,880.0,915.0,867.0,851.0,848.0,837.0,772.0,764.0,733.0,823.0,752.0,781.0,745.0,716.0,801.0,808.0,909.0,863.0,880.0,887.0,925.0,853.0,883.0,883.0,841.0,866.0
522,1145.0,1194.0,1186.0,1202.0,1168.0,1173.0,1203.0,1112.0,1158.0,1180.0,1129.0,1111.0,1066.0,1115.0,1081.0,1076.0,1073.0,1079.0,1124.0,1080.0,1064.0,1108.0,1110.0,1118.0,1106.0,1131.0,1122.0,1173.0,1044.0,1109.0,972.0,964.0,971.0,931.0,989.0,949.0,953.0,1031.0,1009.0,1001.0,872.0,831.0,854.0,885.0,812.0,819.0,868.0,842.0,829.0,852.0,1029.0,1139.0,1095.0,1029.0,1106.0,1074.0,1079.0,1060.0,1046.0,1099.0,1015.0,938.0,948.0,959.0,949.0,964.0,970.0,959.0,1012.0,989.0,886.0,868.0,923.0,908.0,916.0,887.0,906.0,880.0,868.0,827.0,819.0,766.0,783.0,751.0,756.0,824.0,794.0,798.0,781.0,774.0,881.0,868.0,854.0,884.0,895.0,893.0,834.0,827.0,872.0,899.0
523,1224.0,1155.0,1158.0,1176.0,1206.0,1188.0,1223.0,1180.0,1108.0,1193.0,1098.0,1116.0,1092.0,1084.0,1060.0,1093.0,1048.0,1083.0,1096.0,1083.0,1109.0,1087.0,1126.0,1119.0,1083.0,1092.0,1065.0,1144.0,1103.0,1170.0,949.0,980.0,963.0,935.0,942.0,919.0,946.0,970.0,965.0,1011.0,855.0,812.0,803.0,860.0,865.0,846.0,877.0,860.0,834.0,824.0,1059.0,1127.0,1077.0,1080.0,1074.0,1101.0,1115.0,1076.0,1090.0,1057.0,999.0,987.0,978.0,974.0,962.0,1015.0,989.0,920.0,1000.0,971.0,834.0,883.0,900.0,869.0,891.0,888.0,884.0,842.0,874.0,838.0,810.0,756.0,820.0,795.0,815.0,771.0,777.0,807.0,796.0,754.0,873.0,881.0,878.0,892.0,884.0,878.0,879.0,880.0,882.0,905.0
524,1260.0,1161.0,1159.0,1210.0,1154.0,1200.0,1176.0,1149.0,1154.0,1202.0,1051.0,1124.0,1093.0,1071.0,1129.0,1098.0,1087.0,1068.0,1066.0,1075.0,1108.0,1137.0,1128.0,1092.0,1086.0,1155.0,1127.0,1153.0,1137.0,1130.0,969.0,993.0,941.0,986.0,1014.0,938.0,969.0,987.0,949.0,1006.0,839.0,801.0,850.0,862.0,843.0,849.0,852.0,865.0,868.0,868.0,1107.0,1048.0,1090.0,1061.0,1071.0,1079.0,1121.0,1111.0,1088.0,1086.0,998.0,956.0,978.0,986.0,971.0,976.0,986.0,966.0,961.0,926.0,843.0,861.0,867.0,847.0,872.0,880.0,870.0,835.0,876.0,827.0,774.0,793.0,771.0,797.0,767.0,774.0,760.0,759.0,775.0,775.0,855.0,910.0,921.0,871.0,875.0,839.0,853.0,868.0,876.0,910.0
525,1151.0,1185.0,1192.0,1164.0,1179.0,1214.0,1207.0,1178.0,1140.0,1197.0,1137.0,1084.0,1118.0,1065.0,1080.0,1105.0,1041.0,1048.0,1041.0,1076.0,1060.0,1129.0,1138.0,1116.0,1110.0,1148.0,1129.0,1089.0,1130.0,1136.0,954.0,979.0,920.0,998.0,991.0,984.0,1005.0,999.0,999.0,977.0,843.0,882.0,869.0,822.0,838.0,865.0,801.0,877.0,859.0,839.0,1064.0,1103.0,1073.0,1069.0,1054.0,980.0,1115.0,1104.0,1090.0,1066.0,999.0,902.0,976.0,998.0,1023.0,964.0,960.0,950.0,972.0,972.0,884.0,849.0,876.0,879.0,880.0,880.0,896.0,864.0,851.0,899.0,817.0,784.0,779.0,773.0,788.0,790.0,793.0,751.0,770.0,803.0,900.0,888.0,854.0,900.0,839.0,859.0,853.0,904.0,901.0,841.0
526,1145.0,1196.0,1156.0,1207.0,1212.0,1234.0,1162.0,1074.0,1140.0,1166.0,1117.0,1123.0,1122.0,1041.0,1107.0,1087.0,1129.0,1112.0,1068.0,1110.0,1118.0,1128.0,1108.0,1142.0,1108.0,1119.0,1032.0,1151.0,1102.0,1080.0,976.0,982.0,1005.0,971.0,943.0,979.0,997.0,984.0,960.0,996.0,849.0,827.0,798.0,816.0,858.0,845.0,871.0,878.0,864.0,841.0,1041.0,1071.0,1128.0,1073.0,1070.0,1059.0,1076.0,1104.0,1110.0,1079.0,1004.0,917.0,952.0,955.0,951.0,952.0,995.0,990.0,972.0,978.0,886.0,850.0,868.0,854.0,858.0,867.0,888.0,835.0,899.0,906.0,810.0,776.0,794.0,846.0,770.0,790.0,761.0,772.0,805.0,754.0,868.0,914.0,862.0,879.0,903.0,855.0,893.0,866.0,835.0,900.0
527,1175.0,1182.0,1182.0,1152.0,1199.0,1192.0,1137.0,1187.0,1154.0,1198.0,1107.0,1145.0,1084.0,1087.0,1074.0,1165.0,1129.0,1079.0,1067.0,1096.0,1108.0,1103.0,1089.0,1127.0,1132.0,1091.0,1109.0,1161.0,1088.0,1119.0,970.0,974.0,991.0,1014.0,958.0,975.0,936.0,955.0,953.0,997.0,884.0,839.0,842.0,806.0,847.0,768.0,854.0,815.0,883.0,848.0,1029.0,1070.0,1052.0,1082.0,1094.0,1100.0,1068.0,1062.0,1115.0,1051.0,974.0,987.0,1006.0,974.0,963.0,950.0,1015.0,970.0,973.0,975.0,861.0,864.0,874.0,897.0,861.0,873.0,880.0,900.0,848.0,865.0,796.0,746.0,792.0,775.0,799.0,826.0,791.0,744.0,770.0,771.0,914.0,872.0,885.0,870.0,852.0,844.0,887.0,890.0,906.0,890.0
528,1171.0,1170.0,1162.0,1180.0,1152.0,1168.0,1204.0,1125.0,1157.0,1181.0,1094.0,1075.0,1120.0,1065.0,1110.0,1107.0,1060.0,1091.0,1117.0,1104.0,1157.0,1139.0,1101.0,1119.0,1145.0,1119.0,1080.0,1183.0,1073.0,1116.0,971.0,955.0,1005.0,961.0,981.0,982.0,1003.0,972.0,964.0,959.0,818.0,813.0,862.0,850.0,829.0,809.0,858.0,878.0,865.0,877.0,1092.0,1076.0,1091.0,1105.0,1106.0,1121.0,1075.0,1099.0,1080.0,1088.0,978.0,1005.0,1000.0,944.0,991.0,940.0,1010.0,936.0,982.0,1000.0,873.0,854.0,864.0,878.0,839.0,869.0,872.0,849.0,898.0,841.0,766.0,784.0,741.0,759.0,759.0,783.0,769.0,770.0,765.0,763.0,895.0,913.0,852.0,923.0,865.0,885.0,875.0,860.0,859.0,879.0
529,1217.0,1165.0,1168.0,1171.0,1114.0,1228.0,1176.0,1159.0,1151.0,1193.0,1109.0,1083.0,1091.0,1108.0,1120.0,1051.0,1043.0,1091.0,1121.0,1095.0,1057.0,1142.0,1103.0,1128.0,1140.0,1099.0,1186.0,1121.0,1124.0,1121.0,950.0,954.0,956.0,975.0,925.0,991.0,971.0,1010.0,933.0,975.0,846.0,841.0,903.0,874.0,868.0,835.0,840.0,875.0,850.0,865.0,1109.0,1127.0,1096.0,1052.0,1062.0,1064.0,1087.0,1076.0,1073.0,1076.0,931.0,1003.0,963.0,938.0,975.0,1004.0,974.0,947.0,1014.0,961.0,895.0,877.0,913.0,857.0,913.0,850.0,870.0,863.0,873.0,830.0,776.0,748.0,767.0,792.0,794.0,772.0,771.0,734.0,775.0,778.0,923.0,843.0,840.0,889.0,870.0,890.0,885.0,887.0,844.0,914.0
530,1199.0,1145.0,1205.0,1169.0,1155.0,1179.0,1216.0,1183.0,1111.0,1214.0,1078.0,1097.0,1122.0,1122.0,1133.0,1097.0,1084.0,1065.0,1122.0,1101.0,1114.0,1107.0,1161.0,1082.0,1112.0,1130.0,1121.0,1138.0,1089.0,1111.0,950.0,943.0,948.0,994.0,962.0,979.0,968.0,955.0,926.0,957.0,819.0,877.0,858.0,875.0,865.0,858.0,850.0,834.0,843.0,859.0,1084.0,1084.0,1086.0,1069.0,1069.0,1036.0,1096.0,1034.0,1091.0,1087.0,991.0,952.0,955.0,984.0,1019.0,966.0,984.0,977.0,982.0,974.0,903.0,880.0,844.0,837.0,865.0,892.0,853.0,885.0,903.0,867.0,810.0,805.0,776.0,768.0,773.0,759.0,767.0,815.0,789.0,765.0,867.0,901.0,839.0,886.0,828.0,891.0,862.0,882.0,905.0,872.0
531,1170.0,1172.0,1175.0,1214.0,1140.0,1139.0,1162.0,1207.0,1217.0,1215.0,1118.0,1077.0,1099.0,1065.0,1110.0,1127.0,1088.0,1077.0,1093.0,1102.0,1083.0,1107.0,1152.0,1085.0,1120.0,1141.0,1104.0,1099.0,1073.0,1086.0,977.0,968.0,943.0,942.0,989.0,984.0,967.0,994.0,938.0,979.0,850.0,858.0,832.0,851.0,830.0,809.0,854.0,808.0,879.0,869.0,1039.0,1117.0,1062.0,1090.0,1027.0,1051.0,1066.0,1051.0,1077.0,1108.0,948.0,993.0,979.0,933.0,995.0,996.0,977.0,1016.0,1004.0,962.0,954.0,880.0,909.0,957.0,892.0,891.0,916.0,846.0,884.0,853.0,784.0,714.0,775.0,769.0,765.0,773.0,761.0,789.0,738.0,773.0,896.0,904.0,867.0,879.0,915.0,879.0,911.0,879.0,855.0,860.0
532,1174.0,1125.0,1086.0,1173.0,1119.0,1148.0,1208.0,1173.0,1164.0,1199.0,1080.0,1081.0,1144.0,1064.0,1041.0,1149.0,1091.0,1076.0,1125.0,1099.0,1126.0,1087.0,1149.0,1119.0,1142.0,1084.0,1145.0,1153.0,1095.0,1142.0,1024.0,1022.0,975.0,1011.0,981.0,981.0,942.0,945.0,946.0,939.0,863.0,849.0,854.0,871.0,879.0,830.0,824.0,836.0,854.0,837.0,1048.0,1092.0,1059.0,1077.0,1070.0,1065.0,1037.0,1046.0,1124.0,1115.0,978.0,972.0,992.0,931.0,943.0,983.0,992.0,960.0,945.0,968.0,893.0,899.0,877.0,876.0,894.0,891.0,837.0,913.0,856.0,872.0,738.0,799.0,759.0,810.0,783.0,793.0,783.0,802.0,762.0,807.0,897.0,870.0,901.0,855.0,937.0,868.0,946.0,864.0,883.0,827.0
533,1221.0,1111.0,1161.0,1202.0,1180.0,1187.0,1169.0,1213.0,1125.0,1193.0,1093.0,1096.0,1087.0,1076.0,1059.0,1083.0,1082.0,1084.0,1101.0,1103.0,1138.0,1123.0,1098.0,1131.0,1156.0,1110.0,1150.0,1112.0,1112.0,1071.0,984.0,1001.0,971.0,988.0,962.0,1009.0,948.0,1007.0,984.0,1032.0,846.0,880.0,892.0,860.0,847.0,818.0,849.0,806.0,846.0,800.0,1057.0,1078.0,1126.0,1132.0,1069.0,1097.0,1084.0,1072.0,1090.0,1067.0,970.0,940.0,984.0,864.0,952.0,1002.0,973.0,1003.0,946.0,995.0,893.0,888.0,869.0,875.0,884.0,838.0,902.0,846.0,862.0,893.0,741.0,797.0,756.0,772.0,793.0,763.0,781.0,768.0,753.0,802.0,874.0,888.0,854.0,882.0,888.0,883.0,868.0,854.0,935.0,848.0
534,1205.0,1144.0,1198.0,1198.0,1187.0,1204.0,1180.0,1199.0,1187.0,1145.0,1080.0,1064.0,1170.0,1075.0,1050.0,1066.0,1094.0,1060.0,1057.0,1143.0,1123.0,1147.0,1082.0,1113.0,1081.0,1204.0,1086.0,1125.0,1088.0,1141.0,1009.0,968.0,986.0,928.0,978.0,928.0,961.0,984.0,922.0,943.0,889.0,832.0,828.0,871.0,856.0,853.0,846.0,847.0,882.0,805.0,1084.0,1085.0,1114.0,1093.0,1105.0,1063.0,1094.0,1075.0,1055.0,1061.0,970.0,935.0,1000.0,950.0,971.0,935.0,990.0,1007.0,1000.0,1005.0,868.0,904.0,815.0,894.0,877.0,854.0,934.0,838.0,881.0,883.0,725.0,785.0,750.0,778.0,837.0,786.0,732.0,771.0,760.0,791.0,859.0,940.0,848.0,881.0,852.0,892.0,889.0,860.0,924.0,887.0
535,1182.0,1128.0,1230.0,1207.0,1181.0,1192.0,1186.0,1194.0,1162.0,1183.0,1157.0,1093.0,1109.0,1102.0,1080.0,1133.0,1108.0,1076.0,1060.0,1090.0,1118.0,1116.0,1136.0,1134.0,1108.0,1131.0,1109.0,1078.0,1148.0,1157.0,981.0,958.0,963.0,963.0,942.0,982.0,964.0,1011.0,943.0,961.0,854.0,869.0,875.0,840.0,817.0,815.0,854.0,875.0,852.0,830.0,1057.0,1108.0,1025.0,1100.0,1146.0,1065.0,1116.0,1100.0,1105.0,1077.0,995.0,961.0,927.0,958.0,966.0,963.0,948.0,931.0,982.0,971.0,867.0,874.0,867.0,881.0,879.0,861.0,886.0,864.0,845.0,862.0,719.0,790.0,741.0,774.0,799.0,774.0,770.0,780.0,773.0,768.0,878.0,911.0,916.0,816.0,874.0,866.0,864.0,859.0,885.0,903.0
536,1175.0,1200.0,1202.0,1177.0,1192.0,1210.0,1173.0,1174.0,1173.0,1199.0,1070.0,1093.0,1097.0,1108.0,1104.0,1062.0,1094.0,1084.0,1049.0,1063.0,1149.0,1095.0,1118.0,1077.0,1105.0,1080.0,1101.0,1135.0,1134.0,1140.0,946.0,917.0,978.0,980.0,1027.0,1024.0,971.0,935.0,966.0,978.0,851.0,872.0,840.0,824.0,852.0,839.0,873.0,864.0,885.0,861.0,1114.0,1089.0,1083.0,1070.0,1072.0,1064.0,1135.0,1068.0,1088.0,1087.0,989.0,993.0,951.0,1008.0,931.0,922.0,956.0,981.0,927.0,951.0,889.0,900.0,874.0,893.0,878.0,900.0,889.0,854.0,859.0,856.0,773.0,770.0,810.0,757.0,725.0,815.0,764.0,772.0,780.0,750.0,853.0,879.0,836.0,880.0,903.0,869.0,850.0,901.0,897.0,916.0
537,1173.0,1225.0,1157.0,1197.0,1145.0,1188.0,1231.0,1160.0,1176.0,1167.0,1117.0,1078.0,1141.0,1036.0,1095.0,1101.0,1047.0,1127.0,1045.0,1088.0,1121.0,1105.0,1100.0,1139.0,1132.0,1106.0,1101.0,1117.0,1096.0,1090.0,977.0,951.0,957.0,994.0,1010.0,977.0,995.0,951.0,951.0,1010.0,862.0,846.0,863.0,824.0,802.0,837.0,814.0,840.0,867.0,826.0,1077.0,1099.0,1090.0,1093.0,1088.0,1060.0,1067.0,1063.0,1106.0,1105.0,957.0,938.0,968.0,957.0,987.0,999.0,983.0,975.0,981.0,971.0,831.0,877.0,883.0,846.0,868.0,896.0,876.0,873.0,875.0,854.0,821.0,771.0,805.0,780.0,795.0,759.0,800.0,743.0,749.0,820.0,875.0,916.0,828.0,905.0,866.0,864.0,893.0,919.0,911.0,873.0
538,1172.0,1162.0,1135.0,1154.0,1157.0,1193.0,1168.0,1146.0,1175.0,1187.0,1107.0,1136.0,1101.0,1094.0,1079.0,1122.0,1106.0,1129.0,1115.0,1061.0,1131.0,1108.0,1130.0,1143.0,1074.0,1132.0,1090.0,1129.0,1103.0,1117.0,961.0,978.0,1002.0,963.0,999.0,926.0,982.0,932.0,929.0,975.0,864.0,813.0,833.0,862.0,873.0,851.0,852.0,793.0,841.0,840.0,1101.0,1100.0,1086.0,1054.0,1062.0,1094.0,1040.0,1094.0,1073.0,1126.0,961.0,963.0,978.0,992.0,992.0,939.0,1016.0,1003.0,949.0,958.0,845.0,845.0,873.0,882.0,914.0,904.0,858.0,867.0,865.0,874.0,783.0,770.0,763.0,745.0,779.0,771.0,785.0,777.0,786.0,783.0,885.0,927.0,893.0,883.0,865.0,854.0,913.0,895.0,922.0,883.0
539,1206.0,1174.0,1134.0,1174.0,1147.0,1194.0,1151.0,1144.0,1167.0,1192.0,1102.0,1099.0,1139.0,1069.0,1109.0,1099.0,1063.0,1087.0,1095.0,1138.0,1105.0,1105.0,1079.0,1172.0,1123.0,1147.0,1125.0,1108.0,1094.0,1143.0,951.0,978.0,964.0,964.0,956.0,1012.0,954.0,948.0,942.0,952.0,832.0,833.0,870.0,869.0,855.0,829.0,932.0,872.0,822.0,830.0,1118.0,1094.0,1127.0,1084.0,1086.0,1055.0,1091.0,1090.0,1156.0,1073.0,1024.0,986.0,966.0,985.0,951.0,951.0,960.0,986.0,947.0,969.0,875.0,865.0,873.0,832.0,844.0,818.0,933.0,888.0,888.0,874.0,738.0,796.0,739.0,735.0,784.0,809.0,746.0,756.0,787.0,765.0,853.0,873.0,904.0,885.0,939.0,870.0,857.0,889.0,858.0,864.0
540,1199.0,1210.0,1216.0,1172.0,1191.0,1185.0,1227.0,1147.0,1169.0,1219.0,1124.0,1089.0,1078.0,1069.0,1075.0,1103.0,1082.0,1118.0,1132.0,1092.0,1118.0,1080.0,1112.0,1102.0,1109.0,1133.0,1085.0,1111.0,1089.0,1130.0,994.0,970.0,958.0,941.0,952.0,1017.0,929.0,963.0,930.0,970.0,835.0,874.0,830.0,806.0,862.0,853.0,831.0,846.0,832.0,826.0,1087.0,1080.0,1131.0,1128.0,1123.0,1056.0,1074.0,1065.0,1085.0,1067.0,949.0,1002.0,975.0,995.0,967.0,945.0,1013.0,994.0,1001.0,940.0,871.0,855.0,836.0,863.0,871.0,823.0,893.0,868.0,871.0,868.0,767.0,755.0,784.0,816.0,782.0,792.0,794.0,770.0,776.0,842.0,856.0,886.0,872.0,877.0,861.0,877.0,882.0,889.0,869.0,844.0
541,1126.0,1201.0,1264.0,1154.0,1184.0,1175.0,1186.0,1183.0,1194.0,1195.0,1088.0,1082.0,1087.0,1083.0,1121.0,1120.0,1112.0,1074.0,1085.0,1072.0,1141.0,1084.0,1079.0,1051.0,1140.0,1157.0,1082.0,1156.0,1094.0,1079.0,979.0,969.0,1023.0,1013.0,987.0,968.0,990.0,984.0,979.0,1008.0,845.0,874.0,828.0,813.0,844.0,878.0,826.0,837.0,820.0,822.0,1092.0,1085.0,1090.0,1076.0,1085.0,1064.0,1066.0,1067.0,1087.0,1087.0,984.0,975.0,929.0,982.0,913.0,929.0,981.0,945.0,1012.0,997.0,860.0,878.0,856.0,895.0,878.0,851.0,927.0,876.0,832.0,878.0,783.0,796.0,804.0,782.0,736.0,780.0,774.0,820.0,781.0,786.0,905.0,859.0,827.0,925.0,901.0,862.0,866.0,828.0,868.0,878.0
542,1199.0,1147.0,1162.0,1165.0,1160.0,1173.0,1198.0,1164.0,1175.0,1181.0,1087.0,1039.0,1091.0,1110.0,1107.0,1073.0,1068.0,1063.0,1119.0,1108.0,1131.0,1105.0,1068.0,1118.0,1141.0,1091.0,1087.0,1132.0,1096.0,1103.0,1015.0,957.0,986.0,956.0,981.0,996.0,957.0,1005.0,972.0,995.0,875.0,852.0,860.0,818.0,831.0,829.0,849.0,853.0,853.0,868.0,1022.0,1077.0,1135.0,1057.0,1094.0,1086.0,1088.0,1119.0,1114.0,1071.0,980.0,1003.0,951.0,952.0,954.0,1013.0,945.0,931.0,912.0,957.0,882.0,952.0,894.0,898.0,901.0,889.0,891.0,877.0,877.0,892.0,727.0,770.0,790.0,798.0,780.0,765.0,823.0,794.0,754.0,778.0,883.0,908.0,854.0,906.0,838.0,871.0,909.0,832.0,876.0,852.0
543,1181.0,1198.0,1148.0,1184.0,1217.0,1122.0,1199.0,1201.0,1175.0,1185.0,1082.0,1082.0,1106.0,1099.0,1118.0,1091.0,1113.0,1094.0,1125.0,1116.0,1123.0,1130.0,1073.0,1098.0,1143.0,1126.0,1136.0,1125.0,1066.0,1115.0,994.0,965.0,972.0,972.0,928.0,1040.0,968.0,971.0,967.0,988.0,841.0,836.0,871.0,888.0,831.0,845.0,811.0,840.0,852.0,886.0,1115.0,1074.0,1095.0,1025.0,1008.0,1080.0,1016.0,1072.0,1085.0,1052.0,1003.0,968.0,961.0,949.0,971.0,997.0,1002.0,972.0,957.0,948.0,837.0,904.0,876.0,871.0,871.0,865.0,868.0,845.0,853.0,880.0,763.0,784.0,800.0,756.0,820.0,721.0,784.0,789.0,804.0,793.0,860.0,868.0,894.0,937.0,878.0,899.0,917.0,860.0,863.0,845.0
544,1206.0,1177.0,1176.0,1159.0,1192.0,1112.0,1249.0,1189.0,1189.0,1195.0,1058.0,1071.0,1071.0,1086.0,1099.0,1097.0,1099.0,1099.0,1080.0,1098.0,1102.0,1145.0,1197.0,1114.0,1104.0,1160.0,1104.0,1097.0,1134.0,1146.0,916.0,981.0,958.0,990.0,966.0,963.0,960.0,999.0,986.0,997.0,870.0,831.0,823.0,848.0,882.0,868.0,854.0,862.0,815.0,870.0,1088.0,1097.0,1061.0,1085.0,1042.0,1038.0,1071.0,1081.0,1113.0,1074.0,994.0,967.0,941.0,977.0,1015.0,1000.0,949.0,954.0,961.0,923.0,901.0,904.0,882.0,859.0,877.0,872.0,866.0,866.0,872.0,883.0,777.0,750.0,808.0,759.0,756.0,823.0,760.0,788.0,763.0,786.0,889.0,885.0,878.0,901.0,852.0,859.0,897.0,836.0,831.0,834.0
545,1175.0,1164.0,1176.0,1177.0,1144.0,1167.0,1186.0,1172.0,1213.0,1145.0,1115.0,1149.0,1072.0,1083.0,1099.0,1107.0,1121.0,1122.0,1092.0,1093.0,1137.0,1113.0,1114.0,1130.0,1113.0,1142.0,1087.0,1102.0,1097.0,1136.0,989.0,948.0,965.0,992.0,1006.0,995.0,985.0,994.0,985.0,959.0,849.0,865.0,822.0,857.0,829.0,808.0,840.0,842.0,816.0,881.0,1049.0,1127.0,1122.0,1074.0,1118.0,1048.0,1107.0,1083.0,1077.0,1114.0,897.0,960.0,1006.0,935.0,973.0,957.0,934.0,946.0,961.0,936.0,880.0,877.0,844.0,877.0,891.0,896.0,853.0,859.0,883.0,834.0,822.0,753.0,784.0,797.0,765.0,796.0,806.0,764.0,733.0,777.0,892.0,849.0,890.0,855.0,846.0,880.0,893.0,885.0,884.0,932.0
546,1176.0,1169.0,1203.0,1165.0,1211.0,1174.0,1156.0,1153.0,1180.0,1200.0,1086.0,1095.0,1070.0,1067.0,1083.0,1121.0,1149.0,1085.0,1052.0,1032.0,1114.0,1108.0,1132.0,1168.0,1099.0,1126.0,1133.0,1126.0,1124.0,1063.0,985.0,964.0,1010.0,1013.0,968.0,950.0,935.0,1010.0,979.0,1005.0,837.0,864.0,880.0,861.0,824.0,825.0,833.0,864.0,838.0,880.0,1102.0,1097.0,1058.0,1076.0,1106.0,1071.0,1118.0,1149.0,1098.0,1096.0,984.0,1008.0,949.0,970.0,967.0,972.0,961.0,982.0,981.0,952.0,891.0,889.0,839.0,851.0,875.0,880.0,864.0,811.0,873.0,908.0,777.0,733.0,798.0,761.0,764.0,792.0,831.0,765.0,780.0,755.0,855.0,878.0,857.0,843.0,885.0,887.0,830.0,820.0,836.0,919.0
547,1149.0,1180.0,1177.0,1200.0,1166.0,1133.0,1241.0,1140.0,1152.0,1171.0,1100.0,1043.0,1086.0,1116.0,1104.0,1086.0,1081.0,1088.0,1081.0,1076.0,1139.0,1084.0,1141.0,1078.0,1109.0,1152.0,1095.0,1052.0,1140.0,1114.0,946.0,1002.0,965.0,985.0,985.0,985.0,987.0,1033.0,974.0,981.0,832.0,900.0,837.0,865.0,871.0,859.0,853.0,846.0,816.0,887.0,1060.0,1074.0,1098.0,1091.0,1096.0,1080.0,1049.0,1088.0,1040.0,1113.0,999.0,955.0,1012.0,964.0,974.0,997.0,951.0,951.0,997.0,973.0,913.0,911.0,842.0,863.0,844.0,869.0,867.0,904.0,881.0,870.0,783.0,760.0,728.0,771.0,763.0,734.0,801.0,761.0,755.0,767.0,889.0,901.0,907.0,842.0,870.0,902.0,883.0,907.0,907.0,858.0
548,1133.0,1160.0,1178.0,1147.0,1170.0,1155.0,1141.0,1177.0,1182.0,1193.0,1095.0,1086.0,1082.0,1125.0,1136.0,1100.0,1068.0,1152.0,1051.0,1079.0,1117.0,1120.0,1135.0,1121.0,1085.0,1128.0,1096.0,1120.0,1156.0,1160.0,974.0,973.0,969.0,1007.0,986.0,981.0,948.0,967.0,1007.0,920.0,826.0,860.0,857.0,842.0,841.0,854.0,840.0,851.0,848.0,861.0,1083.0,1104.0,1118.0,1073.0,1073.0,1091.0,1115.0,1109.0,1009.0,1116.0,987.0,975.0,939.0,963.0,931.0,968.0,1040.0,924.0,962.0,984.0,916.0,874.0,877.0,900.0,917.0,881.0,858.0,859.0,912.0,856.0,806.0,737.0,748.0,753.0,775.0,771.0,804.0,710.0,756.0,758.0,877.0,920.0,889.0,843.0,867.0,869.0,902.0,896.0,860.0,878.0
549,1146.0,1180.0,1174.0,1146.0,1192.0,1208.0,1153.0,1203.0,1196.0,1159.0,1117.0,1031.0,1096.0,1126.0,1134.0,1055.0,1079.0,1107.0,1047.0,1090.0,1130.0,1089.0,1137.0,1105.0,1080.0,1132.0,1131.0,1061.0,1157.0,1097.0,968.0,1031.0,953.0,971.0,948.0,967.0,976.0,996.0,981.0,972.0,870.0,821.0,884.0,854.0,834.0,874.0,834.0,847.0,859.0,873.0,1126.0,1101.0,1075.0,1120.0,1060.0,1076.0,1073.0,1060.0,1042.0,1060.0,927.0,1021.0,945.0,932.0,937.0,964.0,978.0,945.0,951.0,985.0,841.0,839.0,879.0,877.0,882.0,871.0,915.0,925.0,893.0,887.0,776.0,770.0,793.0,765.0,807.0,791.0,800.0,755.0,760.0,809.0,913.0,928.0,857.0,877.0,909.0,862.0,875.0,865.0,858.0,879.0
550,1166.0,1212.0,1185.0,1131.0,1177.0,1179.0,1193.0,1148.0,1156.0,1208.0,1127.0,1141.0,1130.0,1139.0,1111.0,1122.0,1095.0,1140.0,1116.0,1111.0,1092.0,1101.0,1079.0,1084.0,1077.0,1128.0,1077.0,1105.0,1143.0,1115.0,972.0,978.0,1005.0,969.0,968.0,1009.0,1015.0,955.0,1000.0,993.0,859.0,860.0,827.0,834.0,828.0,826.0,893.0,814.0,840.0,844.0,1049.0,1023.0,1079.0,1057.0,1081.0,1071.0,1028.0,1110.0,1056.0,1066.0,1006.0,981.0,964.0,1012.0,995.0,978.0,984.0,964.0,910.0,988.0,865.0,871.0,876.0,900.0,862.0,851.0,865.0,878.0,908.0,877.0,837.0,775.0,765.0,786.0,778.0,779.0,795.0,783.0,761.0,721.0,844.0,867.0,884.0,864.0,906.0,855.0,871.0,866.0,855.0,883.0
551,1190.0,1153.0,1183.0,1172.0,1201.0,1171.0,1130.0,1176.0,1174.0,1151.0,1106.0,1086.0,1108.0,1099.0,1117.0,1116.0,1156.0,1087.0,1069.0,1083.0,1079.0,1134.0,1159.0,1121.0,1086.0,1065.0,1148.0,1100.0,1093.0,1151.0,956.0,984.0,989.0,982.0,936.0,978.0,952.0,957.0,1008.0,980.0,857.0,866.0,873.0,872.0,869.0,846.0,847.0,851.0,861.0,865.0,1040.0,1088.0,1083.0,1046.0,1059.0,1103.0,1087.0,1054.0,1021.0,1096.0,997.0,944.0,929.0,974.0,933.0,985.0,1004.0,982.0,952.0,969.0,897.0,913.0,860.0,863.0,896.0,858.0,867.0,903.0,900.0,887.0,794.0,758.0,726.0,749.0,797.0,775.0,745.0,759.0,792.0,743.0,905.0,885.0,880.0,899.0,891.0,901.0,876.0,897.0,880.0,881.0
552,1182.0,1171.0,1187.0,1156.0,1150.0,1135.0,1201.0,1172.0,1191.0,1187.0,1088.0,1060.0,1147.0,1112.0,1145.0,1099.0,1100.0,1050.0,1089.0,1130.0,1088.0,1113.0,1141.0,1145.0,1046.0,1107.0,1096.0,1111.0,1132.0,1106.0,991.0,983.0,953.0,970.0,1027.0,962.0,992.0,984.0,975.0,927.0,893.0,849.0,854.0,792.0,843.0,866.0,864.0,861.0,821.0,846.0,1140.0,1077.0,1090.0,1077.0,1072.0,1115.0,1037.0,1050.0,1051.0,1086.0,989.0,975.0,966.0,960.0,989.0,959.0,1016.0,995.0,935.0,1041.0,867.0,881.0,854.0,866.0,886.0,933.0,853.0,859.0,883.0,862.0,742.0,779.0,761.0,794.0,753.0,759.0,785.0,803.0,774.0,784.0,838.0,926.0,833.0,903.0,875.0,866.0,868.0,887.0,897.0,835.0
553,1151.0,1191.0,1243.0,1165.0,1184.0,1167.0,1132.0,1205.0,1133.0,1196.0,1106.0,1143.0,1096.0,1120.0,1120.0,1122.0,1115.0,1076.0,1108.0,1128.0,1122.0,1072.0,1064.0,1124.0,1131.0,1179.0,1118.0,1112.0,1118.0,1113.0,956.0,951.0,980.0,967.0,1017.0,963.0,972.0,936.0,985.0,941.0,913.0,866.0,854.0,844.0,832.0,851.0,874.0,835.0,865.0,869.0,1076.0,1063.0,1079.0,1102.0,1073.0,1086.0,1063.0,1048.0,1066.0,1032.0,962.0,1024.0,1015.0,950.0,928.0,978.0,1013.0,1002.0,959.0,1010.0,882.0,839.0,843.0,852.0,838.0,855.0,855.0,890.0,874.0,904.0,800.0,788.0,756.0,752.0,791.0,733.0,762.0,750.0,773.0,753.0,853.0,876.0,852.0,895.0,868.0,862.0,909.0,918.0,869.0,857.0
554,1145.0,1224.0,1221.0,1128.0,1213.0,1219.0,1130.0,1165.0,1199.0,1116.0,1045.0,1115.0,1105.0,1047.0,1075.0,1036.0,1123.0,1110.0,1070.0,1120.0,1084.0,1112.0,1056.0,1119.0,1097.0,1138.0,1118.0,1110.0,1134.0,1093.0,1008.0,964.0,987.0,944.0,961.0,959.0,950.0,999.0,932.0,990.0,845.0,854.0,841.0,856.0,882.0,872.0,849.0,843.0,848.0,876.0,1079.0,1089.0,1021.0,1129.0,1060.0,1093.0,1103.0,1105.0,1041.0,1077.0,1013.0,974.0,968.0,983.0,952.0,966.0,1040.0,979.0,974.0,1004.0,938.0,847.0,916.0,897.0,849.0,908.0,899.0,836.0,839.0,855.0,776.0,752.0,798.0,769.0,803.0,740.0,748.0,766.0,839.0,772.0,893.0,877.0,873.0,903.0,893.0,862.0,850.0,858.0,874.0,905.0
555,1175.0,1175.0,1153.0,1139.0,1204.0,1206.0,1146.0,1147.0,1146.0,1153.0,1102.0,1079.0,1077.0,1037.0,1136.0,1103.0,1104.0,1123.0,1077.0,1129.0,1132.0,1123.0,1185.0,1121.0,1077.0,1138.0,1103.0,1085.0,1159.0,1130.0,964.0,970.0,989.0,975.0,972.0,976.0,992.0,989.0,1003.0,959.0,898.0,880.0,856.0,867.0,901.0,869.0,879.0,855.0,842.0,841.0,1079.0,1054.0,1088.0,1099.0,1092.0,1071.0,1084.0,1122.0,1098.0,1120.0,972.0,972.0,953.0,988.0,937.0,1001.0,985.0,982.0,898.0,967.0,858.0,892.0,849.0,896.0,850.0,841.0,898.0,864.0,892.0,893.0,800.0,778.0,770.0,790.0,727.0,735.0,771.0,758.0,761.0,773.0,844.0,888.0,866.0,866.0,885.0,848.0,851.0,844.0,872.0,841.0
556,1206.0,1158.0,1180.0,1157.0,1168.0,1190.0,1173.0,1162.0,1136.0,1144.0,1115.0,1121.0,1111.0,1068.0,1106.0,1100.0,1073.0,1069.0,1104.0,1058.0,1101.0,1089.0,1138.0,1106.0,1134.0,1100.0,1113.0,1114.0,1118.0,1114.0,982.0,987.0,987.0,943.0,968.0,962.0,969.0,1002.0,956.0,965.0,830.0,860.0,829.0,817.0,871.0,815.0,844.0,867.0,865.0,842.0,1031.0,1072.0,1078.0,1066.0,1060.0,1079.0,1068.0,1111.0,1053.0,1118.0,965.0,994.0,953.0,1062.0,966.0,986.0,1001.0,946.0,968.0,998.0,893.0,853.0,864.0,907.0,896.0,880.0,893.0,847.0,862.0,852.0,807.0,814.0,775.0,794.0,740.0,792.0,766.0,770.0,813.0,810.0,894.0,865.0,870.0,860.0,872.0,885.0,916.0,882.0,875.0,908.0
557,1205.0,1206.0,1149.0,1138.0,1190.0,1204.0,1176.0,1138.0,1155.0,1165.0,1134.0,1071.0,1121.0,1098.0,1112.0,1103.0,1120.0,1104.0,1137.0,1099.0,1115.0,1118.0,1155.0,1119.0,1142.0,1102.0,1119.0,1113.0,1156.0,1111.0,995.0,987.0,960.0,1001.0,984.0,1015.0,997.0,984.0,933.0,937.0,821.0,867.0,818.0,837.0,852.0,812.0,852.0,836.0,849.0,860.0,1065.0,1076.0,1074.0,1041.0,1101.0,1027.0,1070.0,1114.0,1071.0,1080.0,989.0,987.0,994.0,1019.0,912.0,983.0,978.0,954.0,979.0,1036.0,838.0,833.0,844.0,868.0,913.0,905.0,853.0,853.0,813.0,834.0,760.0,791.0,775.0,794.0,752.0,767.0,772.0,767.0,770.0,781.0,897.0,877.0,895.0,867.0,820.0,870.0,880.0,909.0,884.0,906.0
558,1194.0,1216.0,1206.0,1175.0,1167.0,1215.0,1193.0,1210.0,1183.0,1195.0,1081.0,1093.0,1111.0,1051.0,1121.0,1127.0,1110.0,1068.0,1117.0,1125.0,1144.0,1111.0,1102.0,1128.0,1102.0,1086.0,1140.0,1107.0,1101.0,1121.0,930.0,968.0,960.0,971.0,999.0,975.0,949.0,916.0,952.0,928.0,859.0,789.0,842.0,869.0,832.0,824.0,866.0,852.0,832.0,860.0,1105.0,1086.0,1007.0,1040.0,1082.0,1063.0,1085.0,1091.0,1081.0,1130.0,936.0,962.0,1033.0,999.0,956.0,979.0,969.0,953.0,992.0,968.0,870.0,897.0,867.0,873.0,899.0,853.0,841.0,875.0,847.0,840.0,806.0,778.0,783.0,814.0,753.0,787.0,790.0,807.0,749.0,715.0,893.0,910.0,874.0,865.0,866.0,880.0,871.0,894.0,890.0,920.0
559,1175.0,1187.0,1159.0,1126.0,1182.0,1212.0,1185.0,1167.0,1172.0,1219.0,1046.0,1075.0,1121.0,1048.0,1077.0,1130.0,1116.0,1061.0,1078.0,1074.0,1165.0,1130.0,1122.0,1157.0,1118.0,1148.0,1122.0,1094.0,1160.0,1165.0,993.0,1000.0,957.0,965.0,1010.0,960.0,966.0,1010.0,963.0,975.0,849.0,852.0,845.0,878.0,878.0,870.0,875.0,863.0,855.0,826.0,1088.0,1091.0,1070.0,1102.0,1095.0,1069.0,1068.0,1119.0,1061.0,1108.0,982.0,972.0,985.0,995.0,936.0,924.0,940.0,1017.0,955.0,928.0,845.0,890.0,863.0,853.0,873.0,835.0,905.0,823.0,862.0,859.0,758.0,749.0,764.0,795.0,743.0,751.0,792.0,749.0,769.0,762.0,915.0,862.0,903.0,866.0,866.0,886.0,844.0,870.0,867.0,880.0
560,1186.0,1138.0,1161.0,1181.0,1166.0,1180.0,1230.0,1153.0,1152.0,1203.0,1090.0,1082.0,1098.0,1095.0,1092.0,1068.0,1080.0,1089.0,1088.0,1051.0,1143.0,1153.0,1119.0,1130.0,1120.0,1123.0,1133.0,1159.0,1144.0,1135.0,998.0,997.0,981.0,965.0,966.0,963.0,962.0,992.0,977.0,977.0,796.0,865.0,839.0,843.0,869.0,829.0,859.0,862.0,789.0,825.0,1158.0,1083.0,1061.0,1072.0,1113.0,1078.0,1098.0,1105.0,1082.0,1097.0,932.0,960.0,968.0,991.0,970.0,1008.0,947.0,912.0,979.0,949.0,851.0,855.0,843.0,882.0,877.0,861.0,860.0,864.0,884.0,859.0,763.0,799.0,809.0,764.0,741.0,740.0,759.0,783.0,770.0,782.0,893.0,877.0,915.0,861.0,863.0,936.0,880.0,854.0,874.0,918.0
561,1212.0,1204.0,1130.0,1216.0,1180.0,1172.0,1174.0,1137.0,1218.0,1156.0,1108.0,1091.0,1108.0,1079.0,1075.0,1105.0,1105.0,1128.0,1044.0,1085.0,1156.0,1138.0,1070.0,1111.0,1085.0,1116.0,1117.0,1101.0,1088.0,1112.0,969.0,985.0,927.0,971.0,959.0,965.0,943.0,984.0,1028.0,920.0,845.0,833.0,877.0,812.0,833.0,883.0,834.0,892.0,855.0,840.0,1041.0,1063.0,1094.0,1105.0,1062.0,1076.0,1114.0,1042.0,1111.0,1122.0,973.0,980.0,997.0,977.0,1026.0,961.0,982.0,948.0,965.0,974.0,868.0,874.0,891.0,901.0,862.0,878.0,893.0,865.0,834.0,889.0,749.0,775.0,766.0,750.0,768.0,764.0,776.0,761.0,762.0,806.0,885.0,863.0,939.0,857.0,931.0,868.0,868.0,918.0,831.0,896.0
562,1185.0,1213.0,1177.0,1199.0,1219.0,1226.0,1174.0,1194.0,1207.0,1150.0,1149.0,1063.0,1076.0,1088.0,1099.0,1052.0,1108.0,1073.0,1098.0,1140.0,1157.0,1114.0,1141.0,1098.0,1113.0,1120.0,1087.0,1141.0,1080.0,1080.0,965.0,981.0,958.0,947.0,956.0,1014.0,948.0,942.0,927.0,988.0,869.0,874.0,834.0,828.0,794.0,866.0,837.0,862.0,869.0,853.0,1034.0,1056.0,1107.0,1061.0,1078.0,1058.0,1131.0,1067.0,1075.0,1124.0,962.0,964.0,959.0,987.0,972.0,984.0,954.0,1004.0,975.0,937.0,860.0,873.0,886.0,866.0,869.0,869.0,898.0,853.0,918.0,868.0,752.0,785.0,766.0,812.0,812.0,755.0,825.0,772.0,751.0,755.0,869.0,884.0,894.0,894.0,866.0,844.0,844.0,866.0,835.0,905.0
563,1166.0,1257.0,1223.0,1169.0,1236.0,1166.0,1196.0,1217.0,1197.0,1131.0,1098.0,1112.0,1049.0,1096.0,1134.0,1056.0,1070.0,1061.0,1082.0,1075.0,1150.0,1087.0,1103.0,1060.0,1105.0,1123.0,1127.0,1113.0,1097.0,1170.0,970.0,968.0,945.0,982.0,953.0,985.0,942.0,975.0,977.0,1042.0,840.0,849.0,904.0,871.0,805.0,878.0,851.0,855.0,897.0,861.0,1098.0,1081.0,1120.0,1081.0,1056.0,1092.0,1098.0,1059.0,1083.0,1061.0,1036.0,977.0,937.0,993.0,1020.0,958.0,1038.0,947.0,929.0,972.0,812.0,835.0,857.0,878.0,858.0,862.0,848.0,875.0,895.0,873.0,756.0,774.0,776.0,767.0,776.0,787.0,733.0,784.0,728.0,785.0,872.0,862.0,883.0,887.0,828.0,885.0,901.0,889.0,849.0,830.0
564,1192.0,1238.0,1173.0,1134.0,1201.0,1197.0,1188.0,1186.0,1153.0,1175.0,1083.0,1086.0,1101.0,1108.0,1119.0,1100.0,1109.0,1108.0,1076.0,1090.0,1075.0,1155.0,1123.0,1098.0,1101.0,1131.0,1090.0,1083.0,1104.0,1099.0,1017.0,939.0,949.0,1005.0,989.0,987.0,1001.0,940.0,1021.0,973.0,884.0,826.0,871.0,836.0,906.0,863.0,814.0,812.0,785.0,856.0,1066.0,1079.0,1060.0,1082.0,1086.0,1079.0,1080.0,1130.0,1114.0,1067.0,959.0,940.0,941.0,974.0,932.0,995.0,1029.0,965.0,986.0,976.0,863.0,892.0,885.0,896.0,854.0,836.0,869.0,879.0,873.0,866.0,805.0,732.0,818.0,741.0,742.0,745.0,767.0,772.0,752.0,823.0,858.0,906.0,879.0,912.0,838.0,855.0,854.0,898.0,869.0,881.0
565,1190.0,1151.0,1175.0,1168.0,1231.0,1203.0,1149.0,1160.0,1157.0,1165.0,1086.0,1087.0,1068.0,1098.0,1122.0,1094.0,1124.0,1152.0,1073.0,1087.0,1077.0,1112.0,1125.0,1126.0,1108.0,1097.0,1129.0,1140.0,1156.0,1135.0,1023.0,985.0,987.0,973.0,929.0,946.0,970.0,950.0,998.0,979.0,855.0,780.0,839.0,889.0,870.0,856.0,811.0,856.0,851.0,868.0,1049.0,1110.0,1130.0,1070.0,1070.0,1091.0,1062.0,1029.0,1071.0,1081.0,967.0,956.0,986.0,966.0,976.0,981.0,978.0,976.0,950.0,989.0,904.0,904.0,867.0,870.0,851.0,882.0,872.0,878.0,862.0,844.0,767.0,793.0,718.0,754.0,773.0,755.0,778.0,761.0,742.0,793.0,889.0,916.0,902.0,870.0,834.0,882.0,927.0,868.0,874.0,866.0
566,1169.0,1157.0,1161.0,1178.0,1251.0,1186.0,1187.0,1131.0,1140.0,1218.0,1110.0,1092.0,1128.0,1071.0,1042.0,1146.0,1053.0,1126.0,1090.0,1077.0,1111.0,1097.0,1111.0,1152.0,1105.0,1156.0,1153.0,1126.0,1126.0,1072.0,1035.0,998.0,923.0,960.0,1013.0,968.0,1009.0,976.0,1004.0,985.0,855.0,903.0,846.0,844.0,838.0,863.0,884.0,824.0,855.0,859.0,1072.0,1101.0,1129.0,1066.0,1058.0,1066.0,1049.0,1091.0,1034.0,1057.0,959.0,948.0,1009.0,955.0,967.0,929.0,964.0,951.0,961.0,999.0,863.0,896.0,866.0,900.0,916.0,825.0,847.0,901.0,862.0,889.0,770.0,745.0,755.0,806.0,739.0,769.0,768.0,775.0,779.0,792.0,863.0,858.0,867.0,852.0,832.0,876.0,886.0,870.0,887.0,861.0
567,1183.0,1187.0,1137.0,1132.0,1177.0,1200.0,1206.0,1180.0,1169.0,1178.0,1048.0,1078.0,1093.0,1090.0,1107.0,1091.0,1061.0,1078.0,1099.0,1131.0,1189.0,1113.0,1124.0,1104.0,1121.0,1066.0,1156.0,1112.0,1130.0,1095.0,956.0,987.0,961.0,981.0,971.0,945.0,1029.0,1037.0,993.0,978.0,867.0,885.0,873.0,870.0,857.0,849.0,866.0,839.0,811.0,849.0,1048.0,1040.0,1093.0,1075.0,1080.0,1073.0,1052.0,1073.0,1084.0,1073.0,979.0,973.0,1014.0,994.0,953.0,1000.0,972.0,985.0,952.0,979.0,884.0,854.0,892.0,855.0,866.0,892.0,893.0,885.0,863.0,874.0,791.0,791.0,734.0,832.0,747.0,803.0,734.0,725.0,792.0,793.0,864.0,892.0,877.0,856.0,882.0,868.0,827.0,855.0,843.0,861.0
568,1185.0,1161.0,1142.0,1174.0,1134.0,1178.0,1174.0,1189.0,1165.0,1172.0,1074.0,1066.0,1127.0,1092.0,1044.0,1085.0,1018.0,1034.0,1123.0,1104.0,1109.0,1114.0,1138.0,1148.0,1081.0,1110.0,1116.0,1112.0,1036.0,1114.0,1027.0,1009.0,979.0,979.0,979.0,942.0,994.0,1001.0,938.0,965.0,859.0,878.0,851.0,816.0,861.0,819.0,872.0,883.0,889.0,876.0,1061.0,1099.0,1078.0,1110.0,1120.0,1114.0,1087.0,1037.0,1081.0,1081.0,976.0,973.0,968.0,983.0,1018.0,1038.0,991.0,984.0,991.0,986.0,825.0,855.0,875.0,850.0,894.0,861.0,896.0,886.0,893.0,825.0,799.0,780.0,761.0,752.0,773.0,799.0,785.0,783.0,778.0,823.0,895.0,867.0,880.0,880.0,863.0,841.0,868.0,864.0,847.0,868.0
569,1160.0,1199.0,1142.0,1175.0,1182.0,1182.0,1175.0,1153.0,1216.0,1211.0,1084.0,1104.0,1111.0,1141.0,1093.0,1123.0,1088.0,1068.0,1080.0,1091.0,1183.0,1094.0,1132.0,1066.0,1111.0,1092.0,1090.0,1111.0,1109.0,1135.0,979.0,976.0,942.0,976.0,995.0,969.0,1020.0,974.0,999.0,963.0,864.0,844.0,867.0,899.0,807.0,864.0,881.0,881.0,866.0,846.0,1096.0,1099.0,1082.0,1091.0,1085.0,1054.0,1049.0,1081.0,1096.0,1094.0,895.0,976.0,996.0,936.0,952.0,975.0,976.0,1019.0,955.0,964.0,895.0,874.0,896.0,851.0,900.0,901.0,886.0,838.0,835.0,859.0,785.0,813.0,781.0,772.0,747.0,738.0,793.0,785.0,720.0,776.0,867.0,823.0,851.0,876.0,896.0,891.0,845.0,866.0,861.0,872.0
570,1232.0,1187.0,1150.0,1168.0,1212.0,1210.0,1180.0,1134.0,1159.0,1172.0,1047.0,1048.0,1079.0,1068.0,1137.0,1086.0,1136.0,1091.0,1096.0,1075.0,1113.0,1155.0,1125.0,1089.0,1107.0,1138.0,1094.0,1109.0,1113.0,1118.0,1023.0,948.0,996.0,975.0,1027.0,961.0,997.0,960.0,987.0,968.0,846.0,844.0,868.0,826.0,822.0,879.0,829.0,856.0,848.0,885.0,1107.0,1070.0,1107.0,1117.0,1038.0,1100.0,1051.0,1118.0,1058.0,1060.0,989.0,999.0,986.0,998.0,977.0,932.0,972.0,980.0,998.0,960.0,824.0,908.0,848.0,839.0,859.0,858.0,886.0,838.0,814.0,849.0,772.0,792.0,766.0,817.0,770.0,777.0,754.0,784.0,790.0,793.0,852.0,850.0,877.0,887.0,815.0,845.0,904.0,907.0,876.0,935.0
571,1175.0,1162.0,1120.0,1165.0,1209.0,1199.0,1195.0,1153.0,1172.0,1147.0,1128.0,1056.0,1104.0,1135.0,1090.0,1109.0,1113.0,1081.0,1105.0,1091.0,1087.0,1132.0,1159.0,1081.0,1086.0,1113.0,1129.0,1084.0,1053.0,1161.0,936.0,1027.0,955.0,966.0,993.0,980.0,970.0,975.0,968.0,979.0,796.0,844.0,833.0,874.0,836.0,852.0,890.0,793.0,855.0,882.0,1102.0,1100.0,1048.0,1073.0,1046.0,1079.0,1080.0,1107.0,1060.0,1064.0,972.0,928.0,997.0,982.0,966.0,944.0,991.0,1037.0,949.0,980.0,887.0,892.0,957.0,848.0,867.0,893.0,829.0,865.0,923.0,883.0,799.0,791.0,753.0,797.0,818.0,738.0,733.0,793.0,808.0,773.0,925.0,871.0,879.0,864.0,857.0,878.0,869.0,888.0,850.0,855.0
572,1207.0,1138.0,1129.0,1161.0,1166.0,1206.0,1173.0,1130.0,1157.0,1169.0,1104.0,1122.0,1098.0,1106.0,1084.0,1013.0,1104.0,1076.0,1106.0,1080.0,1116.0,1081.0,1142.0,1121.0,1093.0,1157.0,1130.0,1133.0,1099.0,1114.0,968.0,986.0,976.0,921.0,948.0,985.0,987.0,1005.0,943.0,975.0,849.0,859.0,824.0,883.0,823.0,867.0,877.0,815.0,833.0,841.0,1055.0,1097.0,1045.0,1106.0,1085.0,1114.0,1101.0,1080.0,1085.0,1077.0,984.0,964.0,971.0,1003.0,972.0,965.0,938.0,1029.0,1025.0,1007.0,855.0,891.0,906.0,896.0,957.0,852.0,830.0,825.0,870.0,849.0,800.0,782.0,808.0,745.0,752.0,781.0,762.0,786.0,759.0,780.0,869.0,887.0,911.0,839.0,891.0,845.0,896.0,897.0,867.0,923.0
573,1174.0,1190.0,1202.0,1226.0,1180.0,1137.0,1163.0,1177.0,1193.0,1120.0,1031.0,1088.0,1077.0,1068.0,1017.0,1101.0,1096.0,1078.0,1110.0,1098.0,1099.0,1108.0,1129.0,1130.0,1133.0,1114.0,1136.0,1146.0,1050.0,1151.0,991.0,1006.0,938.0,963.0,984.0,987.0,927.0,1007.0,977.0,934.0,872.0,823.0,880.0,848.0,838.0,854.0,851.0,861.0,819.0,876.0,1161.0,1105.0,1105.0,1107.0,1070.0,1076.0,1136.0,1040.0,1082.0,1087.0,976.0,964.0,1002.0,931.0,967.0,964.0,1008.0,1013.0,977.0,993.0,871.0,918.0,863.0,837.0,925.0,889.0,829.0,884.0,827.0,865.0,750.0,757.0,770.0,772.0,811.0,778.0,769.0,719.0,830.0,819.0,882.0,845.0,840.0,895.0,852.0,891.0,879.0,849.0,881.0,875.0
574,1137.0,1177.0,1217.0,1183.0,1190.0,1174.0,1153.0,1165.0,1166.0,1216.0,1080.0,1103.0,1071.0,1112.0,1054.0,1134.0,1158.0,1036.0,1110.0,1104.0,1108.0,1045.0,1079.0,1126.0,1138.0,1112.0,1107.0,1097.0,1123.0,1134.0,1014.0,997.0,952.0,974.0,914.0,1005.0,980.0,1003.0,961.0,1009.0,883.0,858.0,889.0,821.0,865.0,807.0,840.0,912.0,881.0,792.0,1091.0,1072.0,1079.0,1091.0,1046.0,1055.0,1080.0,1094.0,1088.0,1060.0,994.0,1000.0,1012.0,957.0,975.0,1004.0,1026.0,941.0,961.0,939.0,852.0,854.0,883.0,886.0,894.0,873.0,876.0,847.0,880.0,845.0,796.0,808.0,747.0,765.0,819.0,772.0,732.0,806.0,747.0,811.0,857.0,892.0,877.0,859.0,888.0,855.0,839.0,878.0,829.0,904.0
575,1185.0,1129.0,1214.0,1125.0,1133.0,1151.0,1191.0,1173.0,1204.0,1179.0,1119.0,1097.0,1046.0,1110.0,1129.0,1121.0,1112.0,1057.0,1081.0,1136.0,1073.0,1116.0,1149.0,1133.0,1093.0,1132.0,1088.0,1171.0,1137.0,1078.0,1012.0,969.0,993.0,1003.0,971.0,977.0,988.0,978.0,962.0,949.0,840.0,875.0,788.0,847.0,806.0,854.0,890.0,864.0,846.0,885.0,1066.0,1037.0,1097.0,1033.0,1096.0,1061.0,1084.0,1091.0,1056.0,1080.0,950.0,998.0,976.0,906.0,970.0,977.0,924.0,955.0,931.0,955.0,870.0,885.0,885.0,917.0,903.0,898.0,876.0,855.0,853.0,866.0,777.0,821.0,735.0,817.0,783.0,753.0,783.0,744.0,822.0,811.0,920.0,885.0,919.0,889.0,901.0,869.0,858.0,889.0,854.0,879.0
576,1176.0,1162.0,1183.0,1189.0,1186.0,1189.0,1182.0,1165.0,1193.0,1233.0,1091.0,1093.0,1135.0,1104.0,1126.0,1080.0,1093.0,1097.0,1071.0,1114.0,1125.0,1130.0,1088.0,1096.0,1103.0,1132.0,1098.0,1137.0,1078.0,1108.0,984.0,973.0,987.0,984.0,955.0,941.0,980.0,1017.0,999.0,959.0,806.0,846.0,892.0,833.0,848.0,830.0,835.0,888.0,881.0,814.0,1096.0,1093.0,1076.0,1090.0,1084.0,1096.0,1136.0,1037.0,1052.0,1016.0,989.0,998.0,907.0,966.0,979.0,1019.0,983.0,910.0,960.0,1000.0,857.0,892.0,903.0,852.0,866.0,880.0,837.0,870.0,866.0,959.0,816.0,774.0,762.0,805.0,735.0,765.0,785.0,784.0,787.0,764.0,870.0,850.0,868.0,862.0,901.0,858.0,865.0,876.0,861.0,845.0
577,1154.0,1138.0,1149.0,1159.0,1167.0,1176.0,1189.0,1141.0,1196.0,1205.0,1154.0,1118.0,1101.0,1110.0,1085.0,1106.0,1075.0,1046.0,1089.0,1041.0,1110.0,1124.0,1067.0,1105.0,1108.0,1109.0,1072.0,1107.0,1106.0,1105.0,1012.0,978.0,979.0,992.0,1001.0,968.0,965.0,1008.0,949.0,984.0,834.0,898.0,895.0,829.0,899.0,870.0,880.0,889.0,891.0,855.0,1062.0,1061.0,1128.0,1126.0,1108.0,1069.0,1065.0,1109.0,1080.0,1087.0,965.0,1012.0,949.0,952.0,946.0,994.0,960.0,980.0,951.0,997.0,862.0,831.0,925.0,836.0,881.0,854.0,947.0,864.0,834.0,899.0,753.0,771.0,752.0,795.0,779.0,809.0,753.0,787.0,791.0,762.0,904.0,880.0,858.0,876.0,809.0,838.0,893.0,852.0,861.0,878.0
578,1134.0,1168.0,1178.0,1201.0,1168.0,1162.0,1200.0,1196.0,1149.0,1196.0,1095.0,1123.0,1094.0,1090.0,1098.0,1092.0,1085.0,1080.0,1073.0,1087.0,1135.0,1141.0,1101.0,1111.0,1151.0,1078.0,1135.0,1116.0,1150.0,1098.0,960.0,983.0,986.0,975.0,966.0,1045.0,977.0,967.0,946.0,979.0,893.0,796.0,897.0,820.0,852.0,871.0,849.0,859.0,856.0,881.0,1049.0,1057.0,1051.0,1083.0,1083.0,1048.0,1053.0,1135.0,1077.0,1080.0,999.0,1003.0,981.0,974.0,971.0,960.0,1028.0,929.0,1001.0,941.0,901.0,855.0,855.0,883.0,862.0,876.0,861.0,857.0,876.0,883.0,761.0,775.0,789.0,825.0,768.0,786.0,756.0,762.0,754.0,753.0,889.0,906.0,875.0,817.0,865.0,880.0,854.0,877.0,864.0,917.0
579,1169.0,1158.0,1202.0,1181.0,1170.0,1237.0,1144.0,1161.0,1165.0,1233.0,1057.0,1097.0,1086.0,1065.0,1094.0,1118.0,1107.0,1137.0,1050.0,1095.0,1143.0,1137.0,1155.0,1129.0,1114.0,1091.0,1133.0,1080.0,1135.0,1112.0,939.0,1009.0,1006.0,989.0,967.0,965.0,951.0,953.0,972.0,955.0,873.0,823.0,832.0,851.0,870.0,835.0,852.0,851.0,814.0,822.0,1049.0,1066.0,1112.0,1054.0,1083.0,1070.0,1095.0,1078.0,1042.0,1062.0,1019.0,991.0,970.0,928.0,1009.0,949.0,973.0,962.0,1001.0,942.0,921.0,902.0,864.0,900.0,841.0,835.0,890.0,865.0,932.0,870.0,759.0,755.0,749.0,794.0,793.0,805.0,770.0,754.0,736.0,813.0,887.0,868.0,825.0,890.0,842.0,892.0,885.0,936.0,899.0,910.0
580,1192.0,1215.0,1183.0,1221.0,1191.0,1151.0,1141.0,1168.0,1214.0,1195.0,1046.0,1045.0,1105.0,1108.0,1103.0,1115.0,1124.0,1107.0,1034.0,1083.0,1135.0,1085.0,1129.0,1106.0,1134.0,1115.0,1102.0,1139.0,1096.0,1132.0,1024.0,948.0,993.0,958.0,971.0,953.0,1001.0,965.0,907.0,965.0,880.0,827.0,817.0,862.0,799.0,846.0,860.0,846.0,890.0,857.0,1065.0,1070.0,1080.0,1057.0,1103.0,1147.0,1063.0,1085.0,1077.0,1082.0,943.0,997.0,925.0,936.0,976.0,958.0,991.0,1003.0,984.0,984.0,864.0,916.0,871.0,890.0,872.0,904.0,919.0,833.0,854.0,881.0,793.0,808.0,810.0,776.0,736.0,741.0,753.0,791.0,782.0,814.0,877.0,900.0,888.0,864.0,892.0,865.0,848.0,837.0,909.0,819.0
581,1163.0,1204.0,1171.0,1171.0,1167.0,1201.0,1121.0,1209.0,1187.0,1184.0,1085.0,1106.0,1109.0,1156.0,1099.0,1063.0,1090.0,1064.0,1093.0,1118.0,1143.0,1120.0,1095.0,1119.0,1166.0,1081.0,1108.0,1126.0,1110.0,1117.0,954.0,923.0,964.0,975.0,1015.0,947.0,985.0,982.0,924.0,935.0,849.0,865.0,842.0,810.0,823.0,885.0,848.0,873.0,797.0,886.0,1115.0,1086.0,1076.0,1047.0,1113.0,1071.0,1082.0,1048.0,1082.0,1082.0,958.0,993.0,1025.0,947.0,946.0,1007.0,971.0,973.0,1007.0,981.0,853.0,884.0,810.0,889.0,830.0,853.0,960.0,862.0,855.0,855.0,807.0,762.0,785.0,764.0,742.0,766.0,763.0,804.0,793.0,773.0,893.0,865.0,923.0,897.0,870.0,922.0,878.0,835.0,898.0,880.0
582,1186.0,1199.0,1176.0,1184.0,1146.0,1187.0,1108.0,1172.0,1146.0,1168.0,1122.0,1086.0,1135.0,1099.0,1117.0,1086.0,1064.0,1101.0,1148.0,1125.0,1139.0,1151.0,1114.0,1108.0,1147.0,1107.0,1122.0,1096.0,1078.0,1185.0,951.0,962.0,944.0,981.0,954.0,904.0,1007.0,958.0,978.0,926.0,871.0,854.0,835.0,825.0,800.0,881.0,917.0,850.0,838.0,837.0,1084.0,1086.0,1119.0,1077.0,1075.0,1131.0,1040.0,1091.0,1072.0,1086.0,957.0,1011.0,958.0,981.0,930.0,942.0,983.0,965.0,935.0,971.0,861.0,858.0,866.0,923.0,882.0,890.0,917.0,876.0,901.0,884.0,782.0,775.0,779.0,739.0,796.0,791.0,768.0,753.0,759.0,775.0,865.0,820.0,873.0,855.0,926.0,879.0,886.0,914.0,892.0,851.0
583,1187.0,1217.0,1168.0,1174.0,1174.0,1179.0,1207.0,1154.0,1153.0,1197.0,1076.0,1122.0,1149.0,1087.0,1111.0,1099.0,1108.0,1112.0,1099.0,1057.0,1115.0,1104.0,1109.0,1126.0,1120.0,1092.0,1117.0,1088.0,1161.0,1152.0,1036.0,957.0,942.0,999.0,1010.0,968.0,956.0,982.0,928.0,955.0,911.0,846.0,848.0,834.0,826.0,858.0,861.0,881.0,806.0,890.0,1056.0,1050.0,1095.0,1087.0,1046.0,1159.0,1040.0,1109.0,1079.0,1088.0,970.0,983.0,1037.0,941.0,959.0,944.0,1020.0,955.0,932.0,952.0,836.0,864.0,875.0,909.0,919.0,858.0,859.0,871.0,925.0,844.0,746.0,767.0,726.0,767.0,749.0,748.0,787.0,784.0,747.0,797.0,884.0,890.0,845.0,848.0,859.0,891.0,855.0,841.0,915.0,876.0
584,1222.0,1203.0,1167.0,1207.0,1140.0,1224.0,1210.0,1129.0,1211.0,1194.0,1061.0,1129.0,1087.0,1062.0,1137.0,1121.0,1087.0,1092.0,1024.0,1072.0,1100.0,1115.0,1144.0,1174.0,1107.0,1086.0,1123.0,1097.0,1116.0,1092.0,968.0,958.0,1020.0,969.0,963.0,930.0,1003.0,997.0,971.0,973.0,856.0,855.0,839.0,828.0,843.0,909.0,853.0,854.0,844.0,880.0,1117.0,1081.0,1064.0,1084.0,1036.0,1097.0,1103.0,1130.0,1050.0,1065.0,990.0,965.0,956.0,978.0,986.0,925.0,984.0,967.0,997.0,975.0,861.0,842.0,852.0,839.0,896.0,914.0,889.0,882.0,915.0,944.0,758.0,800.0,792.0,766.0,797.0,724.0,687.0,778.0,759.0,738.0,880.0,850.0,876.0,858.0,872.0,862.0,865.0,851.0,860.0,878.0
585,1221.0,1198.0,1163.0,1159.0,1197.0,1183.0,1187.0,1207.0,1191.0,1159.0,1119.0,1123.0,1094.0,1099.0,1082.0,1092.0,1105.0,1084.0,1073.0,1085.0,1118.0,1115.0,1111.0,1115.0,1191.0,1145.0,1150.0,1157.0,1130.0,1080.0,987.0,1006.0,963.0,962.0,962.0,968.0,930.0,935.0,932.0,1039.0,910.0,836.0,856.0,861.0,853.0,885.0,871.0,850.0,854.0,870.0,1028.0,1076.0,1119.0,1063.0,1127.0,1100.0,1026.0,1064.0,1068.0,1097.0,979.0,951.0,919.0,962.0,910.0,943.0,985.0,962.0,995.0,972.0,848.0,829.0,907.0,884.0,824.0,907.0,915.0,892.0,872.0,853.0,768.0,826.0,834.0,772.0,765.0,734.0,775.0,774.0,782.0,784.0,832.0,834.0,833.0,891.0,857.0,832.0,859.0,849.0,849.0,875.0
586,1169.0,1199.0,1197.0,1125.0,1164.0,1200.0,1178.0,1237.0,1187.0,1216.0,1102.0,1127.0,1110.0,1110.0,1085.0,1084.0,1108.0,1053.0,1113.0,1029.0,1123.0,1102.0,1157.0,1105.0,1077.0,1096.0,1099.0,1113.0,1110.0,1165.0,972.0,985.0,961.0,996.0,971.0,975.0,948.0,993.0,974.0,955.0,877.0,862.0,801.0,842.0,838.0,851.0,867.0,832.0,820.0,860.0,1062.0,1044.0,1064.0,1068.0,1110.0,1045.0,1043.0,1049.0,1078.0,1054.0,991.0,978.0,961.0,958.0,995.0,954.0,991.0,975.0,1009.0,951.0,853.0,838.0,882.0,890.0,903.0,901.0,880.0,877.0,843.0,846.0,781.0,844.0,789.0,794.0,735.0,790.0,778.0,764.0,735.0,830.0,881.0,816.0,873.0,885.0,891.0,898.0,914.0,878.0,872.0,907.0
587,1211.0,1199.0,1143.0,1198.0,1184.0,1183.0,1165.0,1213.0,1134.0,1211.0,1089.0,1117.0,1085.0,1070.0,1094.0,1084.0,1116.0,1071.0,1081.0,1078.0,1082.0,1109.0,1081.0,1150.0,1154.0,1192.0,1079.0,1152.0,1147.0,1153.0,972.0,1007.0,947.0,972.0,939.0,978.0,950.0,957.0,946.0,958.0,835.0,858.0,853.0,844.0,791.0,819.0,901.0,817.0,845.0,868.0,1098.0,1030.0,1106.0,1064.0,1108.0,1047.0,1111.0,1070.0,1050.0,1063.0,1027.0,989.0,990.0,985.0,956.0,934.0,978.0,965.0,1027.0,962.0,848.0,847.0,935.0,874.0,846.0,892.0,893.0,851.0,841.0,896.0,776.0,772.0,791.0,737.0,832.0,778.0,720.0,775.0,792.0,744.0,869.0,866.0,870.0,876.0,862.0,883.0,892.0,896.0,879.0,878.0
588,1182.0,1148.0,1099.0,1187.0,1166.0,1197.0,1223.0,1200.0,1159.0,1206.0,1067.0,1133.0,1119.0,1098.0,1107.0,1115.0,1131.0,1063.0,1081.0,1151.0,1075.0,1110.0,1113.0,1176.0,1130.0,1121.0,1062.0,1057.0,1050.0,1109.0,1006.0,982.0,941.0,957.0,961.0,926.0,958.0,974.0,1003.0,972.0,858.0,866.0,856.0,866.0,822.0,862.0,877.0,818.0,838.0,883.0,1063.0,1035.0,1108.0,1081.0,1041.0,1123.0,1072.0,1082.0,1060.0,1064.0,1002.0,968.0,980.0,933.0,987.0,892.0,948.0,993.0,1002.0,927.0,865.0,910.0,888.0,852.0,859.0,864.0,908.0,905.0,879.0,883.0,796.0,787.0,814.0,792.0,772.0,791.0,763.0,814.0,764.0,741.0,896.0,859.0,887.0,823.0,924.0,898.0,862.0,865.0,909.0,870.0
589,1154.0,1191.0,1186.0,1189.0,1143.0,1163.0,1115.0,1178.0,1111.0,1194.0,1102.0,1148.0,1080.0,1058.0,1103.0,1104.0,1125.0,1069.0,1118.0,1058.0,1158.0,1105.0,1085.0,1081.0,1127.0,1146.0,1094.0,1091.0,1145.0,1126.0,989.0,1038.0,962.0,999.0,983.0,988.0,1007.0,956.0,992.0,1027.0,841.0,880.0,876.0,825.0,871.0,818.0,848.0,854.0,819.0,863.0,1052.0,1101.0,1061.0,1082.0,1085.0,1081.0,1112.0,1050.0,1106.0,1041.0,949.0,944.0,999.0,957.0,940.0,928.0,1013.0,968.0,969.0,983.0,900.0,813.0,858.0,909.0,866.0,948.0,877.0,861.0,876.0,877.0,776.0,686.0,802.0,787.0,775.0,787.0,731.0,831.0,756.0,790.0,889.0,884.0,900.0,881.0,878.0,824.0,881.0,918.0,849.0,848.0
590,1207.0,1149.0,1195.0,1187.0,1124.0,1175.0,1154.0,1189.0,1198.0,1142.0,1064.0,1082.0,1108.0,1101.0,1084.0,1097.0,1035.0,1044.0,1111.0,1100.0,1138.0,1135.0,1156.0,1112.0,1104.0,1101.0,1132.0,1093.0,1116.0,1137.0,946.0,989.0,930.0,964.0,945.0,1020.0,970.0,925.0,950.0,997.0,827.0,853.0,872.0,791.0,832.0,865.0,834.0,872.0,826.0,903.0,1109.0,1083.0,1082.0,1091.0,1143.0,1072.0,1056.0,1114.0,1102.0,1054.0,1036.0,933.0,940.0,989.0,934.0,954.0,1021.0,1027.0,925.0,949.0,856.0,867.0,867.0,858.0,946.0,890.0,904.0,851.0,891.0,870.0,790.0,826.0,822.0,810.0,772.0,763.0,808.0,784.0,763.0,809.0,833.0,877.0,833.0,864.0,891.0,853.0,894.0,877.0,856.0,852.0
591,1182.0,1135.0,1178.0,1212.0,1172.0,1144.0,1252.0,1177.0,1184.0,1187.0,1087.0,1108.0,1157.0,1094.0,1086.0,1086.0,1098.0,1091.0,1078.0,1110.0,1092.0,1116.0,1140.0,1102.0,1087.0,1161.0,1076.0,1135.0,1117.0,1131.0,1010.0,994.0,964.0,970.0,904.0,984.0,998.0,945.0,1030.0,965.0,835.0,815.0,849.0,823.0,890.0,856.0,838.0,888.0,812.0,859.0,1067.0,1119.0,1063.0,1042.0,1077.0,1091.0,1057.0,1078.0,1050.0,1109.0,964.0,1023.0,942.0,954.0,990.0,953.0,992.0,945.0,950.0,979.0,915.0,882.0,881.0,892.0,868.0,862.0,826.0,857.0,869.0,854.0,808.0,781.0,762.0,795.0,819.0,764.0,758.0,757.0,782.0,777.0,850.0,819.0,866.0,884.0,887.0,890.0,907.0,901.0,866.0,838.0
592,1148.0,1157.0,1147.0,1183.0,1191.0,1124.0,1187.0,1158.0,1135.0,1172.0,1056.0,1067.0,1114.0,1108.0,1114.0,1108.0,1067.0,1124.0,1060.0,1108.0,1125.0,1173.0,1155.0,1132.0,1104.0,1103.0,1143.0,1096.0,1150.0,1181.0,1003.0,979.0,962.0,978.0,995.0,1005.0,953.0,976.0,954.0,919.0,855.0,856.0,850.0,877.0,847.0,845.0,874.0,842.0,832.0,799.0,1130.0,1052.0,1119.0,1072.0,1062.0,1110.0,1099.0,1080.0,1088.0,1129.0,939.0,948.0,948.0,924.0,962.0,979.0,939.0,962.0,1011.0,986.0,878.0,856.0,898.0,863.0,821.0,852.0,880.0,883.0,861.0,837.0,794.0,799.0,742.0,772.0,780.0,828.0,791.0,775.0,780.0,741.0,885.0,907.0,865.0,860.0,904.0,840.0,870.0,879.0,868.0,930.0
593,1180.0,1211.0,1155.0,1183.0,1156.0,1180.0,1216.0,1194.0,1193.0,1165.0,1072.0,1053.0,1086.0,1081.0,1088.0,1047.0,1142.0,1081.0,1134.0,1087.0,1123.0,1154.0,1140.0,1097.0,1113.0,1093.0,1089.0,1101.0,1109.0,1073.0,984.0,938.0,988.0,986.0,959.0,996.0,964.0,975.0,987.0,1000.0,787.0,871.0,841.0,811.0,865.0,845.0,867.0,879.0,881.0,846.0,1124.0,1093.0,1101.0,1077.0,1129.0,1086.0,1081.0,1090.0,1013.0,1087.0,929.0,965.0,951.0,1008.0,964.0,1007.0,958.0,962.0,936.0,988.0,898.0,858.0,876.0,864.0,842.0,880.0,863.0,885.0,823.0,900.0,799.0,777.0,764.0,773.0,791.0,754.0,766.0,758.0,794.0,793.0,916.0,873.0,897.0,889.0,873.0,906.0,854.0,850.0,870.0,868.0
594,1169.0,1221.0,1169.0,1158.0,1232.0,1176.0,1152.0,1227.0,1172.0,1189.0,1124.0,1094.0,1185.0,1126.0,1103.0,1107.0,1109.0,1105.0,1102.0,1082.0,1063.0,1096.0,1143.0,1091.0,1071.0,1092.0,1115.0,1118.0,1100.0,1104.0,983.0,920.0,953.0,975.0,957.0,1006.0,973.0,981.0,955.0,977.0,833.0,821.0,875.0,806.0,840.0,839.0,848.0,801.0,850.0,868.0,1095.0,1129.0,1055.0,1112.0,1078.0,1064.0,1085.0,1045.0,1072.0,1154.0,961.0,975.0,938.0,975.0,953.0,958.0,969.0,972.0,963.0,969.0,922.0,871.0,864.0,844.0,839.0,881.0,870.0,868.0,923.0,875.0,766.0,790.0,741.0,749.0,791.0,784.0,768.0,768.0,733.0,748.0,897.0,872.0,872.0,933.0,913.0,889.0,913.0,888.0,870.0,838.0
595,1163.0,1151.0,1168.0,1175.0,1223.0,1169.0,1147.0,1186.0,1213.0,1196.0,1088.0,1089.0,1110.0,1084.0,1106.0,1097.0,1108.0,1107.0,1087.0,1105.0,1090.0,1095.0,1123.0,1070.0,1143.0,1140.0,1124.0,1122.0,1087.0,1097.0,1011.0,958.0,999.0,967.0,943.0,1024.0,954.0,990.0,972.0,1007.0,855.0,890.0,847.0,830.0,823.0,793.0,880.0,867.0,864.0,836.0,1096.0,1114.0,1092.0,1126.0,1061.0,1080.0,1024.0,1065.0,1050.0,1080.0,988.0,963.0,965.0,1008.0,965.0,981.0,962.0,972.0,972.0,948.0,912.0,847.0,900.0,895.0,845.0,878.0,899.0,832.0,877.0,896.0,755.0,797.0,730.0,735.0,782.0,773.0,825.0,797.0,773.0,803.0,856.0,890.0,859.0,877.0,883.0,858.0,883.0,834.0,846.0,837.0
596,1206.0,1184.0,1176.0,1158.0,1213.0,1211.0,1168.0,1154.0,1216.0,1154.0,1071.0,1067.0,1134.0,1088.0,1054.0,1106.0,1100.0,1144.0,1100.0,1077.0,1141.0,1148.0,1073.0,1121.0,1084.0,1104.0,1124.0,1118.0,1082.0,1108.0,1012.0,948.0,982.0,973.0,1001.0,990.0,959.0,955.0,963.0,1019.0,875.0,826.0,904.0,840.0,820.0,864.0,892.0,819.0,894.0,829.0,1071.0,1156.0,1082.0,1061.0,1058.0,1067.0,1073.0,1094.0,1062.0,1090.0,998.0,1001.0,969.0,1012.0,992.0,944.0,1005.0,1001.0,928.0,959.0,851.0,900.0,877.0,891.0,867.0,830.0,880.0,822.0,855.0,894.0,735.0,689.0,746.0,758.0,838.0,808.0,768.0,798.0,768.0,787.0,851.0,867.0,850.0,865.0,850.0,868.0,839.0,865.0,874.0,891.0
597,1239.0,1228.0,1147.0,1170.0,1173.0,1211.0,1171.0,1195.0,1181.0,1174.0,1109.0,1060.0,1102.0,1105.0,1113.0,1114.0,1055.0,1109.0,1140.0,1079.0,1103.0,1127.0,1142.0,1077.0,1086.0,1077.0,1123.0,1122.0,1108.0,1075.0,929.0,950.0,978.0,985.0,996.0,957.0,980.0,962.0,945.0,941.0,888.0,859.0,890.0,870.0,796.0,839.0,867.0,875.0,826.0,834.0,1117.0,1079.0,1079.0,1087.0,1070.0,1087.0,1072.0,1048.0,1035.0,1111.0,936.0,1019.0,968.0,985.0,1009.0,989.0,965.0,961.0,921.0,1023.0,819.0,844.0,856.0,860.0,864.0,863.0,879.0,847.0,899.0,915.0,759.0,772.0,756.0,759.0,790.0,776.0,845.0,775.0,787.0,761.0,905.0,846.0,878.0,869.0,880.0,878.0,855.0,877.0,899.0,897.0
598,1187.0,1172.0,1170.0,1172.0,1242.0,1140.0,1215.0,1194.0,1173.0,1189.0,1091.0,1098.0,1125.0,1086.0,1131.0,1114.0,1072.0,1092.0,1109.0,1081.0,1095.0,1110.0,1118.0,1146.0,1082.0,1101.0,1079.0,1140.0,1205.0,1093.0,975.0,1017.0,960.0,958.0,1008.0,958.0,959.0,954.0,935.0,948.0,830.0,909.0,832.0,837.0,806.0,837.0,929.0,850.0,805.0,926.0,1141.0,1068.0,1086.0,1093.0,1035.0,1101.0,1071.0,1109.0,1047.0,1064.0,945.0,987.0,933.0,963.0,918.0,965.0,949.0,979.0,968.0,985.0,889.0,859.0,881.0,864.0,907.0,913.0,837.0,848.0,885.0,894.0,762.0,738.0,803.0,775.0,755.0,796.0,830.0,764.0,749.0,730.0,888.0,825.0,889.0,871.0,890.0,870.0,875.0,838.0,861.0,903.0
599,1233.0,1172.0,1149.0,1206.0,1165.0,1176.0,1166.0,1151.0,1199.0,1185.0,1083.0,1093.0,1116.0,1124.0,1119.0,1119.0,1097.0,1073.0,1072.0,1054.0,1150.0,1153.0,1155.0,1129.0,1087.0,1136.0,1122.0,1150.0,1089.0,1127.0,954.0,953.0,1006.0,943.0,986.0,943.0,984.0,987.0,1007.0,968.0,838.0,810.0,783.0,833.0,859.0,902.0,849.0,848.0,801.0,886.0,1055.0,1120.0,1129.0,1069.0,1053.0,1077.0,1118.0,1100.0,1098.0,1087.0,1011.0,979.0,973.0,968.0,954.0,978.0,959.0,1007.0,958.0,997.0,881.0,885.0,831.0,861.0,881.0,859.0,862.0,842.0,906.0,864.0,724.0,775.0,790.0,757.0,803.0,767.0,781.0,739.0,787.0,793.0,870.0,840.0,861.0,872.0,873.0,837.0,877.0,869.0,820.0,855.0
600,1205.0,1221.0,1202.0,1173.0,1160.0,1220.0,1165.0,1189.0,1183.0,1119.0,1072.0,1115.0,1098.0,1058.0,1083.0,1069.0,1081.0,1087.0,1079.0,1070.0,1116.0,1071.0,1043.0,1149.0,1089.0,1108.0,1108.0,1107.0,1101.0,1130.0,1012.0,974.0,1019.0,918.0,1005.0,979.0,949.0,976.0,981.0,1017.0,808.0,834.0,815.0,890.0,837.0,802.0,862.0,888.0,802.0,855.0,1130.0,1051.0,1048.0,1105.0,1096.0,1091.0,1087.0,1081.0,1072.0,1128.0,926.0,938.0,1002.0,919.0,979.0,948.0,996.0,957.0,971.0,960.0,840.0,867.0,882.0,853.0,904.0,874.0,883.0,864.0,901.0,854.0,774.0,789.0,796.0,822.0,734.0,789.0,795.0,794.0,802.0,783.0,916.0,922.0,891.0,876.0,893.0,913.0,891.0,823.0,848.0,902.0
601,1156.0,1141.0,1182.0,1181.0,1194.0,1211.0,1133.0,1151.0,1189.0,1184.0,1099.0,1130.0,1125.0,1105.0,1121.0,1077.0,1088.0,1081.0,1102.0,1119.0,1113.0,1060.0,1126.0,1107.0,1142.0,1099.0,1130.0,1145.0,1102.0,1103.0,996.0,1009.0,963.0,970.0,949.0,1018.0,980.0,986.0,996.0,1027.0,847.0,867.0,803.0,874.0,828.0,893.0,867.0,862.0,819.0,868.0,1102.0,1085.0,1091.0,1120.0,1034.0,1079.0,1115.0,1057.0,1056.0,1103.0,960.0,1010.0,964.0,943.0,935.0,949.0,953.0,1005.0,958.0,935.0,854.0,884.0,901.0,890.0,921.0,862.0,841.0,864.0,881.0,864.0,792.0,746.0,771.0,747.0,766.0,757.0,800.0,764.0,751.0,775.0,883.0,853.0,868.0,824.0,889.0,846.0,910.0,853.0,886.0,837.0
602,1181.0,1150.0,1200.0,1196.0,1144.0,1183.0,1193.0,1175.0,1186.0,1211.0,1073.0,1092.0,1072.0,1143.0,1080.0,1135.0,1081.0,1139.0,1117.0,1130.0,1116.0,1095.0,1142.0,1116.0,1148.0,1047.0,1155.0,1133.0,1118.0,1104.0,984.0,988.0,920.0,995.0,1001.0,963.0,963.0,966.0,980.0,1003.0,837.0,853.0,873.0,812.0,853.0,873.0,874.0,842.0,795.0,821.0,1109.0,1093.0,1039.0,1055.0,1093.0,1047.0,1088.0,1037.0,1058.0,1109.0,980.0,1001.0,981.0,949.0,968.0,952.0,1003.0,933.0,960.0,938.0,884.0,861.0,872.0,866.0,874.0,897.0,830.0,898.0,874.0,864.0,731.0,788.0,819.0,806.0,739.0,753.0,766.0,757.0,772.0,757.0,906.0,868.0,878.0,820.0,878.0,946.0,860.0,887.0,880.0,874.0
603,1205.0,1152.0,1188.0,1164.0,1132.0,1173.0,1179.0,1201.0,1109.0,1191.0,1141.0,1101.0,1104.0,1089.0,1100.0,1095.0,1111.0,1034.0,1089.0,1173.0,1124.0,1145.0,1099.0,1133.0,1119.0,1154.0,1077.0,1138.0,1085.0,1140.0,998.0,978.0,953.0,967.0,951.0,1000.0,982.0,975.0,955.0,912.0,853.0,882.0,868.0,812.0,860.0,830.0,861.0,877.0,866.0,848.0,1068.0,1055.0,1035.0,1089.0,1111.0,1064.0,1080.0,1078.0,1087.0,1067.0,966.0,992.0,990.0,994.0,949.0,952.0,1010.0,924.0,990.0,992.0,840.0,851.0,906.0,894.0,859.0,876.0,865.0,905.0,906.0,846.0,750.0,761.0,775.0,771.0,780.0,779.0,802.0,766.0,803.0,789.0,853.0,874.0,880.0,845.0,920.0,872.0,847.0,870.0,857.0,848.0
604,1245.0,1200.0,1159.0,1159.0,1226.0,1118.0,1215.0,1171.0,1159.0,1203.0,1151.0,1106.0,1129.0,1076.0,1044.0,1088.0,1079.0,1058.0,1050.0,1084.0,1111.0,1094.0,1094.0,1113.0,1127.0,1139.0,1130.0,1114.0,1106.0,1149.0,964.0,1011.0,964.0,978.0,904.0,987.0,985.0,951.0,992.0,922.0,822.0,850.0,834.0,877.0,876.0,855.0,853.0,888.0,860.0,868.0,1049.0,1071.0,1094.0,1036.0,1071.0,1058.0,1104.0,1066.0,1054.0,1114.0,969.0,943.0,986.0,980.0,988.0,965.0,949.0,982.0,969.0,958.0,830.0,898.0,908.0,894.0,879.0,885.0,887.0,888.0,879.0,874.0,771.0,750.0,737.0,773.0,740.0,809.0,750.0,779.0,814.0,766.0,881.0,868.0,892.0,877.0,924.0,896.0,857.0,876.0,870.0,866.0
605,1179.0,1144.0,1203.0,1183.0,1189.0,1122.0,1174.0,1205.0,1152.0,1191.0,1142.0,1046.0,1074.0,1097.0,1065.0,1077.0,1074.0,1038.0,1078.0,1122.0,1095.0,1114.0,1192.0,1102.0,1141.0,1147.0,1096.0,1126.0,1128.0,1107.0,974.0,1006.0,977.0,1001.0,957.0,981.0,1015.0,1007.0,940.0,983.0,847.0,885.0,827.0,819.0,866.0,820.0,867.0,847.0,850.0,851.0,1079.0,1127.0,1062.0,1080.0,1110.0,1085.0,1096.0,1062.0,1123.0,1074.0,991.0,978.0,973.0,985.0,981.0,1006.0,989.0,977.0,965.0,942.0,874.0,885.0,874.0,837.0,828.0,882.0,825.0,865.0,834.0,853.0,780.0,730.0,777.0,773.0,749.0,798.0,793.0,775.0,791.0,806.0,832.0,878.0,833.0,887.0,890.0,885.0,880.0,870.0,890.0,877.0
606,1176.0,1169.0,1161.0,1208.0,1132.0,1153.0,1178.0,1175.0,1151.0,1188.0,1054.0,1071.0,1123.0,1123.0,1088.0,1107.0,1070.0,1024.0,1111.0,1144.0,1133.0,1142.0,1146.0,1054.0,1079.0,1132.0,1131.0,1084.0,1095.0,1086.0,934.0,990.0,936.0,980.0,968.0,976.0,963.0,1014.0,991.0,957.0,846.0,852.0,832.0,894.0,841.0,839.0,876.0,816.0,819.0,812.0,1090.0,1023.0,1094.0,1088.0,1109.0,1087.0,1123.0,1117.0,1085.0,1087.0,966.0,1015.0,959.0,989.0,994.0,968.0,966.0,991.0,974.0,996.0,898.0,914.0,888.0,829.0,935.0,856.0,885.0,894.0,884.0,839.0,794.0,778.0,768.0,752.0,754.0,809.0,734.0,773.0,774.0,797.0,905.0,842.0,885.0,844.0,879.0,877.0,880.0,886.0,867.0,898.0
607,1194.0,1155.0,1196.0,1154.0,1127.0,1143.0,1210.0,1139.0,1174.0,1142.0,1115.0,1140.0,1080.0,1084.0,1106.0,1107.0,1066.0,1055.0,1100.0,1141.0,1190.0,1084.0,1095.0,1119.0,1161.0,1124.0,1145.0,1108.0,1090.0,1106.0,919.0,1000.0,927.0,970.0,989.0,963.0,934.0,1002.0,997.0,978.0,872.0,903.0,872.0,862.0,865.0,845.0,893.0,837.0,841.0,855.0,1065.0,1102.0,1094.0,1089.0,1092.0,1098.0,1086.0,1061.0,1049.0,1083.0,989.0,924.0,992.0,945.0,953.0,988.0,1002.0,1001.0,956.0,967.0,905.0,837.0,870.0,877.0,891.0,882.0,916.0,921.0,879.0,843.0,734.0,799.0,797.0,788.0,758.0,800.0,722.0,777.0,768.0,816.0,808.0,854.0,871.0,877.0,835.0,854.0,828.0,877.0,899.0,877.0
608,1194.0,1227.0,1136.0,1198.0,1159.0,1184.0,1181.0,1169.0,1197.0,1174.0,1116.0,1127.0,1096.0,1093.0,1118.0,1066.0,1065.0,1093.0,1120.0,1088.0,1145.0,1145.0,1090.0,1104.0,1120.0,1173.0,1147.0,1178.0,1106.0,1175.0,950.0,948.0,953.0,997.0,928.0,962.0,969.0,921.0,983.0,959.0,892.0,836.0,858.0,825.0,866.0,867.0,877.0,892.0,844.0,846.0,1052.0,1035.0,1130.0,1032.0,1103.0,1080.0,1072.0,1045.0,1076.0,1068.0,977.0,974.0,1006.0,977.0,937.0,976.0,997.0,993.0,998.0,997.0,874.0,871.0,877.0,876.0,856.0,911.0,867.0,856.0,819.0,832.0,739.0,776.0,780.0,769.0,785.0,738.0,736.0,727.0,705.0,747.0,851.0,854.0,869.0,895.0,905.0,844.0,891.0,901.0,899.0,919.0
609,1147.0,1223.0,1173.0,1223.0,1162.0,1166.0,1195.0,1159.0,1204.0,1178.0,1096.0,1055.0,1031.0,1073.0,1111.0,1105.0,1077.0,1053.0,1073.0,1132.0,1142.0,1158.0,1095.0,1101.0,1100.0,1128.0,1100.0,1131.0,1074.0,1108.0,980.0,1011.0,1002.0,1037.0,972.0,982.0,994.0,958.0,1000.0,984.0,889.0,825.0,864.0,846.0,824.0,861.0,824.0,851.0,871.0,863.0,1071.0,1135.0,1114.0,1071.0,1106.0,1096.0,1106.0,1088.0,1072.0,1072.0,993.0,932.0,998.0,980.0,957.0,979.0,988.0,973.0,967.0,943.0,858.0,838.0,885.0,881.0,900.0,862.0,866.0,890.0,883.0,869.0,756.0,787.0,766.0,720.0,743.0,782.0,779.0,783.0,747.0,820.0,861.0,823.0,870.0,830.0,902.0,839.0,874.0,892.0,856.0,838.0
610,1196.0,1208.0,1164.0,1213.0,1137.0,1190.0,1121.0,1213.0,1218.0,1128.0,1079.0,1088.0,1105.0,1111.0,1089.0,1082.0,1172.0,1055.0,1067.0,1128.0,1078.0,1103.0,1148.0,1106.0,1131.0,1127.0,1108.0,1096.0,1100.0,1106.0,979.0,981.0,992.0,1012.0,929.0,931.0,987.0,957.0,939.0,996.0,901.0,826.0,863.0,862.0,844.0,851.0,794.0,823.0,847.0,836.0,1076.0,1081.0,1059.0,1078.0,1098.0,1054.0,1079.0,1067.0,1103.0,1126.0,1013.0,970.0,976.0,968.0,986.0,1005.0,1020.0,952.0,1023.0,1004.0,842.0,881.0,858.0,829.0,894.0,901.0,850.0,865.0,842.0,876.0,784.0,783.0,788.0,764.0,808.0,754.0,788.0,836.0,758.0,791.0,848.0,865.0,846.0,815.0,865.0,907.0,884.0,914.0,847.0,817.0
611,1167.0,1221.0,1149.0,1124.0,1163.0,1199.0,1211.0,1181.0,1250.0,1188.0,1104.0,1066.0,1112.0,1128.0,1107.0,1083.0,1113.0,1058.0,1093.0,1081.0,1106.0,1076.0,1104.0,1058.0,1121.0,1198.0,1131.0,1090.0,1103.0,1128.0,970.0,981.0,938.0,1006.0,960.0,990.0,927.0,993.0,943.0,1006.0,844.0,896.0,860.0,853.0,864.0,864.0,832.0,837.0,823.0,881.0,1065.0,1081.0,1077.0,1078.0,1085.0,1080.0,1073.0,1118.0,1103.0,1080.0,976.0,987.0,963.0,954.0,982.0,958.0,965.0,977.0,948.0,908.0,890.0,821.0,886.0,851.0,878.0,812.0,857.0,886.0,849.0,864.0,810.0,775.0,808.0,810.0,758.0,780.0,811.0,781.0,753.0,820.0,868.0,882.0,907.0,902.0,863.0,831.0,880.0,858.0,871.0,853.0
612,1209.0,1167.0,1151.0,1210.0,1194.0,1091.0,1139.0,1153.0,1199.0,1193.0,1069.0,1071.0,1088.0,1067.0,1080.0,1111.0,1092.0,1082.0,1131.0,1149.0,1136.0,1122.0,1098.0,1110.0,1113.0,1135.0,1162.0,1143.0,1092.0,1101.0,940.0,953.0,949.0,986.0,969.0,1002.0,983.0,997.0,1001.0,950.0,879.0,823.0,835.0,852.0,873.0,825.0,889.0,830.0,837.0,893.0,1057.0,1078.0,1093.0,1072.0,1123.0,1055.0,1079.0,1078.0,1090.0,1072.0,962.0,988.0,1040.0,975.0,961.0,987.0,929.0,981.0,930.0,999.0,864.0,927.0,877.0,881.0,905.0,904.0,854.0,840.0,838.0,874.0,825.0,798.0,819.0,762.0,727.0,792.0,799.0,808.0,734.0,766.0,863.0,863.0,856.0,848.0,832.0,899.0,875.0,866.0,879.0,810.0
613,1164.0,1196.0,1187.0,1160.0,1171.0,1186.0,1155.0,1201.0,1177.0,1237.0,1141.0,1064.0,1076.0,1058.0,1113.0,1115.0,1061.0,1119.0,1094.0,1112.0,1127.0,1071.0,1042.0,1109.0,1087.0,1193.0,1121.0,1109.0,1112.0,1109.0,939.0,956.0,1007.0,945.0,964.0,948.0,994.0,938.0,919.0,958.0,869.0,832.0,844.0,844.0,867.0,799.0,872.0,875.0,852.0,895.0,1092.0,1082.0,1106.0,1069.0,1092.0,1085.0,1085.0,1090.0,1088.0,1095.0,943.0,1050.0,979.0,994.0,983.0,962.0,996.0,926.0,972.0,937.0,878.0,909.0,872.0,887.0,869.0,836.0,873.0,840.0,850.0,844.0,783.0,784.0,777.0,804.0,776.0,809.0,761.0,787.0,803.0,744.0,868.0,849.0,916.0,900.0,855.0,861.0,886.0,892.0,865.0,871.0
614,1242.0,1184.0,1213.0,1189.0,1193.0,1148.0,1182.0,1226.0,1115.0,1188.0,1073.0,1113.0,1066.0,1065.0,1052.0,1125.0,1104.0,1093.0,1117.0,1103.0,1126.0,1065.0,1147.0,1117.0,1164.0,1105.0,1135.0,1137.0,1106.0,1130.0,1007.0,968.0,948.0,1012.0,925.0,996.0,1009.0,963.0,950.0,974.0,843.0,885.0,869.0,828.0,837.0,847.0,864.0,863.0,840.0,878.0,1073.0,1055.0,1108.0,1076.0,1082.0,1071.0,1022.0,1065.0,1117.0,1120.0,951.0,1005.0,948.0,959.0,949.0,938.0,1024.0,946.0,975.0,998.0,908.0,848.0,886.0,900.0,886.0,935.0,840.0,855.0,886.0,830.0,750.0,803.0,776.0,771.0,781.0,781.0,746.0,768.0,747.0,728.0,825.0,871.0,841.0,854.0,908.0,851.0,877.0,857.0,883.0,847.0
615,1152.0,1213.0,1193.0,1207.0,1166.0,1238.0,1114.0,1201.0,1156.0,1153.0,1167.0,1071.0,1053.0,1035.0,1095.0,1086.0,1123.0,1091.0,1103.0,1117.0,1148.0,1125.0,1135.0,1165.0,1092.0,1092.0,1148.0,1124.0,1115.0,1121.0,979.0,978.0,969.0,987.0,976.0,1007.0,983.0,996.0,929.0,983.0,846.0,844.0,865.0,821.0,838.0,861.0,870.0,859.0,843.0,848.0,1079.0,1090.0,1078.0,1091.0,1061.0,1055.0,1052.0,1070.0,1067.0,1107.0,939.0,1007.0,976.0,988.0,987.0,953.0,962.0,965.0,969.0,972.0,853.0,861.0,868.0,870.0,890.0,889.0,878.0,856.0,892.0,866.0,767.0,775.0,775.0,766.0,792.0,794.0,810.0,752.0,786.0,769.0,868.0,829.0,891.0,837.0,884.0,820.0,868.0,857.0,878.0,861.0
616,1221.0,1192.0,1164.0,1201.0,1123.0,1206.0,1165.0,1146.0,1158.0,1136.0,1133.0,1091.0,1142.0,1039.0,1155.0,1088.0,1094.0,1098.0,1082.0,1141.0,1049.0,1114.0,1097.0,1121.0,1127.0,1121.0,1132.0,1112.0,1093.0,1166.0,1002.0,962.0,944.0,963.0,950.0,1002.0,978.0,989.0,962.0,975.0,824.0,839.0,897.0,877.0,846.0,860.0,868.0,887.0,847.0,844.0,1096.0,1107.0,1086.0,1039.0,1059.0,1078.0,1085.0,1067.0,1046.0,1074.0,964.0,962.0,916.0,981.0,952.0,952.0,949.0,994.0,981.0,937.0,873.0,880.0,879.0,875.0,893.0,853.0,892.0,906.0,884.0,895.0,778.0,799.0,798.0,810.0,821.0,779.0,793.0,723.0,790.0,766.0,855.0,849.0,883.0,864.0,858.0,854.0,854.0,851.0,901.0,863.0
617,1219.0,1224.0,1186.0,1149.0,1185.0,1169.0,1200.0,1222.0,1191.0,1156.0,1124.0,1145.0,1109.0,1112.0,1111.0,1103.0,1083.0,1098.0,1043.0,1054.0,1103.0,1092.0,1118.0,1063.0,1099.0,1134.0,1108.0,1070.0,1145.0,1136.0,1024.0,962.0,949.0,926.0,960.0,919.0,943.0,982.0,933.0,1008.0,855.0,827.0,849.0,854.0,885.0,898.0,866.0,875.0,874.0,901.0,1102.0,1058.0,1085.0,1149.0,1082.0,1128.0,1147.0,1069.0,1085.0,1065.0,923.0,940.0,968.0,947.0,940.0,934.0,966.0,978.0,977.0,962.0,852.0,896.0,852.0,902.0,869.0,874.0,863.0,852.0,856.0,874.0,752.0,792.0,781.0,793.0,797.0,792.0,780.0,726.0,769.0,771.0,835.0,855.0,907.0,875.0,856.0,842.0,852.0,898.0,869.0,875.0
618,1162.0,1231.0,1139.0,1197.0,1120.0,1211.0,1204.0,1155.0,1170.0,1182.0,1141.0,1111.0,1081.0,1086.0,1140.0,1069.0,1111.0,1088.0,1093.0,1095.0,1145.0,1092.0,1145.0,1145.0,1084.0,1136.0,1210.0,1141.0,1055.0,1150.0,943.0,972.0,1048.0,913.0,967.0,1011.0,980.0,985.0,991.0,975.0,841.0,874.0,808.0,819.0,855.0,838.0,836.0,873.0,830.0,882.0,1101.0,1086.0,1099.0,1088.0,1106.0,1080.0,1084.0,1053.0,1087.0,1123.0,966.0,958.0,951.0,952.0,975.0,991.0,940.0,963.0,1009.0,941.0,870.0,859.0,879.0,915.0,838.0,832.0,833.0,863.0,863.0,874.0,780.0,775.0,781.0,810.0,790.0,755.0,755.0,760.0,773.0,750.0,839.0,831.0,873.0,844.0,911.0,866.0,846.0,891.0,874.0,826.0
619,1200.0,1192.0,1187.0,1159.0,1147.0,1173.0,1200.0,1156.0,1118.0,1177.0,1085.0,1077.0,1123.0,1081.0,1100.0,1093.0,1150.0,1059.0,1114.0,1083.0,1132.0,1147.0,1119.0,1151.0,1121.0,1142.0,1143.0,1133.0,1137.0,1151.0,1023.0,990.0,946.0,990.0,956.0,904.0,1022.0,984.0,950.0,980.0,870.0,816.0,893.0,834.0,892.0,845.0,838.0,839.0,848.0,855.0,1080.0,1071.0,1073.0,995.0,1065.0,1101.0,1103.0,1098.0,1111.0,1053.0,959.0,943.0,928.0,988.0,1004.0,999.0,928.0,959.0,1009.0,934.0,869.0,863.0,876.0,888.0,885.0,854.0,828.0,881.0,844.0,898.0,735.0,808.0,786.0,832.0,781.0,775.0,719.0,754.0,747.0,788.0,832.0,882.0,872.0,856.0,837.0,901.0,857.0,910.0,865.0,881.0
620,1192.0,1193.0,1174.0,1146.0,1153.0,1198.0,1141.0,1207.0,1146.0,1175.0,1074.0,1071.0,1085.0,1097.0,1134.0,1093.0,1123.0,1105.0,1079.0,1098.0,1120.0,1114.0,1155.0,1138.0,1120.0,1130.0,1158.0,1084.0,1116.0,1075.0,1015.0,1031.0,978.0,1001.0,935.0,961.0,910.0,928.0,973.0,992.0,872.0,812.0,832.0,842.0,823.0,842.0,861.0,892.0,830.0,850.0,1109.0,1121.0,1109.0,1053.0,1104.0,1071.0,1144.0,1069.0,1077.0,1057.0,938.0,970.0,990.0,973.0,1020.0,1013.0,971.0,954.0,943.0,989.0,837.0,875.0,846.0,896.0,862.0,867.0,868.0,889.0,888.0,880.0,775.0,749.0,753.0,766.0,783.0,755.0,768.0,794.0,751.0,799.0,855.0,849.0,877.0,865.0,852.0,855.0,840.0,852.0,941.0,890.0
621,1169.0,1221.0,1149.0,1196.0,1179.0,1167.0,1163.0,1222.0,1223.0,1199.0,1085.0,1059.0,1081.0,1071.0,1086.0,1090.0,1103.0,1091.0,1035.0,1066.0,1072.0,1086.0,1156.0,1141.0,1106.0,1151.0,1115.0,1093.0,1097.0,1103.0,965.0,949.0,1004.0,986.0,995.0,979.0,938.0,966.0,956.0,1017.0,863.0,854.0,845.0,855.0,849.0,810.0,842.0,813.0,828.0,874.0,1128.0,1060.0,1094.0,1007.0,1062.0,1093.0,1094.0,1114.0,991.0,1114.0,958.0,1012.0,962.0,949.0,970.0,962.0,989.0,1023.0,1019.0,974.0,887.0,917.0,886.0,906.0,879.0,868.0,887.0,866.0,932.0,884.0,771.0,773.0,775.0,790.0,789.0,808.0,809.0,748.0,772.0,732.0,894.0,856.0,847.0,876.0,873.0,856.0,846.0,831.0,890.0,840.0
622,1149.0,1168.0,1218.0,1153.0,1196.0,1131.0,1155.0,1242.0,1138.0,1165.0,1106.0,1064.0,1064.0,1072.0,1095.0,1068.0,1091.0,1072.0,1060.0,1139.0,1117.0,1085.0,1104.0,1109.0,1117.0,1147.0,1144.0,1146.0,1121.0,1130.0,1008.0,966.0,942.0,947.0,889.0,987.0,996.0,982.0,961.0,957.0,860.0,848.0,841.0,851.0,850.0,825.0,887.0,869.0,887.0,846.0,1080.0,1101.0,1082.0,1132.0,1140.0,1101.0,1107.0,1075.0,1124.0,1101.0,956.0,995.0,968.0,994.0,1017.0,992.0,899.0,979.0,968.0,939.0,843.0,895.0,889.0,872.0,860.0,904.0,885.0,807.0,879.0,910.0,807.0,792.0,815.0,773.0,783.0,763.0,735.0,732.0,757.0,772.0,870.0,880.0,878.0,874.0,836.0,867.0,889.0,855.0,848.0,843.0
623,1193.0,1189.0,1147.0,1116.0,1205.0,1189.0,1166.0,1180.0,1191.0,1189.0,1084.0,1061.0,1056.0,1106.0,1065.0,1107.0,1077.0,1143.0,1085.0,1130.0,1123.0,1173.0,1120.0,1117.0,1104.0,1121.0,1117.0,1088.0,1130.0,1071.0,995.0,987.0,977.0,956.0,933.0,977.0,1012.0,972.0,959.0,956.0,872.0,838.0,880.0,847.0,840.0,822.0,896.0,860.0,852.0,840.0,1070.0,1073.0,1102.0,1103.0,1122.0,1041.0,1092.0,1097.0,1034.0,1086.0,958.0,1025.0,939.0,979.0,995.0,1000.0,912.0,990.0,963.0,976.0,843.0,855.0,872.0,876.0,888.0,867.0,887.0,842.0,874.0,872.0,787.0,755.0,799.0,762.0,714.0,807.0,742.0,727.0,781.0,785.0,873.0,833.0,914.0,917.0,914.0,857.0,890.0,858.0,874.0,900.0
624,1230.0,1205.0,1217.0,1171.0,1169.0,1180.0,1232.0,1167.0,1214.0,1183.0,1075.0,1063.0,1062.0,1076.0,1103.0,1133.0,1030.0,1099.0,1083.0,1128.0,1100.0,1080.0,1099.0,1091.0,1092.0,1121.0,1155.0,1137.0,1119.0,1095.0,1007.0,1005.0,959.0,1020.0,982.0,970.0,1007.0,982.0,932.0,985.0,822.0,830.0,819.0,835.0,856.0,850.0,804.0,845.0,824.0,875.0,1082.0,1126.0,1091.0,1042.0,1096.0,1075.0,1112.0,1060.0,1126.0,1075.0,934.0,955.0,1023.0,980.0,985.0,966.0,963.0,940.0,959.0,983.0,848.0,892.0,834.0,874.0,819.0,846.0,873.0,890.0,844.0,871.0,796.0,777.0,789.0,808.0,790.0,779.0,755.0,757.0,768.0,783.0,903.0,855.0,912.0,885.0,891.0,868.0,854.0,882.0,870.0,826.0
625,1183.0,1174.0,1157.0,1131.0,1214.0,1171.0,1168.0,1221.0,1125.0,1146.0,1133.0,1130.0,1085.0,1072.0,1088.0,1122.0,1118.0,1058.0,1098.0,1083.0,1089.0,1096.0,1079.0,1123.0,1067.0,1135.0,1108.0,1132.0,1135.0,1113.0,971.0,933.0,1002.0,1042.0,1008.0,1006.0,1015.0,947.0,904.0,1052.0,839.0,888.0,859.0,857.0,817.0,842.0,822.0,857.0,829.0,841.0,1073.0,1064.0,1122.0,1059.0,1102.0,1073.0,1102.0,1105.0,1102.0,1084.0,979.0,969.0,998.0,965.0,936.0,973.0,955.0,1005.0,994.0,976.0,892.0,882.0,885.0,873.0,904.0,869.0,822.0,823.0,905.0,868.0,791.0,767.0,784.0,782.0,745.0,743.0,788.0,739.0,764.0,784.0,848.0,887.0,834.0,882.0,900.0,851.0,888.0,867.0,885.0,859.0
626,1246.0,1146.0,1184.0,1146.0,1197.0,1180.0,1166.0,1178.0,1140.0,1162.0,1045.0,1124.0,1125.0,1063.0,1144.0,1079.0,1072.0,1063.0,1114.0,1133.0,1109.0,1130.0,1077.0,1146.0,1087.0,1138.0,1129.0,1105.0,1102.0,1121.0,980.0,978.0,969.0,986.0,963.0,981.0,998.0,967.0,945.0,989.0,799.0,824.0,852.0,835.0,869.0,876.0,843.0,876.0,875.0,852.0,1068.0,1040.0,1114.0,1063.0,1062.0,1102.0,1087.0,1119.0,1029.0,1102.0,956.0,988.0,949.0,954.0,931.0,930.0,955.0,939.0,980.0,948.0,899.0,886.0,873.0,873.0,867.0,862.0,885.0,850.0,883.0,867.0,801.0,777.0,766.0,804.0,802.0,719.0,788.0,771.0,841.0,787.0,894.0,899.0,895.0,920.0,859.0,915.0,866.0,888.0,838.0,845.0
627,1176.0,1182.0,1153.0,1184.0,1185.0,1146.0,1174.0,1188.0,1143.0,1154.0,1067.0,1136.0,1123.0,1053.0,1092.0,1139.0,1057.0,1067.0,1080.0,1112.0,1080.0,1088.0,1122.0,1105.0,1124.0,1071.0,1124.0,1103.0,1103.0,1147.0,1016.0,952.0,984.0,965.0,999.0,958.0,1020.0,987.0,989.0,961.0,832.0,892.0,852.0,847.0,807.0,867.0,878.0,868.0,849.0,820.0,1094.0,1088.0,1089.0,1146.0,1106.0,1089.0,1068.0,1068.0,1081.0,1092.0,1001.0,945.0,978.0,915.0,998.0,994.0,941.0,922.0,953.0,1015.0,871.0,852.0,849.0,924.0,875.0,906.0,892.0,875.0,892.0,846.0,806.0,756.0,809.0,778.0,734.0,737.0,780.0,797.0,786.0,786.0,857.0,901.0,846.0,872.0,854.0,877.0,859.0,887.0,875.0,872.0
628,1175.0,1179.0,1192.0,1166.0,1202.0,1180.0,1157.0,1146.0,1111.0,1102.0,1085.0,1076.0,1106.0,1098.0,1067.0,1123.0,1100.0,1083.0,1067.0,1097.0,1086.0,1133.0,1051.0,1142.0,1045.0,1115.0,1092.0,1077.0,1173.0,1131.0,981.0,977.0,998.0,925.0,996.0,947.0,1021.0,999.0,982.0,1001.0,863.0,844.0,838.0,898.0,834.0,816.0,906.0,849.0,825.0,893.0,1068.0,1100.0,1114.0,1100.0,1086.0,1054.0,1032.0,1053.0,1088.0,1123.0,938.0,1019.0,957.0,956.0,977.0,987.0,988.0,991.0,1018.0,969.0,878.0,885.0,854.0,866.0,870.0,909.0,880.0,872.0,864.0,854.0,790.0,739.0,817.0,772.0,810.0,746.0,786.0,796.0,803.0,795.0,943.0,839.0,879.0,863.0,890.0,909.0,837.0,901.0,818.0,842.0
629,1154.0,1130.0,1133.0,1152.0,1144.0,1226.0,1113.0,1211.0,1184.0,1107.0,1142.0,1033.0,1091.0,1090.0,1051.0,1039.0,1094.0,1098.0,1126.0,1121.0,1106.0,1088.0,1163.0,1139.0,1076.0,1077.0,1108.0,1106.0,1116.0,1124.0,947.0,1015.0,935.0,953.0,966.0,1027.0,980.0,939.0,915.0,928.0,852.0,858.0,897.0,819.0,848.0,814.0,892.0,811.0,818.0,907.0,1097.0,1125.0,1149.0,1146.0,1119.0,1079.0,1094.0,1128.0,1050.0,1108.0,972.0,971.0,936.0,966.0,981.0,982.0,949.0,966.0,955.0,979.0,873.0,927.0,855.0,882.0,917.0,896.0,870.0,892.0,902.0,837.0,820.0,795.0,781.0,788.0,785.0,765.0,794.0,728.0,781.0,793.0,846.0,854.0,865.0,848.0,897.0,880.0,912.0,881.0,901.0,908.0
630,1202.0,1180.0,1248.0,1171.0,1197.0,1170.0,1134.0,1151.0,1160.0,1161.0,1095.0,1092.0,1114.0,1066.0,1048.0,1118.0,1117.0,1049.0,1080.0,1115.0,1090.0,1088.0,1123.0,1129.0,1123.0,1128.0,1123.0,1123.0,1143.0,1119.0,997.0,959.0,960.0,970.0,998.0,974.0,985.0,1013.0,977.0,938.0,847.0,928.0,808.0,822.0,822.0,813.0,843.0,826.0,853.0,861.0,1088.0,1061.0,1052.0,1104.0,1113.0,1068.0,1075.0,1100.0,1054.0,1082.0,1040.0,954.0,955.0,977.0,959.0,969.0,963.0,949.0,984.0,1013.0,864.0,854.0,890.0,898.0,881.0,923.0,891.0,894.0,887.0,866.0,721.0,792.0,807.0,759.0,774.0,764.0,777.0,771.0,789.0,802.0,862.0,892.0,844.0,886.0,865.0,857.0,900.0,887.0,821.0,857.0
631,1238.0,1193.0,1164.0,1197.0,1146.0,1190.0,1174.0,1145.0,1167.0,1206.0,1116.0,1101.0,1098.0,1119.0,1122.0,1086.0,1098.0,1097.0,1056.0,1081.0,1066.0,1115.0,1071.0,1116.0,1134.0,1106.0,1095.0,1157.0,1097.0,1130.0,980.0,1047.0,1041.0,958.0,983.0,958.0,975.0,959.0,952.0,943.0,812.0,809.0,850.0,853.0,832.0,794.0,889.0,839.0,867.0,873.0,1069.0,1027.0,1086.0,1087.0,1049.0,1093.0,1092.0,1083.0,1027.0,1097.0,983.0,1018.0,981.0,948.0,974.0,994.0,963.0,924.0,956.0,955.0,841.0,890.0,881.0,845.0,882.0,874.0,892.0,888.0,928.0,879.0,779.0,728.0,760.0,764.0,795.0,748.0,728.0,790.0,832.0,773.0,917.0,867.0,869.0,891.0,865.0,940.0,904.0,883.0,874.0,876.0
632,1206.0,1120.0,1121.0,1159.0,1190.0,1190.0,1207.0,1192.0,1143.0,1152.0,1082.0,1128.0,1094.0,1111.0,1040.0,1091.0,1083.0,1112.0,1115.0,1093.0,1111.0,1119.0,1142.0,1172.0,1069.0,1110.0,1124.0,1073.0,1126.0,1121.0,998.0,996.0,987.0,984.0,978.0,924.0,990.0,1015.0,954.0,996.0,860.0,880.0,856.0,800.0,842.0,881.0,858.0,865.0,845.0,866.0,1070.0,1085.0,1097.0,1105.0,1082.0,1067.0,1094.0,1109.0,1073.0,1096.0,955.0,1010.0,960.0,957.0,1010.0,951.0,974.0,958.0,981.0,967.0,856.0,843.0,867.0,853.0,872.0,880.0,868.0,828.0,820.0,833.0,813.0,780.0,800.0,756.0,801.0,795.0,774.0,759.0,792.0,777.0,851.0,837.0,880.0,874.0,902.0,898.0,834.0,851.0,908.0,914.0
633,1224.0,1168.0,1122.0,1152.0,1233.0,1161.0,1156.0,1146.0,1178.0,1162.0,1079.0,1086.0,1129.0,1122.0,1121.0,1081.0,1113.0,1053.0,1059.0,1122.0,1099.0,1157.0,1058.0,1094.0,1126.0,1082.0,1087.0,1112.0,1117.0,1187.0,941.0,978.0,972.0,945.0,988.0,944.0,976.0,1007.0,992.0,947.0,846.0,868.0,896.0,901.0,848.0,874.0,831.0,856.0,806.0,819.0,1087.0,1062.0,1086.0,1105.0,1060.0,1162.0,1071.0,1088.0,1074.0,1082.0,958.0,978.0,977.0,929.0,942.0,987.0,994.0,930.0,985.0,961.0,901.0,868.0,904.0,875.0,896.0,870.0,903.0,877.0,881.0,919.0,798.0,769.0,773.0,753.0,735.0,764.0,757.0,792.0,751.0,760.0,870.0,865.0,892.0,896.0,830.0,862.0,920.0,905.0,910.0,851.0
634,1139.0,1128.0,1201.0,1154.0,1209.0,1186.0,1180.0,1133.0,1174.0,1144.0,1127.0,1142.0,1083.0,1073.0,1152.0,1106.0,1128.0,1084.0,1066.0,1084.0,1116.0,1082.0,1113.0,1134.0,1099.0,1112.0,1094.0,1155.0,1079.0,1157.0,942.0,982.0,950.0,940.0,962.0,944.0,978.0,939.0,938.0,988.0,849.0,865.0,867.0,894.0,860.0,863.0,880.0,862.0,836.0,819.0,1124.0,1082.0,1075.0,1094.0,1047.0,1051.0,1056.0,1105.0,1064.0,1048.0,1000.0,988.0,989.0,968.0,984.0,985.0,990.0,952.0,986.0,989.0,892.0,867.0,892.0,861.0,847.0,873.0,881.0,885.0,861.0,893.0,747.0,803.0,792.0,769.0,758.0,792.0,779.0,766.0,783.0,800.0,867.0,864.0,847.0,887.0,858.0,879.0,842.0,886.0,971.0,889.0
635,1211.0,1146.0,1178.0,1221.0,1161.0,1225.0,1227.0,1216.0,1167.0,1187.0,1102.0,1071.0,1094.0,1096.0,1166.0,1106.0,1081.0,1069.0,1121.0,1126.0,1138.0,1139.0,1125.0,1042.0,1107.0,1079.0,1094.0,1109.0,1190.0,1098.0,976.0,953.0,958.0,979.0,952.0,964.0,975.0,945.0,921.0,958.0,869.0,867.0,863.0,851.0,851.0,863.0,879.0,846.0,853.0,873.0,1074.0,1058.0,1091.0,1090.0,1111.0,1087.0,1085.0,1059.0,1088.0,1080.0,956.0,1001.0,987.0,956.0,930.0,983.0,951.0,1001.0,953.0,905.0,851.0,870.0,854.0,885.0,879.0,853.0,870.0,850.0,853.0,870.0,756.0,819.0,778.0,800.0,778.0,821.0,743.0,796.0,754.0,775.0,868.0,883.0,881.0,854.0,838.0,809.0,901.0,877.0,851.0,939.0
636,1132.0,1168.0,1180.0,1168.0,1209.0,1205.0,1208.0,1217.0,1174.0,1222.0,1102.0,1137.0,1119.0,1112.0,1089.0,1108.0,1043.0,1091.0,1085.0,1091.0,1082.0,1148.0,1097.0,1077.0,1153.0,1119.0,1108.0,1048.0,1102.0,1094.0,939.0,937.0,972.0,956.0,951.0,987.0,968.0,989.0,971.0,971.0,865.0,888.0,860.0,886.0,865.0,853.0,874.0,829.0,868.0,859.0,1128.0,1060.0,1095.0,1077.0,1080.0,1128.0,1108.0,1062.0,1074.0,1102.0,975.0,972.0,973.0,984.0,944.0,960.0,982.0,1000.0,975.0,968.0,931.0,840.0,862.0,881.0,838.0,842.0,862.0,851.0,868.0,870.0,800.0,769.0,763.0,758.0,746.0,748.0,735.0,796.0,743.0,754.0,852.0,888.0,887.0,877.0,895.0,833.0,917.0,885.0,892.0,877.0
637,1205.0,1180.0,1227.0,1150.0,1166.0,1189.0,1183.0,1146.0,1181.0,1206.0,1112.0,1144.0,1103.0,1103.0,1116.0,1080.0,1080.0,1090.0,1088.0,1089.0,1097.0,1121.0,1071.0,1130.0,1104.0,1126.0,1162.0,1116.0,1094.0,1122.0,970.0,974.0,943.0,987.0,975.0,967.0,928.0,969.0,1012.0,913.0,886.0,851.0,849.0,849.0,848.0,873.0,818.0,877.0,861.0,859.0,1086.0,1092.0,1130.0,1106.0,1067.0,1051.0,1081.0,1105.0,1119.0,1116.0,970.0,933.0,1001.0,975.0,975.0,960.0,997.0,1011.0,942.0,984.0,836.0,887.0,845.0,854.0,885.0,863.0,876.0,845.0,823.0,874.0,793.0,783.0,745.0,753.0,804.0,791.0,774.0,771.0,762.0,800.0,852.0,840.0,889.0,867.0,835.0,887.0,905.0,838.0,867.0,842.0
638,1150.0,1138.0,1185.0,1166.0,1138.0,1173.0,1179.0,1145.0,1167.0,1197.0,1102.0,1086.0,1082.0,1060.0,1114.0,1071.0,1067.0,1124.0,1082.0,1072.0,1127.0,1139.0,1128.0,1130.0,1127.0,1120.0,1062.0,1091.0,1084.0,1116.0,931.0,967.0,958.0,955.0,982.0,1020.0,1002.0,992.0,983.0,985.0,825.0,874.0,872.0,864.0,882.0,838.0,875.0,817.0,876.0,859.0,1121.0,1108.0,1084.0,1060.0,1056.0,1090.0,1122.0,1042.0,1068.0,1100.0,996.0,987.0,975.0,969.0,977.0,965.0,959.0,989.0,961.0,997.0,925.0,882.0,880.0,885.0,867.0,858.0,896.0,887.0,891.0,831.0,781.0,775.0,763.0,796.0,779.0,779.0,779.0,829.0,775.0,761.0,851.0,848.0,876.0,893.0,854.0,876.0,866.0,858.0,864.0,887.0
639,1185.0,1163.0,1155.0,1154.0,1152.0,1170.0,1229.0,1114.0,1168.0,1176.0,1091.0,1068.0,1108.0,1063.0,1111.0,1075.0,1064.0,1111.0,1092.0,1101.0,1092.0,1108.0,1164.0,1096.0,1103.0,1108.0,1102.0,1103.0,1154.0,1101.0,978.0,971.0,956.0,981.0,988.0,939.0,944.0,994.0,921.0,949.0,861.0,890.0,877.0,858.0,841.0,875.0,867.0,881.0,852.0,868.0,1070.0,1099.0,1079.0,1083.0,1086.0,1071.0,1146.0,1057.0,1059.0,1126.0,979.0,1010.0,983.0,1033.0,966.0,1041.0,947.0,994.0,981.0,1024.0,887.0,903.0,820.0,864.0,856.0,892.0,888.0,857.0,896.0,841.0,820.0,757.0,789.0,766.0,806.0,760.0,777.0,769.0,763.0,758.0,851.0,836.0,872.0,881.0,870.0,861.0,840.0,898.0,865.0,858.0
640,1188.0,1226.0,1223.0,1152.0,1182.0,1180.0,1187.0,1195.0,1228.0,1143.0,1059.0,1099.0,996.0,1089.0,1092.0,1051.0,1072.0,1055.0,1063.0,1071.0,1131.0,1094.0,1174.0,1097.0,1120.0,1105.0,1127.0,1097.0,1102.0,1143.0,986.0,927.0,976.0,945.0,955.0,977.0,990.0,970.0,996.0,951.0,823.0,838.0,872.0,883.0,839.0,874.0,835.0,902.0,881.0,816.0,1107.0,1107.0,1075.0,1103.0,1115.0,1083.0,1126.0,1089.0,1068.0,1115.0,1021.0,957.0,1001.0,1006.0,948.0,1031.0,937.0,950.0,924.0,1032.0,853.0,895.0,877.0,905.0,864.0,894.0,891.0,853.0,855.0,901.0,796.0,770.0,734.0,777.0,787.0,728.0,775.0,804.0,771.0,792.0,848.0,891.0,871.0,823.0,876.0,870.0,864.0,865.0,861.0,840.0
641,1187.0,1242.0,1155.0,1191.0,1194.0,1180.0,1204.0,1200.0,1211.0,1180.0,1102.0,1100.0,1101.0,1074.0,1090.0,1071.0,1072.0,1084.0,1099.0,1122.0,1107.0,1082.0,1105.0,1084.0,1058.0,1115.0,1079.0,1125.0,1091.0,1135.0,1005.0,976.0,944.0,970.0,978.0,988.0,959.0,1029.0,989.0,1009.0,873.0,865.0,840.0,864.0,825.0,863.0,852.0,833.0,834.0,809.0,1073.0,1121.0,1075.0,1087.0,1109.0,1103.0,1091.0,1068.0,1066.0,1065.0,957.0,967.0,1020.0,990.0,1037.0,1020.0,959.0,975.0,982.0,951.0,872.0,859.0,854.0,883.0,863.0,844.0,880.0,868.0,867.0,874.0,761.0,736.0,788.0,769.0,765.0,765.0,793.0,754.0,724.0,729.0,875.0,851.0,920.0,870.0,858.0,843.0,917.0,839.0,881.0,928.0
642,1108.0,1172.0,1127.0,1225.0,1200.0,1159.0,1220.0,1166.0,1230.0,1138.0,1117.0,1106.0,1081.0,1071.0,1109.0,1050.0,1079.0,1045.0,1047.0,1060.0,1143.0,1135.0,1127.0,1089.0,1108.0,1105.0,1078.0,1137.0,1100.0,1090.0,979.0,1019.0,951.0,956.0,990.0,978.0,948.0,986.0,979.0,975.0,878.0,861.0,842.0,847.0,842.0,870.0,810.0,886.0,888.0,855.0,1123.0,1052.0,1082.0,1085.0,1099.0,1122.0,1111.0,1096.0,1088.0,1126.0,997.0,995.0,1014.0,968.0,1004.0,1021.0,985.0,969.0,996.0,955.0,825.0,891.0,864.0,885.0,844.0,860.0,915.0,901.0,838.0,878.0,809.0,768.0,792.0,776.0,725.0,742.0,800.0,758.0,747.0,820.0,836.0,799.0,926.0,877.0,851.0,885.0,860.0,831.0,828.0,911.0
643,1170.0,1202.0,1160.0,1191.0,1122.0,1148.0,1180.0,1180.0,1163.0,1184.0,1107.0,1127.0,1037.0,1068.0,1114.0,1122.0,1090.0,1105.0,1121.0,1081.0,1078.0,1115.0,1115.0,1134.0,1119.0,1130.0,1132.0,1100.0,1073.0,1125.0,939.0,988.0,978.0,989.0,961.0,962.0,991.0,995.0,1030.0,959.0,874.0,884.0,836.0,873.0,865.0,849.0,823.0,831.0,860.0,876.0,1085.0,1022.0,1117.0,1088.0,1114.0,1076.0,1062.0,1066.0,1057.0,1081.0,988.0,968.0,997.0,931.0,965.0,910.0,970.0,949.0,952.0,988.0,925.0,825.0,882.0,924.0,900.0,907.0,887.0,905.0,881.0,866.0,773.0,789.0,773.0,781.0,777.0,790.0,794.0,760.0,746.0,751.0,879.0,879.0,914.0,798.0,837.0,900.0,878.0,883.0,861.0,896.0
644,1168.0,1214.0,1199.0,1214.0,1188.0,1168.0,1197.0,1217.0,1177.0,1199.0,1135.0,1104.0,1084.0,1060.0,1054.0,1053.0,1072.0,1042.0,1112.0,1088.0,1137.0,1120.0,1108.0,1120.0,1116.0,1130.0,1113.0,1098.0,1079.0,1094.0,975.0,962.0,961.0,1003.0,995.0,966.0,963.0,975.0,935.0,1014.0,855.0,843.0,873.0,822.0,829.0,831.0,840.0,829.0,845.0,838.0,1094.0,1108.0,1073.0,1076.0,1086.0,1092.0,1078.0,1099.0,1110.0,1072.0,979.0,947.0,998.0,982.0,972.0,981.0,1011.0,956.0,954.0,983.0,871.0,857.0,854.0,874.0,922.0,877.0,884.0,843.0,896.0,852.0,743.0,765.0,796.0,755.0,742.0,807.0,775.0,836.0,771.0,810.0,858.0,875.0,863.0,868.0,870.0,892.0,874.0,879.0,864.0,859.0
645,1174.0,1196.0,1179.0,1157.0,1140.0,1194.0,1170.0,1206.0,1131.0,1166.0,1080.0,1109.0,1126.0,1073.0,1137.0,1097.0,1133.0,1090.0,1087.0,1102.0,1143.0,1108.0,1071.0,1098.0,1109.0,1106.0,1079.0,1105.0,1107.0,1083.0,1004.0,1009.0,956.0,1005.0,985.0,983.0,952.0,973.0,980.0,951.0,839.0,800.0,840.0,806.0,858.0,849.0,860.0,856.0,871.0,845.0,1079.0,1040.0,1109.0,1076.0,1034.0,1075.0,1099.0,1068.0,1084.0,1121.0,975.0,1000.0,1025.0,991.0,947.0,960.0,997.0,946.0,989.0,1006.0,841.0,867.0,881.0,878.0,902.0,877.0,848.0,849.0,831.0,904.0,805.0,805.0,767.0,820.0,782.0,783.0,785.0,814.0,769.0,776.0,877.0,861.0,853.0,874.0,884.0,874.0,884.0,867.0,898.0,855.0
646,1179.0,1194.0,1245.0,1188.0,1169.0,1168.0,1164.0,1222.0,1182.0,1193.0,1137.0,1074.0,1164.0,1106.0,1084.0,1137.0,1091.0,1103.0,1124.0,1095.0,1151.0,1108.0,1080.0,1106.0,1151.0,1098.0,1091.0,1150.0,1034.0,1071.0,967.0,996.0,949.0,922.0,1001.0,969.0,990.0,943.0,996.0,944.0,886.0,827.0,835.0,866.0,839.0,892.0,872.0,858.0,874.0,878.0,1030.0,1102.0,1079.0,1082.0,1043.0,1103.0,1102.0,1060.0,1042.0,1027.0,965.0,971.0,988.0,945.0,1005.0,963.0,1015.0,982.0,989.0,1010.0,858.0,822.0,859.0,894.0,899.0,854.0,859.0,856.0,886.0,892.0,763.0,815.0,724.0,779.0,761.0,780.0,803.0,734.0,760.0,826.0,880.0,884.0,875.0,890.0,825.0,832.0,821.0,861.0,862.0,881.0
647,1132.0,1199.0,1180.0,1186.0,1178.0,1178.0,1156.0,1209.0,1157.0,1194.0,1098.0,1120.0,1142.0,1083.0,1119.0,1094.0,1081.0,1090.0,1043.0,1082.0,1156.0,1078.0,1108.0,1077.0,1105.0,1109.0,1102.0,1096.0,1165.0,1107.0,964.0,1000.0,967.0,972.0,967.0,969.0,1006.0,1037.0,1002.0,991.0,869.0,808.0,888.0,811.0,848.0,868.0,834.0,828.0,857.0,892.0,1132.0,1030.0,1085.0,1119.0,1049.0,1110.0,1093.0,1070.0,1119.0,1072.0,937.0,955.0,991.0,1003.0,949.0,942.0,1016.0,959.0,953.0,982.0,874.0,894.0,869.0,887.0,897.0,928.0,890.0,874.0,831.0,855.0,795.0,793.0,754.0,752.0,788.0,766.0,739.0,757.0,759.0,787.0,858.0,918.0,811.0,886.0,880.0,830.0,890.0,847.0,859.0,855.0
648,1222.0,1108.0,1215.0,1186.0,1183.0,1213.0,1181.0,1169.0,1146.0,1170.0,1047.0,1126.0,1087.0,1126.0,1120.0,1055.0,1142.0,1119.0,1107.0,1089.0,1082.0,1140.0,1108.0,1129.0,1089.0,1142.0,1105.0,1125.0,1122.0,1165.0,938.0,978.0,978.0,956.0,985.0,911.0,969.0,960.0,960.0,984.0,821.0,861.0,893.0,790.0,868.0,846.0,806.0,845.0,894.0,875.0,1100.0,1090.0,1111.0,1053.0,1045.0,1032.0,1040.0,1076.0,1083.0,1030.0,1013.0,949.0,957.0,941.0,952.0,1049.0,970.0,986.0,953.0,993.0,849.0,888.0,844.0,874.0,882.0,946.0,887.0,864.0,886.0,895.0,809.0,807.0,776.0,795.0,773.0,785.0,857.0,780.0,737.0,737.0,935.0,851.0,824.0,923.0,885.0,814.0,853.0,844.0,859.0,877.0
649,1180.0,1177.0,1156.0,1211.0,1184.0,1133.0,1133.0,1171.0,1137.0,1187.0,1082.0,1132.0,1079.0,1111.0,1070.0,1081.0,1154.0,1061.0,1062.0,1078.0,1107.0,1113.0,1059.0,1066.0,1177.0,1090.0,1122.0,1095.0,1122.0,1145.0,921.0,978.0,970.0,1025.0,972.0,972.0,1003.0,980.0,972.0,939.0,783.0,827.0,862.0,789.0,842.0,843.0,840.0,816.0,852.0,832.0,1083.0,1074.0,1122.0,1119.0,1066.0,1081.0,1072.0,1080.0,1116.0,1086.0,1016.0,1003.0,1000.0,968.0,995.0,988.0,925.0,984.0,1006.0,999.0,910.0,867.0,871.0,834.0,860.0,936.0,857.0,892.0,821.0,797.0,817.0,775.0,790.0,761.0,811.0,771.0,789.0,801.0,797.0,818.0,917.0,852.0,887.0,884.0,801.0,904.0,916.0,893.0,862.0,933.0
650,1145.0,1170.0,1168.0,1176.0,1230.0,1180.0,1191.0,1148.0,1149.0,1188.0,1116.0,1088.0,1084.0,1108.0,1082.0,1106.0,1060.0,1095.0,1113.0,1063.0,1112.0,1105.0,1077.0,1111.0,1112.0,1081.0,1111.0,1126.0,1133.0,1126.0,1020.0,1038.0,963.0,1020.0,995.0,984.0,937.0,1045.0,951.0,973.0,837.0,787.0,867.0,801.0,885.0,857.0,828.0,835.0,840.0,885.0,1080.0,1088.0,1103.0,1119.0,1036.0,1070.0,1091.0,1068.0,1036.0,1086.0,995.0,963.0,1015.0,934.0,948.0,970.0,1003.0,975.0,975.0,960.0,878.0,911.0,863.0,871.0,850.0,887.0,914.0,853.0,894.0,883.0,761.0,757.0,798.0,769.0,784.0,779.0,829.0,763.0,775.0,776.0,872.0,890.0,861.0,856.0,857.0,888.0,849.0,864.0,883.0,875.0
651,1122.0,1181.0,1204.0,1180.0,1231.0,1185.0,1189.0,1188.0,1157.0,1165.0,1065.0,1110.0,1119.0,1058.0,1114.0,1095.0,1088.0,1094.0,1080.0,1052.0,1128.0,1128.0,1107.0,1108.0,1092.0,1084.0,1105.0,1141.0,1104.0,1079.0,1024.0,978.0,985.0,974.0,967.0,1023.0,982.0,981.0,976.0,1008.0,864.0,822.0,816.0,861.0,846.0,845.0,825.0,863.0,835.0,857.0,1088.0,1069.0,1071.0,1100.0,1062.0,1063.0,1094.0,1093.0,1069.0,1142.0,1017.0,927.0,984.0,924.0,973.0,947.0,977.0,948.0,951.0,945.0,846.0,920.0,847.0,877.0,867.0,904.0,863.0,847.0,901.0,906.0,800.0,747.0,809.0,810.0,776.0,761.0,813.0,776.0,799.0,752.0,866.0,916.0,856.0,877.0,846.0,895.0,876.0,838.0,880.0,910.0
652,1170.0,1125.0,1215.0,1214.0,1169.0,1208.0,1150.0,1171.0,1158.0,1161.0,1104.0,1115.0,1105.0,1133.0,1089.0,1124.0,1102.0,1074.0,1073.0,1094.0,1135.0,1123.0,1151.0,1104.0,1110.0,1115.0,1142.0,1101.0,1093.0,1143.0,978.0,989.0,960.0,930.0,995.0,988.0,954.0,1004.0,983.0,980.0,803.0,851.0,820.0,854.0,822.0,868.0,850.0,879.0,833.0,863.0,1064.0,1066.0,1068.0,1093.0,1138.0,1070.0,1111.0,1080.0,1039.0,1126.0,983.0,946.0,933.0,937.0,940.0,957.0,1003.0,928.0,977.0,939.0,855.0,916.0,882.0,846.0,864.0,870.0,841.0,902.0,921.0,866.0,825.0,805.0,776.0,800.0,773.0,748.0,761.0,759.0,823.0,805.0,905.0,867.0,883.0,855.0,874.0,851.0,895.0,873.0,858.0,839.0
653,1206.0,1196.0,1186.0,1219.0,1186.0,1187.0,1133.0,1141.0,1194.0,1193.0,1100.0,1120.0,1064.0,1088.0,1091.0,1101.0,1073.0,1090.0,1028.0,1135.0,1124.0,1101.0,1116.0,1146.0,1191.0,1102.0,1076.0,1139.0,1082.0,1128.0,960.0,1009.0,1028.0,971.0,941.0,978.0,957.0,975.0,982.0,949.0,805.0,853.0,818.0,850.0,886.0,823.0,913.0,864.0,862.0,893.0,1060.0,1083.0,1082.0,1085.0,1068.0,1065.0,1107.0,1098.0,1056.0,1072.0,1004.0,993.0,973.0,962.0,941.0,998.0,986.0,936.0,1000.0,967.0,877.0,842.0,880.0,826.0,837.0,883.0,884.0,848.0,862.0,832.0,768.0,767.0,775.0,753.0,819.0,769.0,803.0,799.0,799.0,747.0,916.0,836.0,870.0,862.0,812.0,892.0,884.0,883.0,895.0,896.0
654,1150.0,1155.0,1164.0,1170.0,1185.0,1137.0,1180.0,1218.0,1156.0,1224.0,1071.0,1094.0,1054.0,1113.0,1085.0,1122.0,1082.0,1098.0,1066.0,1118.0,1103.0,1086.0,1139.0,1118.0,1104.0,1160.0,1108.0,1074.0,1072.0,1118.0,1020.0,978.0,969.0,992.0,966.0,978.0,949.0,939.0,996.0,1004.0,835.0,835.0,850.0,837.0,852.0,865.0,871.0,857.0,886.0,871.0,1123.0,1123.0,1064.0,1064.0,1136.0,1066.0,1083.0,1104.0,1104.0,1067.0,998.0,977.0,1000.0,950.0,955.0,957.0,977.0,981.0,930.0,1002.0,855.0,859.0,876.0,867.0,842.0,896.0,893.0,843.0,899.0,838.0,754.0,807.0,835.0,759.0,792.0,749.0,765.0,812.0,769.0,730.0,912.0,889.0,846.0,892.0,853.0,868.0,907.0,845.0,887.0,833.0
655,1216.0,1216.0,1173.0,1174.0,1158.0,1168.0,1163.0,1149.0,1116.0,1219.0,1095.0,1066.0,1043.0,1101.0,1088.0,1060.0,1111.0,1136.0,1137.0,1106.0,1080.0,1081.0,1140.0,1113.0,1106.0,1138.0,1111.0,1118.0,1005.0,1132.0,977.0,967.0,1020.0,1001.0,962.0,943.0,934.0,1002.0,993.0,965.0,790.0,834.0,886.0,860.0,838.0,833.0,867.0,836.0,891.0,851.0,1097.0,1126.0,1066.0,1082.0,1107.0,1101.0,1048.0,1061.0,1071.0,1091.0,983.0,924.0,972.0,969.0,936.0,1028.0,990.0,1044.0,976.0,880.0,905.0,906.0,846.0,838.0,869.0,880.0,937.0,845.0,865.0,883.0,793.0,795.0,781.0,734.0,797.0,821.0,802.0,767.0,794.0,769.0,885.0,887.0,872.0,889.0,913.0,827.0,855.0,812.0,922.0,906.0
656,1163.0,1139.0,1169.0,1226.0,1177.0,1204.0,1158.0,1224.0,1143.0,1204.0,1071.0,1128.0,1080.0,1096.0,1089.0,1030.0,1125.0,1058.0,1082.0,1088.0,1125.0,1069.0,1115.0,1083.0,1090.0,1133.0,1144.0,1122.0,1167.0,1092.0,1022.0,975.0,941.0,1003.0,996.0,990.0,929.0,934.0,934.0,955.0,842.0,869.0,898.0,797.0,865.0,876.0,854.0,928.0,899.0,810.0,1105.0,1110.0,1098.0,1066.0,1076.0,1064.0,1094.0,1054.0,1109.0,1057.0,983.0,948.0,961.0,981.0,971.0,947.0,975.0,949.0,982.0,1031.0,864.0,882.0,903.0,876.0,844.0,857.0,874.0,851.0,887.0,935.0,771.0,832.0,747.0,784.0,768.0,809.0,768.0,771.0,727.0,795.0,875.0,854.0,888.0,848.0,901.0,892.0,894.0,879.0,836.0,836.0
657,1153.0,1168.0,1191.0,1207.0,1153.0,1184.0,1193.0,1235.0,1163.0,1167.0,1080.0,1099.0,1073.0,1088.0,1133.0,1108.0,1083.0,1083.0,1086.0,1107.0,1123.0,1135.0,1086.0,1084.0,1140.0,1039.0,1109.0,1116.0,1118.0,1102.0,966.0,954.0,992.0,953.0,972.0,973.0,961.0,939.0,972.0,1032.0,798.0,918.0,815.0,910.0,850.0,829.0,898.0,824.0,814.0,830.0,1110.0,1085.0,1099.0,1020.0,1065.0,1116.0,1087.0,1091.0,1047.0,1013.0,964.0,953.0,1002.0,943.0,995.0,974.0,1009.0,988.0,1027.0,959.0,928.0,877.0,928.0,902.0,882.0,869.0,847.0,904.0,907.0,903.0,810.0,759.0,767.0,809.0,766.0,780.0,792.0,723.0,793.0,825.0,891.0,857.0,847.0,849.0,821.0,929.0,834.0,860.0,837.0,871.0
658,1158.0,1157.0,1191.0,1200.0,1214.0,1162.0,1204.0,1202.0,1174.0,1181.0,1096.0,1077.0,1086.0,1101.0,1038.0,1096.0,1108.0,1084.0,1103.0,1137.0,1101.0,1144.0,1089.0,1084.0,1109.0,1175.0,1117.0,1103.0,1081.0,1121.0,948.0,971.0,1009.0,955.0,1007.0,1002.0,1000.0,967.0,1000.0,908.0,894.0,893.0,872.0,819.0,855.0,816.0,860.0,868.0,808.0,868.0,1111.0,1073.0,1075.0,1115.0,1093.0,1117.0,1065.0,1106.0,1086.0,1090.0,916.0,994.0,995.0,984.0,1008.0,964.0,984.0,994.0,943.0,983.0,921.0,875.0,858.0,874.0,872.0,850.0,891.0,832.0,851.0,859.0,813.0,753.0,764.0,788.0,744.0,755.0,766.0,751.0,810.0,784.0,868.0,868.0,861.0,845.0,833.0,858.0,813.0,853.0,907.0,876.0
659,1139.0,1186.0,1168.0,1161.0,1194.0,1173.0,1167.0,1183.0,1201.0,1173.0,1092.0,1103.0,1065.0,1112.0,1066.0,1078.0,1148.0,1070.0,1117.0,1118.0,1128.0,1115.0,1140.0,1105.0,1150.0,1092.0,1080.0,1082.0,1078.0,1098.0,960.0,1003.0,983.0,989.0,976.0,1026.0,985.0,951.0,987.0,944.0,868.0,893.0,863.0,831.0,861.0,811.0,854.0,862.0,837.0,892.0,1073.0,1116.0,1161.0,1064.0,1062.0,1095.0,1101.0,1112.0,1069.0,1064.0,1026.0,940.0,936.0,980.0,998.0,965.0,941.0,977.0,964.0,989.0,908.0,810.0,901.0,881.0,851.0,901.0,843.0,877.0,841.0,886.0,767.0,777.0,720.0,783.0,756.0,774.0,805.0,812.0,768.0,783.0,866.0,857.0,860.0,860.0,858.0,882.0,884.0,837.0,898.0,863.0
660,1179.0,1197.0,1164.0,1164.0,1181.0,1195.0,1168.0,1139.0,1190.0,1190.0,1095.0,1079.0,1040.0,1152.0,1142.0,1155.0,1119.0,1058.0,1031.0,1160.0,1098.0,1076.0,1101.0,1096.0,1070.0,1070.0,1150.0,1152.0,1135.0,1095.0,930.0,941.0,941.0,998.0,941.0,959.0,973.0,954.0,973.0,1002.0,872.0,899.0,872.0,809.0,845.0,891.0,839.0,844.0,881.0,787.0,1068.0,1056.0,1101.0,1072.0,1086.0,1048.0,1063.0,1058.0,1074.0,1098.0,968.0,966.0,1023.0,946.0,952.0,949.0,994.0,965.0,963.0,959.0,853.0,891.0,885.0,828.0,882.0,876.0,846.0,890.0,837.0,915.0,844.0,809.0,799.0,766.0,811.0,758.0,792.0,789.0,795.0,762.0,923.0,892.0,875.0,933.0,864.0,896.0,863.0,918.0,881.0,838.0
661,1161.0,1249.0,1176.0,1199.0,1208.0,1167.0,1197.0,1133.0,1171.0,1191.0,1080.0,1128.0,1084.0,1096.0,1097.0,1097.0,1115.0,1099.0,1114.0,1070.0,1134.0,1124.0,1100.0,1111.0,1076.0,1127.0,1134.0,1146.0,1155.0,1123.0,999.0,928.0,974.0,979.0,1000.0,963.0,926.0,961.0,932.0,990.0,875.0,823.0,878.0,806.0,833.0,895.0,856.0,864.0,823.0,816.0,1083.0,1093.0,1046.0,1059.0,1075.0,1076.0,1057.0,1099.0,1108.0,1087.0,971.0,955.0,1021.0,989.0,956.0,974.0,978.0,971.0,985.0,973.0,870.0,869.0,885.0,859.0,866.0,895.0,833.0,903.0,862.0,873.0,758.0,775.0,752.0,789.0,830.0,756.0,810.0,764.0,769.0,801.0,897.0,854.0,889.0,878.0,835.0,848.0,901.0,826.0,834.0,883.0
662,1203.0,1191.0,1205.0,1149.0,1159.0,1160.0,1163.0,1235.0,1210.0,1178.0,1095.0,1101.0,1116.0,1069.0,1095.0,1098.0,1087.0,1057.0,1119.0,1108.0,1112.0,1129.0,1079.0,1146.0,1134.0,1103.0,1114.0,1096.0,1067.0,1116.0,929.0,1001.0,982.0,940.0,953.0,968.0,974.0,940.0,959.0,975.0,858.0,815.0,860.0,826.0,856.0,895.0,833.0,851.0,856.0,844.0,1096.0,1110.0,1085.0,1119.0,1086.0,1046.0,1117.0,1095.0,975.0,1089.0,984.0,942.0,938.0,963.0,954.0,988.0,983.0,979.0,995.0,994.0,902.0,883.0,892.0,902.0,907.0,882.0,897.0,846.0,876.0,897.0,741.0,790.0,766.0,759.0,781.0,809.0,815.0,783.0,799.0,757.0,905.0,832.0,882.0,892.0,853.0,853.0,824.0,882.0,899.0,848.0
663,1184.0,1180.0,1189.0,1159.0,1186.0,1180.0,1161.0,1235.0,1168.0,1175.0,1102.0,1081.0,1101.0,1146.0,1083.0,1026.0,1125.0,1132.0,1082.0,1064.0,1156.0,1153.0,1118.0,1090.0,1108.0,1111.0,1132.0,1080.0,1099.0,1117.0,983.0,968.0,987.0,970.0,928.0,969.0,1009.0,950.0,987.0,998.0,863.0,808.0,824.0,813.0,860.0,880.0,856.0,837.0,795.0,897.0,1054.0,1080.0,1111.0,1058.0,1044.0,1079.0,1094.0,1047.0,1130.0,1064.0,978.0,1018.0,965.0,966.0,955.0,960.0,933.0,930.0,951.0,978.0,892.0,867.0,872.0,884.0,888.0,867.0,874.0,883.0,899.0,925.0,725.0,797.0,757.0,821.0,813.0,817.0,780.0,782.0,776.0,760.0,885.0,840.0,878.0,862.0,918.0,917.0,841.0,886.0,867.0,830.0
664,1150.0,1180.0,1198.0,1158.0,1194.0,1158.0,1165.0,1169.0,1201.0,1212.0,1067.0,1113.0,1086.0,1097.0,1076.0,1113.0,1132.0,1134.0,1091.0,1086.0,1091.0,1129.0,1101.0,1116.0,1160.0,1117.0,1132.0,1120.0,1063.0,1122.0,1003.0,964.0,993.0,936.0,989.0,947.0,959.0,935.0,983.0,966.0,853.0,859.0,899.0,864.0,838.0,884.0,852.0,850.0,834.0,837.0,1069.0,1095.0,1058.0,1074.0,1060.0,1074.0,1086.0,1026.0,1088.0,1047.0,966.0,918.0,970.0,973.0,979.0,990.0,942.0,985.0,956.0,1001.0,880.0,855.0,854.0,890.0,892.0,904.0,876.0,807.0,887.0,859.0,879.0,772.0,785.0,806.0,753.0,785.0,796.0,799.0,763.0,765.0,872.0,907.0,861.0,859.0,839.0,835.0,865.0,937.0,887.0,913.0
665,1136.0,1126.0,1176.0,1195.0,1150.0,1180.0,1136.0,1122.0,1192.0,1189.0,1088.0,1086.0,1102.0,1081.0,1100.0,1039.0,1150.0,1119.0,1085.0,1071.0,1123.0,1161.0,1122.0,1142.0,1143.0,1142.0,1137.0,1150.0,1066.0,1131.0,963.0,1005.0,961.0,961.0,997.0,954.0,925.0,985.0,967.0,967.0,868.0,852.0,877.0,824.0,865.0,930.0,850.0,843.0,831.0,860.0,1143.0,1125.0,1096.0,1055.0,1101.0,1121.0,1114.0,1080.0,1158.0,1094.0,960.0,937.0,976.0,989.0,966.0,956.0,986.0,999.0,973.0,966.0,860.0,864.0,850.0,849.0,856.0,850.0,873.0,810.0,895.0,864.0,785.0,775.0,790.0,806.0,741.0,801.0,754.0,779.0,743.0,802.0,905.0,863.0,855.0,869.0,859.0,834.0,879.0,875.0,839.0,866.0
666,1198.0,1158.0,1161.0,1189.0,1199.0,1171.0,1174.0,1172.0,1182.0,1184.0,1023.0,1106.0,1075.0,1108.0,1054.0,1052.0,1068.0,1066.0,1110.0,1091.0,1137.0,1125.0,1111.0,1104.0,1153.0,1118.0,1062.0,1106.0,1115.0,1088.0,894.0,955.0,992.0,976.0,995.0,961.0,979.0,1003.0,962.0,987.0,881.0,891.0,854.0,865.0,811.0,836.0,844.0,820.0,843.0,812.0,1166.0,1096.0,1108.0,1078.0,1071.0,1144.0,1101.0,1052.0,1098.0,1123.0,972.0,942.0,949.0,957.0,969.0,996.0,977.0,943.0,973.0,975.0,905.0,908.0,866.0,869.0,857.0,880.0,891.0,930.0,860.0,895.0,771.0,775.0,815.0,737.0,782.0,804.0,810.0,789.0,743.0,794.0,880.0,840.0,877.0,886.0,884.0,845.0,903.0,887.0,860.0,861.0
667,1175.0,1157.0,1171.0,1159.0,1171.0,1156.0,1207.0,1135.0,1213.0,1170.0,1052.0,1079.0,1034.0,1084.0,1082.0,1091.0,1067.0,1096.0,1081.0,1103.0,1083.0,1087.0,1143.0,1097.0,1077.0,1078.0,1119.0,1107.0,1119.0,1090.0,983.0,996.0,995.0,953.0,1024.0,978.0,955.0,1000.0,960.0,967.0,864.0,885.0,856.0,850.0,881.0,830.0,849.0,871.0,822.0,855.0,1110.0,1067.0,1073.0,1076.0,1040.0,1087.0,1094.0,1081.0,1104.0,1086.0,1024.0,989.0,1010.0,1005.0,1006.0,1005.0,955.0,941.0,988.0,939.0,861.0,879.0,889.0,885.0,890.0,903.0,882.0,875.0,854.0,934.0,792.0,789.0,734.0,790.0,728.0,791.0,758.0,788.0,760.0,793.0,885.0,874.0,902.0,875.0,878.0,892.0,921.0,879.0,839.0,876.0
668,1156.0,1180.0,1180.0,1175.0,1141.0,1156.0,1203.0,1216.0,1176.0,1182.0,1105.0,1073.0,1094.0,1127.0,1119.0,1116.0,1116.0,1098.0,1116.0,1105.0,1109.0,1118.0,1112.0,1138.0,1139.0,1120.0,1097.0,1102.0,1138.0,1116.0,923.0,994.0,980.0,895.0,998.0,983.0,952.0,928.0,975.0,985.0,850.0,779.0,836.0,842.0,884.0,834.0,844.0,896.0,809.0,872.0,1084.0,1087.0,1086.0,1078.0,1087.0,1106.0,1082.0,1070.0,1054.0,1074.0,1017.0,1042.0,997.0,1034.0,974.0,945.0,1010.0,1003.0,947.0,988.0,881.0,866.0,855.0,851.0,869.0,900.0,877.0,854.0,934.0,868.0,794.0,812.0,761.0,767.0,733.0,807.0,774.0,782.0,750.0,783.0,911.0,848.0,905.0,863.0,831.0,844.0,850.0,821.0,837.0,840.0
669,1196.0,1184.0,1216.0,1161.0,1181.0,1208.0,1186.0,1185.0,1190.0,1182.0,1060.0,1090.0,1067.0,1074.0,1108.0,1043.0,1142.0,1107.0,1094.0,1063.0,1224.0,1102.0,1066.0,1132.0,1119.0,1138.0,1068.0,1153.0,1101.0,1156.0,973.0,1025.0,1005.0,968.0,963.0,986.0,977.0,983.0,963.0,990.0,837.0,848.0,886.0,862.0,854.0,834.0,893.0,823.0,836.0,868.0,1065.0,1032.0,1059.0,1040.0,1054.0,1086.0,1079.0,1098.0,1119.0,1083.0,983.0,987.0,981.0,996.0,956.0,997.0,986.0,1009.0,918.0,966.0,896.0,886.0,880.0,881.0,822.0,869.0,859.0,831.0,915.0,880.0,705.0,777.0,764.0,783.0,805.0,770.0,774.0,738.0,760.0,780.0,881.0,868.0,884.0,877.0,915.0,877.0,840.0,835.0,838.0,844.0
670,1174.0,1155.0,1173.0,1186.0,1164.0,1191.0,1209.0,1193.0,1134.0,1152.0,1116.0,1146.0,1092.0,1105.0,1126.0,1109.0,1117.0,1091.0,1106.0,1104.0,1135.0,1115.0,1129.0,1080.0,1113.0,1090.0,1090.0,1095.0,1132.0,1113.0,960.0,968.0,1008.0,988.0,989.0,978.0,1002.0,997.0,989.0,947.0,868.0,887.0,862.0,883.0,851.0,864.0,880.0,857.0,817.0,836.0,1092.0,1053.0,1040.0,1043.0,1127.0,1023.0,1065.0,1093.0,1096.0,1084.0,972.0,981.0,951.0,1010.0,939.0,997.0,918.0,944.0,968.0,988.0,892.0,874.0,889.0,895.0,832.0,883.0,865.0,887.0,857.0,907.0,767.0,756.0,779.0,766.0,769.0,779.0,810.0,736.0,788.0,804.0,842.0,864.0,887.0,820.0,865.0,894.0,848.0,868.0,848.0,880.0
671,1188.0,1153.0,1149.0,1201.0,1221.0,1211.0,1216.0,1184.0,1190.0,1153.0,1085.0,1106.0,1131.0,1050.0,1098.0,1101.0,1102.0,1090.0,1095.0,1120.0,1108.0,1108.0,1142.0,1130.0,1101.0,1159.0,1103.0,1120.0,1103.0,1146.0,988.0,990.0,932.0,967.0,956.0,985.0,1010.0,964.0,933.0,968.0,841.0,892.0,857.0,872.0,825.0,859.0,805.0,877.0,888.0,850.0,1097.0,1045.0,1124.0,1106.0,1063.0,1072.0,1108.0,1032.0,1041.0,1095.0,953.0,979.0,947.0,954.0,983.0,956.0,969.0,1001.0,955.0,983.0,837.0,904.0,854.0,851.0,849.0,884.0,879.0,853.0,866.0,821.0,813.0,766.0,788.0,777.0,799.0,736.0,762.0,772.0,770.0,803.0,908.0,860.0,884.0,867.0,879.0,839.0,844.0,869.0,897.0,876.0
672,1217.0,1179.0,1205.0,1177.0,1160.0,1144.0,1233.0,1163.0,1179.0,1186.0,1088.0,1097.0,1114.0,1089.0,1123.0,1067.0,1097.0,1040.0,1098.0,1080.0,1161.0,1101.0,1154.0,1107.0,1099.0,1107.0,1107.0,1126.0,1104.0,1114.0,956.0,900.0,934.0,958.0,970.0,983.0,981.0,955.0,933.0,950.0,872.0,886.0,860.0,873.0,850.0,838.0,824.0,860.0,834.0,864.0,1043.0,1106.0,1088.0,1054.0,1123.0,1094.0,1055.0,1090.0,1110.0,1073.0,987.0,997.0,957.0,969.0,963.0,985.0,971.0,978.0,963.0,1046.0,818.0,862.0,869.0,851.0,866.0,899.0,848.0,896.0,889.0,865.0,831.0,803.0,776.0,824.0,816.0,801.0,799.0,812.0,751.0,783.0,842.0,875.0,846.0,876.0,803.0,889.0,881.0,848.0,875.0,855.0
673,1162.0,1161.0,1228.0,1183.0,1192.0,1238.0,1203.0,1151.0,1161.0,1154.0,1157.0,1099.0,1079.0,1088.0,1070.0,1069.0,1039.0,1122.0,1093.0,1083.0,1109.0,1135.0,1079.0,1128.0,1134.0,1126.0,1136.0,1162.0,1118.0,1083.0,951.0,957.0,916.0,925.0,1003.0,948.0,957.0,978.0,963.0,974.0,867.0,879.0,892.0,889.0,862.0,854.0,844.0,839.0,830.0,895.0,1064.0,1052.0,1110.0,1079.0,1059.0,1087.0,1092.0,1002.0,1088.0,1101.0,989.0,958.0,1017.0,984.0,950.0,978.0,989.0,1001.0,934.0,1008.0,870.0,904.0,842.0,881.0,871.0,896.0,850.0,864.0,876.0,881.0,789.0,812.0,753.0,748.0,782.0,726.0,824.0,762.0,817.0,782.0,856.0,852.0,882.0,873.0,851.0,880.0,864.0,887.0,860.0,857.0
674,1152.0,1168.0,1223.0,1200.0,1209.0,1193.0,1140.0,1177.0,1109.0,1214.0,1157.0,1079.0,1042.0,1060.0,1031.0,1071.0,1116.0,1109.0,1138.0,1096.0,1130.0,1129.0,1102.0,1100.0,1099.0,1143.0,1127.0,1097.0,1133.0,1092.0,986.0,958.0,984.0,980.0,1044.0,975.0,987.0,990.0,949.0,960.0,820.0,871.0,880.0,877.0,823.0,872.0,861.0,874.0,873.0,843.0,1065.0,1031.0,1071.0,1091.0,1065.0,1075.0,1122.0,1053.0,1053.0,1042.0,977.0,983.0,966.0,973.0,987.0,1003.0,960.0,978.0,1031.0,1019.0,841.0,923.0,874.0,858.0,834.0,837.0,879.0,930.0,838.0,878.0,773.0,770.0,805.0,771.0,772.0,752.0,757.0,736.0,759.0,759.0,911.0,899.0,853.0,870.0,910.0,880.0,848.0,824.0,858.0,913.0
675,1154.0,1170.0,1192.0,1167.0,1197.0,1199.0,1104.0,1203.0,1195.0,1208.0,1130.0,1143.0,1123.0,1074.0,1076.0,1027.0,1098.0,1108.0,1106.0,1128.0,1089.0,1135.0,1050.0,1111.0,1146.0,1179.0,1131.0,1152.0,1107.0,1142.0,988.0,972.0,945.0,973.0,951.0,1008.0,999.0,993.0,996.0,975.0,858.0,850.0,926.0,874.0,842.0,882.0,853.0,849.0,841.0,855.0,1042.0,1071.0,1072.0,1120.0,1089.0,1046.0,1095.0,1069.0,1044.0,1071.0,972.0,946.0,965.0,995.0,974.0,953.0,913.0,994.0,963.0,950.0,894.0,862.0,854.0,860.0,847.0,844.0,899.0,823.0,824.0,878.0,798.0,790.0,808.0,740.0,796.0,758.0,814.0,751.0,760.0,751.0,889.0,871.0,868.0,864.0,855.0,903.0,896.0,819.0,903.0,854.0
676,1205.0,1211.0,1215.0,1206.0,1185.0,1183.0,1129.0,1239.0,1184.0,1215.0,1076.0,1097.0,1074.0,1104.0,1070.0,1101.0,1111.0,1075.0,1144.0,1058.0,1130.0,1127.0,1149.0,1112.0,1082.0,1124.0,1082.0,1108.0,1132.0,1128.0,994.0,997.0,930.0,927.0,919.0,996.0,983.0,958.0,1008.0,990.0,865.0,847.0,822.0,816.0,893.0,869.0,845.0,843.0,833.0,845.0,1069.0,1089.0,1079.0,1083.0,1128.0,1063.0,1048.0,1084.0,1042.0,1093.0,975.0,982.0,982.0,961.0,972.0,960.0,1068.0,991.0,952.0,977.0,878.0,841.0,868.0,935.0,836.0,866.0,854.0,859.0,844.0,883.0,764.0,767.0,759.0,757.0,816.0,770.0,760.0,761.0,751.0,769.0,857.0,847.0,921.0,876.0,874.0,868.0,925.0,839.0,846.0,852.0
677,1195.0,1234.0,1108.0,1216.0,1225.0,1217.0,1176.0,1162.0,1240.0,1184.0,1088.0,1051.0,1118.0,1125.0,1085.0,1115.0,1167.0,1132.0,1082.0,1094.0,1139.0,1074.0,1110.0,1088.0,1122.0,1151.0,1122.0,1113.0,1162.0,1086.0,969.0,1007.0,950.0,975.0,946.0,974.0,964.0,965.0,928.0,1026.0,822.0,858.0,870.0,826.0,882.0,881.0,881.0,833.0,862.0,838.0,1060.0,1079.0,1136.0,1047.0,1084.0,1052.0,1040.0,1031.0,1080.0,1119.0,988.0,984.0,1013.0,994.0,939.0,978.0,939.0,960.0,935.0,995.0,900.0,837.0,868.0,901.0,839.0,844.0,905.0,883.0,823.0,820.0,763.0,796.0,749.0,747.0,784.0,736.0,726.0,805.0,749.0,782.0,887.0,884.0,878.0,853.0,866.0,845.0,881.0,877.0,867.0,865.0
678,1156.0,1173.0,1166.0,1166.0,1188.0,1228.0,1209.0,1170.0,1181.0,1137.0,1112.0,1142.0,1099.0,1124.0,1140.0,1102.0,1081.0,1061.0,1131.0,1115.0,1122.0,1086.0,1149.0,1077.0,1105.0,1125.0,1088.0,1170.0,1081.0,1132.0,942.0,971.0,929.0,968.0,959.0,948.0,991.0,967.0,962.0,1030.0,916.0,783.0,862.0,847.0,822.0,838.0,850.0,847.0,841.0,868.0,1071.0,1138.0,1048.0,1074.0,1047.0,1118.0,1089.0,1087.0,1088.0,1070.0,972.0,981.0,987.0,1008.0,986.0,939.0,962.0,1003.0,981.0,950.0,896.0,840.0,881.0,869.0,893.0,885.0,880.0,810.0,856.0,839.0,769.0,797.0,785.0,783.0,758.0,752.0,797.0,801.0,724.0,758.0,858.0,888.0,896.0,857.0,872.0,853.0,854.0,843.0,883.0,910.0
679,1199.0,1176.0,1181.0,1213.0,1202.0,1223.0,1204.0,1165.0,1137.0,1180.0,1073.0,1115.0,1067.0,1083.0,1092.0,1184.0,1113.0,1118.0,1111.0,1092.0,1194.0,1113.0,1085.0,1119.0,1092.0,1074.0,1124.0,1102.0,1081.0,1130.0,983.0,938.0,964.0,960.0,1021.0,898.0,988.0,934.0,947.0,991.0,862.0,865.0,880.0,852.0,844.0,834.0,809.0,834.0,859.0,886.0,1076.0,1129.0,1096.0,1096.0,1091.0,1074.0,1075.0,1059.0,1093.0,1069.0,1002.0,983.0,997.0,947.0,915.0,993.0,941.0,980.0,917.0,965.0,821.0,864.0,912.0,893.0,855.0,889.0,886.0,900.0,880.0,845.0,760.0,778.0,764.0,758.0,767.0,758.0,779.0,762.0,817.0,791.0,838.0,836.0,857.0,849.0,891.0,855.0,879.0,908.0,892.0,862.0
680,1192.0,1192.0,1197.0,1177.0,1179.0,1192.0,1136.0,1130.0,1177.0,1155.0,1107.0,1139.0,1123.0,1141.0,1103.0,1093.0,1138.0,1159.0,1104.0,1083.0,1130.0,1103.0,1120.0,1115.0,1112.0,1110.0,1125.0,1068.0,1087.0,1155.0,976.0,941.0,925.0,978.0,970.0,972.0,950.0,957.0,981.0,950.0,803.0,801.0,858.0,853.0,849.0,829.0,855.0,885.0,828.0,833.0,1089.0,1087.0,1066.0,1053.0,1092.0,1151.0,1118.0,1079.0,1044.0,1134.0,950.0,956.0,969.0,965.0,982.0,968.0,960.0,986.0,982.0,1006.0,876.0,884.0,848.0,855.0,883.0,858.0,885.0,855.0,878.0,887.0,808.0,793.0,804.0,768.0,750.0,760.0,783.0,754.0,798.0,735.0,876.0,898.0,893.0,862.0,850.0,844.0,846.0,890.0,859.0,869.0
681,1187.0,1163.0,1126.0,1144.0,1194.0,1193.0,1147.0,1192.0,1145.0,1181.0,1116.0,1103.0,1145.0,1126.0,1132.0,1070.0,1078.0,1124.0,1118.0,1088.0,1073.0,1089.0,1031.0,1123.0,1079.0,1062.0,1106.0,1100.0,1096.0,1125.0,1015.0,947.0,1026.0,951.0,931.0,1002.0,953.0,912.0,994.0,969.0,899.0,868.0,894.0,880.0,841.0,869.0,833.0,877.0,820.0,855.0,1097.0,1072.0,1074.0,1106.0,1136.0,1108.0,1128.0,1061.0,1071.0,1066.0,986.0,993.0,982.0,924.0,956.0,969.0,1046.0,1022.0,989.0,969.0,857.0,843.0,873.0,853.0,854.0,886.0,878.0,865.0,865.0,943.0,733.0,800.0,801.0,764.0,792.0,747.0,780.0,764.0,787.0,763.0,842.0,919.0,855.0,896.0,852.0,873.0,849.0,844.0,854.0,848.0
682,1195.0,1204.0,1229.0,1210.0,1183.0,1168.0,1182.0,1178.0,1159.0,1155.0,1116.0,1101.0,1078.0,1074.0,1121.0,1069.0,1101.0,1061.0,1064.0,1057.0,1124.0,1122.0,1145.0,1091.0,1126.0,1093.0,1074.0,1081.0,1104.0,1047.0,978.0,949.0,944.0,980.0,971.0,1001.0,1017.0,996.0,959.0,989.0,899.0,833.0,882.0,840.0,790.0,857.0,801.0,910.0,841.0,821.0,1065.0,1060.0,1045.0,1094.0,1083.0,1101.0,1103.0,1040.0,1112.0,1106.0,945.0,1010.0,1007.0,966.0,972.0,1001.0,1026.0,1007.0,958.0,1039.0,881.0,889.0,857.0,913.0,872.0,836.0,826.0,840.0,850.0,888.0,752.0,731.0,744.0,761.0,770.0,784.0,787.0,746.0,810.0,824.0,849.0,896.0,871.0,837.0,878.0,873.0,879.0,905.0,885.0,888.0
683,1169.0,1142.0,1206.0,1151.0,1145.0,1222.0,1177.0,1183.0,1164.0,1159.0,1157.0,1100.0,1089.0,1037.0,1124.0,1071.0,1122.0,1099.0,1085.0,1133.0,1124.0,1090.0,1138.0,1108.0,1112.0,1054.0,1102.0,1092.0,1133.0,1102.0,1025.0,974.0,962.0,1001.0,982.0,980.0,964.0,994.0,938.0,986.0,799.0,856.0,859.0,842.0,871.0,812.0,819.0,817.0,877.0,839.0,1102.0,1086.0,1055.0,1098.0,1051.0,1122.0,1058.0,1077.0,1127.0,1075.0,969.0,1014.0,998.0,974.0,1004.0,996.0,960.0,967.0,965.0,961.0,846.0,843.0,873.0,887.0,860.0,887.0,910.0,859.0,824.0,862.0,782.0,811.0,756.0,786.0,756.0,760.0,830.0,807.0,767.0,786.0,823.0,884.0,863.0,887.0,865.0,878.0,856.0,868.0,860.0,912.0
684,1216.0,1164.0,1186.0,1194.0,1145.0,1163.0,1210.0,1228.0,1177.0,1165.0,1090.0,1021.0,1122.0,1089.0,1106.0,1051.0,1017.0,1122.0,1068.0,1117.0,1123.0,1153.0,1100.0,1167.0,1117.0,1059.0,1168.0,1023.0,1139.0,1129.0,985.0,938.0,969.0,974.0,985.0,964.0,1014.0,991.0,967.0,964.0,815.0,837.0,836.0,816.0,849.0,894.0,867.0,803.0,848.0,848.0,1060.0,1081.0,1121.0,1106.0,1118.0,1053.0,1065.0,1065.0,1078.0,1047.0,1009.0,1035.0,943.0,976.0,975.0,984.0,985.0,1028.0,998.0,992.0,883.0,840.0,861.0,873.0,830.0,937.0,856.0,870.0,875.0,880.0,774.0,825.0,798.0,752.0,763.0,804.0,794.0,766.0,713.0,798.0,840.0,909.0,862.0,818.0,884.0,883.0,818.0,865.0,874.0,876.0
685,1145.0,1188.0,1195.0,1159.0,1170.0,1234.0,1164.0,1188.0,1162.0,1242.0,1076.0,1056.0,1145.0,1132.0,1046.0,998.0,1087.0,1143.0,1115.0,1109.0,1098.0,1099.0,1115.0,1097.0,1135.0,1163.0,1068.0,1055.0,1096.0,1173.0,951.0,990.0,936.0,973.0,987.0,955.0,966.0,979.0,946.0,944.0,855.0,826.0,852.0,849.0,814.0,807.0,904.0,871.0,869.0,851.0,1098.0,1086.0,1118.0,1096.0,1058.0,1081.0,1101.0,1101.0,1080.0,1025.0,974.0,985.0,894.0,954.0,973.0,996.0,938.0,965.0,926.0,955.0,896.0,874.0,904.0,874.0,900.0,892.0,896.0,850.0,843.0,863.0,783.0,776.0,776.0,805.0,788.0,834.0,770.0,769.0,769.0,751.0,924.0,924.0,858.0,829.0,904.0,829.0,905.0,840.0,933.0,897.0
686,1187.0,1164.0,1228.0,1191.0,1139.0,1161.0,1205.0,1152.0,1180.0,1210.0,1089.0,1135.0,1071.0,1104.0,1047.0,1091.0,1083.0,1125.0,1119.0,1109.0,1072.0,1089.0,1127.0,1130.0,1184.0,1034.0,1096.0,1114.0,1120.0,1090.0,975.0,998.0,987.0,955.0,1021.0,997.0,957.0,977.0,939.0,970.0,846.0,869.0,839.0,891.0,822.0,872.0,859.0,808.0,890.0,878.0,1136.0,1050.0,1080.0,1039.0,1072.0,1121.0,1117.0,1115.0,1055.0,1038.0,955.0,944.0,940.0,947.0,1010.0,992.0,1016.0,934.0,932.0,945.0,885.0,880.0,921.0,856.0,884.0,898.0,862.0,862.0,891.0,866.0,799.0,763.0,764.0,780.0,740.0,776.0,768.0,784.0,780.0,776.0,858.0,914.0,833.0,876.0,854.0,850.0,833.0,890.0,834.0,930.0
687,1167.0,1203.0,1127.0,1161.0,1137.0,1211.0,1225.0,1148.0,1182.0,1204.0,1072.0,1132.0,1094.0,1095.0,1035.0,1112.0,1146.0,1049.0,1081.0,1102.0,1081.0,1164.0,1168.0,1090.0,1146.0,1083.0,1095.0,1131.0,1123.0,1123.0,984.0,904.0,976.0,980.0,976.0,997.0,968.0,977.0,937.0,1012.0,854.0,868.0,845.0,852.0,861.0,825.0,800.0,896.0,860.0,862.0,1109.0,1051.0,1050.0,1085.0,1065.0,1058.0,1056.0,1053.0,1141.0,1058.0,976.0,1009.0,974.0,971.0,915.0,984.0,1011.0,987.0,956.0,931.0,915.0,868.0,917.0,867.0,916.0,846.0,839.0,875.0,868.0,891.0,818.0,756.0,753.0,784.0,852.0,752.0,791.0,759.0,754.0,735.0,832.0,844.0,888.0,887.0,878.0,922.0,862.0,891.0,834.0,893.0
688,1131.0,1238.0,1169.0,1175.0,1201.0,1206.0,1171.0,1165.0,1204.0,1210.0,1116.0,1075.0,1101.0,1177.0,1101.0,1127.0,1098.0,1100.0,1026.0,1147.0,1088.0,1096.0,1107.0,1076.0,1087.0,1103.0,1084.0,1116.0,1048.0,1116.0,979.0,1004.0,964.0,927.0,972.0,1023.0,956.0,943.0,1008.0,896.0,875.0,834.0,880.0,877.0,823.0,843.0,813.0,864.0,875.0,869.0,1080.0,1031.0,1109.0,1079.0,1047.0,1104.0,1108.0,1085.0,1040.0,1028.0,980.0,964.0,911.0,934.0,972.0,980.0,997.0,977.0,968.0,1013.0,851.0,928.0,891.0,902.0,874.0,857.0,878.0,875.0,912.0,828.0,794.0,776.0,778.0,775.0,821.0,741.0,765.0,788.0,777.0,821.0,917.0,852.0,885.0,849.0,885.0,799.0,925.0,855.0,884.0,881.0
689,1213.0,1218.0,1158.0,1179.0,1156.0,1194.0,1170.0,1208.0,1152.0,1218.0,1156.0,1080.0,1099.0,1150.0,1118.0,1133.0,1084.0,1126.0,1073.0,1080.0,1121.0,1096.0,1101.0,1154.0,1136.0,1073.0,1113.0,1083.0,1095.0,1096.0,949.0,987.0,938.0,970.0,988.0,941.0,955.0,976.0,996.0,988.0,834.0,842.0,865.0,803.0,833.0,881.0,806.0,846.0,864.0,888.0,1102.0,1115.0,1071.0,1082.0,1043.0,1052.0,1103.0,1043.0,1058.0,1097.0,962.0,955.0,1003.0,985.0,964.0,940.0,998.0,981.0,959.0,950.0,805.0,838.0,899.0,852.0,872.0,869.0,874.0,847.0,900.0,905.0,794.0,769.0,770.0,736.0,783.0,788.0,778.0,780.0,767.0,765.0,868.0,895.0,895.0,852.0,891.0,915.0,915.0,877.0,883.0,820.0
690,1189.0,1202.0,1217.0,1171.0,1213.0,1192.0,1174.0,1190.0,1193.0,1189.0,1122.0,1113.0,1104.0,1073.0,1062.0,1071.0,1100.0,1090.0,1117.0,1103.0,1088.0,1113.0,1080.0,1093.0,1096.0,1174.0,1124.0,1093.0,1074.0,1115.0,932.0,962.0,936.0,1009.0,953.0,957.0,965.0,974.0,925.0,1012.0,876.0,868.0,885.0,864.0,831.0,889.0,848.0,858.0,876.0,864.0,1103.0,1123.0,1118.0,1076.0,1099.0,1041.0,1085.0,1096.0,1026.0,1056.0,975.0,946.0,943.0,968.0,991.0,969.0,958.0,965.0,998.0,930.0,873.0,868.0,859.0,885.0,897.0,829.0,900.0,860.0,868.0,878.0,776.0,741.0,767.0,774.0,764.0,768.0,753.0,759.0,779.0,812.0,870.0,854.0,888.0,852.0,877.0,896.0,891.0,882.0,894.0,850.0
691,1176.0,1214.0,1200.0,1185.0,1163.0,1167.0,1183.0,1173.0,1211.0,1147.0,1099.0,1096.0,1100.0,1066.0,1092.0,1083.0,1129.0,1130.0,1096.0,1118.0,1133.0,1110.0,1125.0,1157.0,1128.0,1139.0,1137.0,1091.0,1122.0,1158.0,989.0,978.0,979.0,1006.0,982.0,1027.0,1009.0,960.0,907.0,1004.0,868.0,823.0,858.0,799.0,848.0,901.0,847.0,868.0,880.0,858.0,1085.0,1058.0,1079.0,1071.0,1058.0,1062.0,1064.0,1058.0,1110.0,1049.0,947.0,996.0,926.0,1022.0,976.0,946.0,971.0,1013.0,948.0,965.0,851.0,871.0,864.0,802.0,891.0,866.0,863.0,819.0,852.0,913.0,821.0,817.0,800.0,757.0,794.0,734.0,751.0,803.0,769.0,757.0,837.0,826.0,866.0,895.0,852.0,862.0,841.0,853.0,850.0,840.0
692,1208.0,1164.0,1195.0,1123.0,1174.0,1159.0,1189.0,1191.0,1170.0,1209.0,1072.0,1096.0,1115.0,1019.0,1057.0,1034.0,1122.0,1105.0,1083.0,1073.0,1157.0,1108.0,1132.0,1153.0,1146.0,1186.0,1133.0,1092.0,1103.0,1122.0,932.0,1009.0,1016.0,1028.0,970.0,1025.0,988.0,989.0,996.0,969.0,817.0,844.0,854.0,817.0,866.0,869.0,793.0,829.0,814.0,881.0,1083.0,1113.0,1079.0,1112.0,1072.0,1081.0,1018.0,1061.0,1096.0,1094.0,998.0,899.0,965.0,980.0,965.0,979.0,997.0,960.0,993.0,1000.0,841.0,889.0,835.0,864.0,838.0,862.0,889.0,882.0,874.0,868.0,766.0,790.0,743.0,771.0,799.0,749.0,804.0,773.0,750.0,718.0,928.0,880.0,859.0,896.0,899.0,841.0,862.0,885.0,862.0,872.0
693,1186.0,1142.0,1170.0,1169.0,1160.0,1173.0,1184.0,1257.0,1153.0,1199.0,1114.0,1089.0,1094.0,1096.0,1067.0,1136.0,1101.0,1066.0,1053.0,1059.0,1173.0,1148.0,1152.0,1076.0,1104.0,1120.0,1139.0,1028.0,1129.0,1102.0,976.0,998.0,999.0,971.0,979.0,927.0,971.0,976.0,971.0,1027.0,815.0,859.0,815.0,833.0,824.0,872.0,819.0,824.0,853.0,887.0,1095.0,1064.0,1086.0,1071.0,1086.0,1063.0,1078.0,1092.0,1028.0,1073.0,969.0,954.0,938.0,1002.0,971.0,940.0,948.0,972.0,987.0,961.0,852.0,904.0,877.0,874.0,899.0,891.0,907.0,817.0,894.0,873.0,771.0,776.0,810.0,782.0,791.0,797.0,809.0,827.0,785.0,753.0,848.0,859.0,851.0,894.0,909.0,868.0,840.0,907.0,894.0,872.0
694,1221.0,1213.0,1175.0,1194.0,1161.0,1187.0,1190.0,1188.0,1160.0,1163.0,1070.0,1089.0,1101.0,1069.0,1097.0,1132.0,1073.0,1056.0,1111.0,1118.0,1101.0,1107.0,1114.0,1106.0,1092.0,1103.0,1106.0,1108.0,1088.0,1080.0,963.0,991.0,1015.0,933.0,955.0,975.0,993.0,989.0,974.0,983.0,863.0,829.0,787.0,805.0,880.0,863.0,889.0,837.0,875.0,861.0,1104.0,1047.0,1079.0,1106.0,1122.0,1069.0,1036.0,1108.0,1042.0,1101.0,983.0,997.0,973.0,993.0,992.0,944.0,985.0,988.0,945.0,978.0,814.0,875.0,876.0,868.0,893.0,881.0,876.0,899.0,880.0,860.0,793.0,799.0,801.0,791.0,782.0,761.0,755.0,739.0,794.0,792.0,887.0,846.0,872.0,902.0,815.0,872.0,897.0,852.0,882.0,873.0
695,1193.0,1186.0,1141.0,1208.0,1160.0,1199.0,1204.0,1186.0,1102.0,1205.0,1097.0,1072.0,1133.0,1076.0,1119.0,1077.0,1049.0,1061.0,1134.0,1097.0,1122.0,1112.0,1123.0,1077.0,1120.0,1140.0,1127.0,1112.0,1117.0,1174.0,987.0,979.0,969.0,982.0,970.0,959.0,965.0,968.0,991.0,957.0,855.0,852.0,871.0,822.0,888.0,821.0,899.0,857.0,854.0,849.0,1081.0,1072.0,1065.0,1077.0,1073.0,1109.0,1058.0,1076.0,1067.0,1078.0,969.0,949.0,939.0,959.0,961.0,933.0,976.0,1014.0,975.0,972.0,844.0,899.0,875.0,832.0,852.0,868.0,851.0,906.0,861.0,840.0,764.0,774.0,781.0,811.0,792.0,781.0,798.0,763.0,778.0,756.0,886.0,900.0,898.0,923.0,855.0,898.0,876.0,820.0,874.0,877.0
696,1171.0,1216.0,1193.0,1177.0,1191.0,1134.0,1138.0,1187.0,1180.0,1195.0,1128.0,1091.0,1106.0,1089.0,1129.0,1134.0,1114.0,1105.0,1126.0,1095.0,1152.0,1093.0,1129.0,1095.0,1098.0,1119.0,1104.0,1113.0,1098.0,1090.0,981.0,997.0,972.0,954.0,987.0,952.0,994.0,980.0,961.0,1009.0,855.0,873.0,921.0,830.0,850.0,856.0,919.0,859.0,827.0,870.0,1050.0,1090.0,1040.0,1087.0,1036.0,1053.0,1056.0,1016.0,1088.0,1090.0,999.0,938.0,987.0,1026.0,966.0,977.0,928.0,942.0,1042.0,923.0,815.0,845.0,851.0,844.0,878.0,881.0,868.0,923.0,834.0,901.0,730.0,779.0,796.0,755.0,797.0,792.0,793.0,773.0,773.0,753.0,914.0,872.0,801.0,910.0,858.0,892.0,893.0,867.0,819.0,880.0
697,1199.0,1190.0,1153.0,1169.0,1184.0,1187.0,1148.0,1203.0,1166.0,1152.0,1056.0,1114.0,1112.0,1121.0,1062.0,1102.0,1065.0,1118.0,1076.0,1095.0,1137.0,1099.0,1127.0,1078.0,1099.0,1135.0,1181.0,1156.0,1113.0,1151.0,967.0,978.0,1005.0,954.0,976.0,1012.0,993.0,1004.0,988.0,991.0,927.0,848.0,858.0,874.0,865.0,906.0,879.0,856.0,876.0,860.0,1063.0,1108.0,1103.0,1061.0,1106.0,1059.0,1135.0,1050.0,1138.0,1096.0,918.0,972.0,955.0,985.0,978.0,951.0,982.0,940.0,928.0,932.0,868.0,850.0,854.0,879.0,894.0,821.0,796.0,837.0,859.0,836.0,769.0,765.0,779.0,795.0,771.0,735.0,785.0,756.0,722.0,811.0,893.0,869.0,851.0,854.0,855.0,879.0,839.0,839.0,879.0,881.0
698,1205.0,1201.0,1164.0,1189.0,1196.0,1182.0,1246.0,1201.0,1160.0,1202.0,1105.0,1065.0,1057.0,1112.0,1116.0,1068.0,1110.0,1095.0,1107.0,1109.0,1122.0,1130.0,1079.0,1127.0,1113.0,1157.0,1100.0,1096.0,1107.0,1134.0,945.0,958.0,995.0,957.0,976.0,979.0,922.0,936.0,975.0,959.0,859.0,825.0,885.0,873.0,838.0,794.0,870.0,898.0,875.0,888.0,1092.0,1067.0,1109.0,1037.0,1092.0,1107.0,1133.0,1086.0,1093.0,1055.0,929.0,986.0,964.0,982.0,942.0,987.0,934.0,975.0,991.0,949.0,921.0,864.0,850.0,851.0,869.0,864.0,864.0,908.0,808.0,841.0,745.0,839.0,793.0,800.0,771.0,776.0,781.0,731.0,766.0,759.0,873.0,860.0,905.0,843.0,875.0,870.0,837.0,832.0,861.0,909.0
699,1218.0,1198.0,1123.0,1177.0,1208.0,1186.0,1198.0,1151.0,1141.0,1187.0,1075.0,1046.0,1116.0,1130.0,1088.0,1079.0,1136.0,1139.0,1120.0,1130.0,1111.0,1087.0,1114.0,1153.0,1082.0,1127.0,1107.0,1108.0,1082.0,1152.0,978.0,968.0,1024.0,982.0,971.0,954.0,957.0,975.0,994.0,931.0,859.0,838.0,897.0,880.0,869.0,852.0,822.0,864.0,872.0,840.0,1074.0,1122.0,1088.0,1067.0,1044.0,1091.0,1129.0,1077.0,1073.0,1068.0,983.0,1017.0,984.0,933.0,963.0,956.0,963.0,963.0,963.0,960.0,893.0,855.0,842.0,847.0,896.0,896.0,884.0,818.0,882.0,894.0,757.0,782.0,742.0,731.0,782.0,783.0,756.0,782.0,724.0,785.0,846.0,882.0,870.0,866.0,887.0,863.0,840.0,882.0,893.0,855.0
700,1163.0,1191.0,1200.0,1113.0,1167.0,1171.0,1198.0,1201.0,1164.0,1194.0,1140.0,1059.0,1024.0,1140.0,1063.0,1108.0,1097.0,1083.0,1099.0,1074.0,1111.0,1117.0,1119.0,1115.0,1127.0,1083.0,1122.0,1158.0,1123.0,1121.0,1010.0,986.0,995.0,967.0,1013.0,950.0,959.0,954.0,978.0,1007.0,839.0,869.0,886.0,843.0,878.0,850.0,812.0,851.0,873.0,866.0,1041.0,1043.0,1067.0,1094.0,1077.0,1079.0,1086.0,1083.0,1067.0,1058.0,967.0,1001.0,1011.0,1002.0,985.0,976.0,982.0,990.0,978.0,972.0,891.0,880.0,812.0,870.0,864.0,881.0,893.0,851.0,851.0,863.0,745.0,756.0,807.0,770.0,758.0,781.0,758.0,798.0,748.0,764.0,888.0,894.0,880.0,852.0,857.0,912.0,884.0,789.0,862.0,883.0
701,1141.0,1167.0,1162.0,1093.0,1149.0,1190.0,1141.0,1161.0,1155.0,1203.0,1122.0,1134.0,1102.0,1056.0,1138.0,1096.0,1083.0,1086.0,1129.0,1084.0,1102.0,1124.0,1130.0,1128.0,1180.0,1135.0,1146.0,1147.0,1107.0,1082.0,952.0,993.0,982.0,995.0,937.0,948.0,1003.0,940.0,961.0,986.0,861.0,856.0,864.0,883.0,862.0,850.0,841.0,920.0,848.0,859.0,1077.0,1110.0,1085.0,1065.0,1030.0,1095.0,1077.0,1012.0,1055.0,1070.0,973.0,919.0,980.0,1020.0,938.0,940.0,943.0,967.0,949.0,1004.0,867.0,847.0,881.0,865.0,856.0,860.0,890.0,893.0,888.0,868.0,809.0,747.0,733.0,804.0,787.0,765.0,758.0,765.0,784.0,782.0,898.0,896.0,880.0,864.0,910.0,912.0,912.0,870.0,870.0,866.0
702,1171.0,1167.0,1141.0,1112.0,1167.0,1203.0,1164.0,1159.0,1211.0,1196.0,1133.0,1101.0,1058.0,1063.0,1076.0,1093.0,1079.0,1057.0,1101.0,1120.0,1156.0,1135.0,1160.0,1139.0,1108.0,1119.0,1108.0,1159.0,1142.0,1142.0,936.0,934.0,987.0,1005.0,1004.0,963.0,982.0,988.0,931.0,1007.0,809.0,858.0,840.0,882.0,836.0,813.0,821.0,854.0,859.0,857.0,1095.0,1079.0,1073.0,1055.0,1105.0,1107.0,1072.0,1050.0,1086.0,1021.0,983.0,999.0,1000.0,1041.0,1013.0,928.0,984.0,975.0,959.0,958.0,864.0,882.0,890.0,846.0,840.0,900.0,878.0,877.0,856.0,864.0,740.0,759.0,792.0,752.0,777.0,783.0,829.0,813.0,742.0,777.0,912.0,879.0,860.0,879.0,860.0,881.0,882.0,831.0,855.0,861.0
703,1188.0,1163.0,1180.0,1143.0,1129.0,1205.0,1172.0,1177.0,1199.0,1215.0,1088.0,1131.0,1127.0,1055.0,1116.0,1079.0,1135.0,1096.0,1083.0,1090.0,1127.0,1098.0,1114.0,1114.0,1112.0,1101.0,1139.0,1052.0,1080.0,1126.0,969.0,1003.0,980.0,996.0,995.0,1025.0,1001.0,983.0,972.0,997.0,857.0,869.0,831.0,889.0,812.0,814.0,813.0,888.0,845.0,804.0,1072.0,1039.0,1071.0,1075.0,1096.0,1114.0,1082.0,1076.0,1096.0,1088.0,957.0,1035.0,985.0,1004.0,948.0,912.0,960.0,1037.0,961.0,969.0,882.0,837.0,858.0,877.0,881.0,887.0,839.0,826.0,854.0,889.0,757.0,775.0,801.0,768.0,806.0,757.0,762.0,806.0,784.0,777.0,903.0,843.0,854.0,856.0,893.0,894.0,893.0,825.0,868.0,844.0
704,1150.0,1173.0,1168.0,1197.0,1160.0,1168.0,1180.0,1155.0,1189.0,1187.0,1116.0,1099.0,1101.0,1093.0,1108.0,1086.0,1077.0,1114.0,1094.0,1109.0,1112.0,1125.0,1128.0,1090.0,1107.0,1099.0,1168.0,1146.0,1124.0,1057.0,977.0,992.0,972.0,976.0,980.0,1038.0,975.0,983.0,985.0,989.0,865.0,806.0,826.0,859.0,859.0,842.0,857.0,850.0,848.0,840.0,1118.0,1113.0,1159.0,1061.0,1087.0,1084.0,1080.0,1041.0,1089.0,1102.0,1006.0,943.0,952.0,923.0,918.0,961.0,1001.0,977.0,977.0,980.0,827.0,847.0,861.0,938.0,873.0,869.0,861.0,881.0,877.0,889.0,778.0,809.0,775.0,785.0,782.0,775.0,778.0,786.0,731.0,779.0,851.0,887.0,854.0,857.0,915.0,867.0,817.0,833.0,823.0,869.0
705,1185.0,1161.0,1168.0,1201.0,1188.0,1181.0,1217.0,1188.0,1168.0,1179.0,1110.0,1108.0,1106.0,1114.0,1086.0,1108.0,1094.0,1056.0,1088.0,1122.0,1072.0,1133.0,1136.0,1080.0,1107.0,1115.0,1156.0,1116.0,1114.0,1084.0,979.0,973.0,931.0,979.0,961.0,1000.0,968.0,972.0,995.0,969.0,833.0,800.0,878.0,845.0,835.0,861.0,867.0,901.0,815.0,855.0,1101.0,1070.0,1065.0,1096.0,1065.0,1072.0,1063.0,1069.0,1058.0,1061.0,996.0,960.0,978.0,962.0,996.0,965.0,943.0,947.0,956.0,1005.0,885.0,895.0,925.0,856.0,893.0,891.0,870.0,836.0,878.0,859.0,784.0,783.0,769.0,760.0,771.0,762.0,746.0,773.0,791.0,800.0,856.0,912.0,842.0,884.0,887.0,835.0,868.0,910.0,876.0,870.0
706,1249.0,1155.0,1188.0,1159.0,1129.0,1156.0,1153.0,1175.0,1192.0,1197.0,1120.0,1137.0,1072.0,1069.0,1055.0,1099.0,1122.0,1129.0,1120.0,1090.0,1107.0,1065.0,1124.0,1082.0,1092.0,1105.0,1117.0,1100.0,1111.0,1109.0,948.0,952.0,998.0,1023.0,975.0,1013.0,1000.0,947.0,954.0,987.0,872.0,869.0,860.0,878.0,932.0,838.0,843.0,853.0,827.0,856.0,1076.0,1129.0,1081.0,1138.0,1107.0,1074.0,1043.0,1068.0,1084.0,1095.0,967.0,982.0,964.0,945.0,974.0,999.0,945.0,965.0,953.0,938.0,846.0,886.0,867.0,880.0,868.0,892.0,868.0,867.0,862.0,820.0,742.0,798.0,781.0,726.0,768.0,790.0,801.0,800.0,774.0,802.0,869.0,822.0,862.0,876.0,893.0,826.0,904.0,864.0,860.0,911.0
707,1211.0,1192.0,1161.0,1202.0,1186.0,1203.0,1225.0,1179.0,1186.0,1179.0,1106.0,1149.0,1094.0,1074.0,1059.0,1106.0,1127.0,1061.0,1081.0,1146.0,1126.0,1138.0,1070.0,1065.0,1143.0,1126.0,1115.0,1147.0,1073.0,1041.0,972.0,951.0,958.0,958.0,1030.0,966.0,962.0,976.0,987.0,968.0,926.0,871.0,856.0,856.0,827.0,856.0,829.0,847.0,848.0,883.0,1067.0,1081.0,1105.0,1132.0,1145.0,1120.0,1100.0,1102.0,1133.0,1091.0,978.0,968.0,995.0,949.0,939.0,928.0,932.0,986.0,933.0,966.0,856.0,867.0,885.0,862.0,848.0,862.0,847.0,884.0,855.0,893.0,711.0,750.0,784.0,776.0,770.0,770.0,775.0,772.0,746.0,791.0,840.0,822.0,893.0,902.0,840.0,853.0,879.0,810.0,896.0,851.0
708,1193.0,1143.0,1128.0,1182.0,1194.0,1194.0,1168.0,1214.0,1123.0,1211.0,1088.0,1119.0,1059.0,1142.0,1065.0,1114.0,1097.0,1118.0,1087.0,1095.0,1175.0,1155.0,1131.0,1111.0,1085.0,1132.0,1075.0,1058.0,1121.0,1089.0,974.0,959.0,960.0,986.0,1006.0,967.0,964.0,995.0,966.0,992.0,857.0,896.0,839.0,840.0,861.0,839.0,870.0,839.0,835.0,866.0,1067.0,1080.0,1100.0,1069.0,1096.0,1101.0,1078.0,1080.0,1095.0,1065.0,954.0,961.0,1056.0,960.0,966.0,933.0,989.0,957.0,969.0,1011.0,882.0,902.0,871.0,880.0,876.0,910.0,855.0,871.0,868.0,837.0,769.0,755.0,793.0,752.0,795.0,765.0,835.0,772.0,810.0,790.0,831.0,818.0,867.0,851.0,843.0,833.0,865.0,858.0,868.0,853.0
709,1163.0,1175.0,1198.0,1114.0,1163.0,1253.0,1210.0,1141.0,1141.0,1237.0,1098.0,1132.0,1113.0,1084.0,1124.0,1100.0,1094.0,1096.0,1115.0,1050.0,1123.0,1111.0,1151.0,1105.0,1096.0,1110.0,1081.0,1167.0,1127.0,1107.0,1040.0,925.0,958.0,1049.0,998.0,906.0,936.0,989.0,1004.0,981.0,826.0,883.0,841.0,809.0,864.0,831.0,853.0,810.0,840.0,868.0,1073.0,1048.0,1056.0,1144.0,1062.0,1087.0,1072.0,1091.0,1034.0,1089.0,961.0,987.0,948.0,944.0,981.0,996.0,973.0,990.0,937.0,974.0,896.0,872.0,869.0,877.0,866.0,868.0,907.0,851.0,891.0,893.0,805.0,766.0,805.0,822.0,738.0,769.0,799.0,743.0,781.0,745.0,808.0,892.0,863.0,824.0,894.0,862.0,875.0,881.0,875.0,862.0
710,1156.0,1231.0,1186.0,1167.0,1176.0,1238.0,1227.0,1221.0,1127.0,1184.0,1085.0,1076.0,1083.0,1030.0,1058.0,1060.0,1140.0,1069.0,1031.0,1065.0,1124.0,1174.0,1146.0,1092.0,1118.0,1108.0,1098.0,1113.0,1108.0,1088.0,996.0,979.0,972.0,1023.0,1054.0,989.0,957.0,994.0,1039.0,970.0,811.0,842.0,851.0,827.0,833.0,839.0,850.0,816.0,843.0,865.0,1072.0,1058.0,1124.0,1017.0,1069.0,1092.0,1105.0,1061.0,1089.0,1136.0,955.0,934.0,941.0,1010.0,1015.0,936.0,936.0,966.0,984.0,941.0,910.0,859.0,887.0,890.0,850.0,872.0,842.0,857.0,845.0,885.0,822.0,761.0,734.0,797.0,781.0,750.0,773.0,753.0,825.0,820.0,868.0,871.0,874.0,924.0,831.0,896.0,868.0,906.0,859.0,855.0
711,1145.0,1176.0,1168.0,1201.0,1219.0,1122.0,1232.0,1170.0,1164.0,1185.0,1059.0,1062.0,1072.0,1086.0,1133.0,1125.0,1077.0,1114.0,1143.0,1146.0,1125.0,1097.0,1100.0,1081.0,1062.0,1125.0,1093.0,1098.0,1028.0,1069.0,1034.0,1016.0,940.0,981.0,1014.0,927.0,966.0,979.0,971.0,1002.0,885.0,900.0,887.0,861.0,855.0,835.0,832.0,822.0,877.0,865.0,1074.0,1056.0,1060.0,1042.0,1097.0,1120.0,1101.0,1029.0,1117.0,1112.0,922.0,942.0,987.0,929.0,906.0,978.0,946.0,1009.0,957.0,917.0,870.0,876.0,918.0,864.0,848.0,924.0,890.0,877.0,861.0,874.0,826.0,765.0,814.0,798.0,762.0,750.0,783.0,768.0,766.0,755.0,864.0,900.0,858.0,938.0,885.0,876.0,877.0,893.0,866.0,882.0
712,1189.0,1140.0,1173.0,1183.0,1225.0,1187.0,1190.0,1191.0,1193.0,1147.0,1026.0,1099.0,1081.0,1103.0,1123.0,1067.0,1131.0,1124.0,1116.0,1116.0,1141.0,1108.0,1129.0,1092.0,1088.0,1138.0,1087.0,1132.0,1118.0,1102.0,982.0,955.0,1007.0,970.0,965.0,921.0,1013.0,965.0,947.0,967.0,860.0,905.0,843.0,858.0,842.0,862.0,816.0,869.0,812.0,848.0,1060.0,1093.0,1063.0,1095.0,1071.0,1119.0,1099.0,1028.0,1032.0,1052.0,976.0,954.0,1000.0,964.0,1000.0,980.0,907.0,931.0,1001.0,1024.0,866.0,888.0,867.0,871.0,870.0,871.0,881.0,914.0,861.0,853.0,799.0,772.0,808.0,804.0,740.0,803.0,780.0,763.0,795.0,853.0,908.0,882.0,834.0,842.0,852.0,834.0,891.0,842.0,874.0,851.0
713,1193.0,1154.0,1170.0,1156.0,1193.0,1192.0,1194.0,1150.0,1160.0,1188.0,1091.0,1094.0,1058.0,1103.0,1103.0,1064.0,1109.0,1119.0,1115.0,1091.0,1116.0,1151.0,1164.0,1115.0,1106.0,1128.0,1082.0,1111.0,1092.0,1100.0,993.0,975.0,973.0,1008.0,976.0,966.0,969.0,971.0,1002.0,980.0,858.0,872.0,857.0,902.0,807.0,830.0,830.0,865.0,813.0,854.0,1072.0,1071.0,1096.0,1075.0,1106.0,1108.0,1094.0,1104.0,1080.0,1109.0,947.0,978.0,975.0,965.0,994.0,1018.0,997.0,923.0,984.0,924.0,928.0,810.0,840.0,877.0,878.0,848.0,922.0,907.0,901.0,878.0,736.0,756.0,770.0,755.0,736.0,774.0,741.0,773.0,772.0,769.0,872.0,935.0,900.0,825.0,874.0,853.0,854.0,837.0,829.0,921.0
714,1156.0,1158.0,1164.0,1195.0,1183.0,1207.0,1155.0,1235.0,1195.0,1172.0,1113.0,1122.0,1048.0,1082.0,1121.0,1089.0,1119.0,1084.0,1103.0,1119.0,1155.0,1060.0,1105.0,1128.0,1132.0,1067.0,1094.0,1131.0,1076.0,1182.0,979.0,955.0,919.0,963.0,932.0,1003.0,1010.0,936.0,943.0,936.0,855.0,850.0,866.0,835.0,852.0,845.0,815.0,825.0,823.0,895.0,1106.0,1107.0,1097.0,1070.0,1080.0,1055.0,1081.0,1099.0,1038.0,1058.0,980.0,1012.0,1035.0,992.0,967.0,1022.0,999.0,945.0,982.0,947.0,886.0,911.0,915.0,878.0,840.0,877.0,888.0,872.0,892.0,883.0,738.0,769.0,785.0,791.0,771.0,756.0,755.0,788.0,779.0,767.0,835.0,854.0,873.0,845.0,893.0,862.0,878.0,840.0,917.0,852.0
715,1169.0,1102.0,1186.0,1195.0,1189.0,1133.0,1143.0,1165.0,1208.0,1210.0,1117.0,1143.0,1064.0,1109.0,1089.0,1115.0,1113.0,1128.0,1123.0,1069.0,1149.0,1104.0,1128.0,1132.0,1079.0,1159.0,1140.0,1129.0,1098.0,1167.0,970.0,996.0,975.0,951.0,950.0,948.0,947.0,966.0,977.0,979.0,870.0,857.0,861.0,867.0,878.0,888.0,846.0,792.0,858.0,816.0,1081.0,1083.0,1098.0,1100.0,1103.0,1044.0,1112.0,1068.0,1042.0,1073.0,940.0,977.0,1013.0,950.0,967.0,1023.0,962.0,954.0,948.0,995.0,861.0,879.0,867.0,863.0,874.0,863.0,851.0,890.0,861.0,852.0,813.0,792.0,760.0,785.0,784.0,784.0,801.0,780.0,764.0,813.0,831.0,869.0,855.0,823.0,860.0,829.0,880.0,881.0,868.0,833.0
716,1227.0,1169.0,1161.0,1198.0,1199.0,1164.0,1173.0,1184.0,1210.0,1198.0,1028.0,1124.0,1050.0,1110.0,1110.0,1023.0,1098.0,1122.0,1089.0,1055.0,1112.0,1132.0,1096.0,1112.0,1103.0,1073.0,1166.0,1092.0,1152.0,1140.0,1035.0,965.0,965.0,952.0,961.0,994.0,987.0,978.0,988.0,1007.0,870.0,848.0,855.0,848.0,827.0,850.0,875.0,835.0,798.0,817.0,1055.0,1056.0,1055.0,1063.0,1061.0,1135.0,1094.0,1091.0,1092.0,1078.0,962.0,938.0,1023.0,1024.0,1004.0,985.0,982.0,966.0,988.0,1001.0,838.0,893.0,926.0,901.0,878.0,929.0,807.0,837.0,881.0,873.0,766.0,775.0,768.0,711.0,744.0,745.0,769.0,771.0,679.0,787.0,908.0,904.0,914.0,851.0,884.0,892.0,841.0,877.0,860.0,850.0
717,1179.0,1183.0,1160.0,1246.0,1180.0,1186.0,1179.0,1162.0,1181.0,1178.0,1180.0,1094.0,1093.0,1058.0,1093.0,1028.0,1059.0,1072.0,1121.0,1130.0,1112.0,1135.0,1117.0,1131.0,1077.0,1144.0,1148.0,1116.0,1081.0,1135.0,959.0,1028.0,963.0,956.0,1024.0,962.0,965.0,991.0,1008.0,981.0,843.0,867.0,880.0,838.0,846.0,850.0,830.0,847.0,866.0,803.0,1030.0,1088.0,1078.0,1048.0,1021.0,1092.0,1096.0,1044.0,1066.0,1039.0,957.0,972.0,978.0,968.0,960.0,983.0,986.0,1025.0,939.0,996.0,896.0,877.0,899.0,881.0,872.0,895.0,874.0,852.0,824.0,878.0,757.0,729.0,756.0,742.0,805.0,764.0,786.0,759.0,753.0,794.0,887.0,826.0,891.0,899.0,897.0,887.0,870.0,889.0,898.0,872.0
718,1174.0,1187.0,1204.0,1202.0,1193.0,1172.0,1178.0,1184.0,1165.0,1196.0,1096.0,1098.0,1056.0,1061.0,1099.0,1104.0,1116.0,1053.0,1088.0,1081.0,1150.0,1137.0,1123.0,1103.0,1118.0,1119.0,1036.0,1114.0,1106.0,1103.0,983.0,985.0,977.0,986.0,993.0,995.0,994.0,970.0,982.0,991.0,841.0,867.0,902.0,882.0,856.0,870.0,879.0,854.0,841.0,860.0,1074.0,1058.0,1108.0,1116.0,1049.0,1102.0,1095.0,1074.0,1085.0,1098.0,984.0,961.0,960.0,985.0,966.0,934.0,988.0,994.0,972.0,988.0,852.0,863.0,841.0,805.0,874.0,809.0,857.0,901.0,844.0,839.0,766.0,801.0,789.0,738.0,771.0,800.0,819.0,739.0,773.0,796.0,880.0,842.0,853.0,886.0,858.0,887.0,835.0,875.0,882.0,854.0
719,1221.0,1222.0,1163.0,1129.0,1183.0,1115.0,1215.0,1160.0,1211.0,1158.0,1027.0,1098.0,1083.0,1130.0,1107.0,1074.0,1125.0,1113.0,1085.0,1088.0,1125.0,1165.0,1113.0,1170.0,1081.0,1097.0,1062.0,1077.0,1083.0,1118.0,940.0,968.0,977.0,930.0,978.0,1005.0,948.0,935.0,924.0,948.0,835.0,841.0,874.0,862.0,830.0,838.0,922.0,853.0,920.0,876.0,1088.0,1041.0,1070.0,1122.0,1126.0,1118.0,1083.0,1108.0,1075.0,1095.0,975.0,963.0,1023.0,911.0,934.0,986.0,1006.0,1015.0,947.0,980.0,909.0,856.0,869.0,883.0,893.0,859.0,871.0,841.0,834.0,894.0,784.0,754.0,795.0,755.0,766.0,794.0,728.0,770.0,777.0,793.0,896.0,886.0,848.0,870.0,878.0,911.0,835.0,886.0,882.0,857.0
720,1115.0,1209.0,1192.0,1161.0,1191.0,1159.0,1198.0,1202.0,1241.0,1185.0,1095.0,1122.0,1120.0,1077.0,1140.0,1050.0,1099.0,1100.0,1110.0,1101.0,1134.0,1081.0,1102.0,1078.0,1134.0,1161.0,1135.0,1093.0,1100.0,1080.0,1008.0,980.0,948.0,934.0,1030.0,1000.0,1000.0,974.0,947.0,1004.0,866.0,894.0,843.0,843.0,860.0,839.0,868.0,842.0,828.0,893.0,1106.0,1123.0,1078.0,1099.0,1114.0,1096.0,1048.0,1054.0,1080.0,1077.0,979.0,973.0,968.0,1049.0,936.0,952.0,938.0,948.0,978.0,949.0,853.0,826.0,883.0,890.0,851.0,901.0,871.0,853.0,825.0,871.0,750.0,705.0,814.0,777.0,719.0,765.0,776.0,801.0,773.0,783.0,896.0,874.0,867.0,855.0,791.0,875.0,861.0,892.0,851.0,867.0
721,1138.0,1238.0,1197.0,1173.0,1146.0,1152.0,1196.0,1204.0,1173.0,1162.0,1121.0,1115.0,1115.0,1080.0,1100.0,1077.0,1071.0,1115.0,1080.0,1128.0,1177.0,1108.0,1090.0,1131.0,1138.0,1122.0,1150.0,1108.0,1078.0,1071.0,994.0,962.0,990.0,979.0,981.0,967.0,970.0,997.0,958.0,982.0,879.0,833.0,838.0,865.0,843.0,839.0,839.0,860.0,834.0,856.0,1047.0,1058.0,1108.0,1097.0,1034.0,1067.0,1035.0,1083.0,1079.0,1072.0,971.0,1006.0,973.0,969.0,1007.0,982.0,967.0,953.0,950.0,1008.0,848.0,908.0,867.0,856.0,865.0,891.0,892.0,869.0,887.0,882.0,766.0,763.0,786.0,772.0,782.0,769.0,790.0,731.0,826.0,780.0,861.0,792.0,849.0,840.0,874.0,937.0,887.0,836.0,874.0,869.0
722,1204.0,1171.0,1204.0,1152.0,1190.0,1171.0,1211.0,1235.0,1143.0,1185.0,1063.0,1100.0,1087.0,1059.0,1057.0,1122.0,1084.0,1092.0,1113.0,1106.0,1151.0,1108.0,1102.0,1101.0,1085.0,1097.0,1128.0,1139.0,1143.0,1092.0,978.0,943.0,988.0,994.0,951.0,957.0,961.0,948.0,966.0,991.0,850.0,847.0,850.0,853.0,905.0,867.0,840.0,841.0,821.0,865.0,1107.0,1109.0,1095.0,1112.0,1106.0,1046.0,1017.0,1067.0,1082.0,1097.0,939.0,965.0,982.0,962.0,1013.0,972.0,976.0,955.0,963.0,967.0,874.0,844.0,821.0,890.0,846.0,906.0,874.0,825.0,875.0,831.0,748.0,817.0,790.0,780.0,775.0,792.0,807.0,770.0,801.0,810.0,886.0,881.0,892.0,863.0,844.0,877.0,902.0,880.0,831.0,868.0
723,1156.0,1161.0,1156.0,1186.0,1159.0,1204.0,1190.0,1192.0,1211.0,1185.0,1083.0,1131.0,1099.0,1053.0,1127.0,1088.0,1115.0,1148.0,1105.0,1084.0,1115.0,1113.0,1137.0,1130.0,1118.0,1131.0,1159.0,1129.0,1095.0,1043.0,1006.0,946.0,947.0,942.0,950.0,953.0,962.0,958.0,973.0,1010.0,870.0,867.0,839.0,839.0,823.0,823.0,834.0,836.0,776.0,846.0,1044.0,1044.0,1110.0,1126.0,1088.0,1092.0,1025.0,1096.0,1082.0,1109.0,996.0,985.0,987.0,1006.0,965.0,990.0,1006.0,939.0,1000.0,958.0,905.0,886.0,899.0,885.0,925.0,890.0,846.0,817.0,856.0,902.0,785.0,778.0,751.0,775.0,757.0,768.0,783.0,767.0,767.0,779.0,846.0,878.0,885.0,822.0,859.0,866.0,879.0,865.0,868.0,899.0
724,1180.0,1160.0,1118.0,1180.0,1175.0,1167.0,1179.0,1212.0,1208.0,1223.0,1098.0,1101.0,1063.0,1123.0,1088.0,1115.0,1105.0,1101.0,1078.0,1073.0,1080.0,1096.0,1117.0,1060.0,1100.0,1108.0,1142.0,1119.0,1094.0,1112.0,1001.0,964.0,967.0,1001.0,1012.0,965.0,988.0,952.0,989.0,969.0,905.0,825.0,850.0,851.0,851.0,839.0,820.0,855.0,822.0,841.0,1070.0,1113.0,1124.0,1053.0,1096.0,1102.0,1094.0,1056.0,1016.0,1059.0,923.0,977.0,972.0,969.0,992.0,980.0,982.0,985.0,1011.0,967.0,911.0,902.0,915.0,905.0,860.0,866.0,866.0,873.0,877.0,896.0,778.0,758.0,777.0,795.0,732.0,801.0,759.0,749.0,763.0,789.0,864.0,894.0,911.0,830.0,865.0,861.0,862.0,844.0,876.0,885.0
725,1211.0,1200.0,1155.0,1243.0,1215.0,1192.0,1209.0,1157.0,1163.0,1176.0,1080.0,1086.0,1065.0,1092.0,1076.0,1113.0,1122.0,1092.0,1074.0,1070.0,1116.0,1026.0,1130.0,1076.0,1163.0,1086.0,1126.0,1125.0,1119.0,1126.0,1011.0,1043.0,963.0,924.0,956.0,1024.0,971.0,949.0,1008.0,1027.0,835.0,847.0,794.0,886.0,821.0,849.0,848.0,873.0,869.0,885.0,1088.0,1056.0,1090.0,1100.0,1050.0,1099.0,1095.0,1115.0,1020.0,1116.0,933.0,978.0,997.0,969.0,958.0,996.0,919.0,979.0,946.0,944.0,890.0,892.0,853.0,860.0,880.0,820.0,845.0,827.0,880.0,863.0,771.0,785.0,844.0,752.0,772.0,757.0,775.0,777.0,774.0,742.0,874.0,880.0,923.0,862.0,878.0,865.0,883.0,853.0,885.0,863.0
726,1205.0,1205.0,1169.0,1181.0,1161.0,1147.0,1203.0,1186.0,1175.0,1168.0,1106.0,1131.0,1118.0,1113.0,1094.0,1093.0,1056.0,1046.0,1129.0,1038.0,1109.0,1099.0,1097.0,1089.0,1121.0,1076.0,1098.0,1088.0,1061.0,1158.0,976.0,1018.0,950.0,982.0,981.0,977.0,1032.0,988.0,952.0,996.0,831.0,788.0,825.0,843.0,851.0,881.0,852.0,844.0,845.0,864.0,1073.0,1084.0,1098.0,1086.0,1065.0,1106.0,1091.0,1119.0,1082.0,1054.0,989.0,928.0,998.0,974.0,990.0,1012.0,966.0,964.0,956.0,964.0,869.0,823.0,887.0,899.0,856.0,867.0,883.0,841.0,847.0,907.0,770.0,816.0,790.0,744.0,761.0,736.0,764.0,803.0,795.0,774.0,879.0,898.0,880.0,853.0,890.0,908.0,849.0,871.0,899.0,893.0
727,1168.0,1147.0,1201.0,1177.0,1192.0,1197.0,1175.0,1183.0,1229.0,1191.0,1101.0,1167.0,1083.0,1079.0,1091.0,1064.0,1065.0,1097.0,1078.0,1143.0,1102.0,1088.0,1140.0,1137.0,1112.0,1122.0,1128.0,1108.0,1111.0,1132.0,948.0,976.0,988.0,946.0,925.0,940.0,985.0,946.0,953.0,925.0,894.0,784.0,854.0,822.0,902.0,862.0,821.0,854.0,868.0,865.0,1109.0,1058.0,1056.0,1129.0,1050.0,1080.0,1089.0,1060.0,1065.0,1062.0,979.0,1025.0,989.0,959.0,974.0,987.0,954.0,949.0,975.0,953.0,887.0,881.0,830.0,867.0,881.0,892.0,908.0,865.0,859.0,873.0,781.0,814.0,779.0,744.0,765.0,803.0,775.0,762.0,742.0,800.0,841.0,850.0,890.0,900.0,881.0,855.0,896.0,929.0,858.0,870.0
728,1199.0,1218.0,1155.0,1144.0,1219.0,1128.0,1161.0,1143.0,1168.0,1188.0,1109.0,1056.0,1107.0,1070.0,1060.0,1146.0,1140.0,1113.0,1068.0,1131.0,1073.0,1112.0,1054.0,1102.0,1109.0,1103.0,1114.0,1121.0,1104.0,1130.0,959.0,959.0,1014.0,1014.0,955.0,983.0,946.0,979.0,943.0,969.0,868.0,870.0,904.0,847.0,866.0,851.0,854.0,862.0,818.0,880.0,1068.0,1004.0,1098.0,1087.0,1072.0,1068.0,1115.0,1088.0,1095.0,1036.0,982.0,997.0,967.0,957.0,963.0,966.0,959.0,996.0,1016.0,934.0,887.0,880.0,881.0,924.0,874.0,876.0,837.0,854.0,871.0,842.0,790.0,792.0,788.0,767.0,761.0,799.0,791.0,730.0,802.0,803.0,878.0,905.0,845.0,851.0,895.0,886.0,881.0,867.0,856.0,901.0
729,1190.0,1221.0,1187.0,1152.0,1187.0,1201.0,1196.0,1111.0,1186.0,1190.0,1078.0,1103.0,1092.0,1118.0,1130.0,1133.0,1064.0,1125.0,1107.0,1151.0,1149.0,1143.0,1093.0,1114.0,1113.0,1091.0,1101.0,1096.0,1062.0,1156.0,980.0,956.0,964.0,976.0,936.0,965.0,985.0,942.0,981.0,997.0,861.0,864.0,871.0,868.0,839.0,832.0,854.0,873.0,864.0,849.0,1087.0,1063.0,1093.0,1088.0,1062.0,1070.0,1082.0,1093.0,1080.0,1128.0,996.0,993.0,961.0,930.0,929.0,941.0,982.0,937.0,982.0,913.0,851.0,826.0,892.0,860.0,905.0,911.0,919.0,896.0,858.0,859.0,757.0,749.0,749.0,797.0,792.0,778.0,750.0,806.0,744.0,733.0,863.0,870.0,912.0,863.0,881.0,883.0,867.0,882.0,878.0,829.0
730,1131.0,1205.0,1156.0,1165.0,1151.0,1195.0,1149.0,1167.0,1183.0,1193.0,1075.0,1108.0,1102.0,1036.0,1074.0,1142.0,1062.0,1103.0,1082.0,1076.0,1101.0,1122.0,1091.0,1149.0,1125.0,1097.0,1112.0,1112.0,1156.0,1109.0,958.0,951.0,1012.0,978.0,981.0,948.0,958.0,931.0,997.0,981.0,844.0,833.0,858.0,881.0,838.0,820.0,873.0,865.0,848.0,881.0,1130.0,1111.0,1086.0,1102.0,1045.0,1081.0,1127.0,1094.0,1086.0,1072.0,989.0,971.0,1037.0,980.0,979.0,991.0,969.0,945.0,926.0,946.0,914.0,887.0,843.0,873.0,908.0,886.0,895.0,890.0,861.0,908.0,780.0,761.0,772.0,759.0,802.0,797.0,775.0,762.0,742.0,767.0,893.0,835.0,856.0,843.0,878.0,844.0,882.0,893.0,857.0,874.0
731,1205.0,1167.0,1170.0,1231.0,1136.0,1223.0,1131.0,1168.0,1181.0,1173.0,1083.0,1147.0,1074.0,1063.0,1050.0,1128.0,1090.0,1041.0,1055.0,1073.0,1116.0,1072.0,1142.0,1120.0,1127.0,1102.0,1112.0,1142.0,1124.0,1083.0,926.0,1012.0,954.0,986.0,959.0,1003.0,1010.0,921.0,987.0,1020.0,850.0,839.0,813.0,851.0,892.0,839.0,864.0,868.0,857.0,846.0,1097.0,1081.0,1103.0,1084.0,1059.0,1058.0,1085.0,1106.0,1056.0,1123.0,986.0,964.0,1042.0,947.0,1004.0,935.0,1008.0,985.0,940.0,954.0,848.0,888.0,831.0,882.0,893.0,867.0,843.0,859.0,854.0,854.0,791.0,761.0,790.0,747.0,756.0,754.0,781.0,800.0,794.0,805.0,913.0,854.0,891.0,851.0,908.0,889.0,881.0,874.0,894.0,879.0
732,1152.0,1178.0,1156.0,1152.0,1201.0,1174.0,1163.0,1091.0,1187.0,1180.0,1072.0,1114.0,1099.0,1067.0,1096.0,1130.0,1100.0,1061.0,1086.0,1073.0,1160.0,1125.0,1098.0,1134.0,1090.0,1149.0,1129.0,1117.0,1144.0,1194.0,955.0,948.0,1016.0,965.0,944.0,988.0,927.0,968.0,909.0,930.0,838.0,847.0,864.0,868.0,872.0,865.0,886.0,866.0,900.0,823.0,1109.0,1075.0,1086.0,1078.0,1082.0,1021.0,1131.0,1056.0,1059.0,1087.0,984.0,977.0,988.0,976.0,954.0,970.0,979.0,1016.0,1000.0,982.0,877.0,848.0,843.0,884.0,867.0,902.0,867.0,911.0,855.0,899.0,734.0,757.0,790.0,776.0,774.0,753.0,741.0,780.0,751.0,777.0,933.0,916.0,871.0,865.0,905.0,845.0,880.0,905.0,849.0,860.0
733,1180.0,1257.0,1168.0,1200.0,1185.0,1162.0,1153.0,1187.0,1197.0,1134.0,1108.0,1101.0,1158.0,1092.0,1062.0,1108.0,1090.0,1075.0,1026.0,1066.0,1140.0,1130.0,1115.0,1136.0,1162.0,1164.0,1137.0,1102.0,1123.0,1131.0,982.0,956.0,960.0,939.0,966.0,1003.0,1008.0,960.0,969.0,956.0,844.0,822.0,849.0,815.0,827.0,866.0,862.0,866.0,879.0,865.0,1070.0,1078.0,1091.0,1076.0,1099.0,1093.0,1084.0,1047.0,1117.0,1095.0,989.0,960.0,993.0,969.0,957.0,965.0,910.0,1019.0,952.0,986.0,880.0,836.0,839.0,886.0,846.0,839.0,880.0,877.0,880.0,875.0,775.0,764.0,792.0,806.0,782.0,763.0,775.0,786.0,737.0,803.0,846.0,876.0,843.0,845.0,895.0,830.0,905.0,854.0,860.0,900.0
734,1147.0,1235.0,1174.0,1175.0,1193.0,1155.0,1231.0,1223.0,1139.0,1118.0,1113.0,1086.0,1137.0,1073.0,1109.0,1104.0,1093.0,1088.0,1036.0,1095.0,1103.0,1133.0,1105.0,1107.0,1111.0,1111.0,1101.0,1079.0,1120.0,1150.0,1019.0,899.0,993.0,997.0,966.0,974.0,994.0,984.0,972.0,1038.0,838.0,836.0,844.0,865.0,832.0,839.0,828.0,828.0,883.0,892.0,1087.0,1138.0,1050.0,1083.0,1118.0,1093.0,1103.0,1095.0,1057.0,1065.0,963.0,962.0,986.0,989.0,902.0,1026.0,978.0,947.0,1000.0,979.0,874.0,802.0,849.0,867.0,912.0,878.0,801.0,817.0,854.0,845.0,789.0,784.0,783.0,755.0,757.0,748.0,772.0,811.0,799.0,753.0,883.0,900.0,886.0,853.0,879.0,865.0,897.0,899.0,887.0,877.0
735,1127.0,1126.0,1203.0,1169.0,1234.0,1173.0,1183.0,1176.0,1134.0,1158.0,1125.0,1122.0,1098.0,1075.0,1115.0,1107.0,1064.0,1119.0,1094.0,1095.0,1084.0,1147.0,1145.0,1105.0,1119.0,1127.0,1087.0,1042.0,1058.0,1129.0,999.0,978.0,990.0,973.0,933.0,919.0,998.0,972.0,989.0,1001.0,882.0,877.0,835.0,871.0,821.0,851.0,839.0,846.0,865.0,867.0,1062.0,1097.0,1112.0,1062.0,1071.0,1081.0,1103.0,1108.0,1097.0,1092.0,994.0,953.0,959.0,976.0,966.0,998.0,944.0,937.0,1010.0,968.0,860.0,876.0,899.0,865.0,902.0,879.0,900.0,899.0,855.0,846.0,781.0,765.0,717.0,799.0,766.0,792.0,792.0,796.0,743.0,766.0,905.0,837.0,841.0,873.0,849.0,868.0,891.0,878.0,905.0,890.0
736,1181.0,1163.0,1111.0,1169.0,1204.0,1145.0,1190.0,1155.0,1157.0,1186.0,1115.0,1032.0,1080.0,1071.0,1101.0,1088.0,1094.0,1097.0,1053.0,1114.0,1107.0,1146.0,1169.0,1103.0,1033.0,1145.0,1097.0,1102.0,1112.0,1139.0,935.0,1020.0,1001.0,985.0,998.0,995.0,963.0,978.0,1021.0,1003.0,827.0,834.0,870.0,825.0,891.0,823.0,850.0,849.0,861.0,827.0,1064.0,1126.0,1022.0,1144.0,1062.0,1068.0,1102.0,1107.0,1049.0,1073.0,1023.0,1006.0,976.0,984.0,990.0,999.0,999.0,968.0,1024.0,959.0,914.0,857.0,913.0,838.0,866.0,863.0,877.0,889.0,891.0,864.0,814.0,711.0,772.0,768.0,764.0,751.0,717.0,738.0,749.0,761.0,841.0,880.0,890.0,879.0,869.0,919.0,910.0,890.0,834.0,882.0
737,1151.0,1182.0,1111.0,1140.0,1177.0,1170.0,1217.0,1204.0,1163.0,1205.0,1064.0,1132.0,1085.0,1083.0,1155.0,1090.0,1088.0,1073.0,1062.0,1065.0,1082.0,1128.0,1166.0,1113.0,1113.0,1105.0,1090.0,1127.0,1086.0,1106.0,1020.0,938.0,1023.0,961.0,945.0,997.0,983.0,945.0,1027.0,994.0,888.0,812.0,872.0,877.0,813.0,831.0,866.0,806.0,882.0,857.0,1105.0,1104.0,1072.0,1108.0,1074.0,1061.0,1100.0,1081.0,1069.0,1109.0,1005.0,961.0,983.0,941.0,1002.0,978.0,976.0,947.0,938.0,988.0,852.0,867.0,886.0,905.0,891.0,907.0,842.0,900.0,880.0,855.0,788.0,766.0,792.0,754.0,734.0,788.0,756.0,817.0,773.0,777.0,869.0,883.0,816.0,887.0,870.0,871.0,880.0,873.0,874.0,851.0
738,1177.0,1180.0,1224.0,1150.0,1180.0,1176.0,1188.0,1170.0,1165.0,1193.0,1073.0,1099.0,1072.0,1083.0,1096.0,1084.0,1104.0,1120.0,1127.0,1088.0,1073.0,1145.0,1081.0,1110.0,1068.0,1108.0,1129.0,1098.0,1105.0,1068.0,998.0,971.0,981.0,981.0,985.0,993.0,978.0,959.0,922.0,1003.0,882.0,847.0,891.0,899.0,889.0,867.0,788.0,860.0,888.0,877.0,1095.0,1074.0,1071.0,1068.0,1067.0,1051.0,1124.0,1088.0,1046.0,1092.0,1009.0,978.0,994.0,956.0,966.0,933.0,958.0,957.0,985.0,1013.0,899.0,850.0,900.0,869.0,883.0,878.0,888.0,889.0,891.0,826.0,808.0,726.0,710.0,790.0,764.0,774.0,784.0,771.0,780.0,779.0,811.0,903.0,880.0,868.0,879.0,937.0,853.0,861.0,845.0,869.0
739,1160.0,1168.0,1207.0,1192.0,1178.0,1160.0,1196.0,1205.0,1193.0,1130.0,1087.0,1102.0,1110.0,1099.0,1134.0,1042.0,1095.0,1104.0,1103.0,1096.0,1116.0,1115.0,1103.0,1143.0,1123.0,1104.0,1125.0,1109.0,1165.0,1098.0,977.0,980.0,978.0,923.0,950.0,1009.0,948.0,985.0,965.0,949.0,826.0,840.0,845.0,883.0,852.0,904.0,867.0,831.0,833.0,828.0,1060.0,1101.0,1045.0,1084.0,1094.0,1076.0,1100.0,1064.0,1046.0,1116.0,1016.0,983.0,958.0,953.0,973.0,966.0,954.0,957.0,926.0,1005.0,855.0,857.0,878.0,871.0,872.0,901.0,905.0,872.0,859.0,870.0,826.0,747.0,788.0,762.0,770.0,794.0,748.0,763.0,768.0,777.0,905.0,881.0,892.0,862.0,830.0,851.0,854.0,881.0,894.0,940.0
740,1136.0,1173.0,1189.0,1179.0,1219.0,1143.0,1203.0,1161.0,1178.0,1155.0,1114.0,1066.0,1180.0,1063.0,1047.0,1115.0,1070.0,1137.0,1116.0,1074.0,1132.0,1105.0,1099.0,1091.0,1126.0,1115.0,1066.0,1093.0,1123.0,1130.0,989.0,984.0,942.0,1020.0,988.0,993.0,950.0,969.0,923.0,940.0,889.0,886.0,823.0,842.0,865.0,892.0,850.0,854.0,831.0,867.0,1080.0,1069.0,1058.0,1110.0,1040.0,1039.0,1082.0,1062.0,1112.0,1083.0,970.0,968.0,976.0,981.0,976.0,961.0,1032.0,1011.0,925.0,1030.0,846.0,878.0,875.0,886.0,871.0,902.0,909.0,867.0,911.0,917.0,783.0,797.0,786.0,771.0,796.0,755.0,782.0,777.0,767.0,757.0,889.0,854.0,874.0,828.0,847.0,896.0,850.0,838.0,862.0,857.0
741,1217.0,1148.0,1204.0,1162.0,1182.0,1188.0,1193.0,1244.0,1211.0,1185.0,1104.0,1088.0,1123.0,1147.0,1087.0,1100.0,1075.0,1083.0,1108.0,1049.0,1169.0,1161.0,1088.0,1086.0,1094.0,1132.0,1129.0,1165.0,1095.0,1140.0,985.0,924.0,965.0,1024.0,1004.0,1016.0,938.0,974.0,992.0,1001.0,848.0,900.0,850.0,829.0,858.0,843.0,879.0,851.0,833.0,886.0,1065.0,1001.0,1128.0,1046.0,1034.0,1067.0,1090.0,1071.0,1080.0,1079.0,937.0,1005.0,925.0,946.0,1013.0,995.0,1005.0,917.0,963.0,942.0,876.0,868.0,854.0,864.0,891.0,877.0,837.0,859.0,818.0,868.0,769.0,829.0,813.0,789.0,759.0,742.0,756.0,733.0,791.0,788.0,852.0,862.0,849.0,878.0,856.0,847.0,892.0,864.0,854.0,874.0
742,1179.0,1158.0,1185.0,1181.0,1207.0,1180.0,1178.0,1221.0,1160.0,1218.0,1072.0,1108.0,1132.0,1121.0,1059.0,1087.0,1130.0,1081.0,1103.0,1149.0,1104.0,1127.0,1111.0,1083.0,1106.0,1108.0,1129.0,1094.0,1085.0,1124.0,988.0,972.0,959.0,974.0,976.0,963.0,947.0,996.0,968.0,929.0,889.0,814.0,851.0,848.0,854.0,847.0,796.0,842.0,834.0,855.0,1122.0,1091.0,1106.0,1070.0,1059.0,1093.0,1082.0,1084.0,1090.0,1083.0,928.0,1008.0,987.0,954.0,964.0,961.0,983.0,935.0,973.0,947.0,896.0,858.0,837.0,862.0,860.0,888.0,823.0,840.0,880.0,865.0,754.0,771.0,765.0,771.0,807.0,789.0,815.0,783.0,799.0,790.0,890.0,879.0,864.0,909.0,890.0,892.0,910.0,885.0,856.0,847.0
743,1205.0,1171.0,1163.0,1144.0,1156.0,1143.0,1219.0,1158.0,1167.0,1207.0,1120.0,1025.0,1118.0,1085.0,1114.0,1059.0,1123.0,1124.0,1073.0,1091.0,1128.0,1147.0,1136.0,1119.0,1113.0,1156.0,1144.0,1108.0,1100.0,1110.0,983.0,1012.0,989.0,933.0,963.0,968.0,936.0,945.0,954.0,968.0,826.0,863.0,835.0,877.0,859.0,843.0,861.0,803.0,861.0,889.0,1098.0,1023.0,1122.0,1132.0,1092.0,1088.0,1038.0,1108.0,1084.0,1082.0,959.0,962.0,954.0,959.0,978.0,991.0,1024.0,951.0,999.0,949.0,866.0,896.0,799.0,894.0,891.0,906.0,834.0,901.0,837.0,853.0,762.0,790.0,799.0,777.0,769.0,781.0,752.0,766.0,756.0,789.0,870.0,904.0,878.0,855.0,848.0,872.0,857.0,899.0,919.0,869.0
744,1156.0,1132.0,1222.0,1165.0,1197.0,1192.0,1203.0,1159.0,1150.0,1193.0,1108.0,1093.0,1110.0,1084.0,1040.0,1094.0,1051.0,1063.0,1069.0,1115.0,1116.0,1106.0,1138.0,1135.0,1151.0,1132.0,1105.0,1099.0,1097.0,1135.0,975.0,981.0,946.0,977.0,995.0,994.0,1007.0,984.0,1023.0,965.0,828.0,881.0,864.0,842.0,897.0,833.0,906.0,850.0,839.0,830.0,1095.0,1108.0,1083.0,1096.0,1072.0,1071.0,1078.0,1098.0,1044.0,1106.0,961.0,894.0,935.0,984.0,962.0,943.0,950.0,996.0,961.0,960.0,892.0,874.0,853.0,874.0,841.0,913.0,847.0,912.0,922.0,837.0,832.0,809.0,757.0,754.0,774.0,770.0,769.0,752.0,792.0,797.0,856.0,920.0,881.0,863.0,852.0,865.0,874.0,851.0,857.0,867.0
745,1176.0,1148.0,1162.0,1165.0,1209.0,1187.0,1171.0,1161.0,1165.0,1168.0,1077.0,1071.0,1086.0,1076.0,1080.0,1119.0,1158.0,1060.0,1109.0,1106.0,1136.0,1136.0,1131.0,1106.0,1113.0,1055.0,1100.0,1125.0,1098.0,1094.0,960.0,959.0,972.0,964.0,954.0,998.0,947.0,947.0,969.0,951.0,807.0,850.0,863.0,897.0,872.0,803.0,886.0,826.0,888.0,871.0,1087.0,1089.0,1068.0,1098.0,1069.0,1108.0,1066.0,1080.0,1106.0,1072.0,989.0,987.0,982.0,975.0,981.0,976.0,979.0,1023.0,937.0,990.0,869.0,885.0,872.0,857.0,900.0,856.0,860.0,866.0,853.0,871.0,822.0,805.0,745.0,767.0,722.0,816.0,760.0,804.0,801.0,847.0,896.0,871.0,910.0,871.0,880.0,888.0,863.0,875.0,828.0,840.0
746,1182.0,1158.0,1188.0,1180.0,1153.0,1197.0,1181.0,1130.0,1148.0,1184.0,1127.0,1090.0,1061.0,1083.0,1121.0,1150.0,1156.0,1078.0,1100.0,1122.0,1095.0,1102.0,1117.0,1130.0,1085.0,1105.0,1131.0,1127.0,1115.0,1086.0,992.0,978.0,976.0,945.0,963.0,1007.0,953.0,949.0,978.0,959.0,871.0,833.0,844.0,887.0,856.0,809.0,802.0,872.0,834.0,877.0,1105.0,1115.0,1101.0,1064.0,1077.0,1113.0,1101.0,1086.0,1093.0,1104.0,968.0,992.0,977.0,1012.0,969.0,991.0,928.0,1016.0,1012.0,949.0,851.0,849.0,896.0,900.0,867.0,847.0,864.0,872.0,858.0,881.0,766.0,807.0,719.0,750.0,811.0,753.0,777.0,775.0,722.0,744.0,859.0,879.0,912.0,825.0,879.0,825.0,893.0,864.0,893.0,903.0
747,1194.0,1161.0,1212.0,1222.0,1191.0,1191.0,1214.0,1189.0,1217.0,1169.0,1065.0,1113.0,1056.0,1055.0,1074.0,1060.0,1125.0,1085.0,1060.0,1101.0,1084.0,1086.0,1130.0,1129.0,1101.0,1081.0,1118.0,1103.0,1079.0,1136.0,955.0,941.0,1003.0,948.0,982.0,1016.0,945.0,953.0,982.0,1009.0,877.0,899.0,858.0,865.0,889.0,831.0,823.0,851.0,887.0,821.0,1137.0,1060.0,1113.0,1076.0,1019.0,1063.0,1062.0,1066.0,1104.0,1095.0,1009.0,997.0,927.0,948.0,986.0,1044.0,1015.0,1001.0,943.0,951.0,849.0,873.0,877.0,841.0,869.0,870.0,899.0,896.0,845.0,866.0,765.0,795.0,784.0,775.0,807.0,756.0,788.0,714.0,788.0,785.0,880.0,880.0,829.0,913.0,866.0,885.0,795.0,911.0,845.0,875.0
748,1209.0,1252.0,1160.0,1205.0,1156.0,1207.0,1161.0,1153.0,1225.0,1202.0,1110.0,1108.0,1095.0,1076.0,1147.0,1053.0,1089.0,1069.0,1110.0,1080.0,1087.0,1077.0,1118.0,1091.0,1090.0,1069.0,1094.0,1155.0,1129.0,1135.0,953.0,973.0,1006.0,980.0,985.0,965.0,964.0,989.0,951.0,969.0,870.0,865.0,847.0,819.0,897.0,848.0,877.0,837.0,814.0,847.0,1040.0,1071.0,1060.0,1076.0,1070.0,1086.0,1040.0,1092.0,1103.0,1075.0,979.0,957.0,954.0,924.0,990.0,987.0,1010.0,947.0,942.0,981.0,857.0,840.0,860.0,925.0,854.0,880.0,861.0,887.0,856.0,842.0,810.0,762.0,825.0,770.0,751.0,805.0,790.0,772.0,766.0,778.0,903.0,897.0,868.0,909.0,845.0,901.0,906.0,866.0,848.0,898.0
749,1181.0,1209.0,1221.0,1164.0,1181.0,1148.0,1175.0,1227.0,1194.0,1184.0,1102.0,1074.0,1078.0,1093.0,1043.0,1119.0,1085.0,1063.0,1092.0,1133.0,1127.0,1136.0,1086.0,1122.0,1103.0,1137.0,1143.0,1160.0,1129.0,1087.0,990.0,948.0,918.0,959.0,952.0,958.0,975.0,989.0,956.0,997.0,841.0,812.0,863.0,845.0,876.0,860.0,874.0,830.0,835.0,850.0,1046.0,1128.0,1132.0,1072.0,1119.0,1085.0,1051.0,1008.0,1069.0,1059.0,988.0,987.0,951.0,980.0,999.0,935.0,986.0,961.0,965.0,983.0,880.0,895.0,880.0,905.0,879.0,860.0,844.0,876.0,869.0,872.0,776.0,770.0,785.0,776.0,769.0,804.0,802.0,739.0,794.0,760.0,886.0,836.0,879.0,860.0,865.0,897.0,859.0,911.0,839.0,881.0
750,1266.0,1204.0,1138.0,1177.0,1241.0,1155.0,1207.0,1149.0,1173.0,1178.0,1121.0,1108.0,1087.0,1024.0,1080.0,1132.0,1072.0,1037.0,1119.0,1118.0,1121.0,1140.0,1083.0,1098.0,1072.0,1101.0,1129.0,1115.0,1105.0,1096.0,941.0,978.0,944.0,998.0,976.0,964.0,1007.0,968.0,941.0,962.0,857.0,812.0,862.0,890.0,826.0,860.0,875.0,853.0,837.0,841.0,1093.0,1065.0,1102.0,1087.0,1106.0,1075.0,1068.0,1083.0,1077.0,1117.0,937.0,978.0,1005.0,994.0,989.0,955.0,937.0,993.0,1054.0,985.0,851.0,868.0,910.0,900.0,879.0,860.0,882.0,895.0,814.0,871.0,793.0,762.0,792.0,772.0,779.0,764.0,717.0,797.0,772.0,779.0,830.0,876.0,877.0,838.0,833.0,939.0,898.0,879.0,847.0,857.0
751,1195.0,1173.0,1215.0,1183.0,1177.0,1204.0,1216.0,1187.0,1198.0,1162.0,1111.0,1072.0,1110.0,1112.0,1085.0,1075.0,1066.0,1045.0,1118.0,1088.0,1120.0,1128.0,1140.0,1105.0,1072.0,1064.0,1083.0,1116.0,1117.0,1093.0,958.0,982.0,951.0,989.0,977.0,988.0,1020.0,970.0,1018.0,959.0,856.0,816.0,840.0,834.0,862.0,853.0,873.0,860.0,840.0,905.0,1120.0,1060.0,1115.0,1069.0,1097.0,1073.0,1062.0,1076.0,1040.0,1109.0,1034.0,986.0,985.0,987.0,1035.0,1030.0,1014.0,975.0,952.0,963.0,826.0,900.0,858.0,860.0,847.0,877.0,866.0,877.0,859.0,888.0,746.0,787.0,762.0,773.0,769.0,763.0,770.0,806.0,749.0,763.0,838.0,891.0,818.0,865.0,862.0,877.0,823.0,860.0,847.0,878.0
752,1182.0,1183.0,1151.0,1189.0,1176.0,1163.0,1134.0,1181.0,1140.0,1157.0,1049.0,1097.0,1143.0,1092.0,1125.0,1087.0,1129.0,1111.0,1052.0,1132.0,1082.0,1107.0,1079.0,1122.0,1112.0,1139.0,1114.0,1088.0,1156.0,1103.0,970.0,958.0,1003.0,908.0,966.0,986.0,1024.0,946.0,895.0,936.0,822.0,861.0,881.0,883.0,877.0,839.0,827.0,926.0,884.0,836.0,1116.0,1098.0,1082.0,1037.0,1067.0,1094.0,1079.0,1015.0,1040.0,1066.0,1005.0,968.0,1001.0,1000.0,1012.0,979.0,979.0,936.0,970.0,1026.0,876.0,887.0,854.0,892.0,833.0,869.0,866.0,916.0,893.0,913.0,796.0,769.0,757.0,788.0,776.0,809.0,749.0,810.0,823.0,794.0,909.0,867.0,841.0,867.0,838.0,839.0,893.0,847.0,891.0,846.0
753,1189.0,1168.0,1176.0,1212.0,1172.0,1156.0,1160.0,1180.0,1186.0,1194.0,1073.0,1088.0,1107.0,1098.0,1070.0,1079.0,1085.0,1123.0,1065.0,1061.0,1111.0,1095.0,1099.0,1152.0,1135.0,1140.0,1092.0,1067.0,1097.0,1075.0,978.0,982.0,984.0,945.0,932.0,959.0,1007.0,983.0,1000.0,1001.0,864.0,803.0,842.0,846.0,882.0,839.0,847.0,871.0,857.0,864.0,1073.0,1076.0,1128.0,1082.0,1070.0,1065.0,1102.0,1098.0,1062.0,1055.0,1020.0,962.0,924.0,926.0,1005.0,985.0,964.0,994.0,948.0,982.0,867.0,911.0,846.0,861.0,904.0,894.0,870.0,825.0,899.0,889.0,754.0,783.0,788.0,757.0,738.0,843.0,759.0,769.0,746.0,826.0,881.0,930.0,899.0,893.0,872.0,847.0,910.0,865.0,887.0,867.0
754,1205.0,1162.0,1204.0,1178.0,1171.0,1229.0,1202.0,1202.0,1168.0,1175.0,1143.0,1086.0,1090.0,1053.0,1098.0,1065.0,1122.0,1082.0,1095.0,1035.0,1118.0,1103.0,1117.0,1113.0,1113.0,1143.0,1124.0,1076.0,1124.0,1106.0,978.0,980.0,1052.0,1009.0,951.0,960.0,925.0,978.0,1011.0,950.0,895.0,821.0,810.0,885.0,837.0,832.0,846.0,873.0,876.0,868.0,1061.0,1107.0,1054.0,1045.0,1078.0,1031.0,1112.0,1090.0,1087.0,1089.0,939.0,955.0,980.0,960.0,989.0,990.0,963.0,953.0,905.0,991.0,889.0,877.0,856.0,856.0,889.0,857.0,844.0,878.0,874.0,868.0,756.0,789.0,748.0,795.0,779.0,790.0,794.0,769.0,745.0,841.0,822.0,922.0,879.0,882.0,877.0,907.0,861.0,876.0,861.0,894.0
755,1168.0,1172.0,1192.0,1152.0,1153.0,1221.0,1216.0,1229.0,1174.0,1200.0,1123.0,1107.0,1096.0,1105.0,1067.0,1101.0,1132.0,1072.0,1129.0,1115.0,1100.0,1137.0,1079.0,1131.0,1147.0,1089.0,1066.0,1147.0,1089.0,1105.0,978.0,939.0,1007.0,984.0,912.0,957.0,929.0,918.0,943.0,990.0,873.0,881.0,839.0,829.0,887.0,832.0,897.0,828.0,890.0,862.0,1069.0,1065.0,1027.0,1099.0,1111.0,1135.0,1075.0,1114.0,1094.0,1097.0,990.0,991.0,980.0,1004.0,955.0,978.0,952.0,979.0,958.0,977.0,855.0,887.0,880.0,838.0,889.0,872.0,889.0,831.0,851.0,874.0,748.0,757.0,799.0,786.0,791.0,731.0,784.0,786.0,752.0,746.0,904.0,865.0,894.0,846.0,874.0,883.0,854.0,866.0,865.0,847.0
756,1164.0,1187.0,1211.0,1199.0,1176.0,1197.0,1140.0,1156.0,1201.0,1169.0,1104.0,1168.0,1101.0,1091.0,1133.0,1140.0,1084.0,1096.0,1066.0,1126.0,1138.0,1139.0,1151.0,1119.0,1117.0,1089.0,1103.0,1101.0,1109.0,1093.0,998.0,962.0,1002.0,964.0,1012.0,987.0,959.0,960.0,941.0,997.0,827.0,863.0,857.0,864.0,872.0,843.0,848.0,849.0,840.0,903.0,1088.0,1055.0,1029.0,1098.0,1096.0,1030.0,1143.0,1131.0,1087.0,1132.0,986.0,971.0,962.0,935.0,944.0,921.0,956.0,985.0,999.0,900.0,838.0,848.0,850.0,877.0,833.0,940.0,848.0,884.0,874.0,887.0,768.0,737.0,778.0,782.0,749.0,786.0,803.0,779.0,738.0,750.0,895.0,865.0,850.0,845.0,851.0,867.0,914.0,830.0,889.0,855.0
757,1158.0,1173.0,1179.0,1257.0,1166.0,1174.0,1197.0,1153.0,1201.0,1215.0,1107.0,1079.0,1040.0,1058.0,1110.0,1132.0,1086.0,1113.0,1072.0,1061.0,1154.0,1152.0,1112.0,1180.0,1070.0,1014.0,1089.0,1034.0,1111.0,1103.0,949.0,986.0,1015.0,937.0,967.0,958.0,946.0,975.0,958.0,979.0,875.0,874.0,893.0,835.0,893.0,882.0,851.0,854.0,839.0,837.0,1084.0,1074.0,1044.0,1055.0,1128.0,1115.0,1087.0,1048.0,1122.0,1105.0,940.0,949.0,973.0,940.0,995.0,1000.0,958.0,985.0,993.0,950.0,874.0,876.0,854.0,888.0,842.0,877.0,893.0,897.0,860.0,898.0,787.0,797.0,810.0,740.0,736.0,782.0,758.0,792.0,701.0,819.0,879.0,836.0,877.0,877.0,874.0,868.0,936.0,924.0,882.0,844.0
758,1170.0,1175.0,1184.0,1212.0,1200.0,1215.0,1227.0,1214.0,1184.0,1169.0,1109.0,1103.0,1037.0,1133.0,1059.0,1116.0,1106.0,1095.0,1098.0,1117.0,1118.0,1119.0,1151.0,1126.0,1113.0,1121.0,1076.0,1112.0,1065.0,1134.0,979.0,1004.0,977.0,944.0,1007.0,963.0,965.0,962.0,917.0,1018.0,796.0,859.0,886.0,840.0,844.0,865.0,868.0,847.0,903.0,831.0,1121.0,1036.0,1121.0,1069.0,1092.0,1080.0,1094.0,1075.0,1090.0,1053.0,1000.0,954.0,985.0,932.0,981.0,952.0,947.0,964.0,974.0,957.0,878.0,920.0,808.0,868.0,865.0,838.0,883.0,876.0,882.0,896.0,793.0,787.0,798.0,814.0,751.0,772.0,763.0,787.0,780.0,788.0,840.0,841.0,850.0,828.0,868.0,878.0,871.0,842.0,848.0,848.0
759,1136.0,1173.0,1152.0,1186.0,1145.0,1181.0,1216.0,1185.0,1117.0,1238.0,1111.0,1079.0,1101.0,1067.0,1073.0,1071.0,1127.0,1098.0,1084.0,1077.0,1117.0,1101.0,1115.0,1119.0,1082.0,1112.0,1174.0,1090.0,1152.0,1192.0,1004.0,991.0,980.0,1012.0,1049.0,980.0,983.0,998.0,962.0,977.0,848.0,871.0,863.0,807.0,835.0,867.0,803.0,824.0,852.0,817.0,1074.0,1137.0,1045.0,1092.0,1069.0,1088.0,1079.0,1107.0,1095.0,1036.0,983.0,938.0,997.0,972.0,947.0,949.0,960.0,938.0,968.0,976.0,888.0,865.0,890.0,877.0,893.0,874.0,854.0,881.0,865.0,863.0,800.0,760.0,782.0,794.0,795.0,765.0,744.0,759.0,756.0,763.0,846.0,883.0,876.0,839.0,897.0,914.0,851.0,892.0,891.0,866.0
760,1211.0,1133.0,1194.0,1210.0,1158.0,1167.0,1196.0,1167.0,1203.0,1211.0,1112.0,1119.0,1102.0,1092.0,1090.0,1128.0,1099.0,1095.0,1090.0,1094.0,1078.0,1119.0,1098.0,1045.0,1092.0,1175.0,1118.0,1136.0,1081.0,1116.0,977.0,976.0,940.0,986.0,1019.0,926.0,949.0,975.0,970.0,968.0,853.0,841.0,900.0,869.0,821.0,825.0,877.0,836.0,894.0,841.0,1125.0,1116.0,1085.0,1119.0,1098.0,1114.0,1056.0,1080.0,1071.0,1085.0,948.0,980.0,948.0,934.0,1002.0,962.0,963.0,1011.0,963.0,941.0,843.0,854.0,881.0,865.0,820.0,858.0,893.0,850.0,830.0,912.0,779.0,782.0,785.0,755.0,797.0,779.0,781.0,738.0,751.0,763.0,880.0,879.0,868.0,888.0,890.0,862.0,863.0,881.0,889.0,874.0
761,1221.0,1167.0,1187.0,1221.0,1235.0,1186.0,1166.0,1209.0,1136.0,1162.0,1081.0,1127.0,1073.0,1073.0,1070.0,1101.0,1072.0,1055.0,1134.0,1110.0,1160.0,1105.0,1121.0,1073.0,1088.0,1095.0,1115.0,1126.0,1136.0,1092.0,990.0,964.0,987.0,967.0,992.0,954.0,1010.0,944.0,958.0,1016.0,823.0,825.0,824.0,848.0,834.0,840.0,873.0,865.0,861.0,833.0,1113.0,1113.0,1064.0,1101.0,1089.0,1075.0,1032.0,1058.0,1084.0,1057.0,920.0,988.0,937.0,970.0,968.0,1007.0,985.0,910.0,968.0,934.0,837.0,840.0,916.0,905.0,848.0,894.0,880.0,922.0,866.0,904.0,783.0,780.0,753.0,766.0,758.0,782.0,775.0,797.0,733.0,790.0,872.0,889.0,940.0,838.0,902.0,862.0,893.0,885.0,864.0,911.0
762,1171.0,1180.0,1132.0,1195.0,1208.0,1194.0,1141.0,1184.0,1151.0,1118.0,1090.0,1122.0,1101.0,1119.0,1099.0,1098.0,1048.0,1056.0,1088.0,1114.0,1061.0,1094.0,1171.0,1092.0,1091.0,1113.0,1139.0,1117.0,1126.0,1129.0,966.0,904.0,936.0,943.0,998.0,963.0,1030.0,976.0,951.0,998.0,847.0,885.0,897.0,818.0,851.0,838.0,868.0,856.0,837.0,795.0,1107.0,1104.0,1078.0,1113.0,1080.0,1072.0,1050.0,1101.0,1076.0,1112.0,1029.0,962.0,943.0,984.0,978.0,962.0,964.0,980.0,960.0,999.0,841.0,867.0,869.0,848.0,817.0,871.0,874.0,878.0,883.0,892.0,777.0,781.0,791.0,784.0,784.0,783.0,801.0,756.0,778.0,773.0,913.0,902.0,887.0,864.0,877.0,903.0,892.0,865.0,892.0,879.0
763,1147.0,1229.0,1214.0,1189.0,1166.0,1186.0,1153.0,1204.0,1182.0,1152.0,1096.0,1129.0,1058.0,1099.0,1115.0,1065.0,1076.0,1083.0,1083.0,1110.0,1090.0,1095.0,1122.0,1120.0,1136.0,1151.0,1079.0,1036.0,1150.0,1153.0,972.0,931.0,928.0,965.0,990.0,991.0,992.0,994.0,963.0,1002.0,830.0,872.0,898.0,830.0,838.0,884.0,825.0,864.0,819.0,810.0,1108.0,1056.0,1099.0,1049.0,1103.0,1088.0,1071.0,1098.0,1066.0,1069.0,1000.0,997.0,1013.0,994.0,936.0,940.0,990.0,966.0,1018.0,941.0,907.0,883.0,854.0,906.0,880.0,871.0,897.0,877.0,866.0,856.0,743.0,737.0,767.0,766.0,772.0,755.0,794.0,771.0,724.0,809.0,910.0,866.0,851.0,840.0,845.0,864.0,934.0,877.0,867.0,906.0
764,1168.0,1191.0,1201.0,1187.0,1166.0,1166.0,1164.0,1159.0,1163.0,1185.0,1016.0,1066.0,1094.0,1125.0,1096.0,1062.0,1117.0,1112.0,1082.0,1112.0,1109.0,1100.0,1139.0,1093.0,1135.0,1113.0,1097.0,1098.0,1088.0,1102.0,998.0,989.0,964.0,1024.0,936.0,954.0,983.0,1028.0,965.0,965.0,828.0,838.0,865.0,822.0,865.0,839.0,842.0,810.0,860.0,834.0,1061.0,1056.0,1067.0,1054.0,1086.0,1101.0,1102.0,1119.0,1105.0,1099.0,977.0,975.0,948.0,955.0,982.0,975.0,976.0,984.0,943.0,967.0,917.0,914.0,895.0,878.0,870.0,947.0,878.0,869.0,847.0,839.0,820.0,790.0,770.0,777.0,750.0,750.0,772.0,721.0,777.0,776.0,916.0,880.0,860.0,841.0,894.0,891.0,880.0,866.0,910.0,930.0
765,1222.0,1155.0,1151.0,1174.0,1191.0,1227.0,1251.0,1177.0,1183.0,1214.0,1004.0,1108.0,1101.0,1118.0,1099.0,1093.0,1113.0,1093.0,1072.0,1084.0,1109.0,1093.0,1123.0,1097.0,1135.0,1049.0,1153.0,1098.0,1113.0,1102.0,996.0,1012.0,983.0,981.0,960.0,976.0,970.0,983.0,948.0,972.0,871.0,843.0,825.0,854.0,852.0,893.0,841.0,847.0,833.0,847.0,1069.0,1036.0,1101.0,1114.0,1074.0,1078.0,1055.0,1075.0,1077.0,1041.0,969.0,942.0,972.0,981.0,949.0,988.0,954.0,978.0,974.0,952.0,909.0,889.0,848.0,845.0,875.0,859.0,854.0,853.0,866.0,939.0,767.0,816.0,823.0,808.0,747.0,760.0,731.0,756.0,818.0,765.0,894.0,912.0,879.0,783.0,896.0,874.0,880.0,908.0,859.0,893.0
766,1212.0,1186.0,1180.0,1230.0,1214.0,1201.0,1186.0,1159.0,1199.0,1133.0,1082.0,1088.0,1132.0,1120.0,1114.0,1071.0,1160.0,1119.0,1058.0,1123.0,1063.0,1140.0,1026.0,1137.0,1142.0,1093.0,1110.0,1179.0,1122.0,1107.0,942.0,933.0,976.0,908.0,972.0,981.0,965.0,965.0,935.0,998.0,852.0,855.0,848.0,843.0,802.0,863.0,826.0,865.0,841.0,868.0,1115.0,1101.0,1065.0,1058.0,1083.0,1113.0,1125.0,1006.0,1066.0,1080.0,963.0,1012.0,1009.0,945.0,972.0,1015.0,954.0,969.0,985.0,986.0,912.0,869.0,849.0,841.0,862.0,840.0,892.0,894.0,835.0,902.0,791.0,734.0,803.0,795.0,753.0,767.0,763.0,776.0,780.0,749.0,880.0,883.0,921.0,874.0,858.0,850.0,815.0,833.0,922.0,865.0
767,1178.0,1174.0,1246.0,1152.0,1163.0,1182.0,1161.0,1152.0,1168.0,1188.0,1114.0,1054.0,1040.0,1125.0,1077.0,1075.0,1032.0,1045.0,1054.0,1107.0,1097.0,1092.0,1129.0,1101.0,1105.0,1109.0,1101.0,1117.0,1117.0,1120.0,989.0,984.0,968.0,940.0,946.0,974.0,1036.0,997.0,937.0,961.0,861.0,867.0,831.0,847.0,873.0,833.0,852.0,873.0,868.0,850.0,1094.0,1071.0,1079.0,1138.0,1063.0,1142.0,1112.0,1084.0,1095.0,1136.0,991.0,996.0,969.0,901.0,955.0,924.0,979.0,997.0,997.0,937.0,858.0,878.0,874.0,866.0,865.0,894.0,879.0,860.0,866.0,848.0,751.0,796.0,804.0,821.0,800.0,768.0,773.0,756.0,787.0,786.0,878.0,893.0,867.0,864.0,931.0,892.0,874.0,888.0,856.0,875.0
768,1172.0,1164.0,1120.0,1224.0,1142.0,1202.0,1120.0,1201.0,1166.0,1189.0,1106.0,1106.0,1088.0,1066.0,1081.0,1130.0,1092.0,1064.0,1066.0,1097.0,1141.0,1130.0,1171.0,1076.0,1162.0,1126.0,1096.0,1114.0,1121.0,1107.0,945.0,1008.0,1006.0,980.0,983.0,965.0,988.0,962.0,962.0,982.0,831.0,839.0,831.0,833.0,855.0,808.0,861.0,888.0,886.0,848.0,1096.0,1040.0,1108.0,1081.0,1089.0,1092.0,1115.0,1069.0,1057.0,1041.0,976.0,988.0,943.0,978.0,973.0,999.0,993.0,975.0,966.0,986.0,891.0,859.0,890.0,922.0,852.0,875.0,861.0,868.0,904.0,888.0,788.0,811.0,790.0,754.0,775.0,748.0,793.0,773.0,786.0,789.0,865.0,860.0,860.0,841.0,865.0,843.0,884.0,854.0,834.0,884.0
769,1169.0,1188.0,1196.0,1186.0,1195.0,1213.0,1111.0,1143.0,1192.0,1200.0,1106.0,1115.0,1123.0,1107.0,1055.0,1072.0,1127.0,1079.0,1044.0,1076.0,1157.0,1121.0,1093.0,1091.0,1136.0,1123.0,1141.0,1092.0,1152.0,1141.0,956.0,978.0,920.0,1007.0,936.0,1002.0,969.0,956.0,983.0,1015.0,827.0,839.0,822.0,820.0,879.0,867.0,860.0,860.0,841.0,834.0,1108.0,1091.0,1074.0,1072.0,1024.0,1052.0,1104.0,1093.0,1057.0,1088.0,975.0,1050.0,986.0,1020.0,921.0,932.0,956.0,966.0,976.0,992.0,872.0,855.0,885.0,856.0,965.0,847.0,854.0,906.0,909.0,818.0,779.0,726.0,823.0,767.0,776.0,805.0,801.0,814.0,730.0,770.0,858.0,836.0,886.0,829.0,893.0,876.0,881.0,864.0,861.0,872.0
770,1167.0,1208.0,1195.0,1159.0,1209.0,1183.0,1130.0,1147.0,1149.0,1159.0,1116.0,1141.0,1095.0,1069.0,1083.0,1081.0,1105.0,1046.0,1109.0,1109.0,1122.0,1107.0,1079.0,1089.0,1126.0,1133.0,1116.0,1132.0,1169.0,1120.0,972.0,987.0,989.0,985.0,962.0,974.0,1008.0,970.0,1009.0,977.0,897.0,849.0,851.0,822.0,875.0,829.0,831.0,842.0,865.0,884.0,1097.0,1036.0,1077.0,1088.0,1044.0,1037.0,1171.0,1090.0,1061.0,1050.0,970.0,936.0,987.0,958.0,985.0,990.0,996.0,989.0,902.0,956.0,840.0,855.0,834.0,896.0,915.0,853.0,855.0,870.0,871.0,859.0,748.0,787.0,796.0,792.0,768.0,808.0,709.0,773.0,774.0,758.0,878.0,892.0,906.0,901.0,813.0,904.0,877.0,916.0,834.0,937.0
771,1122.0,1148.0,1162.0,1164.0,1132.0,1174.0,1144.0,1119.0,1150.0,1174.0,1120.0,1076.0,1143.0,1118.0,1082.0,1095.0,1109.0,1111.0,1110.0,1098.0,1100.0,1143.0,1096.0,1133.0,1132.0,1127.0,1093.0,1196.0,1109.0,1138.0,979.0,1004.0,944.0,948.0,1020.0,1011.0,1000.0,924.0,998.0,941.0,883.0,897.0,839.0,871.0,888.0,912.0,899.0,837.0,890.0,856.0,1088.0,1104.0,1073.0,1062.0,1057.0,1086.0,1058.0,1068.0,1074.0,1109.0,996.0,938.0,957.0,903.0,1029.0,916.0,988.0,961.0,929.0,972.0,842.0,846.0,907.0,866.0,861.0,849.0,848.0,872.0,848.0,878.0,789.0,755.0,763.0,784.0,746.0,758.0,768.0,793.0,795.0,754.0,893.0,888.0,925.0,912.0,836.0,864.0,895.0,893.0,843.0,888.0
772,1162.0,1192.0,1155.0,1211.0,1182.0,1162.0,1170.0,1170.0,1176.0,1225.0,1127.0,1052.0,1153.0,1089.0,1077.0,1050.0,1092.0,1042.0,1114.0,1092.0,1103.0,1101.0,1124.0,1119.0,1120.0,1091.0,1131.0,1111.0,1096.0,1105.0,1007.0,994.0,960.0,946.0,987.0,1005.0,991.0,963.0,954.0,994.0,881.0,867.0,849.0,877.0,834.0,904.0,851.0,851.0,780.0,822.0,1108.0,1104.0,1056.0,1069.0,1075.0,1108.0,1084.0,1092.0,1069.0,1065.0,959.0,1011.0,1021.0,974.0,967.0,958.0,983.0,964.0,1028.0,975.0,798.0,890.0,895.0,864.0,898.0,894.0,837.0,867.0,870.0,893.0,799.0,730.0,752.0,751.0,822.0,794.0,766.0,818.0,777.0,732.0,868.0,858.0,841.0,861.0,823.0,828.0,897.0,901.0,879.0,904.0
773,1195.0,1168.0,1175.0,1150.0,1120.0,1185.0,1192.0,1170.0,1144.0,1161.0,1144.0,1042.0,1109.0,1137.0,1084.0,1119.0,1098.0,1083.0,1114.0,1082.0,1127.0,1124.0,1119.0,1069.0,1152.0,1062.0,1109.0,1100.0,1072.0,1060.0,969.0,1002.0,958.0,958.0,970.0,960.0,961.0,945.0,967.0,1008.0,883.0,844.0,844.0,881.0,826.0,813.0,850.0,847.0,862.0,862.0,1095.0,1095.0,1029.0,1061.0,1070.0,1099.0,1120.0,1088.0,1066.0,1049.0,928.0,995.0,976.0,1016.0,1009.0,1005.0,1005.0,970.0,991.0,989.0,854.0,854.0,919.0,876.0,868.0,895.0,863.0,895.0,916.0,897.0,783.0,821.0,811.0,767.0,778.0,767.0,741.0,774.0,775.0,808.0,830.0,856.0,868.0,849.0,911.0,890.0,860.0,909.0,840.0,898.0
774,1184.0,1161.0,1170.0,1182.0,1152.0,1164.0,1171.0,1127.0,1171.0,1182.0,1112.0,1172.0,1102.0,1114.0,1089.0,1131.0,1124.0,1123.0,1060.0,1053.0,1136.0,1131.0,1136.0,1148.0,1111.0,1102.0,1098.0,1138.0,1094.0,1132.0,968.0,950.0,1006.0,942.0,930.0,980.0,988.0,987.0,999.0,997.0,845.0,840.0,874.0,848.0,886.0,831.0,837.0,864.0,845.0,852.0,1077.0,1099.0,1038.0,1029.0,1073.0,1088.0,1056.0,1093.0,1048.0,1104.0,975.0,981.0,978.0,981.0,984.0,918.0,1037.0,976.0,982.0,940.0,881.0,873.0,822.0,838.0,891.0,849.0,879.0,888.0,888.0,893.0,783.0,719.0,803.0,747.0,771.0,823.0,756.0,724.0,775.0,755.0,846.0,868.0,880.0,935.0,905.0,910.0,854.0,858.0,888.0,905.0
775,1153.0,1135.0,1181.0,1172.0,1252.0,1176.0,1123.0,1181.0,1169.0,1167.0,1121.0,1071.0,1103.0,1058.0,1012.0,1109.0,1073.0,1074.0,1061.0,1088.0,1139.0,1067.0,1111.0,1115.0,1113.0,1136.0,1142.0,1091.0,1103.0,1105.0,977.0,1020.0,1006.0,989.0,989.0,982.0,1032.0,951.0,953.0,982.0,855.0,823.0,891.0,826.0,822.0,827.0,831.0,826.0,870.0,877.0,1057.0,1105.0,1071.0,1098.0,1084.0,1137.0,1068.0,1069.0,1037.0,1136.0,1015.0,1026.0,973.0,924.0,1017.0,938.0,1011.0,981.0,987.0,994.0,871.0,915.0,845.0,886.0,868.0,866.0,848.0,856.0,925.0,865.0,774.0,735.0,740.0,786.0,778.0,743.0,772.0,835.0,739.0,757.0,846.0,900.0,885.0,913.0,852.0,876.0,901.0,918.0,910.0,841.0
776,1163.0,1198.0,1142.0,1202.0,1208.0,1146.0,1131.0,1172.0,1193.0,1180.0,1073.0,1068.0,1142.0,1093.0,1119.0,1115.0,1101.0,1114.0,1069.0,1130.0,1152.0,1090.0,1143.0,1111.0,1123.0,1139.0,1112.0,1140.0,1085.0,1136.0,958.0,977.0,1002.0,967.0,949.0,986.0,945.0,954.0,968.0,924.0,879.0,783.0,839.0,843.0,843.0,848.0,866.0,836.0,836.0,865.0,1071.0,1056.0,1155.0,1071.0,1110.0,1091.0,1148.0,1104.0,1056.0,1133.0,965.0,1017.0,964.0,961.0,964.0,939.0,942.0,955.0,979.0,938.0,856.0,912.0,852.0,906.0,823.0,853.0,867.0,861.0,898.0,847.0,787.0,813.0,727.0,774.0,771.0,775.0,787.0,781.0,786.0,800.0,907.0,885.0,831.0,837.0,872.0,899.0,905.0,862.0,887.0,855.0
777,1113.0,1106.0,1212.0,1130.0,1176.0,1181.0,1185.0,1180.0,1193.0,1167.0,1094.0,1099.0,1080.0,1119.0,1074.0,1063.0,1103.0,1115.0,1057.0,1116.0,1156.0,1132.0,1108.0,1112.0,1174.0,1083.0,1089.0,1127.0,1129.0,1119.0,965.0,1007.0,946.0,988.0,988.0,982.0,964.0,942.0,955.0,992.0,877.0,829.0,806.0,820.0,796.0,861.0,840.0,842.0,854.0,848.0,1050.0,1084.0,1107.0,1057.0,1113.0,1106.0,1090.0,1073.0,1056.0,1122.0,979.0,1014.0,997.0,998.0,967.0,993.0,977.0,940.0,1014.0,976.0,927.0,880.0,907.0,897.0,934.0,861.0,867.0,870.0,850.0,851.0,777.0,813.0,756.0,772.0,737.0,817.0,802.0,783.0,780.0,762.0,878.0,838.0,875.0,875.0,815.0,848.0,889.0,906.0,869.0,853.0
778,1140.0,1133.0,1133.0,1110.0,1121.0,1196.0,1174.0,1155.0,1171.0,1233.0,1098.0,1101.0,1119.0,1067.0,1092.0,1068.0,1108.0,1107.0,1065.0,1087.0,1184.0,1071.0,1082.0,1089.0,1119.0,1102.0,1112.0,1122.0,1101.0,1128.0,944.0,987.0,999.0,1037.0,968.0,953.0,1004.0,1000.0,998.0,961.0,914.0,837.0,857.0,821.0,852.0,908.0,818.0,846.0,860.0,850.0,1080.0,1097.0,1105.0,1131.0,1112.0,1128.0,1094.0,1092.0,1100.0,1065.0,970.0,968.0,1003.0,986.0,1010.0,948.0,976.0,945.0,961.0,995.0,879.0,892.0,847.0,867.0,891.0,871.0,893.0,868.0,877.0,849.0,755.0,808.0,774.0,773.0,793.0,763.0,729.0,778.0,753.0,781.0,851.0,915.0,878.0,890.0,819.0,857.0,896.0,864.0,872.0,854.0
779,1196.0,1193.0,1186.0,1176.0,1186.0,1203.0,1196.0,1195.0,1143.0,1208.0,1073.0,1056.0,1071.0,1061.0,1125.0,1108.0,1089.0,1091.0,1080.0,1110.0,1099.0,1121.0,1073.0,1183.0,1130.0,1068.0,1096.0,1121.0,1132.0,1102.0,1016.0,947.0,990.0,917.0,946.0,959.0,971.0,996.0,996.0,939.0,875.0,840.0,823.0,880.0,840.0,882.0,906.0,838.0,861.0,826.0,1071.0,1085.0,1094.0,1061.0,1120.0,1086.0,1021.0,1078.0,1081.0,1072.0,979.0,991.0,1008.0,965.0,938.0,1028.0,986.0,961.0,975.0,990.0,942.0,867.0,903.0,864.0,867.0,867.0,887.0,836.0,829.0,881.0,710.0,792.0,759.0,813.0,720.0,765.0,785.0,744.0,769.0,732.0,853.0,917.0,891.0,851.0,899.0,828.0,870.0,913.0,891.0,941.0
780,1258.0,1184.0,1120.0,1187.0,1161.0,1161.0,1171.0,1152.0,1181.0,1186.0,1063.0,1046.0,1065.0,1076.0,1079.0,1098.0,1101.0,1103.0,1057.0,1138.0,1133.0,1161.0,1136.0,1095.0,1092.0,1100.0,1155.0,1097.0,1136.0,1061.0,978.0,966.0,981.0,955.0,976.0,955.0,993.0,964.0,966.0,996.0,871.0,852.0,851.0,889.0,852.0,871.0,864.0,807.0,812.0,861.0,1063.0,1106.0,1123.0,1104.0,1085.0,1165.0,1079.0,1097.0,1099.0,1114.0,955.0,959.0,977.0,918.0,960.0,996.0,969.0,1011.0,976.0,969.0,889.0,880.0,854.0,884.0,889.0,835.0,835.0,868.0,876.0,838.0,773.0,765.0,809.0,800.0,807.0,754.0,749.0,776.0,773.0,757.0,827.0,888.0,886.0,866.0,876.0,857.0,889.0,899.0,879.0,881.0
781,1157.0,1174.0,1157.0,1235.0,1197.0,1208.0,1146.0,1179.0,1164.0,1187.0,1094.0,1031.0,1077.0,1064.0,1102.0,1091.0,1095.0,1114.0,1100.0,1074.0,1175.0,1116.0,1079.0,1055.0,1098.0,1124.0,1120.0,1085.0,1157.0,1096.0,1021.0,975.0,1008.0,995.0,925.0,985.0,987.0,990.0,966.0,947.0,816.0,901.0,869.0,841.0,882.0,867.0,880.0,844.0,805.0,866.0,1108.0,1093.0,1069.0,1119.0,1099.0,1060.0,1131.0,1083.0,1122.0,1085.0,925.0,988.0,981.0,945.0,981.0,942.0,969.0,979.0,945.0,973.0,874.0,883.0,918.0,857.0,858.0,849.0,881.0,891.0,863.0,896.0,784.0,819.0,789.0,765.0,789.0,796.0,738.0,769.0,767.0,770.0,853.0,830.0,859.0,895.0,845.0,870.0,856.0,838.0,860.0,910.0
782,1152.0,1155.0,1142.0,1199.0,1147.0,1193.0,1179.0,1191.0,1195.0,1173.0,1088.0,1113.0,1100.0,1103.0,1086.0,1078.0,1099.0,1133.0,1034.0,1090.0,1089.0,1070.0,1086.0,1132.0,1172.0,1121.0,1104.0,1078.0,1117.0,1130.0,1013.0,1012.0,1038.0,950.0,972.0,974.0,959.0,1014.0,991.0,1004.0,850.0,867.0,872.0,789.0,870.0,877.0,867.0,820.0,819.0,826.0,1118.0,1130.0,1060.0,1067.0,1098.0,1032.0,1111.0,1061.0,1069.0,1011.0,970.0,990.0,962.0,956.0,979.0,970.0,964.0,971.0,990.0,984.0,885.0,856.0,905.0,885.0,841.0,905.0,881.0,867.0,853.0,886.0,791.0,750.0,775.0,819.0,779.0,758.0,752.0,764.0,765.0,828.0,853.0,866.0,870.0,871.0,830.0,885.0,887.0,871.0,916.0,875.0
783,1172.0,1182.0,1149.0,1200.0,1171.0,1171.0,1150.0,1146.0,1168.0,1183.0,1079.0,1053.0,1109.0,1112.0,1070.0,1174.0,1116.0,1087.0,1107.0,1111.0,1143.0,1113.0,1148.0,1120.0,1087.0,1093.0,1076.0,1119.0,1083.0,1125.0,979.0,996.0,981.0,928.0,982.0,961.0,962.0,1012.0,998.0,982.0,845.0,872.0,847.0,871.0,868.0,880.0,868.0,868.0,816.0,904.0,1036.0,1110.0,1066.0,1106.0,1091.0,1095.0,1072.0,1105.0,1086.0,1057.0,938.0,952.0,934.0,917.0,1013.0,925.0,982.0,924.0,958.0,964.0,905.0,904.0,869.0,865.0,884.0,884.0,919.0,885.0,895.0,830.0,796.0,760.0,810.0,787.0,765.0,804.0,752.0,758.0,781.0,798.0,919.0,867.0,898.0,863.0,846.0,803.0,908.0,866.0,859.0,854.0
784,1147.0,1179.0,1174.0,1246.0,1197.0,1250.0,1196.0,1179.0,1179.0,1199.0,1143.0,1073.0,1088.0,1116.0,1064.0,1074.0,1130.0,1097.0,1054.0,1099.0,1155.0,1115.0,1137.0,1099.0,1090.0,1127.0,1104.0,1095.0,1110.0,1109.0,979.0,952.0,968.0,933.0,976.0,960.0,969.0,951.0,970.0,983.0,857.0,847.0,840.0,851.0,904.0,856.0,842.0,828.0,878.0,840.0,1087.0,1068.0,1071.0,1120.0,1102.0,1023.0,1087.0,1082.0,1136.0,1109.0,953.0,987.0,1050.0,958.0,971.0,967.0,910.0,981.0,963.0,946.0,823.0,903.0,841.0,879.0,840.0,872.0,906.0,876.0,825.0,852.0,776.0,792.0,772.0,745.0,758.0,778.0,751.0,760.0,778.0,791.0,890.0,897.0,867.0,814.0,874.0,880.0,906.0,923.0,857.0,881.0
785,1164.0,1147.0,1215.0,1164.0,1147.0,1166.0,1157.0,1183.0,1135.0,1203.0,1155.0,1089.0,1086.0,1118.0,1099.0,1149.0,1103.0,1056.0,1083.0,1115.0,1105.0,1064.0,1102.0,1088.0,1099.0,1104.0,1072.0,1086.0,1077.0,1135.0,997.0,963.0,944.0,995.0,958.0,946.0,1021.0,957.0,977.0,991.0,822.0,861.0,868.0,879.0,863.0,874.0,877.0,860.0,885.0,834.0,1095.0,1105.0,1060.0,1076.0,1131.0,1115.0,1093.0,1069.0,1096.0,1004.0,956.0,1021.0,1008.0,975.0,995.0,992.0,993.0,1008.0,968.0,1001.0,908.0,914.0,855.0,872.0,851.0,873.0,827.0,885.0,871.0,885.0,749.0,781.0,804.0,770.0,749.0,740.0,770.0,795.0,777.0,778.0,856.0,872.0,866.0,827.0,886.0,824.0,891.0,876.0,886.0,862.0
786,1140.0,1241.0,1169.0,1184.0,1165.0,1148.0,1142.0,1182.0,1165.0,1203.0,1088.0,1091.0,1110.0,1114.0,1083.0,1070.0,1144.0,1090.0,1106.0,1103.0,1138.0,1117.0,1087.0,1154.0,1174.0,1110.0,1145.0,1102.0,1052.0,1116.0,941.0,950.0,1000.0,998.0,968.0,946.0,1002.0,1003.0,953.0,976.0,829.0,877.0,870.0,859.0,859.0,825.0,873.0,884.0,855.0,913.0,1150.0,1047.0,1092.0,1094.0,1085.0,1103.0,1040.0,1059.0,1088.0,1059.0,952.0,987.0,961.0,931.0,1000.0,987.0,951.0,997.0,976.0,987.0,881.0,890.0,855.0,825.0,800.0,934.0,879.0,835.0,905.0,871.0,809.0,764.0,772.0,754.0,767.0,774.0,775.0,722.0,782.0,734.0,878.0,849.0,892.0,845.0,875.0,891.0,852.0,901.0,874.0,845.0
787,1171.0,1180.0,1162.0,1171.0,1189.0,1155.0,1131.0,1218.0,1163.0,1197.0,1085.0,1162.0,1104.0,1073.0,1050.0,1106.0,1101.0,1114.0,1102.0,1045.0,1147.0,1095.0,1162.0,1129.0,1160.0,1133.0,1140.0,1098.0,1093.0,1094.0,955.0,936.0,951.0,971.0,932.0,972.0,1004.0,962.0,996.0,1009.0,865.0,852.0,809.0,796.0,879.0,860.0,871.0,883.0,887.0,891.0,1095.0,1082.0,1081.0,1139.0,1073.0,1066.0,1064.0,1064.0,1073.0,1065.0,983.0,995.0,997.0,954.0,921.0,994.0,967.0,936.0,1039.0,969.0,881.0,873.0,876.0,919.0,890.0,880.0,892.0,855.0,819.0,871.0,752.0,770.0,756.0,730.0,797.0,803.0,748.0,775.0,720.0,810.0,872.0,866.0,905.0,873.0,888.0,822.0,888.0,867.0,862.0,861.0
788,1120.0,1160.0,1198.0,1126.0,1192.0,1190.0,1183.0,1206.0,1197.0,1150.0,1092.0,1130.0,1094.0,1084.0,1077.0,1086.0,1073.0,1068.0,1104.0,1042.0,1114.0,1186.0,1137.0,1162.0,1135.0,1088.0,1123.0,1146.0,1121.0,1095.0,982.0,925.0,944.0,983.0,970.0,923.0,976.0,985.0,974.0,979.0,847.0,796.0,874.0,850.0,867.0,822.0,843.0,776.0,862.0,880.0,1081.0,1084.0,1059.0,1053.0,1092.0,1111.0,1050.0,1127.0,1048.0,1102.0,978.0,1010.0,999.0,945.0,940.0,1005.0,959.0,964.0,997.0,995.0,875.0,865.0,892.0,933.0,851.0,892.0,909.0,870.0,826.0,862.0,831.0,770.0,751.0,788.0,782.0,798.0,807.0,767.0,740.0,760.0,893.0,880.0,854.0,837.0,873.0,878.0,886.0,857.0,881.0,951.0
789,1170.0,1150.0,1179.0,1140.0,1173.0,1214.0,1208.0,1146.0,1211.0,1159.0,1069.0,1093.0,1091.0,1117.0,1052.0,1147.0,1095.0,1069.0,1103.0,1074.0,1131.0,1144.0,1176.0,1079.0,1110.0,1064.0,1092.0,1123.0,1128.0,1098.0,994.0,920.0,971.0,965.0,950.0,937.0,988.0,995.0,977.0,974.0,868.0,897.0,834.0,864.0,876.0,825.0,854.0,855.0,869.0,871.0,1108.0,1120.0,1066.0,1046.0,1069.0,1077.0,1060.0,1097.0,1083.0,1059.0,961.0,924.0,970.0,998.0,971.0,1006.0,955.0,1004.0,906.0,971.0,879.0,916.0,891.0,868.0,880.0,861.0,850.0,873.0,854.0,938.0,783.0,808.0,761.0,751.0,803.0,795.0,793.0,766.0,771.0,740.0,850.0,835.0,860.0,937.0,901.0,864.0,916.0,840.0,844.0,935.0
790,1176.0,1162.0,1176.0,1134.0,1202.0,1188.0,1193.0,1150.0,1211.0,1199.0,1143.0,1124.0,1083.0,1105.0,1045.0,1098.0,1077.0,1029.0,1081.0,1091.0,1088.0,1099.0,1103.0,1143.0,1100.0,1161.0,1131.0,1098.0,1144.0,1179.0,942.0,943.0,965.0,955.0,974.0,977.0,1016.0,1001.0,947.0,958.0,841.0,807.0,852.0,853.0,874.0,792.0,852.0,873.0,836.0,820.0,1064.0,1141.0,1075.0,1103.0,1099.0,1065.0,1059.0,1109.0,1097.0,1064.0,980.0,1036.0,991.0,991.0,975.0,963.0,997.0,973.0,944.0,1023.0,901.0,867.0,891.0,874.0,849.0,846.0,855.0,876.0,874.0,854.0,807.0,754.0,797.0,710.0,793.0,809.0,746.0,816.0,743.0,775.0,872.0,870.0,869.0,895.0,875.0,889.0,883.0,850.0,862.0,853.0
791,1160.0,1172.0,1135.0,1189.0,1197.0,1195.0,1184.0,1182.0,1239.0,1184.0,1075.0,1074.0,1100.0,1078.0,1136.0,1093.0,1088.0,1104.0,1143.0,1110.0,1179.0,1116.0,1167.0,1111.0,1124.0,1106.0,1085.0,1114.0,1095.0,1136.0,969.0,947.0,998.0,950.0,968.0,981.0,982.0,933.0,990.0,1008.0,890.0,842.0,876.0,823.0,808.0,853.0,864.0,826.0,844.0,883.0,1067.0,1160.0,1051.0,1093.0,1092.0,1102.0,1086.0,1068.0,1050.0,1103.0,957.0,982.0,959.0,983.0,980.0,943.0,969.0,1008.0,962.0,912.0,868.0,885.0,854.0,873.0,851.0,879.0,887.0,871.0,842.0,839.0,773.0,762.0,828.0,815.0,754.0,758.0,764.0,778.0,768.0,765.0,878.0,860.0,837.0,849.0,869.0,879.0,902.0,891.0,798.0,871.0
792,1207.0,1128.0,1134.0,1170.0,1131.0,1166.0,1159.0,1156.0,1162.0,1212.0,1076.0,1056.0,1087.0,1107.0,1113.0,1109.0,1124.0,1081.0,1121.0,1096.0,1146.0,1120.0,1155.0,1112.0,1098.0,1158.0,1124.0,1101.0,1113.0,1088.0,969.0,958.0,939.0,964.0,973.0,966.0,981.0,993.0,989.0,1008.0,848.0,844.0,852.0,824.0,891.0,866.0,879.0,867.0,823.0,848.0,1073.0,1103.0,1122.0,1083.0,1083.0,1027.0,1079.0,1107.0,1092.0,1109.0,955.0,1006.0,988.0,1002.0,987.0,963.0,994.0,961.0,945.0,941.0,879.0,892.0,849.0,881.0,896.0,860.0,839.0,888.0,899.0,862.0,783.0,812.0,800.0,772.0,747.0,812.0,754.0,791.0,721.0,796.0,879.0,886.0,878.0,849.0,865.0,865.0,878.0,832.0,865.0,848.0
793,1193.0,1186.0,1179.0,1195.0,1140.0,1183.0,1186.0,1150.0,1196.0,1188.0,1151.0,1129.0,1067.0,1082.0,1106.0,1110.0,1109.0,1022.0,1088.0,1102.0,1129.0,1081.0,1096.0,1119.0,1089.0,1151.0,1108.0,1177.0,1110.0,1159.0,970.0,956.0,1016.0,943.0,967.0,968.0,969.0,1002.0,1013.0,998.0,870.0,872.0,866.0,860.0,884.0,902.0,844.0,849.0,843.0,841.0,1090.0,1040.0,1108.0,1079.0,1093.0,1012.0,1086.0,1064.0,1033.0,1105.0,917.0,959.0,960.0,990.0,973.0,969.0,1005.0,941.0,980.0,928.0,860.0,889.0,878.0,877.0,895.0,857.0,905.0,905.0,835.0,848.0,731.0,794.0,782.0,799.0,774.0,803.0,742.0,789.0,790.0,790.0,899.0,901.0,854.0,822.0,865.0,839.0,855.0,881.0,843.0,844.0
794,1217.0,1182.0,1202.0,1177.0,1168.0,1135.0,1193.0,1201.0,1177.0,1175.0,1055.0,1082.0,1033.0,1075.0,1089.0,1108.0,1136.0,1102.0,1147.0,1124.0,1083.0,1144.0,1210.0,1067.0,1087.0,1140.0,1103.0,1120.0,1143.0,1100.0,968.0,916.0,1021.0,946.0,969.0,970.0,1001.0,1037.0,971.0,976.0,845.0,836.0,851.0,855.0,847.0,822.0,815.0,793.0,862.0,856.0,1129.0,1104.0,1078.0,1072.0,1081.0,1103.0,1127.0,1071.0,1030.0,1116.0,969.0,1014.0,920.0,1001.0,1004.0,959.0,924.0,925.0,909.0,960.0,853.0,897.0,876.0,864.0,902.0,892.0,842.0,835.0,885.0,868.0,810.0,781.0,757.0,797.0,791.0,803.0,778.0,764.0,749.0,798.0,883.0,848.0,853.0,917.0,849.0,864.0,884.0,925.0,858.0,829.0
795,1209.0,1156.0,1163.0,1158.0,1138.0,1198.0,1244.0,1191.0,1169.0,1188.0,1075.0,1127.0,1121.0,1080.0,1069.0,1100.0,1097.0,1037.0,1095.0,1097.0,1085.0,1098.0,1122.0,1140.0,1111.0,1095.0,1072.0,1112.0,1169.0,1128.0,916.0,994.0,934.0,989.0,982.0,976.0,1028.0,983.0,997.0,967.0,832.0,855.0,847.0,833.0,860.0,865.0,816.0,858.0,851.0,824.0,1069.0,1070.0,1107.0,1073.0,1114.0,1052.0,1117.0,1041.0,1055.0,1058.0,1032.0,1001.0,946.0,982.0,976.0,990.0,978.0,1030.0,967.0,944.0,905.0,876.0,916.0,849.0,875.0,871.0,850.0,856.0,843.0,926.0,821.0,795.0,781.0,778.0,793.0,774.0,764.0,809.0,750.0,807.0,869.0,833.0,865.0,890.0,873.0,877.0,829.0,858.0,831.0,866.0
796,1195.0,1162.0,1179.0,1166.0,1163.0,1198.0,1208.0,1190.0,1131.0,1241.0,1049.0,1068.0,1077.0,1062.0,1134.0,1098.0,1131.0,1047.0,1099.0,1084.0,1115.0,1116.0,1138.0,1112.0,1100.0,1099.0,1109.0,1119.0,1128.0,1077.0,937.0,970.0,894.0,980.0,994.0,956.0,982.0,964.0,978.0,959.0,849.0,864.0,843.0,851.0,861.0,865.0,840.0,852.0,887.0,854.0,1121.0,1108.0,1129.0,1071.0,1069.0,1053.0,1075.0,1103.0,1041.0,1080.0,1003.0,970.0,946.0,965.0,985.0,1009.0,963.0,975.0,970.0,967.0,929.0,906.0,905.0,894.0,876.0,862.0,828.0,876.0,894.0,857.0,757.0,759.0,793.0,793.0,784.0,786.0,789.0,775.0,779.0,789.0,858.0,882.0,896.0,880.0,826.0,874.0,867.0,874.0,825.0,896.0
797,1187.0,1176.0,1169.0,1195.0,1206.0,1204.0,1175.0,1190.0,1181.0,1186.0,1075.0,1123.0,1083.0,1053.0,1085.0,1142.0,1098.0,1143.0,1047.0,1075.0,1112.0,1071.0,1119.0,1093.0,1085.0,1086.0,1162.0,1081.0,1118.0,1113.0,975.0,987.0,948.0,959.0,989.0,916.0,980.0,949.0,987.0,929.0,870.0,868.0,855.0,855.0,886.0,884.0,832.0,892.0,834.0,848.0,1085.0,1094.0,1061.0,1030.0,1062.0,1057.0,1097.0,1087.0,1072.0,1109.0,950.0,984.0,987.0,974.0,966.0,1001.0,926.0,995.0,964.0,1002.0,920.0,878.0,874.0,943.0,900.0,867.0,883.0,873.0,836.0,844.0,787.0,786.0,765.0,793.0,754.0,791.0,791.0,727.0,809.0,795.0,854.0,837.0,942.0,883.0,860.0,850.0,846.0,834.0,887.0,904.0
798,1168.0,1169.0,1173.0,1180.0,1213.0,1200.0,1165.0,1197.0,1180.0,1184.0,1115.0,1131.0,1074.0,1129.0,1111.0,1100.0,1095.0,1061.0,1077.0,1172.0,1126.0,1133.0,1097.0,1184.0,1096.0,1116.0,1073.0,1098.0,1086.0,1087.0,959.0,927.0,932.0,976.0,973.0,980.0,945.0,988.0,961.0,978.0,862.0,825.0,863.0,826.0,855.0,848.0,841.0,898.0,832.0,841.0,1095.0,1112.0,1072.0,1090.0,1097.0,1087.0,1064.0,1090.0,1080.0,1086.0,948.0,961.0,972.0,950.0,928.0,974.0,969.0,966.0,1030.0,995.0,941.0,899.0,893.0,807.0,879.0,879.0,906.0,869.0,876.0,810.0,729.0,778.0,826.0,755.0,785.0,776.0,823.0,742.0,746.0,803.0,871.0,866.0,906.0,872.0,853.0,836.0,916.0,863.0,869.0,847.0
799,1222.0,1181.0,1235.0,1175.0,1187.0,1165.0,1227.0,1183.0,1183.0,1199.0,1066.0,1094.0,1084.0,1076.0,1114.0,1123.0,1120.0,1007.0,1087.0,1143.0,1143.0,1127.0,1136.0,1089.0,1092.0,1102.0,1162.0,1111.0,1123.0,1069.0,954.0,963.0,954.0,986.0,986.0,996.0,963.0,975.0,1019.0,973.0,887.0,835.0,841.0,873.0,852.0,844.0,814.0,878.0,836.0,833.0,1022.0,1127.0,1075.0,1091.0,1086.0,1100.0,1071.0,1123.0,1061.0,1066.0,1002.0,949.0,1023.0,968.0,955.0,962.0,946.0,994.0,945.0,949.0,873.0,880.0,880.0,877.0,902.0,854.0,872.0,843.0,840.0,903.0,784.0,780.0,711.0,791.0,746.0,774.0,731.0,798.0,766.0,766.0,860.0,863.0,861.0,845.0,869.0,876.0,884.0,862.0,875.0,902.0
800,1199.0,1215.0,1227.0,1200.0,1191.0,1204.0,1199.0,1135.0,1190.0,1199.0,1092.0,1062.0,1115.0,1076.0,1086.0,1095.0,1104.0,1100.0,1137.0,1095.0,1181.0,1071.0,1124.0,1097.0,1140.0,1141.0,1089.0,1103.0,1058.0,1089.0,973.0,1016.0,988.0,994.0,978.0,976.0,1019.0,955.0,947.0,998.0,839.0,846.0,836.0,820.0,845.0,814.0,864.0,868.0,900.0,862.0,1073.0,1110.0,1049.0,1084.0,1080.0,1078.0,1067.0,1086.0,1055.0,1049.0,998.0,955.0,973.0,957.0,971.0,968.0,959.0,1007.0,965.0,1005.0,846.0,904.0,822.0,857.0,884.0,924.0,869.0,881.0,910.0,869.0,736.0,781.0,787.0,798.0,784.0,774.0,774.0,794.0,723.0,750.0,868.0,839.0,875.0,889.0,827.0,819.0,847.0,847.0,849.0,888.0
801,1184.0,1262.0,1203.0,1176.0,1153.0,1207.0,1143.0,1155.0,1141.0,1180.0,1089.0,1045.0,1083.0,1087.0,1143.0,1100.0,1112.0,1124.0,1026.0,1072.0,1100.0,1125.0,1123.0,1092.0,1080.0,1086.0,1098.0,1097.0,1110.0,1102.0,962.0,967.0,982.0,963.0,995.0,1015.0,999.0,960.0,971.0,1000.0,864.0,850.0,874.0,872.0,833.0,788.0,827.0,901.0,845.0,881.0,1061.0,1056.0,1054.0,1105.0,1075.0,1078.0,1074.0,1029.0,1090.0,1080.0,1029.0,995.0,932.0,933.0,989.0,971.0,986.0,943.0,994.0,968.0,850.0,848.0,873.0,890.0,849.0,866.0,843.0,887.0,882.0,878.0,812.0,777.0,756.0,800.0,798.0,785.0,832.0,789.0,800.0,785.0,856.0,870.0,916.0,856.0,871.0,896.0,880.0,896.0,882.0,862.0
802,1199.0,1175.0,1212.0,1168.0,1168.0,1162.0,1171.0,1166.0,1186.0,1181.0,1095.0,1094.0,1097.0,1064.0,1102.0,1105.0,1084.0,1108.0,1097.0,1071.0,1109.0,1101.0,1158.0,1126.0,1127.0,1117.0,1101.0,1139.0,1080.0,1149.0,951.0,972.0,989.0,1003.0,983.0,1012.0,1000.0,942.0,970.0,1006.0,895.0,854.0,834.0,821.0,873.0,801.0,852.0,902.0,860.0,883.0,1041.0,1106.0,1034.0,1082.0,1060.0,1079.0,1092.0,1097.0,1090.0,1062.0,981.0,962.0,968.0,977.0,1000.0,977.0,964.0,937.0,952.0,957.0,893.0,867.0,874.0,890.0,846.0,856.0,862.0,825.0,858.0,833.0,758.0,793.0,778.0,776.0,769.0,813.0,794.0,794.0,780.0,794.0,886.0,874.0,848.0,866.0,859.0,869.0,877.0,869.0,871.0,872.0
803,1217.0,1170.0,1190.0,1176.0,1157.0,1181.0,1227.0,1177.0,1155.0,1180.0,1097.0,1097.0,1074.0,1119.0,1090.0,1110.0,1090.0,1080.0,1133.0,1093.0,1132.0,1118.0,1145.0,1112.0,1132.0,1108.0,1064.0,1135.0,1087.0,1110.0,932.0,960.0,956.0,987.0,1010.0,958.0,973.0,929.0,983.0,988.0,880.0,854.0,854.0,831.0,843.0,835.0,866.0,852.0,803.0,896.0,1044.0,1143.0,1059.0,1091.0,1075.0,1090.0,1104.0,1098.0,1111.0,1044.0,950.0,983.0,1006.0,902.0,918.0,987.0,959.0,969.0,962.0,942.0,868.0,850.0,862.0,904.0,882.0,846.0,883.0,885.0,849.0,868.0,822.0,736.0,788.0,783.0,790.0,792.0,767.0,759.0,767.0,801.0,868.0,882.0,859.0,867.0,892.0,883.0,864.0,893.0,892.0,890.0
804,1183.0,1210.0,1198.0,1171.0,1235.0,1193.0,1193.0,1192.0,1154.0,1178.0,1079.0,1113.0,1095.0,1073.0,1084.0,1121.0,1129.0,1122.0,1133.0,1067.0,1123.0,1081.0,1108.0,1084.0,1077.0,1088.0,1108.0,1109.0,1096.0,1137.0,969.0,981.0,957.0,955.0,1002.0,1010.0,1038.0,955.0,934.0,973.0,893.0,872.0,815.0,879.0,884.0,860.0,816.0,817.0,827.0,874.0,1092.0,1074.0,1092.0,1139.0,1084.0,1094.0,1120.0,1096.0,1067.0,1037.0,978.0,943.0,993.0,994.0,932.0,959.0,937.0,955.0,999.0,1008.0,890.0,858.0,892.0,880.0,891.0,848.0,887.0,889.0,885.0,892.0,741.0,809.0,771.0,755.0,766.0,756.0,770.0,804.0,794.0,778.0,863.0,853.0,870.0,840.0,834.0,858.0,794.0,837.0,855.0,869.0
805,1185.0,1177.0,1146.0,1199.0,1177.0,1165.0,1253.0,1145.0,1211.0,1203.0,1099.0,1136.0,1144.0,1095.0,1106.0,1111.0,1098.0,1100.0,1048.0,1119.0,1144.0,1166.0,1113.0,1138.0,1118.0,1128.0,1116.0,1151.0,1110.0,1077.0,974.0,976.0,976.0,941.0,989.0,964.0,946.0,963.0,963.0,1026.0,873.0,877.0,861.0,845.0,820.0,871.0,824.0,843.0,857.0,876.0,1065.0,1049.0,1055.0,1075.0,1113.0,1095.0,1088.0,1060.0,1083.0,1085.0,1027.0,950.0,969.0,931.0,963.0,953.0,981.0,938.0,997.0,905.0,857.0,851.0,870.0,878.0,865.0,880.0,851.0,906.0,845.0,854.0,731.0,735.0,748.0,788.0,773.0,802.0,743.0,776.0,748.0,787.0,853.0,873.0,911.0,880.0,864.0,819.0,886.0,896.0,880.0,881.0
806,1170.0,1135.0,1186.0,1171.0,1172.0,1209.0,1187.0,1154.0,1242.0,1228.0,1104.0,1132.0,1087.0,1097.0,1145.0,1113.0,1169.0,1121.0,1089.0,1092.0,1083.0,1091.0,1145.0,1135.0,1120.0,1111.0,1135.0,1103.0,1094.0,1065.0,943.0,977.0,944.0,961.0,971.0,972.0,968.0,1018.0,924.0,990.0,873.0,879.0,877.0,890.0,825.0,815.0,834.0,848.0,907.0,835.0,1095.0,1094.0,1114.0,1074.0,1094.0,1045.0,1058.0,1027.0,1037.0,1093.0,995.0,904.0,960.0,945.0,969.0,963.0,962.0,965.0,996.0,995.0,862.0,950.0,834.0,864.0,838.0,893.0,829.0,872.0,844.0,905.0,766.0,791.0,769.0,761.0,719.0,787.0,793.0,785.0,768.0,770.0,919.0,841.0,876.0,873.0,930.0,879.0,849.0,889.0,838.0,839.0
807,1220.0,1210.0,1159.0,1213.0,1186.0,1182.0,1146.0,1246.0,1153.0,1222.0,1049.0,1062.0,1068.0,1105.0,1098.0,1099.0,1129.0,1116.0,1119.0,1143.0,1183.0,1116.0,1148.0,1139.0,1172.0,1078.0,1084.0,1146.0,1101.0,1143.0,909.0,987.0,952.0,946.0,960.0,977.0,963.0,966.0,944.0,1010.0,853.0,827.0,846.0,868.0,832.0,903.0,837.0,864.0,820.0,813.0,1100.0,1099.0,1137.0,1060.0,1085.0,1044.0,1099.0,1002.0,1113.0,1018.0,998.0,982.0,997.0,950.0,936.0,980.0,962.0,930.0,1019.0,987.0,868.0,859.0,868.0,871.0,886.0,879.0,901.0,854.0,830.0,840.0,768.0,754.0,697.0,741.0,754.0,794.0,787.0,765.0,782.0,756.0,857.0,896.0,916.0,874.0,869.0,857.0,880.0,889.0,856.0,872.0
808,1201.0,1203.0,1121.0,1213.0,1181.0,1184.0,1179.0,1216.0,1206.0,1131.0,1095.0,1121.0,1064.0,1114.0,1099.0,1061.0,1043.0,1105.0,1106.0,1100.0,1109.0,1132.0,1116.0,1088.0,1110.0,1112.0,1081.0,1061.0,1090.0,1157.0,938.0,964.0,1017.0,975.0,974.0,972.0,1047.0,1008.0,991.0,1016.0,868.0,823.0,899.0,871.0,864.0,877.0,813.0,862.0,829.0,875.0,1089.0,1081.0,1086.0,1051.0,1061.0,1056.0,1106.0,1061.0,1079.0,1100.0,997.0,941.0,980.0,992.0,957.0,977.0,923.0,957.0,956.0,902.0,882.0,875.0,861.0,854.0,862.0,894.0,936.0,890.0,852.0,904.0,774.0,795.0,776.0,749.0,780.0,808.0,797.0,788.0,773.0,764.0,852.0,855.0,874.0,858.0,894.0,857.0,867.0,831.0,853.0,855.0
809,1184.0,1164.0,1128.0,1139.0,1188.0,1176.0,1172.0,1181.0,1243.0,1137.0,1166.0,1114.0,1064.0,1116.0,1075.0,1102.0,1080.0,1124.0,1078.0,1113.0,1104.0,1111.0,1134.0,1127.0,1147.0,1115.0,1053.0,1131.0,1093.0,1134.0,968.0,989.0,1037.0,960.0,995.0,974.0,1022.0,951.0,965.0,936.0,825.0,846.0,833.0,866.0,821.0,814.0,843.0,822.0,843.0,871.0,1129.0,1078.0,1069.0,1084.0,1103.0,1044.0,1118.0,1091.0,1063.0,1094.0,961.0,975.0,1016.0,988.0,932.0,998.0,950.0,967.0,976.0,999.0,864.0,876.0,843.0,828.0,863.0,925.0,901.0,880.0,835.0,855.0,745.0,740.0,766.0,802.0,769.0,755.0,788.0,781.0,778.0,763.0,854.0,898.0,907.0,856.0,887.0,895.0,868.0,848.0,859.0,904.0
810,1179.0,1217.0,1135.0,1151.0,1145.0,1152.0,1186.0,1201.0,1181.0,1167.0,1098.0,1103.0,1108.0,1119.0,1129.0,1095.0,1088.0,1090.0,1124.0,1061.0,1085.0,1108.0,1113.0,1125.0,1106.0,1122.0,1083.0,1147.0,1105.0,1140.0,989.0,945.0,936.0,1011.0,978.0,985.0,996.0,1008.0,1003.0,946.0,846.0,825.0,879.0,805.0,852.0,886.0,860.0,831.0,882.0,842.0,1105.0,1079.0,1081.0,1122.0,1115.0,1116.0,1131.0,1101.0,1027.0,1145.0,997.0,955.0,979.0,925.0,956.0,955.0,951.0,967.0,943.0,1000.0,840.0,917.0,884.0,849.0,878.0,848.0,893.0,858.0,874.0,885.0,781.0,773.0,788.0,759.0,763.0,742.0,772.0,711.0,746.0,757.0,881.0,869.0,899.0,899.0,855.0,896.0,835.0,854.0,848.0,860.0
811,1161.0,1184.0,1154.0,1139.0,1144.0,1170.0,1220.0,1183.0,1118.0,1186.0,1127.0,1087.0,1065.0,1068.0,1061.0,1105.0,1089.0,1075.0,1122.0,1101.0,1109.0,1125.0,1144.0,1102.0,1127.0,1158.0,1114.0,1088.0,1102.0,1109.0,969.0,984.0,981.0,1075.0,966.0,966.0,912.0,987.0,1002.0,977.0,867.0,864.0,846.0,861.0,841.0,839.0,830.0,824.0,840.0,832.0,1070.0,1109.0,1086.0,1051.0,1094.0,1079.0,1075.0,1114.0,1059.0,1105.0,1002.0,976.0,974.0,961.0,997.0,965.0,1013.0,1020.0,931.0,962.0,894.0,843.0,861.0,888.0,903.0,893.0,869.0,865.0,906.0,879.0,777.0,755.0,784.0,768.0,805.0,765.0,796.0,768.0,811.0,794.0,827.0,862.0,908.0,857.0,842.0,856.0,876.0,842.0,848.0,860.0
812,1155.0,1196.0,1209.0,1195.0,1182.0,1155.0,1140.0,1195.0,1177.0,1149.0,1158.0,1056.0,1122.0,1072.0,1127.0,1081.0,1131.0,1077.0,1104.0,1118.0,1119.0,1126.0,1071.0,1161.0,1148.0,1063.0,1084.0,1108.0,1117.0,1129.0,933.0,945.0,966.0,965.0,969.0,996.0,1010.0,965.0,949.0,1001.0,868.0,879.0,886.0,854.0,833.0,855.0,875.0,869.0,850.0,842.0,1088.0,1120.0,1051.0,1061.0,1090.0,1134.0,1071.0,1074.0,1080.0,1056.0,971.0,947.0,972.0,976.0,964.0,949.0,963.0,950.0,949.0,975.0,879.0,840.0,879.0,848.0,832.0,905.0,847.0,871.0,856.0,871.0,739.0,791.0,754.0,772.0,764.0,764.0,782.0,788.0,787.0,768.0,891.0,892.0,894.0,864.0,867.0,896.0,895.0,872.0,870.0,898.0
813,1188.0,1226.0,1216.0,1129.0,1157.0,1222.0,1229.0,1161.0,1133.0,1202.0,1109.0,1062.0,1114.0,1063.0,1114.0,1136.0,1087.0,1126.0,1096.0,1112.0,1109.0,1132.0,1129.0,1069.0,1125.0,1079.0,1072.0,1108.0,1086.0,1092.0,974.0,996.0,972.0,978.0,965.0,931.0,994.0,966.0,945.0,962.0,886.0,826.0,822.0,837.0,861.0,867.0,858.0,838.0,828.0,881.0,1061.0,1099.0,1080.0,1126.0,1084.0,1073.0,1091.0,1070.0,1101.0,1122.0,961.0,993.0,976.0,976.0,912.0,1017.0,973.0,993.0,1023.0,917.0,880.0,882.0,851.0,913.0,919.0,828.0,870.0,857.0,850.0,847.0,779.0,769.0,781.0,810.0,755.0,774.0,777.0,748.0,799.0,800.0,855.0,802.0,860.0,871.0,886.0,866.0,844.0,901.0,881.0,871.0
814,1172.0,1215.0,1143.0,1161.0,1147.0,1207.0,1204.0,1231.0,1178.0,1217.0,1139.0,1086.0,1121.0,1047.0,1126.0,1136.0,1121.0,1080.0,1072.0,1046.0,1099.0,1130.0,1059.0,1053.0,1147.0,1071.0,1101.0,1117.0,1107.0,1121.0,984.0,976.0,1009.0,976.0,984.0,984.0,993.0,972.0,963.0,1010.0,855.0,875.0,914.0,844.0,838.0,852.0,833.0,836.0,824.0,850.0,1079.0,1094.0,1091.0,1117.0,1035.0,1079.0,1092.0,1022.0,1112.0,1096.0,1034.0,944.0,947.0,1015.0,990.0,1017.0,944.0,968.0,1007.0,920.0,840.0,839.0,883.0,848.0,884.0,892.0,811.0,864.0,860.0,878.0,737.0,768.0,765.0,795.0,776.0,759.0,789.0,784.0,738.0,748.0,861.0,860.0,873.0,920.0,852.0,792.0,905.0,894.0,880.0,918.0
815,1161.0,1197.0,1174.0,1152.0,1138.0,1129.0,1178.0,1218.0,1155.0,1197.0,1103.0,1066.0,1101.0,1065.0,1067.0,1071.0,1171.0,1094.0,1129.0,1055.0,1075.0,1115.0,1130.0,1161.0,1150.0,1113.0,1056.0,1091.0,1099.0,1096.0,924.0,974.0,926.0,982.0,963.0,1022.0,959.0,989.0,898.0,1041.0,909.0,838.0,870.0,823.0,902.0,861.0,888.0,840.0,893.0,836.0,1088.0,1071.0,1093.0,1071.0,1081.0,1070.0,1118.0,1105.0,1091.0,1091.0,1027.0,978.0,973.0,958.0,988.0,1018.0,937.0,969.0,958.0,938.0,870.0,876.0,894.0,888.0,829.0,881.0,876.0,825.0,896.0,880.0,772.0,767.0,777.0,796.0,758.0,780.0,733.0,796.0,768.0,785.0,875.0,908.0,867.0,881.0,905.0,849.0,876.0,836.0,856.0,887.0
816,1176.0,1158.0,1181.0,1177.0,1191.0,1166.0,1149.0,1167.0,1151.0,1191.0,1077.0,1065.0,1091.0,1103.0,1125.0,1088.0,1089.0,1119.0,1093.0,1104.0,1126.0,1093.0,1101.0,1096.0,1120.0,1110.0,1127.0,1112.0,1146.0,1106.0,893.0,991.0,942.0,948.0,912.0,949.0,959.0,1016.0,953.0,991.0,865.0,866.0,839.0,873.0,888.0,830.0,864.0,820.0,857.0,841.0,1078.0,1119.0,1116.0,1057.0,1070.0,1082.0,1097.0,1074.0,1102.0,1046.0,1024.0,971.0,1006.0,958.0,983.0,1027.0,1002.0,955.0,920.0,1016.0,905.0,856.0,892.0,914.0,856.0,879.0,849.0,848.0,846.0,862.0,777.0,773.0,764.0,783.0,770.0,787.0,757.0,752.0,776.0,786.0,885.0,902.0,872.0,870.0,865.0,878.0,900.0,901.0,900.0,864.0
817,1163.0,1166.0,1175.0,1191.0,1223.0,1160.0,1196.0,1196.0,1191.0,1136.0,1108.0,1082.0,1033.0,1091.0,1081.0,1100.0,1111.0,1119.0,1075.0,1136.0,1130.0,1096.0,1114.0,1109.0,1120.0,1137.0,1091.0,1028.0,1076.0,1147.0,1012.0,949.0,987.0,995.0,954.0,950.0,966.0,1005.0,991.0,946.0,890.0,889.0,840.0,861.0,925.0,877.0,854.0,830.0,834.0,903.0,1055.0,1073.0,1106.0,1119.0,1029.0,1059.0,1090.0,1093.0,1117.0,1029.0,979.0,992.0,983.0,930.0,979.0,959.0,937.0,970.0,953.0,959.0,864.0,886.0,903.0,886.0,862.0,895.0,852.0,872.0,861.0,865.0,757.0,745.0,797.0,772.0,793.0,793.0,775.0,814.0,771.0,779.0,850.0,919.0,869.0,823.0,814.0,868.0,923.0,837.0,874.0,912.0
818,1175.0,1212.0,1171.0,1148.0,1235.0,1181.0,1166.0,1129.0,1199.0,1179.0,1123.0,1135.0,1126.0,1104.0,1149.0,1132.0,1087.0,1119.0,1081.0,1092.0,1092.0,1087.0,1048.0,1177.0,1125.0,1154.0,1143.0,1085.0,1099.0,1095.0,1055.0,994.0,950.0,992.0,945.0,1005.0,983.0,970.0,977.0,982.0,870.0,863.0,814.0,856.0,828.0,843.0,845.0,859.0,829.0,884.0,1066.0,1040.0,1111.0,1062.0,1061.0,1049.0,1091.0,1063.0,1117.0,1102.0,962.0,953.0,984.0,943.0,986.0,951.0,988.0,999.0,957.0,982.0,855.0,837.0,850.0,840.0,832.0,866.0,883.0,881.0,854.0,854.0,764.0,786.0,838.0,772.0,749.0,727.0,762.0,791.0,745.0,800.0,844.0,889.0,916.0,881.0,863.0,885.0,847.0,873.0,882.0,843.0
819,1150.0,1201.0,1184.0,1183.0,1170.0,1181.0,1180.0,1156.0,1176.0,1182.0,1104.0,1086.0,1097.0,1050.0,1088.0,1097.0,1101.0,1094.0,1132.0,1090.0,1074.0,1129.0,1127.0,1107.0,1077.0,1160.0,1130.0,1138.0,1107.0,1072.0,1042.0,998.0,1000.0,981.0,1016.0,1031.0,996.0,978.0,927.0,953.0,862.0,840.0,796.0,840.0,896.0,812.0,845.0,833.0,853.0,898.0,1085.0,1064.0,1078.0,1105.0,1108.0,1124.0,1115.0,1052.0,1034.0,1102.0,998.0,929.0,978.0,1018.0,951.0,912.0,989.0,978.0,970.0,955.0,876.0,875.0,867.0,893.0,844.0,845.0,832.0,866.0,903.0,880.0,782.0,789.0,755.0,743.0,755.0,744.0,747.0,786.0,757.0,795.0,834.0,884.0,923.0,853.0,869.0,880.0,856.0,890.0,881.0,888.0
820,1199.0,1210.0,1210.0,1208.0,1163.0,1197.0,1176.0,1201.0,1181.0,1187.0,1074.0,1069.0,1080.0,1103.0,1055.0,1042.0,1087.0,996.0,1096.0,1092.0,1123.0,1139.0,1142.0,1094.0,1153.0,1101.0,1094.0,1112.0,1108.0,1089.0,1001.0,969.0,986.0,935.0,951.0,1004.0,962.0,948.0,974.0,935.0,876.0,840.0,854.0,861.0,878.0,851.0,849.0,885.0,825.0,868.0,1039.0,1067.0,1091.0,1095.0,1062.0,1086.0,1059.0,1054.0,1066.0,1074.0,1009.0,964.0,929.0,953.0,968.0,976.0,962.0,1024.0,943.0,948.0,896.0,900.0,885.0,812.0,876.0,895.0,893.0,883.0,877.0,928.0,717.0,778.0,742.0,812.0,771.0,775.0,805.0,770.0,753.0,804.0,871.0,859.0,881.0,899.0,900.0,863.0,910.0,901.0,917.0,894.0
821,1223.0,1203.0,1185.0,1120.0,1147.0,1193.0,1203.0,1175.0,1180.0,1194.0,1130.0,1101.0,1046.0,1085.0,1072.0,1075.0,1083.0,1057.0,1101.0,1096.0,1123.0,1079.0,1119.0,1139.0,1113.0,1138.0,1073.0,1126.0,1150.0,1092.0,954.0,964.0,999.0,931.0,973.0,1020.0,914.0,938.0,947.0,968.0,850.0,848.0,867.0,841.0,868.0,799.0,857.0,870.0,863.0,881.0,1080.0,1077.0,1126.0,1071.0,1066.0,1021.0,1078.0,1082.0,1106.0,1114.0,956.0,992.0,968.0,971.0,1004.0,958.0,990.0,985.0,932.0,971.0,841.0,862.0,892.0,948.0,897.0,863.0,905.0,864.0,860.0,859.0,784.0,796.0,767.0,820.0,773.0,823.0,811.0,779.0,768.0,760.0,862.0,875.0,829.0,850.0,868.0,903.0,887.0,901.0,831.0,882.0
822,1170.0,1194.0,1187.0,1189.0,1182.0,1175.0,1172.0,1174.0,1198.0,1199.0,1091.0,1076.0,1098.0,1066.0,1084.0,1118.0,1107.0,1045.0,1081.0,1136.0,1184.0,1180.0,1122.0,1103.0,1120.0,1113.0,1114.0,1109.0,1111.0,1081.0,923.0,980.0,969.0,974.0,901.0,980.0,969.0,949.0,934.0,985.0,858.0,813.0,860.0,858.0,829.0,831.0,905.0,846.0,839.0,872.0,1068.0,1063.0,1093.0,1093.0,1093.0,1056.0,1053.0,1098.0,1056.0,1054.0,993.0,1002.0,969.0,985.0,1025.0,964.0,938.0,968.0,991.0,986.0,876.0,865.0,854.0,908.0,891.0,902.0,857.0,873.0,893.0,896.0,782.0,756.0,823.0,760.0,765.0,776.0,801.0,810.0,763.0,766.0,856.0,864.0,822.0,841.0,890.0,879.0,889.0,909.0,873.0,841.0
823,1182.0,1181.0,1159.0,1158.0,1177.0,1181.0,1250.0,1206.0,1138.0,1175.0,1110.0,1010.0,1103.0,1114.0,1025.0,1067.0,1056.0,1017.0,1144.0,1092.0,1102.0,1144.0,1083.0,1107.0,1137.0,1098.0,1105.0,1149.0,1114.0,1135.0,959.0,1004.0,966.0,945.0,955.0,1043.0,1004.0,966.0,972.0,1006.0,901.0,863.0,895.0,832.0,828.0,856.0,872.0,806.0,849.0,851.0,1095.0,1088.0,1088.0,1116.0,1099.0,1075.0,1063.0,1050.0,1087.0,1114.0,979.0,981.0,977.0,966.0,954.0,950.0,937.0,984.0,937.0,939.0,850.0,872.0,854.0,828.0,932.0,893.0,882.0,903.0,865.0,881.0,773.0,782.0,742.0,812.0,774.0,769.0,751.0,810.0,771.0,751.0,851.0,869.0,933.0,898.0,901.0,863.0,882.0,889.0,861.0,869.0
824,1175.0,1164.0,1200.0,1168.0,1192.0,1183.0,1203.0,1137.0,1166.0,1179.0,1088.0,1128.0,1064.0,1095.0,1085.0,1115.0,1094.0,1133.0,1088.0,1072.0,1133.0,1142.0,1057.0,1105.0,1084.0,1109.0,1123.0,1119.0,1087.0,1092.0,937.0,953.0,1000.0,992.0,1016.0,983.0,978.0,975.0,980.0,997.0,860.0,865.0,848.0,858.0,892.0,840.0,910.0,853.0,858.0,855.0,1067.0,1056.0,1150.0,1044.0,1052.0,1079.0,1046.0,1112.0,1087.0,1077.0,1023.0,971.0,991.0,1000.0,942.0,932.0,940.0,941.0,943.0,970.0,847.0,829.0,859.0,849.0,858.0,898.0,919.0,840.0,856.0,888.0,802.0,784.0,755.0,767.0,799.0,742.0,749.0,800.0,797.0,806.0,873.0,904.0,873.0,901.0,865.0,912.0,839.0,868.0,882.0,881.0
825,1194.0,1214.0,1218.0,1189.0,1154.0,1188.0,1181.0,1196.0,1230.0,1176.0,1088.0,1119.0,1078.0,1030.0,1092.0,1151.0,1094.0,1088.0,1034.0,1091.0,1148.0,1126.0,1092.0,1119.0,1138.0,1132.0,1092.0,1119.0,1110.0,1074.0,963.0,963.0,974.0,985.0,988.0,938.0,959.0,972.0,907.0,994.0,855.0,827.0,818.0,850.0,868.0,829.0,838.0,809.0,816.0,858.0,1048.0,1062.0,1122.0,1076.0,1025.0,1105.0,1111.0,1092.0,1110.0,1095.0,960.0,986.0,1003.0,1010.0,956.0,979.0,988.0,974.0,940.0,967.0,855.0,844.0,850.0,890.0,917.0,802.0,876.0,901.0,902.0,897.0,791.0,775.0,776.0,728.0,788.0,758.0,789.0,789.0,767.0,778.0,905.0,878.0,863.0,901.0,861.0,904.0,873.0,836.0,927.0,888.0
826,1212.0,1140.0,1186.0,1189.0,1134.0,1183.0,1210.0,1177.0,1165.0,1213.0,1115.0,1148.0,1126.0,1052.0,1142.0,1071.0,1067.0,1113.0,1082.0,1102.0,1150.0,1122.0,1112.0,1173.0,1117.0,1110.0,1126.0,1109.0,1112.0,1106.0,967.0,1008.0,977.0,965.0,944.0,916.0,972.0,975.0,981.0,1000.0,857.0,835.0,885.0,874.0,914.0,855.0,869.0,840.0,815.0,855.0,1035.0,1083.0,1043.0,1068.0,1072.0,1128.0,1134.0,1081.0,1088.0,1084.0,944.0,980.0,958.0,927.0,959.0,1046.0,933.0,947.0,957.0,965.0,868.0,834.0,833.0,893.0,903.0,829.0,873.0,869.0,857.0,833.0,775.0,769.0,763.0,753.0,768.0,755.0,767.0,790.0,776.0,789.0,881.0,874.0,912.0,882.0,836.0,891.0,846.0,874.0,911.0,869.0
827,1205.0,1169.0,1165.0,1189.0,1187.0,1219.0,1196.0,1226.0,1088.0,1150.0,1093.0,1085.0,1145.0,1073.0,1054.0,1127.0,1050.0,1085.0,1098.0,1131.0,1121.0,1123.0,1131.0,1101.0,1140.0,1086.0,1122.0,1092.0,1143.0,1148.0,992.0,969.0,962.0,977.0,1000.0,970.0,944.0,997.0,934.0,980.0,852.0,854.0,815.0,877.0,884.0,841.0,809.0,840.0,874.0,866.0,1110.0,1089.0,1111.0,1063.0,1060.0,1076.0,1098.0,1066.0,1107.0,1057.0,952.0,991.0,959.0,932.0,983.0,937.0,1000.0,968.0,932.0,950.0,844.0,844.0,876.0,887.0,809.0,851.0,885.0,834.0,891.0,899.0,793.0,784.0,781.0,775.0,814.0,764.0,835.0,778.0,792.0,778.0,840.0,885.0,847.0,904.0,857.0,913.0,859.0,886.0,888.0,855.0
828,1213.0,1203.0,1189.0,1189.0,1213.0,1141.0,1207.0,1214.0,1143.0,1161.0,1096.0,1050.0,1104.0,1099.0,1062.0,1094.0,1079.0,1058.0,1092.0,1059.0,1157.0,1117.0,1133.0,1061.0,1132.0,1114.0,1126.0,1131.0,1089.0,1128.0,941.0,945.0,967.0,1034.0,974.0,988.0,963.0,916.0,966.0,978.0,874.0,873.0,900.0,853.0,822.0,838.0,814.0,864.0,882.0,917.0,1078.0,1122.0,1059.0,1077.0,1074.0,1063.0,1123.0,1077.0,1081.0,1087.0,918.0,989.0,921.0,992.0,956.0,1017.0,937.0,968.0,976.0,984.0,860.0,884.0,891.0,891.0,848.0,842.0,885.0,880.0,887.0,859.0,770.0,777.0,792.0,726.0,771.0,785.0,799.0,765.0,763.0,784.0,892.0,832.0,839.0,852.0,936.0,906.0,863.0,897.0,872.0,861.0
829,1204.0,1197.0,1171.0,1148.0,1160.0,1193.0,1182.0,1214.0,1167.0,1156.0,1121.0,1078.0,1074.0,1095.0,1115.0,1077.0,1129.0,1112.0,1042.0,1137.0,1087.0,1097.0,1122.0,1132.0,1085.0,1128.0,1099.0,1159.0,1111.0,1067.0,949.0,990.0,992.0,986.0,989.0,1001.0,987.0,975.0,1012.0,969.0,847.0,836.0,831.0,886.0,819.0,849.0,791.0,830.0,813.0,858.0,1055.0,1069.0,1079.0,1073.0,1037.0,1134.0,1067.0,1076.0,1094.0,1072.0,1005.0,985.0,968.0,965.0,1023.0,999.0,976.0,935.0,962.0,985.0,880.0,844.0,941.0,822.0,865.0,849.0,885.0,862.0,881.0,870.0,794.0,783.0,750.0,775.0,802.0,736.0,794.0,752.0,790.0,814.0,861.0,916.0,868.0,893.0,896.0,816.0,886.0,848.0,880.0,893.0
830,1204.0,1163.0,1238.0,1148.0,1155.0,1166.0,1210.0,1168.0,1162.0,1163.0,1115.0,1128.0,1062.0,1119.0,1124.0,1093.0,1079.0,1109.0,1107.0,1011.0,1102.0,1160.0,1131.0,1151.0,1147.0,1104.0,1069.0,1131.0,1130.0,1135.0,980.0,987.0,965.0,987.0,974.0,1024.0,1015.0,965.0,941.0,1001.0,872.0,837.0,840.0,794.0,895.0,867.0,827.0,854.0,869.0,851.0,1061.0,1148.0,1112.0,1081.0,1026.0,1100.0,1066.0,1077.0,1055.0,1094.0,987.0,957.0,974.0,970.0,974.0,982.0,987.0,972.0,965.0,977.0,872.0,843.0,893.0,862.0,858.0,867.0,900.0,839.0,826.0,945.0,756.0,728.0,743.0,762.0,766.0,740.0,773.0,786.0,783.0,758.0,853.0,838.0,832.0,899.0,872.0,839.0,871.0,862.0,915.0,888.0
831,1203.0,1184.0,1208.0,1209.0,1177.0,1203.0,1130.0,1177.0,1240.0,1151.0,1072.0,1114.0,1080.0,1102.0,1124.0,1057.0,1067.0,1125.0,1065.0,1111.0,1072.0,1085.0,1080.0,1098.0,1138.0,1093.0,1078.0,1091.0,1156.0,1090.0,990.0,968.0,966.0,939.0,940.0,980.0,995.0,956.0,922.0,993.0,890.0,821.0,832.0,873.0,878.0,907.0,841.0,814.0,860.0,847.0,1137.0,1101.0,1146.0,1058.0,1088.0,1062.0,1094.0,1091.0,1039.0,1027.0,945.0,1029.0,938.0,949.0,926.0,931.0,1028.0,978.0,932.0,1026.0,868.0,840.0,892.0,866.0,872.0,849.0,846.0,885.0,861.0,901.0,742.0,774.0,778.0,791.0,778.0,781.0,793.0,777.0,796.0,823.0,881.0,874.0,868.0,888.0,868.0,924.0,930.0,869.0,878.0,857.0
832,1192.0,1150.0,1214.0,1184.0,1132.0,1153.0,1227.0,1183.0,1207.0,1138.0,1098.0,1107.0,1079.0,1098.0,1160.0,1083.0,1088.0,1098.0,1123.0,1089.0,1121.0,1058.0,1090.0,1115.0,1106.0,1126.0,1107.0,1120.0,1085.0,1101.0,976.0,1001.0,990.0,959.0,955.0,948.0,936.0,931.0,967.0,994.0,865.0,803.0,869.0,828.0,863.0,883.0,830.0,844.0,846.0,853.0,1102.0,1069.0,1134.0,1110.0,1112.0,1106.0,1091.0,1084.0,1071.0,1050.0,970.0,1026.0,976.0,1003.0,926.0,956.0,1006.0,961.0,922.0,992.0,841.0,894.0,807.0,844.0,869.0,861.0,885.0,895.0,887.0,907.0,725.0,777.0,747.0,775.0,808.0,784.0,761.0,796.0,770.0,826.0,907.0,908.0,879.0,854.0,858.0,891.0,868.0,852.0,869.0,881.0
833,1254.0,1126.0,1216.0,1177.0,1193.0,1124.0,1181.0,1201.0,1141.0,1142.0,1103.0,1155.0,1078.0,1094.0,1088.0,1061.0,1150.0,1121.0,1097.0,1072.0,1108.0,1154.0,1098.0,1133.0,1128.0,1122.0,1102.0,1092.0,1170.0,1126.0,973.0,971.0,1007.0,955.0,982.0,972.0,1037.0,979.0,969.0,1024.0,884.0,864.0,848.0,864.0,862.0,876.0,834.0,830.0,806.0,838.0,1049.0,1044.0,1084.0,1016.0,1060.0,1103.0,1098.0,1016.0,1096.0,1097.0,966.0,986.0,987.0,987.0,1004.0,982.0,966.0,1001.0,929.0,1017.0,853.0,887.0,868.0,900.0,832.0,879.0,857.0,828.0,874.0,893.0,776.0,746.0,793.0,765.0,741.0,767.0,744.0,789.0,782.0,787.0,828.0,861.0,806.0,881.0,897.0,910.0,824.0,908.0,882.0,835.0
834,1219.0,1164.0,1202.0,1220.0,1213.0,1165.0,1191.0,1181.0,1179.0,1170.0,1059.0,1096.0,1115.0,1110.0,1127.0,1092.0,1111.0,1105.0,1084.0,1073.0,1163.0,1163.0,1114.0,1137.0,1085.0,1139.0,1077.0,1121.0,1107.0,1128.0,974.0,941.0,1004.0,961.0,913.0,967.0,990.0,1044.0,961.0,1006.0,857.0,900.0,858.0,866.0,849.0,834.0,843.0,805.0,852.0,862.0,1080.0,1076.0,1081.0,1068.0,1066.0,1100.0,1090.0,1042.0,1107.0,1087.0,970.0,981.0,971.0,970.0,987.0,973.0,980.0,942.0,969.0,945.0,848.0,862.0,849.0,868.0,845.0,876.0,877.0,891.0,840.0,882.0,737.0,742.0,761.0,741.0,808.0,761.0,755.0,756.0,759.0,777.0,882.0,867.0,828.0,825.0,894.0,890.0,880.0,877.0,887.0,900.0
835,1199.0,1161.0,1200.0,1194.0,1225.0,1178.0,1170.0,1174.0,1197.0,1192.0,1049.0,1093.0,1113.0,1150.0,1130.0,1049.0,1073.0,1129.0,1072.0,1052.0,1170.0,1110.0,1136.0,1165.0,1070.0,1140.0,1091.0,1138.0,1088.0,1113.0,1000.0,977.0,971.0,913.0,979.0,1011.0,992.0,983.0,957.0,1018.0,876.0,869.0,843.0,858.0,833.0,849.0,863.0,845.0,872.0,874.0,1049.0,1086.0,1063.0,1105.0,1107.0,1097.0,1130.0,1062.0,1081.0,1050.0,965.0,976.0,979.0,940.0,987.0,961.0,998.0,954.0,961.0,964.0,859.0,874.0,828.0,830.0,851.0,869.0,862.0,861.0,872.0,899.0,762.0,763.0,781.0,790.0,767.0,816.0,760.0,718.0,749.0,794.0,859.0,886.0,867.0,814.0,833.0,827.0,854.0,898.0,899.0,875.0
836,1158.0,1181.0,1197.0,1241.0,1194.0,1159.0,1168.0,1189.0,1174.0,1169.0,1130.0,1071.0,1135.0,1113.0,1083.0,1133.0,1086.0,1085.0,1078.0,1116.0,1106.0,1122.0,1110.0,1110.0,1098.0,1063.0,1153.0,1096.0,1130.0,1141.0,985.0,952.0,966.0,969.0,1013.0,998.0,974.0,979.0,1032.0,994.0,868.0,924.0,856.0,878.0,873.0,840.0,827.0,813.0,821.0,836.0,1066.0,1074.0,1083.0,1066.0,1097.0,1083.0,1036.0,1071.0,1115.0,1086.0,966.0,975.0,956.0,976.0,997.0,958.0,989.0,1025.0,942.0,981.0,903.0,905.0,813.0,846.0,825.0,885.0,887.0,866.0,861.0,834.0,734.0,743.0,797.0,728.0,764.0,779.0,778.0,788.0,711.0,793.0,876.0,849.0,867.0,826.0,837.0,901.0,896.0,850.0,877.0,879.0
837,1130.0,1192.0,1193.0,1216.0,1178.0,1182.0,1134.0,1152.0,1147.0,1192.0,1125.0,1103.0,1128.0,1091.0,1093.0,1101.0,1129.0,1122.0,1095.0,1059.0,1152.0,1080.0,1118.0,1154.0,1151.0,1128.0,1073.0,1112.0,1124.0,1125.0,954.0,991.0,914.0,942.0,955.0,954.0,963.0,968.0,989.0,1029.0,889.0,884.0,861.0,854.0,863.0,869.0,891.0,844.0,862.0,878.0,1061.0,1053.0,1060.0,1106.0,1085.0,1065.0,1098.0,1001.0,1066.0,1113.0,965.0,979.0,979.0,977.0,970.0,993.0,998.0,1006.0,950.0,977.0,870.0,929.0,867.0,845.0,844.0,884.0,883.0,864.0,846.0,842.0,786.0,725.0,783.0,752.0,787.0,790.0,777.0,811.0,831.0,765.0,863.0,859.0,879.0,810.0,855.0,833.0,852.0,885.0,834.0,845.0
838,1131.0,1147.0,1177.0,1174.0,1196.0,1172.0,1156.0,1160.0,1197.0,1183.0,1121.0,1065.0,1089.0,1110.0,1096.0,1130.0,1108.0,1162.0,1094.0,1095.0,1114.0,1124.0,1130.0,1140.0,1137.0,1106.0,1111.0,1095.0,1123.0,1149.0,978.0,993.0,967.0,984.0,976.0,989.0,1019.0,962.0,938.0,960.0,868.0,849.0,825.0,806.0,871.0,859.0,871.0,854.0,833.0,856.0,1079.0,1094.0,1112.0,1046.0,1065.0,1076.0,1067.0,1070.0,1033.0,1116.0,980.0,955.0,957.0,949.0,945.0,984.0,971.0,945.0,972.0,961.0,905.0,935.0,878.0,905.0,861.0,879.0,835.0,889.0,901.0,891.0,752.0,769.0,759.0,810.0,771.0,758.0,778.0,755.0,782.0,801.0,872.0,868.0,888.0,823.0,864.0,845.0,883.0,872.0,873.0,808.0
839,1168.0,1126.0,1149.0,1180.0,1177.0,1175.0,1194.0,1163.0,1192.0,1213.0,1097.0,1115.0,1128.0,1081.0,1063.0,1096.0,1041.0,1062.0,1062.0,1093.0,1104.0,1101.0,1120.0,1093.0,1106.0,1142.0,1141.0,1107.0,1144.0,1101.0,986.0,997.0,982.0,966.0,1000.0,947.0,959.0,953.0,991.0,976.0,855.0,851.0,853.0,819.0,846.0,869.0,821.0,871.0,831.0,859.0,1110.0,1115.0,1048.0,1067.0,1091.0,1078.0,1091.0,1053.0,1017.0,1100.0,978.0,1007.0,913.0,961.0,958.0,957.0,962.0,999.0,936.0,942.0,859.0,887.0,923.0,868.0,864.0,883.0,880.0,879.0,874.0,860.0,786.0,773.0,744.0,796.0,816.0,755.0,778.0,790.0,843.0,794.0,858.0,829.0,927.0,921.0,865.0,896.0,932.0,892.0,857.0,881.0
840,1233.0,1154.0,1130.0,1125.0,1186.0,1212.0,1162.0,1133.0,1153.0,1212.0,1103.0,1111.0,1086.0,1099.0,1084.0,1116.0,1110.0,1127.0,1128.0,1133.0,1111.0,1109.0,1122.0,1105.0,1123.0,1118.0,1137.0,1087.0,1128.0,1136.0,971.0,1011.0,967.0,994.0,999.0,1030.0,1027.0,996.0,986.0,960.0,867.0,847.0,854.0,858.0,858.0,807.0,830.0,848.0,848.0,822.0,1027.0,1056.0,1097.0,1061.0,1058.0,1081.0,1084.0,1088.0,1081.0,1088.0,1000.0,959.0,994.0,945.0,951.0,974.0,979.0,927.0,955.0,933.0,849.0,880.0,904.0,853.0,875.0,862.0,844.0,879.0,847.0,849.0,726.0,792.0,770.0,847.0,807.0,743.0,738.0,806.0,753.0,780.0,911.0,886.0,867.0,872.0,847.0,849.0,883.0,881.0,865.0,899.0
841,1196.0,1200.0,1144.0,1177.0,1195.0,1166.0,1191.0,1195.0,1192.0,1202.0,1085.0,1097.0,1082.0,1048.0,1074.0,1126.0,1101.0,1102.0,1096.0,1116.0,1101.0,1102.0,1080.0,1095.0,1116.0,1148.0,1129.0,1119.0,1117.0,1130.0,999.0,965.0,980.0,977.0,1018.0,1009.0,972.0,985.0,902.0,957.0,902.0,830.0,872.0,835.0,878.0,875.0,864.0,802.0,902.0,838.0,1124.0,1053.0,1066.0,1086.0,1106.0,1023.0,1052.0,1044.0,1104.0,1095.0,928.0,991.0,997.0,973.0,966.0,968.0,996.0,964.0,956.0,973.0,830.0,891.0,921.0,926.0,830.0,864.0,812.0,870.0,876.0,837.0,790.0,788.0,791.0,777.0,744.0,759.0,773.0,782.0,749.0,793.0,842.0,889.0,864.0,868.0,859.0,853.0,905.0,908.0,846.0,869.0
842,1217.0,1207.0,1194.0,1192.0,1147.0,1192.0,1175.0,1215.0,1160.0,1179.0,1095.0,1087.0,1078.0,1020.0,1090.0,1047.0,1104.0,1098.0,1088.0,1105.0,1133.0,1127.0,1130.0,1119.0,1145.0,1132.0,1153.0,1068.0,1117.0,1074.0,947.0,1006.0,933.0,997.0,961.0,1000.0,962.0,1005.0,972.0,1007.0,807.0,865.0,838.0,840.0,846.0,840.0,872.0,845.0,900.0,857.0,1094.0,1064.0,1045.0,1106.0,1098.0,1095.0,1091.0,1090.0,1081.0,1081.0,991.0,938.0,1052.0,1016.0,974.0,991.0,958.0,947.0,943.0,934.0,855.0,849.0,869.0,846.0,847.0,861.0,853.0,846.0,875.0,901.0,786.0,765.0,798.0,786.0,775.0,777.0,790.0,767.0,768.0,790.0,870.0,897.0,860.0,840.0,903.0,855.0,837.0,889.0,836.0,884.0
843,1138.0,1153.0,1188.0,1144.0,1186.0,1141.0,1128.0,1184.0,1231.0,1198.0,1128.0,1117.0,1068.0,1056.0,1078.0,1090.0,1131.0,1146.0,1068.0,1106.0,1100.0,1117.0,1106.0,1096.0,1095.0,1164.0,1108.0,1089.0,1116.0,1132.0,963.0,980.0,1022.0,1003.0,970.0,987.0,1000.0,959.0,907.0,977.0,830.0,860.0,857.0,864.0,834.0,827.0,819.0,862.0,887.0,827.0,1116.0,1073.0,1087.0,1049.0,1072.0,1079.0,1085.0,1055.0,1064.0,1090.0,966.0,971.0,949.0,976.0,979.0,1008.0,1011.0,961.0,974.0,956.0,884.0,851.0,862.0,905.0,880.0,833.0,893.0,903.0,868.0,866.0,790.0,776.0,793.0,809.0,774.0,781.0,795.0,770.0,766.0,791.0,882.0,907.0,866.0,867.0,918.0,880.0,825.0,841.0,859.0,868.0
844,1173.0,1142.0,1142.0,1159.0,1165.0,1186.0,1171.0,1189.0,1179.0,1172.0,1046.0,1144.0,1161.0,1115.0,1082.0,1064.0,1114.0,1115.0,1122.0,1098.0,1188.0,1062.0,1109.0,1098.0,1062.0,1087.0,1091.0,1094.0,1035.0,1104.0,970.0,992.0,948.0,1000.0,976.0,961.0,960.0,1004.0,1001.0,962.0,830.0,848.0,831.0,825.0,815.0,869.0,847.0,831.0,852.0,820.0,1107.0,1079.0,1101.0,1061.0,1099.0,1098.0,1064.0,1076.0,1119.0,1105.0,944.0,1045.0,922.0,1018.0,990.0,965.0,1026.0,946.0,962.0,961.0,880.0,877.0,892.0,821.0,899.0,913.0,818.0,868.0,864.0,905.0,780.0,758.0,814.0,798.0,778.0,767.0,840.0,792.0,735.0,810.0,878.0,858.0,880.0,877.0,924.0,882.0,868.0,853.0,869.0,876.0
845,1170.0,1190.0,1223.0,1176.0,1203.0,1231.0,1169.0,1146.0,1198.0,1159.0,1066.0,1096.0,1022.0,1096.0,1064.0,1107.0,1098.0,1102.0,1109.0,1136.0,1121.0,1130.0,1106.0,1107.0,1100.0,1113.0,1127.0,1105.0,1137.0,1094.0,983.0,943.0,987.0,1012.0,1002.0,987.0,949.0,952.0,982.0,943.0,863.0,849.0,880.0,855.0,833.0,818.0,854.0,863.0,822.0,868.0,1093.0,1087.0,1117.0,1052.0,1021.0,1036.0,1107.0,1031.0,1050.0,1071.0,958.0,956.0,924.0,926.0,999.0,983.0,988.0,991.0,957.0,997.0,855.0,871.0,862.0,849.0,878.0,857.0,876.0,910.0,904.0,885.0,784.0,845.0,803.0,771.0,796.0,756.0,779.0,768.0,759.0,804.0,906.0,838.0,877.0,930.0,895.0,901.0,852.0,907.0,818.0,858.0
846,1175.0,1186.0,1160.0,1199.0,1165.0,1174.0,1170.0,1133.0,1184.0,1171.0,1088.0,1118.0,1125.0,1076.0,1080.0,1106.0,1082.0,1143.0,1090.0,1084.0,1136.0,1085.0,1060.0,1134.0,1116.0,1093.0,1108.0,1090.0,1105.0,1144.0,945.0,987.0,999.0,956.0,961.0,1002.0,1029.0,978.0,991.0,949.0,839.0,861.0,864.0,839.0,822.0,847.0,876.0,837.0,852.0,905.0,1074.0,1097.0,1082.0,1103.0,1109.0,1071.0,1087.0,1077.0,1047.0,1071.0,941.0,920.0,1003.0,946.0,985.0,986.0,954.0,994.0,953.0,1013.0,864.0,882.0,844.0,864.0,861.0,869.0,852.0,857.0,915.0,844.0,844.0,752.0,795.0,764.0,831.0,770.0,770.0,737.0,737.0,787.0,898.0,916.0,871.0,889.0,862.0,875.0,873.0,928.0,862.0,847.0
847,1080.0,1174.0,1116.0,1175.0,1184.0,1152.0,1196.0,1157.0,1217.0,1202.0,1139.0,1124.0,1070.0,1116.0,1070.0,1128.0,1110.0,1105.0,1095.0,1070.0,1104.0,1109.0,1127.0,1119.0,1083.0,1173.0,1115.0,1121.0,1107.0,1096.0,1002.0,958.0,982.0,954.0,1008.0,984.0,969.0,988.0,1018.0,982.0,822.0,829.0,879.0,814.0,838.0,880.0,836.0,850.0,800.0,874.0,1105.0,1105.0,1115.0,1061.0,1041.0,1085.0,1041.0,1093.0,1028.0,1127.0,961.0,969.0,1014.0,968.0,982.0,935.0,939.0,983.0,980.0,1015.0,907.0,868.0,826.0,885.0,922.0,846.0,927.0,855.0,858.0,853.0,773.0,789.0,774.0,792.0,814.0,769.0,767.0,766.0,750.0,763.0,915.0,877.0,903.0,887.0,853.0,839.0,902.0,856.0,880.0,829.0
848,1157.0,1129.0,1171.0,1198.0,1162.0,1146.0,1166.0,1203.0,1195.0,1136.0,1073.0,1110.0,1087.0,1072.0,1102.0,1146.0,1110.0,1023.0,1086.0,1124.0,1112.0,1149.0,1104.0,1148.0,1099.0,1129.0,1155.0,1095.0,1103.0,1110.0,978.0,944.0,959.0,976.0,978.0,1015.0,952.0,957.0,1000.0,946.0,840.0,845.0,904.0,864.0,849.0,869.0,862.0,850.0,810.0,887.0,1109.0,1087.0,1082.0,1065.0,1079.0,1063.0,1046.0,1088.0,1077.0,1044.0,989.0,1014.0,1019.0,964.0,967.0,927.0,948.0,956.0,1004.0,1009.0,888.0,868.0,870.0,862.0,877.0,890.0,909.0,880.0,852.0,926.0,776.0,786.0,761.0,765.0,776.0,761.0,742.0,836.0,754.0,780.0,889.0,870.0,849.0,856.0,907.0,845.0,913.0,889.0,848.0,853.0
849,1205.0,1178.0,1191.0,1171.0,1183.0,1174.0,1156.0,1182.0,1223.0,1172.0,1085.0,1116.0,1014.0,1105.0,1106.0,1115.0,1127.0,1067.0,1056.0,1116.0,1082.0,1125.0,1152.0,1102.0,1112.0,1080.0,1104.0,1118.0,1122.0,1105.0,939.0,968.0,978.0,1011.0,959.0,1011.0,981.0,975.0,989.0,980.0,877.0,836.0,852.0,860.0,884.0,867.0,832.0,870.0,814.0,808.0,1077.0,1098.0,1079.0,1076.0,1106.0,1096.0,1142.0,1093.0,1090.0,1047.0,975.0,1012.0,1033.0,939.0,969.0,970.0,949.0,936.0,921.0,1015.0,896.0,852.0,860.0,849.0,868.0,861.0,901.0,876.0,902.0,923.0,774.0,782.0,760.0,771.0,738.0,767.0,768.0,796.0,790.0,816.0,904.0,833.0,886.0,889.0,867.0,851.0,841.0,866.0,820.0,833.0
850,1172.0,1165.0,1141.0,1148.0,1230.0,1195.0,1192.0,1190.0,1187.0,1142.0,1135.0,1130.0,1095.0,1104.0,1055.0,1135.0,1084.0,1114.0,1139.0,1056.0,1089.0,1147.0,1092.0,1149.0,1061.0,1096.0,1122.0,1134.0,1083.0,1168.0,965.0,974.0,995.0,955.0,1009.0,948.0,1006.0,947.0,929.0,937.0,873.0,865.0,878.0,872.0,852.0,795.0,818.0,879.0,851.0,833.0,1073.0,1086.0,1088.0,1083.0,1068.0,1108.0,1076.0,1075.0,1088.0,1082.0,992.0,976.0,987.0,940.0,994.0,968.0,1021.0,987.0,966.0,1002.0,888.0,826.0,899.0,881.0,918.0,860.0,864.0,849.0,866.0,927.0,757.0,758.0,784.0,760.0,772.0,816.0,749.0,752.0,773.0,784.0,870.0,869.0,850.0,882.0,833.0,867.0,867.0,848.0,844.0,887.0
851,1231.0,1192.0,1162.0,1186.0,1217.0,1207.0,1181.0,1190.0,1216.0,1195.0,1071.0,1086.0,1048.0,1086.0,1038.0,1107.0,1094.0,1057.0,1077.0,1131.0,1176.0,1147.0,1115.0,1119.0,1093.0,1091.0,1120.0,1103.0,1081.0,1173.0,955.0,944.0,1042.0,988.0,962.0,964.0,958.0,926.0,952.0,925.0,823.0,861.0,869.0,848.0,823.0,845.0,826.0,890.0,853.0,829.0,1060.0,1050.0,1073.0,1042.0,1091.0,1096.0,1052.0,1102.0,1101.0,1077.0,968.0,997.0,990.0,993.0,1028.0,987.0,1015.0,993.0,947.0,965.0,885.0,902.0,879.0,859.0,883.0,831.0,920.0,892.0,874.0,841.0,769.0,760.0,774.0,794.0,779.0,786.0,771.0,735.0,753.0,790.0,871.0,856.0,858.0,861.0,877.0,873.0,864.0,886.0,871.0,886.0
852,1181.0,1176.0,1233.0,1105.0,1223.0,1204.0,1175.0,1170.0,1206.0,1150.0,1102.0,1065.0,1072.0,1115.0,1117.0,1121.0,1077.0,1065.0,1051.0,1102.0,1123.0,1150.0,1072.0,1120.0,1102.0,1115.0,1145.0,1165.0,1081.0,1083.0,1009.0,1003.0,969.0,975.0,942.0,984.0,1006.0,951.0,981.0,969.0,830.0,925.0,859.0,858.0,824.0,808.0,837.0,844.0,825.0,914.0,1116.0,1091.0,1107.0,1143.0,1057.0,1115.0,1087.0,1103.0,1108.0,1095.0,956.0,950.0,1027.0,993.0,982.0,949.0,979.0,1020.0,929.0,969.0,849.0,823.0,842.0,863.0,852.0,886.0,854.0,830.0,908.0,870.0,769.0,778.0,775.0,742.0,793.0,775.0,756.0,802.0,799.0,776.0,871.0,833.0,849.0,862.0,896.0,825.0,883.0,821.0,840.0,889.0
853,1172.0,1211.0,1127.0,1179.0,1122.0,1181.0,1208.0,1228.0,1174.0,1214.0,1054.0,1102.0,1093.0,1086.0,1159.0,1086.0,1124.0,1064.0,1069.0,1108.0,1112.0,1077.0,1114.0,1133.0,1119.0,1100.0,1157.0,1100.0,1032.0,1095.0,980.0,978.0,976.0,955.0,961.0,934.0,953.0,956.0,952.0,962.0,858.0,884.0,899.0,880.0,861.0,892.0,825.0,868.0,850.0,859.0,1110.0,1058.0,1082.0,1102.0,1036.0,1052.0,1076.0,1061.0,1075.0,1070.0,1007.0,965.0,982.0,950.0,1004.0,993.0,939.0,961.0,988.0,1018.0,865.0,853.0,864.0,895.0,886.0,889.0,840.0,864.0,918.0,865.0,773.0,758.0,790.0,768.0,784.0,789.0,803.0,789.0,780.0,739.0,876.0,909.0,884.0,827.0,859.0,871.0,869.0,880.0,898.0,883.0
854,1160.0,1192.0,1174.0,1228.0,1148.0,1203.0,1193.0,1188.0,1153.0,1124.0,1094.0,1086.0,1064.0,1051.0,1125.0,1123.0,1109.0,1095.0,1089.0,1113.0,1092.0,1100.0,1129.0,1152.0,1159.0,1028.0,1156.0,1107.0,1042.0,1130.0,934.0,980.0,968.0,964.0,950.0,984.0,988.0,975.0,1009.0,939.0,805.0,872.0,874.0,889.0,814.0,880.0,761.0,843.0,803.0,813.0,1065.0,1063.0,1078.0,1071.0,1039.0,1064.0,1133.0,1091.0,1113.0,1093.0,1040.0,978.0,1014.0,945.0,967.0,981.0,931.0,1011.0,998.0,977.0,865.0,890.0,880.0,887.0,908.0,895.0,859.0,893.0,856.0,893.0,807.0,766.0,775.0,748.0,769.0,782.0,767.0,738.0,793.0,810.0,950.0,870.0,855.0,837.0,911.0,850.0,889.0,827.0,884.0,923.0
855,1182.0,1128.0,1149.0,1159.0,1162.0,1221.0,1149.0,1165.0,1198.0,1194.0,1088.0,1101.0,1006.0,1119.0,1075.0,1129.0,1094.0,1146.0,1085.0,1064.0,1148.0,1120.0,1161.0,1110.0,1130.0,1126.0,1148.0,1064.0,1064.0,1111.0,972.0,985.0,980.0,1007.0,980.0,929.0,915.0,914.0,1017.0,955.0,869.0,861.0,869.0,806.0,838.0,861.0,864.0,911.0,869.0,863.0,1033.0,1120.0,1112.0,1097.0,1077.0,1085.0,1097.0,1084.0,1046.0,1094.0,949.0,974.0,976.0,998.0,998.0,934.0,916.0,990.0,980.0,972.0,892.0,885.0,866.0,845.0,882.0,832.0,890.0,840.0,844.0,879.0,758.0,772.0,756.0,787.0,783.0,769.0,805.0,754.0,775.0,776.0,922.0,854.0,938.0,843.0,865.0,901.0,914.0,900.0,865.0,908.0
856,1170.0,1148.0,1169.0,1139.0,1202.0,1211.0,1143.0,1246.0,1147.0,1157.0,1109.0,1123.0,1095.0,1115.0,1091.0,1111.0,1125.0,1053.0,1121.0,1113.0,1130.0,1044.0,1112.0,1130.0,1128.0,1080.0,1098.0,1133.0,1109.0,1125.0,955.0,960.0,1000.0,948.0,969.0,964.0,988.0,953.0,966.0,1026.0,841.0,824.0,920.0,885.0,854.0,838.0,846.0,836.0,878.0,851.0,1121.0,1129.0,1041.0,1061.0,1099.0,1089.0,1139.0,1091.0,1040.0,1072.0,963.0,1021.0,985.0,980.0,921.0,1022.0,963.0,939.0,991.0,983.0,832.0,871.0,851.0,913.0,887.0,846.0,847.0,873.0,867.0,857.0,782.0,790.0,763.0,739.0,779.0,766.0,755.0,765.0,735.0,744.0,906.0,892.0,878.0,863.0,857.0,858.0,888.0,876.0,890.0,885.0
857,1197.0,1171.0,1162.0,1174.0,1220.0,1166.0,1199.0,1171.0,1188.0,1149.0,1095.0,1122.0,1143.0,1042.0,1062.0,1146.0,1108.0,1098.0,1089.0,1124.0,1136.0,1147.0,1122.0,1143.0,1135.0,1078.0,1106.0,1101.0,1141.0,1087.0,961.0,974.0,959.0,975.0,975.0,1023.0,978.0,994.0,914.0,1023.0,823.0,858.0,909.0,922.0,804.0,816.0,819.0,879.0,835.0,868.0,1090.0,1089.0,1079.0,1056.0,1039.0,1098.0,1063.0,1073.0,1068.0,1072.0,1014.0,975.0,974.0,928.0,965.0,946.0,996.0,953.0,933.0,973.0,849.0,894.0,847.0,898.0,856.0,858.0,867.0,892.0,917.0,876.0,773.0,746.0,737.0,799.0,842.0,744.0,781.0,756.0,787.0,766.0,869.0,822.0,878.0,839.0,890.0,910.0,877.0,848.0,870.0,878.0
858,1150.0,1111.0,1234.0,1193.0,1195.0,1175.0,1188.0,1173.0,1139.0,1186.0,1082.0,1130.0,1114.0,1089.0,1100.0,1057.0,1040.0,1118.0,1103.0,1087.0,1112.0,1115.0,1162.0,1100.0,1126.0,1144.0,1135.0,1097.0,1119.0,1084.0,978.0,1004.0,940.0,931.0,1008.0,984.0,962.0,974.0,972.0,1031.0,863.0,857.0,906.0,888.0,824.0,876.0,846.0,861.0,829.0,863.0,1109.0,1156.0,1041.0,1054.0,1059.0,1081.0,1109.0,1022.0,1088.0,1115.0,942.0,927.0,948.0,978.0,980.0,975.0,950.0,972.0,975.0,994.0,847.0,812.0,825.0,876.0,886.0,848.0,905.0,850.0,895.0,824.0,789.0,781.0,772.0,790.0,754.0,770.0,788.0,821.0,750.0,780.0,939.0,902.0,862.0,880.0,852.0,877.0,871.0,882.0,872.0,852.0
859,1157.0,1212.0,1198.0,1202.0,1199.0,1176.0,1162.0,1174.0,1186.0,1182.0,1047.0,1107.0,1120.0,1059.0,1100.0,1086.0,1076.0,1068.0,1072.0,1103.0,1119.0,1084.0,1101.0,1111.0,1128.0,1126.0,1109.0,1104.0,1151.0,1159.0,985.0,956.0,1014.0,945.0,961.0,945.0,995.0,1009.0,962.0,957.0,933.0,852.0,841.0,858.0,833.0,833.0,835.0,913.0,854.0,799.0,1112.0,1064.0,1064.0,1102.0,1089.0,1055.0,1073.0,1076.0,1038.0,1104.0,939.0,978.0,964.0,949.0,965.0,996.0,1016.0,936.0,978.0,952.0,883.0,879.0,854.0,912.0,878.0,901.0,863.0,827.0,854.0,847.0,744.0,774.0,757.0,763.0,784.0,765.0,773.0,799.0,767.0,810.0,894.0,892.0,889.0,878.0,844.0,906.0,895.0,866.0,881.0,899.0
860,1207.0,1161.0,1209.0,1176.0,1183.0,1186.0,1148.0,1155.0,1188.0,1214.0,1101.0,1156.0,1091.0,1103.0,1062.0,1127.0,1132.0,1061.0,1081.0,1112.0,1095.0,1136.0,1154.0,1132.0,1147.0,1074.0,1126.0,1107.0,1096.0,1094.0,941.0,978.0,1000.0,982.0,996.0,1021.0,1001.0,1004.0,948.0,959.0,860.0,846.0,835.0,837.0,830.0,881.0,817.0,829.0,849.0,861.0,1068.0,1056.0,1056.0,1069.0,1066.0,1063.0,1053.0,1076.0,1066.0,1047.0,986.0,943.0,946.0,981.0,969.0,937.0,1006.0,958.0,975.0,994.0,903.0,854.0,870.0,909.0,845.0,864.0,844.0,884.0,843.0,862.0,784.0,748.0,767.0,746.0,830.0,756.0,792.0,774.0,819.0,797.0,869.0,916.0,871.0,843.0,853.0,881.0,879.0,926.0,879.0,873.0
861,1244.0,1191.0,1214.0,1197.0,1160.0,1165.0,1136.0,1204.0,1146.0,1191.0,1065.0,1069.0,1117.0,1107.0,1078.0,1091.0,1049.0,1072.0,1107.0,1055.0,1095.0,1134.0,1101.0,1126.0,1087.0,1123.0,1113.0,1166.0,1123.0,1127.0,977.0,1013.0,1010.0,961.0,1009.0,954.0,972.0,935.0,936.0,917.0,870.0,854.0,867.0,850.0,853.0,833.0,878.0,833.0,887.0,869.0,1091.0,1082.0,1074.0,1050.0,1070.0,1086.0,1104.0,1067.0,1096.0,1063.0,960.0,967.0,950.0,988.0,1000.0,981.0,967.0,946.0,974.0,1026.0,880.0,852.0,861.0,834.0,877.0,892.0,895.0,920.0,841.0,882.0,768.0,730.0,758.0,809.0,808.0,784.0,794.0,756.0,769.0,820.0,863.0,903.0,843.0,855.0,843.0,882.0,896.0,871.0,865.0,866.0
862,1236.0,1187.0,1186.0,1129.0,1203.0,1148.0,1175.0,1146.0,1116.0,1156.0,1127.0,1101.0,1129.0,1091.0,1099.0,1124.0,1064.0,1119.0,1067.0,1072.0,1079.0,1091.0,1146.0,1160.0,1057.0,1158.0,1164.0,1142.0,1151.0,1116.0,906.0,970.0,968.0,975.0,1040.0,956.0,952.0,963.0,939.0,991.0,819.0,847.0,907.0,845.0,863.0,849.0,859.0,863.0,853.0,844.0,1099.0,1076.0,1085.0,1058.0,1048.0,1080.0,1056.0,1069.0,1108.0,1107.0,988.0,987.0,923.0,971.0,953.0,945.0,1019.0,984.0,985.0,980.0,895.0,872.0,831.0,894.0,842.0,906.0,875.0,874.0,888.0,892.0,773.0,790.0,736.0,785.0,774.0,769.0,758.0,759.0,738.0,784.0,887.0,876.0,880.0,871.0,906.0,855.0,881.0,852.0,899.0,877.0
863,1224.0,1192.0,1207.0,1135.0,1194.0,1202.0,1206.0,1203.0,1199.0,1210.0,1080.0,1108.0,1094.0,1117.0,1123.0,1088.0,1065.0,1153.0,1088.0,1073.0,1085.0,1055.0,1119.0,1139.0,1105.0,1090.0,1134.0,1118.0,1108.0,1144.0,1040.0,981.0,966.0,920.0,957.0,986.0,982.0,955.0,951.0,966.0,840.0,867.0,841.0,880.0,853.0,807.0,855.0,810.0,887.0,846.0,1102.0,1120.0,1101.0,1102.0,1069.0,1088.0,1085.0,1080.0,1071.0,1080.0,949.0,936.0,934.0,968.0,951.0,1012.0,961.0,935.0,930.0,991.0,860.0,844.0,887.0,877.0,858.0,885.0,890.0,863.0,896.0,876.0,791.0,811.0,773.0,767.0,794.0,772.0,791.0,780.0,775.0,823.0,835.0,886.0,869.0,875.0,880.0,860.0,833.0,869.0,840.0,808.0
864,1179.0,1189.0,1167.0,1164.0,1190.0,1174.0,1204.0,1141.0,1107.0,1179.0,1148.0,1051.0,1016.0,1091.0,1113.0,1095.0,1108.0,1163.0,1067.0,1044.0,1087.0,1096.0,1162.0,1119.0,1134.0,1166.0,1071.0,1110.0,1099.0,1155.0,1003.0,1009.0,997.0,965.0,968.0,1017.0,967.0,975.0,1018.0,981.0,832.0,843.0,867.0,846.0,804.0,824.0,852.0,819.0,884.0,831.0,1089.0,1158.0,1126.0,1093.0,1091.0,1031.0,1071.0,1069.0,1147.0,1095.0,1008.0,970.0,979.0,991.0,971.0,1005.0,977.0,981.0,966.0,957.0,836.0,835.0,890.0,832.0,858.0,870.0,888.0,867.0,855.0,884.0,779.0,761.0,734.0,788.0,818.0,775.0,805.0,788.0,768.0,801.0,842.0,884.0,851.0,892.0,835.0,831.0,864.0,853.0,834.0,890.0
865,1177.0,1216.0,1180.0,1222.0,1208.0,1189.0,1197.0,1178.0,1121.0,1148.0,1111.0,1068.0,1048.0,1084.0,1098.0,1078.0,1098.0,1107.0,1088.0,1112.0,1138.0,1073.0,1109.0,1072.0,1040.0,1118.0,1144.0,1078.0,1061.0,1075.0,962.0,994.0,1014.0,947.0,953.0,966.0,964.0,995.0,971.0,1017.0,838.0,804.0,876.0,890.0,865.0,887.0,818.0,847.0,866.0,841.0,1092.0,1094.0,1127.0,1095.0,1097.0,1048.0,1117.0,1105.0,1097.0,1065.0,983.0,944.0,952.0,926.0,962.0,968.0,918.0,994.0,988.0,961.0,894.0,886.0,858.0,847.0,892.0,880.0,913.0,880.0,878.0,912.0,753.0,825.0,781.0,780.0,750.0,803.0,774.0,757.0,786.0,782.0,854.0,894.0,844.0,917.0,919.0,855.0,860.0,822.0,896.0,908.0
866,1198.0,1179.0,1176.0,1214.0,1178.0,1173.0,1198.0,1235.0,1173.0,1189.0,1099.0,1107.0,1079.0,1126.0,1109.0,1105.0,1072.0,1128.0,1093.0,1116.0,1102.0,1090.0,1093.0,1129.0,1141.0,1135.0,1054.0,1105.0,1115.0,1083.0,989.0,1019.0,993.0,937.0,976.0,961.0,1009.0,948.0,939.0,945.0,866.0,827.0,845.0,871.0,844.0,850.0,827.0,854.0,878.0,856.0,1080.0,1101.0,1081.0,1033.0,1085.0,1070.0,1063.0,1050.0,1081.0,1102.0,1002.0,963.0,957.0,975.0,978.0,997.0,973.0,958.0,945.0,983.0,873.0,887.0,867.0,849.0,871.0,855.0,893.0,869.0,900.0,888.0,753.0,748.0,786.0,751.0,754.0,769.0,783.0,781.0,767.0,781.0,840.0,876.0,916.0,890.0,842.0,877.0,933.0,831.0,862.0,877.0
867,1198.0,1121.0,1148.0,1150.0,1199.0,1158.0,1136.0,1192.0,1162.0,1142.0,1049.0,1083.0,1085.0,1140.0,1102.0,1090.0,1149.0,1091.0,1046.0,1107.0,1157.0,1117.0,1123.0,1136.0,1085.0,1136.0,1140.0,1098.0,1091.0,1116.0,945.0,966.0,1031.0,969.0,943.0,978.0,969.0,940.0,994.0,999.0,854.0,842.0,810.0,849.0,853.0,874.0,822.0,837.0,917.0,833.0,1051.0,1124.0,1105.0,1100.0,1084.0,1115.0,1088.0,1122.0,1088.0,1072.0,986.0,996.0,1022.0,958.0,1010.0,943.0,998.0,956.0,991.0,1015.0,898.0,880.0,847.0,894.0,855.0,857.0,844.0,870.0,822.0,873.0,782.0,788.0,767.0,762.0,766.0,765.0,786.0,764.0,807.0,795.0,884.0,883.0,854.0,813.0,880.0,875.0,872.0,888.0,836.0,868.0
868,1187.0,1192.0,1155.0,1159.0,1154.0,1174.0,1216.0,1218.0,1178.0,1157.0,1169.0,1100.0,1070.0,1033.0,1139.0,1107.0,1154.0,1077.0,1077.0,1093.0,1118.0,1115.0,1098.0,1105.0,1099.0,1093.0,1079.0,1156.0,1117.0,1088.0,984.0,943.0,976.0,1003.0,963.0,979.0,991.0,939.0,976.0,965.0,859.0,893.0,854.0,864.0,837.0,826.0,813.0,841.0,864.0,878.0,1068.0,1056.0,1093.0,1095.0,1054.0,1118.0,1108.0,1051.0,1062.0,1108.0,960.0,981.0,996.0,1000.0,995.0,965.0,958.0,986.0,930.0,971.0,849.0,864.0,896.0,905.0,867.0,861.0,860.0,872.0,895.0,893.0,732.0,802.0,775.0,802.0,792.0,755.0,764.0,752.0,803.0,791.0,872.0,855.0,886.0,809.0,878.0,913.0,854.0,863.0,854.0,880.0
869,1174.0,1248.0,1193.0,1116.0,1194.0,1186.0,1155.0,1196.0,1182.0,1214.0,1081.0,1086.0,1083.0,1174.0,1081.0,1094.0,1113.0,1091.0,1128.0,1073.0,1130.0,1130.0,1137.0,1108.0,1100.0,1051.0,1183.0,1119.0,1099.0,1090.0,996.0,925.0,998.0,986.0,1011.0,1021.0,985.0,1007.0,950.0,965.0,854.0,871.0,840.0,857.0,868.0,799.0,888.0,842.0,898.0,849.0,1080.0,1038.0,1071.0,1046.0,1063.0,1107.0,1084.0,1052.0,1068.0,1100.0,984.0,986.0,995.0,961.0,971.0,983.0,938.0,959.0,925.0,1011.0,859.0,880.0,865.0,864.0,855.0,907.0,822.0,806.0,870.0,902.0,739.0,783.0,767.0,795.0,778.0,770.0,762.0,777.0,768.0,776.0,901.0,852.0,849.0,869.0,857.0,874.0,864.0,905.0,867.0,842.0
870,1164.0,1171.0,1162.0,1141.0,1166.0,1133.0,1171.0,1155.0,1207.0,1189.0,1130.0,1064.0,1148.0,1132.0,1089.0,1150.0,1092.0,1111.0,1095.0,1130.0,1116.0,1105.0,1137.0,1107.0,1143.0,1131.0,1150.0,1126.0,1123.0,1130.0,986.0,977.0,970.0,1003.0,953.0,948.0,966.0,989.0,964.0,934.0,807.0,876.0,827.0,853.0,868.0,789.0,865.0,788.0,817.0,851.0,1055.0,1100.0,1060.0,1079.0,1039.0,1066.0,1069.0,1065.0,1058.0,1100.0,1002.0,1013.0,970.0,932.0,951.0,996.0,960.0,995.0,1012.0,983.0,900.0,846.0,852.0,837.0,903.0,891.0,917.0,864.0,869.0,834.0,741.0,769.0,782.0,791.0,804.0,804.0,743.0,791.0,751.0,763.0,897.0,881.0,889.0,902.0,865.0,885.0,861.0,871.0,855.0,903.0
871,1148.0,1170.0,1177.0,1157.0,1208.0,1180.0,1221.0,1211.0,1114.0,1153.0,1123.0,1077.0,1074.0,1065.0,1084.0,1073.0,1066.0,1133.0,1150.0,1136.0,1122.0,1101.0,1115.0,1133.0,1131.0,1151.0,1079.0,1110.0,1132.0,1109.0,962.0,996.0,970.0,984.0,939.0,945.0,971.0,927.0,968.0,905.0,864.0,869.0,881.0,864.0,827.0,855.0,874.0,798.0,819.0,881.0,1061.0,1046.0,1054.0,1074.0,1113.0,1023.0,1101.0,1056.0,1113.0,1148.0,981.0,1023.0,946.0,968.0,973.0,984.0,954.0,944.0,994.0,936.0,893.0,819.0,904.0,862.0,886.0,892.0,865.0,856.0,830.0,865.0,785.0,781.0,785.0,765.0,758.0,799.0,779.0,828.0,789.0,769.0,864.0,923.0,895.0,908.0,857.0,893.0,886.0,892.0,839.0,913.0
872,1211.0,1145.0,1219.0,1211.0,1161.0,1131.0,1180.0,1154.0,1176.0,1204.0,1130.0,1154.0,1118.0,1106.0,1043.0,1079.0,1095.0,1114.0,1094.0,1076.0,1161.0,1146.0,1145.0,1127.0,1113.0,1124.0,1109.0,1088.0,1170.0,1124.0,980.0,968.0,963.0,1012.0,1044.0,1013.0,955.0,960.0,973.0,985.0,860.0,852.0,832.0,871.0,800.0,839.0,851.0,806.0,819.0,878.0,1061.0,1101.0,1028.0,1038.0,1105.0,1096.0,1059.0,1107.0,1085.0,1131.0,969.0,888.0,970.0,924.0,1003.0,976.0,933.0,942.0,931.0,954.0,865.0,868.0,882.0,889.0,874.0,861.0,871.0,874.0,861.0,844.0,745.0,774.0,749.0,739.0,789.0,799.0,812.0,826.0,775.0,794.0,814.0,906.0,891.0,859.0,846.0,880.0,935.0,888.0,859.0,821.0
873,1166.0,1203.0,1180.0,1214.0,1178.0,1154.0,1186.0,1148.0,1151.0,1206.0,1131.0,1083.0,1084.0,1068.0,1133.0,1071.0,1087.0,1073.0,1125.0,1044.0,1141.0,1102.0,1094.0,1126.0,1103.0,1156.0,1107.0,1098.0,1084.0,1130.0,953.0,989.0,998.0,1002.0,956.0,990.0,976.0,944.0,977.0,965.0,905.0,880.0,869.0,855.0,845.0,843.0,868.0,863.0,767.0,881.0,1076.0,1101.0,1143.0,1066.0,1069.0,1104.0,1106.0,1122.0,1095.0,1119.0,971.0,958.0,958.0,994.0,980.0,1002.0,1003.0,985.0,945.0,1008.0,849.0,872.0,858.0,840.0,834.0,868.0,826.0,864.0,940.0,827.0,749.0,747.0,760.0,740.0,781.0,781.0,773.0,796.0,806.0,761.0,855.0,866.0,852.0,867.0,899.0,827.0,868.0,870.0,852.0,866.0
874,1165.0,1192.0,1163.0,1258.0,1171.0,1145.0,1174.0,1179.0,1136.0,1175.0,1123.0,1064.0,1144.0,1076.0,1119.0,1090.0,1059.0,1062.0,1065.0,1116.0,1130.0,1107.0,1158.0,1128.0,1160.0,1140.0,1145.0,1128.0,1121.0,1087.0,984.0,976.0,975.0,952.0,935.0,972.0,1009.0,1000.0,1019.0,964.0,882.0,880.0,824.0,828.0,851.0,879.0,823.0,868.0,844.0,875.0,1030.0,1122.0,1043.0,1086.0,1117.0,1079.0,1161.0,1054.0,1087.0,1081.0,971.0,958.0,941.0,948.0,965.0,961.0,953.0,966.0,961.0,990.0,895.0,909.0,886.0,872.0,842.0,868.0,857.0,875.0,839.0,866.0,775.0,729.0,762.0,751.0,766.0,796.0,738.0,781.0,791.0,782.0,842.0,865.0,898.0,865.0,849.0,868.0,876.0,851.0,883.0,872.0
875,1146.0,1210.0,1180.0,1186.0,1187.0,1145.0,1222.0,1204.0,1172.0,1203.0,1075.0,1083.0,1110.0,1119.0,1112.0,1099.0,1121.0,1101.0,1048.0,1045.0,1074.0,1085.0,1136.0,1080.0,1157.0,1157.0,1065.0,1057.0,1116.0,1124.0,968.0,1018.0,1001.0,990.0,936.0,1000.0,1001.0,934.0,1006.0,966.0,845.0,855.0,822.0,808.0,865.0,885.0,841.0,894.0,850.0,851.0,1076.0,1082.0,1091.0,1073.0,1048.0,1084.0,1073.0,1111.0,1107.0,1063.0,995.0,1007.0,982.0,949.0,954.0,946.0,986.0,978.0,921.0,1019.0,912.0,873.0,856.0,839.0,880.0,876.0,875.0,886.0,882.0,810.0,766.0,739.0,758.0,869.0,755.0,743.0,758.0,787.0,737.0,803.0,947.0,847.0,854.0,852.0,879.0,863.0,850.0,813.0,908.0,925.0
876,1207.0,1220.0,1252.0,1208.0,1215.0,1192.0,1200.0,1139.0,1165.0,1109.0,1095.0,1064.0,1072.0,1112.0,1083.0,1086.0,1097.0,1126.0,1091.0,1087.0,1111.0,1137.0,1115.0,1157.0,1135.0,1129.0,1115.0,1042.0,1100.0,1097.0,980.0,961.0,979.0,928.0,967.0,959.0,991.0,1009.0,936.0,1035.0,834.0,850.0,827.0,788.0,863.0,863.0,846.0,876.0,800.0,893.0,1056.0,1094.0,1081.0,1079.0,1103.0,1067.0,1043.0,1096.0,1106.0,1120.0,979.0,995.0,961.0,957.0,952.0,978.0,995.0,971.0,989.0,971.0,878.0,882.0,868.0,863.0,860.0,849.0,896.0,868.0,907.0,833.0,792.0,750.0,757.0,806.0,754.0,820.0,763.0,755.0,762.0,809.0,873.0,842.0,871.0,862.0,837.0,855.0,846.0,887.0,891.0,859.0
877,1176.0,1175.0,1197.0,1186.0,1120.0,1235.0,1136.0,1165.0,1151.0,1171.0,1076.0,1096.0,1080.0,1117.0,1140.0,1079.0,1121.0,1133.0,1085.0,1078.0,1087.0,1086.0,1088.0,1125.0,1099.0,1072.0,1128.0,1173.0,1085.0,1085.0,978.0,1014.0,1006.0,998.0,965.0,991.0,1001.0,935.0,980.0,990.0,831.0,854.0,870.0,896.0,822.0,840.0,863.0,813.0,845.0,881.0,1140.0,1067.0,1108.0,1030.0,1107.0,1088.0,1088.0,1037.0,1071.0,1055.0,989.0,963.0,940.0,949.0,968.0,1012.0,930.0,960.0,995.0,997.0,885.0,880.0,854.0,852.0,917.0,804.0,873.0,923.0,916.0,877.0,794.0,777.0,749.0,736.0,758.0,791.0,752.0,730.0,786.0,807.0,850.0,883.0,890.0,870.0,873.0,882.0,902.0,895.0,837.0,878.0
878,1217.0,1240.0,1168.0,1192.0,1192.0,1233.0,1190.0,1202.0,1191.0,1203.0,1098.0,1117.0,1130.0,1077.0,1021.0,1129.0,1065.0,1103.0,1107.0,1071.0,1077.0,1063.0,1120.0,1120.0,1130.0,1140.0,1131.0,1177.0,1130.0,1109.0,967.0,1012.0,932.0,945.0,987.0,959.0,973.0,965.0,964.0,965.0,852.0,774.0,806.0,847.0,852.0,821.0,850.0,865.0,854.0,868.0,1094.0,1079.0,1116.0,1097.0,1074.0,1070.0,1092.0,1025.0,1080.0,1057.0,1004.0,961.0,993.0,972.0,994.0,955.0,954.0,975.0,940.0,991.0,796.0,899.0,846.0,868.0,852.0,868.0,893.0,884.0,864.0,871.0,795.0,786.0,792.0,767.0,801.0,778.0,794.0,731.0,759.0,812.0,905.0,860.0,878.0,874.0,869.0,835.0,853.0,831.0,859.0,874.0
879,1240.0,1119.0,1185.0,1252.0,1218.0,1130.0,1202.0,1171.0,1197.0,1191.0,1133.0,1108.0,1096.0,1067.0,1044.0,1135.0,1134.0,1099.0,1053.0,1093.0,1111.0,1141.0,1093.0,1053.0,1116.0,1139.0,1051.0,1073.0,1108.0,1131.0,997.0,1037.0,953.0,955.0,1004.0,945.0,1005.0,975.0,972.0,991.0,865.0,830.0,781.0,835.0,820.0,823.0,860.0,871.0,847.0,833.0,1074.0,1100.0,1109.0,1098.0,1084.0,1061.0,1064.0,1090.0,1085.0,1121.0,977.0,951.0,983.0,994.0,1012.0,1010.0,921.0,945.0,1000.0,969.0,862.0,864.0,865.0,862.0,860.0,914.0,892.0,886.0,813.0,870.0,755.0,755.0,808.0,754.0,746.0,794.0,785.0,773.0,811.0,775.0,784.0,887.0,910.0,886.0,867.0,839.0,884.0,878.0,862.0,843.0
880,1170.0,1156.0,1134.0,1169.0,1214.0,1194.0,1187.0,1148.0,1189.0,1183.0,1130.0,1062.0,1070.0,1096.0,1109.0,1087.0,1082.0,1133.0,1041.0,1105.0,1115.0,1140.0,1084.0,1103.0,1131.0,1115.0,1148.0,1124.0,1102.0,1132.0,949.0,987.0,970.0,922.0,982.0,1012.0,960.0,959.0,959.0,986.0,848.0,864.0,874.0,839.0,824.0,839.0,817.0,842.0,884.0,850.0,1081.0,1092.0,1108.0,1123.0,1106.0,1047.0,1123.0,1090.0,1130.0,1067.0,936.0,933.0,1013.0,1008.0,917.0,991.0,940.0,978.0,929.0,959.0,874.0,920.0,838.0,865.0,863.0,854.0,881.0,861.0,839.0,901.0,809.0,742.0,817.0,773.0,767.0,777.0,796.0,790.0,777.0,722.0,889.0,898.0,882.0,858.0,853.0,873.0,861.0,836.0,899.0,910.0
881,1103.0,1114.0,1155.0,1150.0,1127.0,1182.0,1204.0,1218.0,1169.0,1209.0,1121.0,1098.0,1089.0,1098.0,1113.0,1080.0,1024.0,1131.0,1066.0,1096.0,1118.0,1153.0,1154.0,1129.0,1158.0,1124.0,1125.0,1083.0,1059.0,1086.0,964.0,962.0,932.0,969.0,997.0,958.0,990.0,1019.0,935.0,1024.0,872.0,822.0,855.0,813.0,838.0,870.0,847.0,826.0,861.0,903.0,1142.0,1115.0,1102.0,1134.0,1020.0,1066.0,1083.0,1010.0,1066.0,1071.0,977.0,962.0,989.0,957.0,984.0,924.0,969.0,924.0,1031.0,987.0,878.0,917.0,863.0,848.0,892.0,938.0,891.0,903.0,909.0,855.0,753.0,751.0,763.0,772.0,777.0,771.0,811.0,770.0,772.0,735.0,875.0,901.0,887.0,885.0,864.0,879.0,853.0,877.0,886.0,847.0
882,1173.0,1171.0,1124.0,1141.0,1128.0,1108.0,1180.0,1189.0,1152.0,1228.0,1067.0,1081.0,1094.0,1120.0,1147.0,1067.0,1108.0,1093.0,1130.0,1136.0,1102.0,1146.0,1070.0,1088.0,1132.0,1156.0,1127.0,1089.0,1121.0,1099.0,964.0,998.0,994.0,993.0,968.0,981.0,969.0,1015.0,931.0,979.0,841.0,813.0,851.0,855.0,887.0,840.0,856.0,862.0,891.0,842.0,1092.0,1069.0,1155.0,1062.0,1049.0,1116.0,1113.0,1073.0,1068.0,1012.0,1030.0,940.0,954.0,979.0,981.0,949.0,989.0,983.0,991.0,917.0,868.0,887.0,923.0,886.0,858.0,920.0,849.0,881.0,828.0,929.0,810.0,776.0,753.0,785.0,791.0,778.0,753.0,766.0,740.0,764.0,858.0,914.0,875.0,851.0,831.0,878.0,851.0,810.0,901.0,905.0
883,1142.0,1081.0,1130.0,1192.0,1179.0,1106.0,1158.0,1210.0,1190.0,1193.0,1137.0,1071.0,1093.0,1113.0,1078.0,1071.0,1098.0,1061.0,1087.0,1153.0,1114.0,1160.0,1107.0,1113.0,1151.0,1110.0,1081.0,1099.0,1059.0,1115.0,968.0,985.0,970.0,899.0,977.0,961.0,927.0,921.0,966.0,952.0,878.0,860.0,816.0,842.0,863.0,847.0,865.0,858.0,879.0,828.0,1102.0,1065.0,1150.0,1098.0,1089.0,1121.0,1127.0,1078.0,1093.0,1086.0,976.0,1029.0,981.0,956.0,930.0,1008.0,958.0,995.0,982.0,956.0,848.0,897.0,870.0,906.0,842.0,881.0,931.0,892.0,866.0,876.0,775.0,775.0,775.0,788.0,764.0,781.0,769.0,783.0,736.0,789.0,868.0,877.0,901.0,851.0,898.0,911.0,884.0,865.0,894.0,860.0
884,1217.0,1143.0,1169.0,1208.0,1180.0,1155.0,1168.0,1195.0,1151.0,1180.0,1099.0,1071.0,1048.0,1061.0,1147.0,1070.0,1101.0,1094.0,1083.0,1123.0,1102.0,1127.0,1109.0,1082.0,1089.0,1062.0,1087.0,1100.0,1130.0,1074.0,935.0,987.0,992.0,989.0,976.0,998.0,932.0,964.0,947.0,923.0,863.0,901.0,887.0,910.0,845.0,867.0,876.0,871.0,865.0,895.0,1071.0,1067.0,1098.0,1070.0,1068.0,1101.0,1087.0,1124.0,1123.0,1116.0,966.0,982.0,983.0,944.0,998.0,945.0,997.0,953.0,958.0,1015.0,881.0,913.0,869.0,843.0,865.0,896.0,893.0,860.0,863.0,874.0,790.0,775.0,734.0,793.0,739.0,760.0,767.0,757.0,762.0,744.0,884.0,839.0,904.0,862.0,863.0,948.0,893.0,843.0,867.0,862.0
885,1163.0,1199.0,1169.0,1173.0,1200.0,1186.0,1178.0,1189.0,1189.0,1162.0,1096.0,1068.0,1071.0,1130.0,1092.0,1108.0,1027.0,1122.0,1068.0,1092.0,1126.0,1144.0,1119.0,1111.0,1111.0,1159.0,1135.0,1117.0,1074.0,1135.0,948.0,948.0,964.0,1007.0,954.0,937.0,967.0,895.0,995.0,957.0,912.0,881.0,878.0,833.0,877.0,837.0,860.0,887.0,851.0,882.0,1087.0,1081.0,1059.0,1047.0,1076.0,1058.0,1087.0,1062.0,1062.0,1060.0,960.0,984.0,1004.0,939.0,992.0,952.0,959.0,1018.0,993.0,989.0,863.0,840.0,866.0,872.0,873.0,925.0,913.0,872.0,897.0,920.0,768.0,767.0,755.0,765.0,744.0,741.0,788.0,755.0,767.0,747.0,887.0,890.0,913.0,886.0,852.0,898.0,891.0,843.0,854.0,863.0
886,1155.0,1210.0,1189.0,1199.0,1133.0,1168.0,1170.0,1190.0,1110.0,1156.0,1102.0,1097.0,1102.0,1068.0,1092.0,1089.0,1090.0,1087.0,1089.0,1082.0,1140.0,1085.0,1131.0,1078.0,1093.0,1129.0,1127.0,1140.0,1170.0,1155.0,929.0,938.0,926.0,948.0,992.0,951.0,957.0,968.0,983.0,991.0,865.0,818.0,890.0,867.0,870.0,825.0,812.0,864.0,834.0,847.0,1069.0,1105.0,1017.0,1098.0,1076.0,1108.0,1132.0,1094.0,1076.0,1113.0,947.0,1024.0,978.0,956.0,996.0,1014.0,997.0,1006.0,974.0,928.0,921.0,877.0,871.0,888.0,865.0,881.0,861.0,836.0,874.0,866.0,797.0,770.0,790.0,791.0,791.0,785.0,764.0,753.0,762.0,768.0,889.0,876.0,907.0,872.0,868.0,849.0,892.0,816.0,876.0,901.0
887,1213.0,1215.0,1161.0,1209.0,1208.0,1138.0,1275.0,1213.0,1198.0,1147.0,1087.0,1087.0,1085.0,1117.0,1081.0,1115.0,1038.0,1094.0,1107.0,1065.0,1138.0,1084.0,1154.0,1154.0,1108.0,1071.0,1134.0,1078.0,1017.0,1134.0,981.0,1012.0,996.0,918.0,968.0,965.0,981.0,973.0,946.0,979.0,792.0,858.0,877.0,810.0,854.0,884.0,816.0,831.0,869.0,834.0,1079.0,1081.0,1133.0,1087.0,1069.0,1052.0,1065.0,1040.0,1051.0,1121.0,980.0,1000.0,960.0,1000.0,977.0,1005.0,959.0,981.0,945.0,969.0,891.0,822.0,824.0,860.0,875.0,939.0,894.0,855.0,911.0,907.0,776.0,762.0,777.0,768.0,764.0,774.0,792.0,810.0,811.0,780.0,872.0,877.0,832.0,836.0,871.0,861.0,842.0,881.0,897.0,873.0
888,1174.0,1217.0,1170.0,1207.0,1187.0,1161.0,1170.0,1133.0,1184.0,1172.0,1102.0,1132.0,1115.0,1089.0,1130.0,1104.0,1124.0,1159.0,1058.0,1104.0,1109.0,1111.0,1095.0,1106.0,1111.0,1096.0,1115.0,1098.0,1135.0,1109.0,1011.0,933.0,969.0,963.0,982.0,1014.0,1005.0,953.0,994.0,936.0,868.0,850.0,854.0,833.0,887.0,865.0,820.0,819.0,850.0,845.0,1102.0,1051.0,1063.0,1069.0,986.0,1101.0,1131.0,1110.0,1126.0,1105.0,938.0,936.0,971.0,972.0,971.0,926.0,955.0,994.0,951.0,985.0,909.0,848.0,897.0,897.0,890.0,853.0,847.0,854.0,814.0,904.0,738.0,834.0,782.0,777.0,761.0,799.0,784.0,755.0,761.0,769.0,857.0,886.0,885.0,846.0,872.0,888.0,842.0,881.0,874.0,881.0
889,1203.0,1211.0,1202.0,1142.0,1167.0,1186.0,1146.0,1164.0,1207.0,1197.0,1095.0,1086.0,1094.0,1071.0,1080.0,1094.0,1108.0,1021.0,1065.0,1094.0,1094.0,1098.0,1141.0,1125.0,1146.0,1111.0,1113.0,1083.0,1123.0,1086.0,1014.0,941.0,991.0,977.0,1000.0,968.0,944.0,1015.0,929.0,980.0,877.0,816.0,844.0,848.0,915.0,861.0,859.0,835.0,860.0,867.0,1064.0,1105.0,1040.0,1092.0,1038.0,1087.0,1115.0,1077.0,1103.0,1087.0,996.0,972.0,995.0,937.0,957.0,962.0,959.0,1002.0,919.0,968.0,857.0,907.0,882.0,889.0,861.0,886.0,869.0,909.0,897.0,893.0,740.0,798.0,756.0,813.0,726.0,787.0,809.0,789.0,765.0,763.0,868.0,862.0,854.0,870.0,887.0,864.0,874.0,867.0,879.0,877.0
890,1188.0,1169.0,1118.0,1250.0,1191.0,1151.0,1144.0,1142.0,1189.0,1180.0,1139.0,1076.0,1139.0,1032.0,1117.0,1085.0,1105.0,1098.0,1081.0,1106.0,1080.0,1123.0,1110.0,1146.0,1114.0,1115.0,1107.0,1172.0,1139.0,1146.0,979.0,960.0,1034.0,974.0,982.0,978.0,960.0,979.0,945.0,980.0,896.0,840.0,856.0,802.0,851.0,823.0,851.0,839.0,819.0,824.0,1049.0,1073.0,1087.0,1094.0,1079.0,1067.0,1079.0,1055.0,1103.0,1065.0,985.0,970.0,966.0,956.0,956.0,1030.0,983.0,974.0,908.0,989.0,869.0,900.0,872.0,842.0,844.0,908.0,896.0,855.0,827.0,893.0,780.0,791.0,731.0,825.0,762.0,769.0,790.0,780.0,823.0,756.0,843.0,896.0,886.0,838.0,878.0,883.0,885.0,868.0,910.0,870.0
891,1158.0,1202.0,1154.0,1181.0,1203.0,1152.0,1145.0,1169.0,1191.0,1195.0,1097.0,1072.0,1065.0,1127.0,1103.0,1137.0,1103.0,1086.0,1101.0,1102.0,1107.0,1155.0,1140.0,1083.0,1167.0,1122.0,1148.0,1132.0,1077.0,1125.0,965.0,953.0,1017.0,970.0,954.0,994.0,960.0,941.0,997.0,964.0,878.0,853.0,842.0,828.0,846.0,901.0,862.0,868.0,887.0,851.0,1074.0,1065.0,1110.0,1075.0,1100.0,1054.0,1063.0,1065.0,1006.0,1007.0,957.0,961.0,945.0,942.0,917.0,972.0,1012.0,939.0,932.0,988.0,951.0,855.0,846.0,909.0,869.0,869.0,843.0,903.0,869.0,893.0,764.0,794.0,789.0,776.0,757.0,749.0,776.0,768.0,783.0,804.0,860.0,887.0,892.0,869.0,852.0,859.0,889.0,893.0,906.0,882.0
892,1181.0,1201.0,1166.0,1163.0,1190.0,1184.0,1193.0,1152.0,1188.0,1213.0,1086.0,1106.0,1111.0,1111.0,1053.0,1093.0,1117.0,1050.0,1050.0,1108.0,1098.0,1143.0,1089.0,1141.0,1189.0,1141.0,1137.0,1127.0,1184.0,1147.0,969.0,948.0,908.0,988.0,962.0,953.0,945.0,994.0,972.0,988.0,844.0,895.0,832.0,800.0,852.0,893.0,895.0,854.0,827.0,801.0,1080.0,1091.0,1132.0,1079.0,1046.0,1043.0,1098.0,1117.0,1082.0,1086.0,998.0,924.0,976.0,966.0,945.0,958.0,949.0,981.0,924.0,979.0,841.0,837.0,869.0,858.0,893.0,885.0,843.0,840.0,860.0,815.0,780.0,783.0,814.0,761.0,738.0,773.0,773.0,796.0,796.0,777.0,937.0,867.0,904.0,891.0,899.0,887.0,847.0,854.0,862.0,891.0
893,1169.0,1171.0,1154.0,1214.0,1156.0,1182.0,1204.0,1126.0,1171.0,1197.0,1124.0,1108.0,1085.0,1077.0,1111.0,1121.0,1120.0,1128.0,1078.0,1140.0,1095.0,1092.0,1136.0,1105.0,1114.0,1141.0,1093.0,1102.0,1098.0,1147.0,974.0,1008.0,917.0,898.0,980.0,972.0,974.0,989.0,926.0,979.0,868.0,854.0,856.0,866.0,823.0,860.0,840.0,869.0,870.0,825.0,1087.0,1082.0,1117.0,1097.0,1093.0,1048.0,1090.0,1047.0,1106.0,1115.0,941.0,954.0,987.0,911.0,1018.0,993.0,972.0,968.0,972.0,956.0,905.0,864.0,871.0,864.0,896.0,865.0,834.0,881.0,849.0,852.0,801.0,800.0,777.0,808.0,740.0,793.0,784.0,787.0,802.0,772.0,853.0,865.0,901.0,920.0,834.0,834.0,884.0,872.0,875.0,817.0
894,1171.0,1178.0,1221.0,1186.0,1140.0,1173.0,1194.0,1176.0,1229.0,1194.0,1125.0,1107.0,1138.0,1096.0,1114.0,1074.0,1037.0,1108.0,1115.0,1100.0,1109.0,1108.0,1100.0,1124.0,1101.0,1120.0,1117.0,1123.0,1073.0,1102.0,987.0,976.0,981.0,959.0,994.0,1002.0,1039.0,951.0,961.0,981.0,890.0,868.0,828.0,802.0,864.0,846.0,821.0,837.0,876.0,824.0,1081.0,1137.0,1048.0,1070.0,1013.0,1117.0,1075.0,1037.0,1054.0,1136.0,980.0,972.0,965.0,952.0,1002.0,934.0,978.0,957.0,1000.0,966.0,846.0,846.0,870.0,886.0,882.0,920.0,860.0,901.0,813.0,896.0,755.0,734.0,778.0,791.0,770.0,779.0,783.0,800.0,783.0,742.0,871.0,867.0,868.0,895.0,891.0,843.0,893.0,882.0,840.0,856.0
895,1205.0,1208.0,1173.0,1176.0,1251.0,1181.0,1151.0,1205.0,1199.0,1138.0,1112.0,1099.0,1112.0,1145.0,1062.0,1046.0,1087.0,1086.0,1109.0,1080.0,1097.0,1157.0,1129.0,1061.0,1085.0,1151.0,1107.0,1140.0,1152.0,1062.0,991.0,954.0,933.0,1007.0,955.0,980.0,955.0,950.0,971.0,1023.0,877.0,851.0,840.0,837.0,877.0,874.0,863.0,888.0,798.0,814.0,1073.0,1061.0,1132.0,1098.0,1030.0,1056.0,1152.0,1045.0,1088.0,1049.0,969.0,962.0,992.0,958.0,975.0,974.0,974.0,984.0,932.0,1049.0,850.0,852.0,887.0,886.0,890.0,881.0,852.0,869.0,854.0,879.0,755.0,735.0,758.0,744.0,775.0,806.0,754.0,760.0,779.0,799.0,885.0,911.0,837.0,848.0,874.0,860.0,904.0,843.0,857.0,910.0
896,1212.0,1168.0,1155.0,1186.0,1169.0,1164.0,1199.0,1159.0,1199.0,1183.0,1098.0,1077.0,1081.0,1093.0,1090.0,1103.0,1085.0,1092.0,1117.0,1119.0,1150.0,1139.0,1108.0,1105.0,1110.0,1091.0,1104.0,1116.0,1103.0,1114.0,981.0,992.0,967.0,986.0,993.0,967.0,945.0,997.0,942.0,1005.0,868.0,846.0,843.0,837.0,910.0,874.0,876.0,865.0,842.0,837.0,1060.0,1097.0,1093.0,1061.0,1092.0,1101.0,1040.0,1091.0,1070.0,1087.0,950.0,966.0,993.0,959.0,964.0,981.0,962.0,992.0,943.0,974.0,790.0,895.0,900.0,864.0,852.0,867.0,897.0,850.0,883.0,845.0,822.0,768.0,775.0,790.0,773.0,783.0,776.0,720.0,797.0,773.0,879.0,842.0,883.0,879.0,823.0,879.0,917.0,887.0,841.0,865.0
897,1229.0,1222.0,1201.0,1171.0,1178.0,1174.0,1192.0,1148.0,1175.0,1199.0,1138.0,1067.0,1070.0,1083.0,1066.0,1080.0,1118.0,1087.0,1096.0,1133.0,1118.0,1122.0,1085.0,1124.0,1136.0,1106.0,1104.0,1115.0,1078.0,1063.0,930.0,989.0,958.0,1025.0,991.0,959.0,1006.0,956.0,972.0,949.0,863.0,813.0,831.0,832.0,814.0,866.0,860.0,863.0,818.0,881.0,1112.0,1066.0,1109.0,1077.0,1090.0,1122.0,1085.0,1119.0,1137.0,1061.0,919.0,963.0,986.0,975.0,957.0,958.0,976.0,991.0,993.0,1000.0,853.0,847.0,894.0,824.0,911.0,880.0,856.0,832.0,836.0,874.0,778.0,776.0,749.0,786.0,780.0,815.0,761.0,763.0,719.0,771.0,863.0,922.0,916.0,863.0,853.0,849.0,841.0,895.0,909.0,872.0
898,1152.0,1181.0,1223.0,1142.0,1146.0,1186.0,1213.0,1217.0,1179.0,1152.0,1102.0,1094.0,1046.0,1112.0,1078.0,1055.0,1097.0,1051.0,1123.0,1134.0,1092.0,1137.0,1125.0,1126.0,1136.0,1115.0,1139.0,1028.0,1102.0,1165.0,1006.0,982.0,986.0,1001.0,991.0,1018.0,928.0,968.0,925.0,1018.0,830.0,846.0,831.0,861.0,860.0,836.0,831.0,848.0,816.0,884.0,1138.0,1060.0,1079.0,1050.0,1033.0,1057.0,1072.0,1130.0,1091.0,1094.0,970.0,921.0,942.0,969.0,963.0,1015.0,1024.0,995.0,967.0,955.0,864.0,881.0,881.0,882.0,902.0,859.0,833.0,862.0,906.0,827.0,770.0,782.0,811.0,737.0,800.0,782.0,797.0,777.0,778.0,703.0,880.0,904.0,875.0,881.0,873.0,886.0,860.0,893.0,847.0,865.0
899,1186.0,1181.0,1170.0,1213.0,1146.0,1152.0,1184.0,1169.0,1155.0,1188.0,1121.0,1090.0,1106.0,1087.0,1093.0,1115.0,1021.0,1106.0,1077.0,1084.0,1053.0,1101.0,1173.0,1119.0,1178.0,1142.0,1148.0,1090.0,1111.0,1097.0,897.0,957.0,1001.0,991.0,980.0,984.0,982.0,947.0,983.0,992.0,875.0,878.0,858.0,871.0,846.0,883.0,872.0,836.0,830.0,884.0,1092.0,1071.0,1050.0,1056.0,1050.0,1039.0,1124.0,1080.0,1061.0,1140.0,968.0,993.0,927.0,980.0,991.0,994.0,992.0,975.0,951.0,949.0,912.0,879.0,892.0,847.0,845.0,871.0,840.0,902.0,884.0,868.0,799.0,747.0,778.0,752.0,789.0,753.0,775.0,774.0,777.0,774.0,905.0,894.0,841.0,843.0,864.0,877.0,855.0,892.0,910.0,820.0
900,1199.0,1140.0,1205.0,1200.0,1206.0,1160.0,1141.0,1165.0,1150.0,1160.0,1100.0,1115.0,1091.0,1087.0,1109.0,1117.0,1043.0,1091.0,1115.0,1108.0,1141.0,1136.0,1122.0,1167.0,1083.0,1101.0,1152.0,1190.0,1138.0,1154.0,977.0,969.0,985.0,953.0,978.0,936.0,962.0,945.0,965.0,977.0,847.0,845.0,852.0,864.0,839.0,871.0,852.0,816.0,820.0,830.0,1128.0,1127.0,1064.0,1090.0,1071.0,1116.0,1122.0,1115.0,1037.0,1057.0,923.0,958.0,944.0,908.0,921.0,963.0,978.0,957.0,956.0,996.0,877.0,898.0,877.0,831.0,893.0,876.0,889.0,851.0,875.0,882.0,756.0,759.0,792.0,794.0,804.0,792.0,762.0,780.0,790.0,778.0,856.0,843.0,866.0,864.0,878.0,879.0,895.0,856.0,893.0,855.0
901,1168.0,1186.0,1129.0,1176.0,1242.0,1160.0,1260.0,1173.0,1178.0,1162.0,1127.0,1146.0,1119.0,1054.0,1110.0,1142.0,1059.0,1096.0,1092.0,1110.0,1134.0,1120.0,1154.0,1107.0,1114.0,1095.0,1163.0,1119.0,1061.0,1128.0,1002.0,921.0,997.0,993.0,987.0,1018.0,936.0,981.0,1013.0,992.0,845.0,883.0,855.0,821.0,823.0,842.0,854.0,847.0,832.0,838.0,1104.0,1084.0,1068.0,1115.0,1085.0,1040.0,1065.0,1112.0,1067.0,1060.0,947.0,938.0,956.0,956.0,985.0,1002.0,942.0,965.0,956.0,969.0,891.0,914.0,874.0,895.0,838.0,861.0,867.0,860.0,906.0,889.0,763.0,731.0,773.0,767.0,757.0,781.0,790.0,772.0,800.0,781.0,821.0,866.0,875.0,877.0,834.0,869.0,854.0,840.0,837.0,871.0
902,1187.0,1168.0,1143.0,1146.0,1147.0,1152.0,1155.0,1203.0,1174.0,1176.0,1117.0,1122.0,1101.0,1107.0,1131.0,1099.0,1141.0,1073.0,1073.0,1078.0,1079.0,1168.0,1121.0,1135.0,1140.0,1155.0,1132.0,1154.0,1140.0,1132.0,1008.0,933.0,974.0,952.0,970.0,962.0,956.0,931.0,952.0,961.0,834.0,852.0,817.0,849.0,814.0,836.0,825.0,871.0,823.0,851.0,1052.0,1068.0,1118.0,1061.0,1076.0,1079.0,1055.0,1068.0,1079.0,1086.0,1013.0,957.0,1007.0,932.0,980.0,996.0,966.0,972.0,976.0,957.0,889.0,892.0,870.0,887.0,876.0,893.0,916.0,844.0,854.0,883.0,797.0,729.0,756.0,822.0,783.0,773.0,781.0,766.0,785.0,767.0,826.0,901.0,891.0,875.0,858.0,865.0,866.0,882.0,887.0,911.0
903,1210.0,1144.0,1169.0,1196.0,1186.0,1233.0,1187.0,1175.0,1181.0,1183.0,1112.0,1101.0,1023.0,1110.0,1070.0,1134.0,1079.0,1089.0,1149.0,1114.0,1108.0,1118.0,1171.0,1092.0,1113.0,1103.0,1152.0,1072.0,1150.0,1091.0,968.0,949.0,956.0,964.0,1003.0,972.0,912.0,977.0,888.0,1017.0,884.0,887.0,826.0,852.0,836.0,860.0,824.0,860.0,811.0,828.0,1058.0,1108.0,1139.0,1092.0,1038.0,1056.0,1069.0,1112.0,1073.0,1100.0,960.0,1004.0,988.0,993.0,984.0,967.0,986.0,964.0,933.0,935.0,896.0,937.0,839.0,894.0,837.0,818.0,908.0,895.0,879.0,893.0,741.0,724.0,815.0,722.0,812.0,824.0,776.0,773.0,819.0,761.0,864.0,818.0,870.0,848.0,900.0,838.0,901.0,850.0,856.0,880.0
904,1187.0,1158.0,1180.0,1162.0,1202.0,1221.0,1181.0,1209.0,1186.0,1156.0,1128.0,1098.0,1115.0,1131.0,1127.0,1080.0,1083.0,1095.0,1095.0,1085.0,1120.0,1095.0,1106.0,1097.0,1105.0,1099.0,1095.0,1090.0,1069.0,1103.0,991.0,993.0,958.0,985.0,950.0,1008.0,959.0,994.0,981.0,944.0,883.0,873.0,849.0,851.0,824.0,879.0,843.0,820.0,850.0,839.0,1073.0,1057.0,1094.0,1081.0,1099.0,1103.0,1082.0,1106.0,1063.0,1069.0,998.0,977.0,982.0,910.0,958.0,957.0,973.0,950.0,948.0,997.0,846.0,854.0,844.0,890.0,899.0,858.0,901.0,889.0,838.0,855.0,751.0,771.0,775.0,785.0,753.0,793.0,777.0,752.0,825.0,845.0,821.0,918.0,892.0,875.0,858.0,804.0,902.0,860.0,888.0,916.0
905,1156.0,1127.0,1180.0,1224.0,1197.0,1220.0,1142.0,1217.0,1164.0,1154.0,1123.0,1108.0,1097.0,1078.0,1051.0,1139.0,1076.0,1105.0,1149.0,1108.0,1145.0,1138.0,1122.0,1153.0,1113.0,1122.0,1088.0,1106.0,1072.0,1142.0,993.0,986.0,995.0,977.0,995.0,1005.0,943.0,987.0,966.0,966.0,845.0,856.0,803.0,870.0,845.0,856.0,893.0,840.0,852.0,893.0,1067.0,1095.0,1128.0,1053.0,1107.0,1011.0,1127.0,1092.0,1090.0,1066.0,992.0,1003.0,987.0,936.0,977.0,987.0,999.0,950.0,924.0,997.0,852.0,902.0,899.0,864.0,866.0,838.0,871.0,816.0,897.0,890.0,785.0,740.0,723.0,736.0,775.0,745.0,776.0,803.0,764.0,776.0,840.0,839.0,856.0,870.0,848.0,874.0,885.0,845.0,865.0,819.0
906,1168.0,1146.0,1195.0,1146.0,1157.0,1144.0,1177.0,1216.0,1175.0,1148.0,1100.0,1048.0,1091.0,1101.0,1106.0,1150.0,1052.0,1072.0,1112.0,1151.0,1130.0,1110.0,1131.0,1101.0,1142.0,1168.0,1143.0,1107.0,1107.0,1078.0,996.0,1010.0,946.0,1017.0,1021.0,1010.0,950.0,986.0,1009.0,1017.0,826.0,903.0,853.0,851.0,857.0,847.0,881.0,857.0,811.0,851.0,1085.0,1121.0,1085.0,1079.0,1059.0,1083.0,1025.0,1112.0,1087.0,1098.0,934.0,981.0,931.0,991.0,985.0,960.0,1006.0,940.0,964.0,1010.0,902.0,843.0,887.0,877.0,815.0,847.0,898.0,856.0,800.0,841.0,792.0,784.0,768.0,761.0,796.0,743.0,803.0,766.0,826.0,783.0,868.0,852.0,904.0,838.0,836.0,839.0,868.0,846.0,849.0,832.0
907,1194.0,1242.0,1183.0,1148.0,1167.0,1169.0,1201.0,1203.0,1119.0,1193.0,1073.0,1030.0,1123.0,1118.0,1087.0,1059.0,1090.0,1061.0,1130.0,1130.0,1126.0,1152.0,1117.0,1157.0,1149.0,1151.0,1174.0,1093.0,1073.0,1098.0,947.0,980.0,951.0,999.0,972.0,963.0,973.0,983.0,1001.0,1000.0,883.0,856.0,827.0,839.0,846.0,871.0,855.0,821.0,875.0,845.0,1058.0,1091.0,1100.0,1071.0,1099.0,1098.0,1011.0,1111.0,1079.0,1061.0,961.0,925.0,954.0,922.0,933.0,963.0,954.0,929.0,1001.0,935.0,882.0,862.0,882.0,847.0,869.0,843.0,844.0,884.0,817.0,856.0,788.0,786.0,768.0,809.0,779.0,796.0,799.0,805.0,782.0,799.0,891.0,871.0,884.0,852.0,872.0,879.0,901.0,871.0,866.0,892.0
908,1173.0,1183.0,1156.0,1168.0,1145.0,1188.0,1176.0,1177.0,1152.0,1185.0,1070.0,1088.0,1113.0,1073.0,1123.0,1099.0,1146.0,1098.0,1075.0,1104.0,1143.0,1120.0,1119.0,1098.0,1125.0,1123.0,1104.0,1065.0,1151.0,1103.0,1011.0,963.0,943.0,977.0,1006.0,936.0,961.0,975.0,994.0,979.0,851.0,835.0,828.0,848.0,834.0,866.0,835.0,885.0,825.0,888.0,1097.0,1110.0,1064.0,1092.0,1077.0,1101.0,1099.0,1070.0,1044.0,1064.0,990.0,986.0,1020.0,981.0,977.0,964.0,978.0,955.0,991.0,949.0,888.0,863.0,889.0,872.0,819.0,860.0,857.0,885.0,871.0,859.0,729.0,779.0,806.0,768.0,806.0,788.0,773.0,779.0,762.0,795.0,849.0,867.0,854.0,889.0,862.0,868.0,870.0,877.0,877.0,884.0
909,1175.0,1217.0,1213.0,1167.0,1140.0,1144.0,1143.0,1167.0,1121.0,1158.0,1154.0,1065.0,1061.0,1100.0,1136.0,1107.0,1143.0,1045.0,1089.0,1112.0,1103.0,1092.0,1079.0,1124.0,1110.0,1118.0,1142.0,1099.0,1144.0,1123.0,942.0,926.0,1008.0,968.0,973.0,928.0,930.0,973.0,984.0,978.0,835.0,916.0,854.0,838.0,849.0,873.0,828.0,849.0,803.0,888.0,1117.0,1041.0,1067.0,1068.0,1120.0,1094.0,1129.0,1113.0,1065.0,1123.0,923.0,1026.0,976.0,946.0,927.0,998.0,939.0,985.0,1002.0,1010.0,925.0,859.0,862.0,931.0,860.0,850.0,905.0,841.0,906.0,849.0,762.0,770.0,828.0,728.0,767.0,791.0,780.0,785.0,742.0,761.0,863.0,884.0,846.0,896.0,891.0,892.0,856.0,911.0,887.0,806.0
910,1194.0,1186.0,1158.0,1180.0,1225.0,1201.0,1173.0,1187.0,1179.0,1187.0,1095.0,1082.0,1113.0,1093.0,1075.0,1065.0,1104.0,1076.0,1086.0,1048.0,1109.0,1127.0,1113.0,1140.0,1127.0,1140.0,1156.0,1068.0,1096.0,1118.0,950.0,929.0,955.0,912.0,982.0,944.0,983.0,978.0,978.0,972.0,805.0,892.0,831.0,828.0,836.0,874.0,844.0,863.0,820.0,861.0,1107.0,1108.0,1067.0,1065.0,1082.0,1109.0,1098.0,1112.0,1096.0,1093.0,1002.0,958.0,967.0,960.0,972.0,956.0,936.0,994.0,945.0,1022.0,854.0,867.0,890.0,890.0,864.0,891.0,862.0,862.0,911.0,880.0,802.0,747.0,773.0,802.0,753.0,719.0,787.0,758.0,771.0,776.0,881.0,899.0,931.0,898.0,854.0,893.0,851.0,871.0,860.0,853.0
911,1163.0,1204.0,1147.0,1191.0,1165.0,1183.0,1146.0,1206.0,1174.0,1161.0,1095.0,1143.0,1115.0,1129.0,1121.0,1061.0,1109.0,1103.0,1105.0,1135.0,1123.0,1070.0,1149.0,1048.0,1073.0,1161.0,1110.0,1088.0,1092.0,1109.0,990.0,978.0,995.0,988.0,1017.0,997.0,967.0,990.0,912.0,974.0,866.0,863.0,791.0,818.0,864.0,857.0,844.0,839.0,799.0,877.0,1096.0,1036.0,1080.0,1059.0,1106.0,1086.0,1093.0,1072.0,1113.0,1078.0,984.0,972.0,959.0,965.0,970.0,887.0,982.0,969.0,996.0,959.0,811.0,861.0,899.0,912.0,865.0,905.0,909.0,893.0,934.0,851.0,763.0,777.0,756.0,765.0,748.0,789.0,750.0,731.0,780.0,795.0,907.0,892.0,904.0,894.0,840.0,866.0,886.0,876.0,835.0,873.0
912,1173.0,1206.0,1178.0,1202.0,1161.0,1179.0,1198.0,1168.0,1151.0,1149.0,1117.0,1135.0,1086.0,1118.0,1091.0,1089.0,1092.0,1109.0,1082.0,1095.0,1114.0,1066.0,1129.0,1069.0,1095.0,1128.0,1108.0,1133.0,1083.0,1144.0,976.0,971.0,976.0,996.0,1021.0,953.0,988.0,972.0,975.0,987.0,861.0,893.0,845.0,832.0,834.0,839.0,844.0,871.0,833.0,905.0,1095.0,1028.0,1079.0,1115.0,1075.0,1086.0,1043.0,1057.0,1096.0,1098.0,978.0,999.0,981.0,944.0,976.0,948.0,999.0,1023.0,950.0,935.0,864.0,873.0,877.0,858.0,874.0,913.0,838.0,890.0,919.0,851.0,776.0,815.0,779.0,722.0,772.0,806.0,803.0,738.0,842.0,765.0,845.0,810.0,867.0,909.0,874.0,853.0,885.0,803.0,813.0,884.0
913,1144.0,1171.0,1165.0,1165.0,1124.0,1182.0,1139.0,1213.0,1167.0,1148.0,1079.0,1117.0,1108.0,1062.0,1051.0,1057.0,1091.0,1094.0,1130.0,1125.0,1116.0,1131.0,1103.0,1132.0,1125.0,1090.0,1139.0,1081.0,1094.0,1101.0,969.0,981.0,986.0,979.0,1003.0,996.0,967.0,978.0,959.0,953.0,856.0,856.0,854.0,814.0,867.0,836.0,860.0,854.0,859.0,842.0,1086.0,1087.0,1080.0,1120.0,1085.0,1079.0,1116.0,1046.0,1100.0,1101.0,957.0,963.0,929.0,968.0,1012.0,1015.0,988.0,1003.0,975.0,965.0,927.0,861.0,866.0,898.0,880.0,855.0,888.0,860.0,822.0,856.0,769.0,764.0,825.0,781.0,753.0,759.0,745.0,786.0,764.0,834.0,903.0,863.0,884.0,845.0,878.0,925.0,865.0,851.0,874.0,891.0
914,1205.0,1111.0,1202.0,1176.0,1123.0,1178.0,1156.0,1139.0,1181.0,1159.0,1079.0,1096.0,1145.0,1092.0,1107.0,1095.0,1125.0,1077.0,1050.0,1134.0,1073.0,1130.0,1082.0,1071.0,1095.0,1089.0,1096.0,1116.0,1120.0,1136.0,983.0,943.0,977.0,967.0,944.0,996.0,961.0,1015.0,953.0,981.0,879.0,916.0,833.0,885.0,891.0,825.0,891.0,788.0,861.0,866.0,1069.0,1116.0,1096.0,1062.0,1080.0,1124.0,1060.0,1068.0,1098.0,1124.0,977.0,989.0,975.0,994.0,947.0,957.0,974.0,972.0,952.0,962.0,930.0,888.0,868.0,934.0,891.0,847.0,882.0,890.0,896.0,810.0,747.0,750.0,761.0,750.0,819.0,788.0,760.0,826.0,766.0,774.0,867.0,856.0,857.0,837.0,889.0,895.0,895.0,879.0,868.0,867.0
915,1219.0,1174.0,1176.0,1129.0,1212.0,1195.0,1236.0,1144.0,1136.0,1175.0,1088.0,1134.0,1136.0,1047.0,1103.0,1069.0,1061.0,1158.0,1120.0,1102.0,1072.0,1129.0,1083.0,1126.0,1113.0,1097.0,1071.0,1109.0,1119.0,1100.0,980.0,968.0,984.0,954.0,996.0,975.0,978.0,984.0,938.0,982.0,843.0,826.0,871.0,863.0,838.0,852.0,865.0,856.0,834.0,868.0,1089.0,1074.0,1070.0,1098.0,1033.0,1087.0,1122.0,1053.0,1073.0,1069.0,996.0,954.0,969.0,979.0,985.0,986.0,1015.0,954.0,991.0,982.0,836.0,894.0,898.0,889.0,882.0,880.0,845.0,897.0,836.0,895.0,848.0,765.0,775.0,779.0,772.0,779.0,754.0,756.0,813.0,736.0,838.0,875.0,835.0,911.0,851.0,876.0,851.0,860.0,887.0,905.0
916,1220.0,1208.0,1143.0,1163.0,1196.0,1167.0,1145.0,1172.0,1172.0,1190.0,1105.0,1097.0,1101.0,1065.0,1118.0,1101.0,1120.0,1081.0,1106.0,1144.0,1117.0,1120.0,1145.0,1142.0,1085.0,1077.0,1120.0,1103.0,1101.0,1118.0,976.0,1014.0,954.0,964.0,962.0,987.0,989.0,957.0,980.0,969.0,834.0,818.0,869.0,864.0,862.0,803.0,861.0,883.0,869.0,881.0,1076.0,1069.0,1091.0,1088.0,1025.0,1101.0,1091.0,1097.0,1052.0,1072.0,972.0,963.0,968.0,956.0,953.0,1005.0,970.0,1004.0,982.0,928.0,876.0,896.0,857.0,920.0,923.0,892.0,857.0,872.0,832.0,873.0,735.0,779.0,777.0,752.0,807.0,771.0,764.0,770.0,791.0,757.0,894.0,826.0,892.0,861.0,858.0,896.0,881.0,833.0,863.0,880.0
917,1160.0,1199.0,1175.0,1170.0,1180.0,1166.0,1211.0,1164.0,1181.0,1158.0,1083.0,1129.0,1097.0,1060.0,1077.0,1046.0,1100.0,1062.0,1121.0,1074.0,1108.0,1169.0,1135.0,1139.0,1112.0,1060.0,1106.0,1109.0,1075.0,1110.0,1026.0,949.0,968.0,972.0,1007.0,992.0,998.0,989.0,978.0,1004.0,844.0,818.0,863.0,820.0,814.0,823.0,870.0,856.0,845.0,838.0,1075.0,1065.0,1107.0,1066.0,1090.0,1093.0,1064.0,1059.0,1106.0,1102.0,979.0,930.0,952.0,1016.0,955.0,966.0,938.0,1042.0,943.0,1025.0,900.0,886.0,829.0,897.0,873.0,904.0,855.0,857.0,901.0,895.0,793.0,757.0,790.0,761.0,783.0,828.0,776.0,762.0,745.0,737.0,841.0,882.0,881.0,876.0,898.0,928.0,879.0,874.0,851.0,867.0
918,1181.0,1122.0,1221.0,1160.0,1185.0,1205.0,1199.0,1219.0,1159.0,1172.0,1103.0,1089.0,1063.0,1066.0,1137.0,1036.0,1093.0,1147.0,1078.0,1095.0,1111.0,1100.0,1108.0,1120.0,1085.0,1081.0,1063.0,1106.0,1099.0,1065.0,967.0,959.0,974.0,953.0,941.0,982.0,1011.0,967.0,1011.0,987.0,875.0,895.0,866.0,840.0,880.0,884.0,862.0,797.0,795.0,864.0,1080.0,1083.0,1105.0,1106.0,1071.0,1091.0,1065.0,1064.0,1103.0,1102.0,974.0,968.0,965.0,988.0,953.0,1010.0,1005.0,1004.0,986.0,1026.0,875.0,888.0,840.0,881.0,875.0,844.0,836.0,843.0,886.0,840.0,750.0,804.0,759.0,739.0,824.0,769.0,768.0,809.0,756.0,766.0,894.0,884.0,894.0,923.0,838.0,904.0,897.0,809.0,872.0,894.0
919,1212.0,1162.0,1200.0,1165.0,1203.0,1249.0,1169.0,1175.0,1167.0,1197.0,1073.0,1098.0,1121.0,1059.0,1114.0,1103.0,1148.0,1124.0,1113.0,1130.0,1095.0,1168.0,1121.0,1139.0,1129.0,1083.0,1067.0,1091.0,1090.0,1105.0,941.0,957.0,993.0,963.0,967.0,943.0,1013.0,1015.0,973.0,952.0,868.0,812.0,811.0,886.0,826.0,850.0,834.0,811.0,806.0,833.0,1060.0,1066.0,1091.0,1076.0,1099.0,1080.0,1125.0,1128.0,1058.0,1097.0,937.0,1000.0,967.0,1005.0,950.0,978.0,983.0,972.0,994.0,971.0,928.0,821.0,843.0,860.0,877.0,880.0,840.0,846.0,857.0,880.0,786.0,823.0,774.0,776.0,758.0,749.0,752.0,762.0,802.0,758.0,913.0,885.0,871.0,848.0,860.0,885.0,865.0,837.0,887.0,885.0
920,1189.0,1186.0,1204.0,1122.0,1210.0,1168.0,1222.0,1240.0,1192.0,1141.0,1102.0,1097.0,1058.0,1117.0,1099.0,1117.0,1105.0,1122.0,1097.0,1143.0,1087.0,1135.0,1124.0,1095.0,1095.0,1096.0,1130.0,1089.0,1088.0,1070.0,932.0,979.0,1051.0,986.0,993.0,953.0,975.0,960.0,980.0,963.0,915.0,823.0,819.0,840.0,838.0,909.0,849.0,827.0,912.0,880.0,1074.0,1080.0,1056.0,1095.0,1024.0,1063.0,1049.0,1069.0,1075.0,1071.0,994.0,975.0,937.0,993.0,975.0,962.0,985.0,968.0,922.0,998.0,871.0,816.0,850.0,898.0,915.0,904.0,853.0,877.0,870.0,887.0,794.0,806.0,786.0,730.0,778.0,777.0,788.0,736.0,736.0,773.0,858.0,894.0,907.0,902.0,856.0,853.0,839.0,868.0,874.0,887.0
921,1192.0,1110.0,1172.0,1187.0,1176.0,1196.0,1199.0,1171.0,1117.0,1191.0,1128.0,1128.0,1077.0,1092.0,1118.0,1102.0,1069.0,1076.0,1115.0,1094.0,1085.0,1115.0,1121.0,1144.0,1135.0,1128.0,1072.0,1115.0,1106.0,1175.0,1016.0,991.0,1037.0,890.0,963.0,978.0,1032.0,971.0,996.0,959.0,856.0,846.0,863.0,855.0,843.0,851.0,868.0,836.0,885.0,843.0,1087.0,1147.0,1067.0,1104.0,1074.0,1094.0,1087.0,1114.0,1130.0,1051.0,928.0,982.0,987.0,945.0,958.0,984.0,969.0,924.0,929.0,1004.0,860.0,901.0,837.0,894.0,848.0,881.0,863.0,878.0,840.0,863.0,809.0,738.0,733.0,737.0,788.0,756.0,758.0,765.0,759.0,785.0,855.0,832.0,900.0,926.0,879.0,826.0,881.0,907.0,870.0,846.0
922,1140.0,1147.0,1164.0,1188.0,1168.0,1233.0,1227.0,1181.0,1146.0,1189.0,1080.0,1083.0,1108.0,1094.0,1112.0,1074.0,1045.0,1120.0,1097.0,1129.0,1120.0,1092.0,1109.0,1084.0,1110.0,1087.0,1132.0,1081.0,1116.0,1088.0,972.0,964.0,970.0,999.0,930.0,973.0,1009.0,916.0,992.0,943.0,832.0,867.0,864.0,835.0,864.0,867.0,877.0,875.0,876.0,856.0,1112.0,1106.0,1133.0,1057.0,1096.0,1081.0,1072.0,1084.0,1111.0,1087.0,990.0,948.0,926.0,957.0,1013.0,958.0,933.0,970.0,975.0,972.0,876.0,899.0,887.0,874.0,873.0,843.0,838.0,892.0,809.0,847.0,796.0,797.0,803.0,835.0,754.0,777.0,774.0,776.0,773.0,813.0,899.0,892.0,831.0,854.0,861.0,900.0,891.0,864.0,849.0,887.0
923,1161.0,1211.0,1126.0,1186.0,1162.0,1232.0,1192.0,1161.0,1199.0,1174.0,1097.0,1084.0,1098.0,1078.0,1108.0,1072.0,1100.0,1054.0,1107.0,1079.0,1129.0,1116.0,1089.0,1137.0,1166.0,1076.0,1116.0,1130.0,1123.0,1154.0,996.0,954.0,983.0,1003.0,947.0,966.0,971.0,1020.0,955.0,1007.0,825.0,839.0,897.0,838.0,829.0,825.0,844.0,822.0,840.0,897.0,1091.0,1102.0,1099.0,1060.0,1085.0,1094.0,1080.0,1131.0,1094.0,1083.0,924.0,974.0,982.0,957.0,1006.0,1010.0,982.0,960.0,936.0,930.0,838.0,897.0,885.0,840.0,835.0,910.0,855.0,903.0,882.0,836.0,810.0,767.0,831.0,762.0,760.0,789.0,796.0,722.0,751.0,785.0,949.0,849.0,810.0,914.0,878.0,818.0,861.0,853.0,853.0,866.0
924,1180.0,1200.0,1170.0,1155.0,1137.0,1192.0,1179.0,1158.0,1150.0,1150.0,1113.0,1086.0,1116.0,1099.0,1129.0,1076.0,1110.0,1098.0,1139.0,1132.0,1124.0,1086.0,1094.0,1138.0,1067.0,1090.0,1065.0,1107.0,1071.0,1144.0,990.0,939.0,975.0,1005.0,946.0,978.0,1023.0,994.0,988.0,989.0,859.0,882.0,825.0,825.0,860.0,825.0,864.0,840.0,844.0,873.0,1084.0,1118.0,1039.0,1028.0,1089.0,1114.0,1076.0,1100.0,1089.0,1084.0,937.0,961.0,997.0,998.0,1017.0,1023.0,997.0,921.0,969.0,934.0,873.0,914.0,901.0,878.0,883.0,841.0,872.0,878.0,912.0,914.0,776.0,756.0,799.0,741.0,778.0,763.0,773.0,795.0,709.0,765.0,883.0,850.0,888.0,907.0,873.0,888.0,840.0,867.0,867.0,824.0
925,1155.0,1216.0,1164.0,1150.0,1138.0,1233.0,1128.0,1146.0,1215.0,1198.0,1124.0,1063.0,1109.0,1071.0,1116.0,1092.0,1100.0,1035.0,1050.0,1073.0,1169.0,1135.0,1134.0,1137.0,1140.0,1075.0,1152.0,1129.0,1128.0,1112.0,989.0,952.0,1003.0,971.0,1022.0,925.0,1014.0,1005.0,979.0,961.0,866.0,857.0,880.0,837.0,843.0,857.0,872.0,832.0,850.0,871.0,1075.0,1113.0,1059.0,1081.0,1070.0,1094.0,1106.0,1130.0,1087.0,1059.0,917.0,979.0,983.0,947.0,956.0,958.0,946.0,961.0,939.0,952.0,895.0,890.0,849.0,866.0,855.0,884.0,896.0,880.0,870.0,911.0,776.0,733.0,810.0,807.0,773.0,769.0,751.0,780.0,729.0,809.0,851.0,852.0,812.0,909.0,865.0,903.0,835.0,863.0,889.0,866.0
926,1175.0,1204.0,1182.0,1190.0,1202.0,1181.0,1221.0,1168.0,1145.0,1169.0,1107.0,1031.0,1113.0,1086.0,1120.0,1073.0,1070.0,1077.0,1095.0,1034.0,1172.0,1095.0,1132.0,1120.0,1086.0,1110.0,1112.0,1106.0,1164.0,1125.0,935.0,976.0,936.0,998.0,979.0,1007.0,977.0,975.0,968.0,1000.0,917.0,880.0,879.0,816.0,818.0,892.0,854.0,891.0,831.0,854.0,1032.0,1048.0,1092.0,1073.0,1082.0,1064.0,1084.0,1055.0,1070.0,1152.0,979.0,977.0,968.0,974.0,980.0,968.0,977.0,923.0,988.0,988.0,855.0,903.0,866.0,906.0,885.0,865.0,878.0,874.0,872.0,844.0,768.0,786.0,773.0,773.0,760.0,774.0,761.0,776.0,751.0,779.0,877.0,897.0,862.0,837.0,864.0,858.0,867.0,921.0,851.0,865.0
927,1180.0,1170.0,1236.0,1161.0,1207.0,1136.0,1189.0,1175.0,1197.0,1160.0,1087.0,1115.0,1003.0,1074.0,1069.0,1072.0,1132.0,1138.0,1106.0,1068.0,1123.0,1149.0,1078.0,1139.0,1112.0,1167.0,1138.0,1091.0,1095.0,1149.0,962.0,977.0,987.0,1005.0,970.0,998.0,938.0,967.0,939.0,958.0,881.0,846.0,880.0,822.0,897.0,893.0,856.0,884.0,821.0,871.0,1079.0,1044.0,1096.0,1099.0,1075.0,1060.0,1109.0,1100.0,1092.0,1107.0,966.0,948.0,951.0,932.0,972.0,940.0,970.0,935.0,984.0,988.0,886.0,910.0,922.0,878.0,863.0,886.0,860.0,861.0,830.0,931.0,817.0,784.0,769.0,797.0,807.0,799.0,757.0,768.0,810.0,732.0,839.0,855.0,881.0,864.0,807.0,843.0,845.0,846.0,861.0,845.0
928,1215.0,1185.0,1167.0,1177.0,1194.0,1155.0,1188.0,1257.0,1145.0,1166.0,1068.0,1097.0,1094.0,1104.0,1134.0,1078.0,1125.0,1087.0,1090.0,1089.0,1082.0,1119.0,1095.0,1098.0,1147.0,1118.0,1105.0,1100.0,1103.0,1076.0,994.0,965.0,967.0,995.0,995.0,977.0,955.0,973.0,988.0,968.0,855.0,850.0,849.0,836.0,827.0,794.0,882.0,855.0,847.0,877.0,1105.0,1074.0,1097.0,1051.0,1050.0,1087.0,1086.0,1091.0,1136.0,1072.0,949.0,968.0,995.0,975.0,945.0,980.0,955.0,938.0,973.0,1029.0,856.0,863.0,904.0,873.0,812.0,873.0,843.0,850.0,825.0,902.0,800.0,777.0,811.0,814.0,781.0,794.0,774.0,742.0,789.0,776.0,894.0,901.0,825.0,851.0,891.0,939.0,881.0,866.0,839.0,858.0
929,1198.0,1218.0,1221.0,1189.0,1137.0,1140.0,1162.0,1190.0,1207.0,1197.0,1083.0,1104.0,1076.0,1143.0,1141.0,1103.0,1107.0,1079.0,1067.0,1052.0,1093.0,1151.0,1111.0,1107.0,1089.0,1108.0,1127.0,1108.0,1079.0,1118.0,981.0,976.0,996.0,962.0,973.0,964.0,1026.0,994.0,985.0,989.0,848.0,862.0,864.0,841.0,806.0,870.0,860.0,824.0,832.0,871.0,1130.0,1075.0,1019.0,1039.0,1119.0,1061.0,1048.0,1114.0,1065.0,1095.0,974.0,960.0,981.0,973.0,975.0,1036.0,973.0,939.0,962.0,981.0,864.0,882.0,858.0,877.0,838.0,867.0,831.0,856.0,886.0,810.0,782.0,740.0,775.0,751.0,792.0,773.0,797.0,776.0,783.0,793.0,864.0,825.0,904.0,890.0,906.0,878.0,865.0,877.0,873.0,906.0
930,1167.0,1193.0,1161.0,1152.0,1216.0,1209.0,1211.0,1184.0,1182.0,1186.0,1130.0,1137.0,1129.0,1091.0,1053.0,1082.0,1100.0,1101.0,1027.0,1145.0,1066.0,1116.0,1113.0,1156.0,1103.0,1141.0,1130.0,1115.0,1105.0,1084.0,995.0,960.0,996.0,979.0,1005.0,996.0,967.0,951.0,1015.0,943.0,828.0,882.0,868.0,863.0,808.0,864.0,826.0,868.0,855.0,834.0,1125.0,1047.0,1078.0,1074.0,1060.0,1079.0,1086.0,1065.0,1117.0,1076.0,987.0,977.0,939.0,945.0,973.0,929.0,959.0,1007.0,952.0,939.0,851.0,824.0,913.0,862.0,900.0,848.0,854.0,823.0,866.0,917.0,763.0,797.0,762.0,735.0,753.0,775.0,751.0,777.0,768.0,832.0,903.0,859.0,847.0,914.0,905.0,876.0,908.0,865.0,851.0,856.0
931,1190.0,1221.0,1179.0,1137.0,1222.0,1156.0,1202.0,1152.0,1198.0,1225.0,1078.0,1075.0,1062.0,1073.0,1074.0,1108.0,1115.0,1075.0,1085.0,1095.0,1112.0,1093.0,1156.0,1108.0,1146.0,1106.0,1091.0,1083.0,1108.0,1141.0,992.0,940.0,974.0,968.0,1018.0,948.0,1006.0,966.0,962.0,959.0,837.0,893.0,840.0,876.0,833.0,825.0,861.0,853.0,873.0,851.0,1072.0,1061.0,1064.0,1112.0,1069.0,1112.0,1056.0,1091.0,1056.0,1136.0,1007.0,1002.0,996.0,950.0,993.0,992.0,994.0,1006.0,963.0,941.0,890.0,844.0,893.0,894.0,865.0,881.0,861.0,883.0,894.0,866.0,779.0,751.0,755.0,796.0,732.0,810.0,788.0,792.0,739.0,736.0,858.0,912.0,885.0,862.0,818.0,863.0,820.0,859.0,861.0,854.0
932,1180.0,1243.0,1145.0,1183.0,1179.0,1202.0,1164.0,1176.0,1122.0,1162.0,1103.0,1080.0,1064.0,1071.0,1084.0,1057.0,1104.0,1098.0,1058.0,1081.0,1097.0,1067.0,1115.0,1151.0,1095.0,1132.0,1081.0,1099.0,1081.0,1130.0,1005.0,1003.0,953.0,921.0,1006.0,977.0,973.0,981.0,1018.0,933.0,823.0,850.0,886.0,817.0,846.0,831.0,867.0,873.0,856.0,868.0,1088.0,1079.0,1147.0,1075.0,1052.0,1083.0,1136.0,1083.0,1078.0,1093.0,984.0,987.0,986.0,976.0,985.0,964.0,994.0,981.0,962.0,1032.0,881.0,853.0,839.0,903.0,885.0,884.0,895.0,857.0,890.0,882.0,796.0,794.0,781.0,798.0,767.0,814.0,744.0,762.0,790.0,767.0,858.0,834.0,890.0,881.0,875.0,856.0,836.0,852.0,891.0,857.0
933,1214.0,1215.0,1213.0,1118.0,1182.0,1192.0,1174.0,1141.0,1196.0,1185.0,1104.0,1068.0,1094.0,1084.0,1130.0,1107.0,1027.0,1128.0,1065.0,1092.0,1088.0,1126.0,1114.0,1071.0,1095.0,1094.0,1109.0,1098.0,1169.0,1099.0,1008.0,995.0,981.0,1001.0,957.0,991.0,1019.0,924.0,967.0,970.0,857.0,866.0,851.0,872.0,840.0,874.0,873.0,831.0,834.0,848.0,1088.0,1084.0,1099.0,1066.0,1097.0,1093.0,1079.0,1142.0,1032.0,1148.0,947.0,926.0,937.0,977.0,958.0,986.0,952.0,950.0,923.0,976.0,869.0,867.0,864.0,898.0,875.0,858.0,913.0,905.0,876.0,846.0,810.0,786.0,756.0,805.0,754.0,745.0,790.0,744.0,799.0,766.0,826.0,859.0,896.0,893.0,884.0,859.0,863.0,897.0,884.0,873.0
934,1217.0,1174.0,1199.0,1194.0,1205.0,1210.0,1210.0,1169.0,1216.0,1151.0,1088.0,1071.0,1108.0,1094.0,1113.0,1076.0,1057.0,1059.0,1058.0,1102.0,1098.0,1134.0,1104.0,1150.0,1112.0,1063.0,1096.0,1112.0,1157.0,1087.0,962.0,963.0,969.0,952.0,963.0,986.0,926.0,1013.0,992.0,1014.0,845.0,871.0,915.0,851.0,818.0,869.0,905.0,795.0,814.0,839.0,1082.0,1072.0,1073.0,1102.0,1126.0,1071.0,1078.0,1118.0,1063.0,1055.0,1007.0,951.0,960.0,988.0,958.0,963.0,983.0,962.0,953.0,1013.0,905.0,878.0,877.0,811.0,874.0,873.0,841.0,906.0,909.0,881.0,740.0,813.0,725.0,745.0,732.0,801.0,856.0,766.0,723.0,745.0,862.0,868.0,872.0,891.0,866.0,890.0,850.0,860.0,854.0,919.0
935,1135.0,1211.0,1186.0,1159.0,1177.0,1198.0,1170.0,1168.0,1191.0,1155.0,1057.0,1092.0,1098.0,1126.0,1085.0,1108.0,1138.0,1083.0,1108.0,1093.0,1159.0,1104.0,1071.0,1090.0,1137.0,1115.0,1091.0,1112.0,1085.0,1114.0,1026.0,984.0,991.0,925.0,935.0,950.0,959.0,938.0,943.0,1005.0,833.0,827.0,875.0,850.0,841.0,876.0,847.0,844.0,812.0,825.0,1103.0,1085.0,1034.0,1089.0,1157.0,1081.0,1111.0,1073.0,1079.0,1097.0,962.0,944.0,990.0,1009.0,979.0,932.0,988.0,974.0,942.0,954.0,954.0,873.0,908.0,881.0,807.0,879.0,887.0,932.0,873.0,893.0,765.0,742.0,788.0,760.0,777.0,766.0,767.0,786.0,787.0,775.0,810.0,931.0,865.0,890.0,867.0,897.0,843.0,855.0,922.0,899.0
936,1151.0,1149.0,1210.0,1108.0,1217.0,1197.0,1187.0,1179.0,1146.0,1185.0,1107.0,1088.0,1096.0,1135.0,1088.0,1098.0,1078.0,1042.0,1095.0,1085.0,1107.0,1182.0,1144.0,1114.0,1087.0,1079.0,1133.0,1093.0,1140.0,1127.0,983.0,968.0,963.0,1008.0,950.0,950.0,986.0,1020.0,936.0,945.0,850.0,851.0,788.0,832.0,834.0,806.0,847.0,883.0,852.0,831.0,1016.0,1123.0,1097.0,1094.0,1104.0,1145.0,1110.0,1076.0,1109.0,1088.0,1044.0,951.0,988.0,1033.0,981.0,964.0,999.0,972.0,962.0,985.0,878.0,831.0,854.0,851.0,876.0,888.0,839.0,849.0,855.0,865.0,805.0,755.0,783.0,751.0,734.0,823.0,786.0,770.0,786.0,810.0,868.0,892.0,876.0,851.0,890.0,851.0,834.0,884.0,861.0,891.0
937,1153.0,1176.0,1199.0,1177.0,1198.0,1163.0,1194.0,1178.0,1190.0,1206.0,1069.0,1068.0,1085.0,1107.0,1061.0,1074.0,1091.0,1101.0,1121.0,1116.0,1137.0,1116.0,1099.0,1156.0,1107.0,1108.0,1125.0,1083.0,1081.0,1083.0,1000.0,999.0,944.0,953.0,963.0,992.0,997.0,945.0,961.0,940.0,811.0,875.0,870.0,858.0,842.0,809.0,805.0,890.0,848.0,868.0,1065.0,1067.0,1051.0,1054.0,1082.0,1134.0,1096.0,1042.0,1093.0,1079.0,1007.0,1002.0,981.0,964.0,973.0,999.0,935.0,1009.0,951.0,998.0,897.0,860.0,860.0,863.0,871.0,898.0,915.0,852.0,882.0,896.0,809.0,750.0,801.0,772.0,816.0,739.0,793.0,761.0,739.0,747.0,864.0,879.0,912.0,872.0,852.0,881.0,847.0,908.0,874.0,876.0
938,1202.0,1180.0,1176.0,1122.0,1195.0,1152.0,1193.0,1182.0,1175.0,1201.0,1033.0,1150.0,1049.0,1088.0,1077.0,1034.0,1095.0,1100.0,1113.0,1113.0,1152.0,1132.0,1165.0,1168.0,1104.0,1090.0,1116.0,1202.0,1126.0,1121.0,970.0,931.0,1011.0,954.0,994.0,1008.0,1008.0,942.0,984.0,984.0,871.0,873.0,814.0,833.0,854.0,854.0,827.0,831.0,823.0,821.0,1077.0,1051.0,1110.0,1084.0,1094.0,1111.0,1109.0,1043.0,1073.0,1095.0,934.0,1007.0,969.0,977.0,932.0,974.0,961.0,935.0,943.0,928.0,866.0,850.0,901.0,850.0,876.0,893.0,876.0,884.0,875.0,920.0,814.0,739.0,750.0,858.0,761.0,821.0,756.0,761.0,765.0,738.0,893.0,875.0,853.0,844.0,880.0,865.0,853.0,886.0,861.0,883.0
939,1134.0,1160.0,1171.0,1208.0,1165.0,1173.0,1127.0,1177.0,1154.0,1175.0,1147.0,1133.0,1064.0,1087.0,1110.0,1065.0,1159.0,1126.0,1085.0,1129.0,1109.0,1121.0,1069.0,1064.0,1113.0,1108.0,1107.0,1055.0,1143.0,1142.0,947.0,982.0,996.0,994.0,943.0,993.0,933.0,989.0,957.0,925.0,853.0,902.0,847.0,825.0,856.0,836.0,825.0,884.0,857.0,888.0,1066.0,1077.0,1121.0,1065.0,1057.0,1061.0,1125.0,1058.0,1110.0,1068.0,989.0,987.0,979.0,997.0,1002.0,1023.0,969.0,924.0,942.0,968.0,929.0,880.0,871.0,833.0,864.0,873.0,874.0,872.0,869.0,855.0,760.0,740.0,814.0,790.0,814.0,789.0,779.0,765.0,777.0,787.0,880.0,806.0,870.0,914.0,847.0,885.0,895.0,920.0,845.0,868.0
940,1176.0,1191.0,1159.0,1195.0,1185.0,1224.0,1233.0,1202.0,1138.0,1162.0,1103.0,1086.0,1141.0,1098.0,1118.0,1094.0,1094.0,1108.0,1083.0,1078.0,1145.0,1104.0,1139.0,1134.0,1120.0,1123.0,1121.0,1104.0,1156.0,1161.0,1001.0,990.0,924.0,962.0,976.0,978.0,978.0,1008.0,989.0,917.0,821.0,813.0,849.0,805.0,850.0,820.0,842.0,825.0,862.0,872.0,1067.0,1127.0,1087.0,1131.0,1072.0,1052.0,1082.0,1087.0,1073.0,1080.0,950.0,981.0,1004.0,966.0,939.0,984.0,944.0,950.0,943.0,989.0,899.0,862.0,834.0,851.0,862.0,873.0,846.0,837.0,890.0,927.0,830.0,772.0,775.0,779.0,789.0,800.0,780.0,763.0,739.0,745.0,820.0,860.0,889.0,850.0,862.0,854.0,869.0,882.0,866.0,873.0
941,1163.0,1242.0,1155.0,1144.0,1191.0,1217.0,1198.0,1189.0,1179.0,1177.0,1064.0,1074.0,1047.0,1073.0,1068.0,1055.0,1118.0,1077.0,1086.0,1064.0,1116.0,1084.0,1119.0,1102.0,1131.0,1142.0,1099.0,1110.0,1060.0,1098.0,1024.0,968.0,967.0,964.0,951.0,974.0,986.0,966.0,963.0,967.0,855.0,809.0,857.0,856.0,856.0,885.0,868.0,840.0,850.0,877.0,1096.0,1078.0,1113.0,1092.0,1053.0,1086.0,1111.0,1088.0,1094.0,1056.0,946.0,1007.0,1001.0,951.0,1000.0,958.0,976.0,972.0,954.0,989.0,840.0,860.0,855.0,908.0,899.0,879.0,808.0,873.0,898.0,901.0,820.0,780.0,812.0,802.0,733.0,768.0,745.0,771.0,783.0,824.0,893.0,882.0,878.0,885.0,891.0,836.0,877.0,880.0,876.0,858.0
942,1233.0,1232.0,1217.0,1159.0,1167.0,1175.0,1202.0,1168.0,1181.0,1212.0,1123.0,1111.0,1071.0,1092.0,1075.0,1045.0,1092.0,1076.0,1094.0,1124.0,1123.0,1070.0,1096.0,1089.0,1172.0,1115.0,1133.0,1106.0,1131.0,1143.0,977.0,978.0,997.0,998.0,936.0,1027.0,959.0,1010.0,943.0,1035.0,821.0,829.0,839.0,856.0,829.0,912.0,866.0,843.0,872.0,830.0,1065.0,1085.0,1079.0,1091.0,1078.0,1083.0,1095.0,1055.0,1068.0,1043.0,953.0,942.0,941.0,945.0,1005.0,950.0,934.0,968.0,954.0,917.0,869.0,890.0,888.0,857.0,854.0,869.0,812.0,886.0,864.0,840.0,791.0,773.0,798.0,758.0,791.0,752.0,791.0,765.0,780.0,767.0,859.0,874.0,879.0,933.0,864.0,873.0,903.0,891.0,856.0,894.0
943,1174.0,1262.0,1198.0,1200.0,1161.0,1138.0,1159.0,1196.0,1149.0,1212.0,1114.0,1077.0,1079.0,1070.0,1134.0,1103.0,1083.0,1083.0,1109.0,1090.0,1106.0,1046.0,1139.0,1095.0,1059.0,1163.0,1113.0,1077.0,1123.0,1102.0,995.0,966.0,997.0,934.0,1004.0,982.0,1028.0,954.0,1002.0,1002.0,855.0,828.0,793.0,914.0,891.0,878.0,831.0,886.0,834.0,837.0,1056.0,1073.0,1116.0,1086.0,1019.0,1071.0,1089.0,1105.0,1024.0,1080.0,955.0,978.0,963.0,959.0,966.0,950.0,953.0,968.0,969.0,972.0,889.0,902.0,866.0,866.0,902.0,849.0,896.0,877.0,893.0,885.0,821.0,783.0,775.0,772.0,794.0,798.0,738.0,734.0,763.0,752.0,853.0,868.0,875.0,883.0,847.0,870.0,898.0,887.0,879.0,871.0
944,1150.0,1177.0,1188.0,1180.0,1160.0,1194.0,1216.0,1130.0,1155.0,1159.0,1167.0,1071.0,1099.0,1077.0,1080.0,1100.0,1068.0,1081.0,1125.0,1107.0,1104.0,1131.0,1102.0,1112.0,1067.0,1153.0,1113.0,1114.0,1081.0,1126.0,992.0,993.0,994.0,949.0,993.0,948.0,966.0,939.0,958.0,1016.0,893.0,820.0,867.0,839.0,902.0,892.0,838.0,811.0,853.0,863.0,1089.0,1062.0,1074.0,1070.0,1110.0,1083.0,1112.0,1138.0,1042.0,1024.0,934.0,996.0,971.0,998.0,1011.0,995.0,957.0,997.0,938.0,950.0,874.0,876.0,855.0,921.0,835.0,847.0,896.0,924.0,899.0,850.0,788.0,805.0,754.0,780.0,747.0,761.0,736.0,761.0,785.0,781.0,825.0,855.0,896.0,852.0,875.0,826.0,885.0,873.0,912.0,930.0
945,1198.0,1164.0,1152.0,1209.0,1148.0,1239.0,1176.0,1179.0,1149.0,1171.0,1072.0,1086.0,1125.0,1133.0,1088.0,1071.0,1122.0,1078.0,1098.0,1089.0,1116.0,1051.0,1129.0,1078.0,1169.0,1140.0,1095.0,1127.0,1076.0,1143.0,963.0,971.0,1004.0,951.0,955.0,967.0,965.0,996.0,1000.0,984.0,866.0,892.0,871.0,805.0,826.0,812.0,860.0,822.0,841.0,871.0,1046.0,1069.0,1094.0,1095.0,1113.0,1112.0,1087.0,1093.0,1068.0,1084.0,1027.0,978.0,957.0,1006.0,957.0,973.0,949.0,986.0,967.0,938.0,890.0,911.0,849.0,855.0,902.0,865.0,867.0,849.0,842.0,907.0,804.0,786.0,750.0,794.0,746.0,785.0,760.0,742.0,842.0,792.0,837.0,886.0,867.0,847.0,873.0,828.0,908.0,893.0,869.0,827.0
946,1181.0,1169.0,1159.0,1193.0,1137.0,1216.0,1172.0,1183.0,1184.0,1193.0,1097.0,1122.0,1103.0,1076.0,1099.0,1090.0,1116.0,1113.0,1068.0,1128.0,1151.0,1144.0,1109.0,1114.0,1113.0,1139.0,1083.0,1097.0,1116.0,1107.0,962.0,969.0,973.0,993.0,955.0,1001.0,960.0,994.0,997.0,976.0,830.0,867.0,838.0,847.0,846.0,823.0,825.0,834.0,805.0,832.0,1085.0,1077.0,1113.0,1060.0,1140.0,1019.0,1077.0,1064.0,1066.0,1073.0,990.0,949.0,1034.0,956.0,978.0,946.0,980.0,989.0,967.0,978.0,839.0,891.0,879.0,899.0,895.0,853.0,868.0,852.0,863.0,875.0,776.0,739.0,755.0,830.0,787.0,774.0,772.0,777.0,812.0,768.0,906.0,866.0,833.0,807.0,829.0,930.0,938.0,862.0,873.0,875.0
947,1218.0,1139.0,1141.0,1164.0,1187.0,1195.0,1128.0,1161.0,1234.0,1180.0,1130.0,1101.0,1138.0,1119.0,1088.0,1140.0,1083.0,1084.0,1054.0,1120.0,1115.0,1105.0,1125.0,1115.0,1159.0,1130.0,1142.0,1152.0,1106.0,1139.0,961.0,984.0,982.0,1030.0,972.0,975.0,927.0,929.0,1010.0,991.0,857.0,885.0,902.0,828.0,824.0,845.0,821.0,858.0,824.0,843.0,1133.0,1071.0,1067.0,1058.0,1079.0,1054.0,1130.0,1079.0,1057.0,1028.0,960.0,990.0,1001.0,945.0,952.0,949.0,971.0,944.0,946.0,939.0,836.0,854.0,829.0,869.0,859.0,822.0,875.0,893.0,874.0,882.0,754.0,734.0,759.0,766.0,792.0,783.0,837.0,795.0,774.0,799.0,846.0,933.0,852.0,880.0,865.0,896.0,880.0,872.0,869.0,885.0
948,1180.0,1106.0,1203.0,1138.0,1177.0,1187.0,1167.0,1194.0,1136.0,1158.0,1140.0,1104.0,1092.0,1099.0,1102.0,1086.0,1087.0,1099.0,1123.0,1162.0,1110.0,1108.0,1062.0,1121.0,1109.0,1102.0,1073.0,1106.0,1113.0,1138.0,987.0,994.0,990.0,1021.0,988.0,1006.0,978.0,984.0,1008.0,1022.0,868.0,867.0,859.0,813.0,878.0,876.0,840.0,834.0,842.0,822.0,1091.0,1081.0,1078.0,1085.0,1105.0,1044.0,1069.0,1076.0,1081.0,1066.0,952.0,1006.0,1019.0,904.0,951.0,972.0,1019.0,963.0,942.0,912.0,875.0,907.0,845.0,927.0,846.0,871.0,887.0,931.0,837.0,815.0,747.0,770.0,775.0,810.0,765.0,773.0,805.0,743.0,781.0,807.0,857.0,857.0,875.0,856.0,855.0,874.0,874.0,835.0,887.0,902.0
949,1208.0,1181.0,1219.0,1238.0,1179.0,1187.0,1123.0,1134.0,1145.0,1168.0,1108.0,1094.0,1073.0,1048.0,1088.0,1083.0,1072.0,1116.0,1090.0,1130.0,1109.0,1097.0,1161.0,1100.0,1166.0,1149.0,1100.0,1139.0,1077.0,1093.0,985.0,975.0,947.0,984.0,968.0,1024.0,1017.0,987.0,971.0,978.0,868.0,841.0,843.0,854.0,820.0,811.0,846.0,815.0,819.0,875.0,1090.0,1064.0,1104.0,1070.0,1070.0,1023.0,1144.0,1072.0,1075.0,1094.0,977.0,978.0,951.0,977.0,960.0,1005.0,969.0,1017.0,991.0,964.0,876.0,870.0,869.0,878.0,872.0,841.0,852.0,816.0,910.0,869.0,775.0,833.0,743.0,788.0,759.0,764.0,802.0,795.0,786.0,761.0,809.0,870.0,882.0,835.0,892.0,902.0,878.0,873.0,888.0,874.0
950,1175.0,1178.0,1157.0,1183.0,1184.0,1147.0,1175.0,1172.0,1114.0,1193.0,1148.0,1079.0,1125.0,1066.0,1061.0,1122.0,1101.0,1104.0,1099.0,1065.0,1092.0,1139.0,1085.0,1143.0,1165.0,1120.0,1125.0,1094.0,1113.0,1099.0,989.0,1005.0,989.0,937.0,959.0,999.0,973.0,955.0,1001.0,985.0,817.0,827.0,841.0,837.0,834.0,838.0,891.0,866.0,884.0,814.0,1058.0,1092.0,1069.0,1101.0,1113.0,1055.0,1096.0,1083.0,1073.0,1123.0,1011.0,969.0,991.0,960.0,963.0,937.0,924.0,950.0,921.0,1015.0,838.0,831.0,851.0,865.0,860.0,865.0,853.0,864.0,866.0,883.0,779.0,790.0,794.0,823.0,732.0,812.0,793.0,795.0,781.0,731.0,896.0,891.0,893.0,857.0,902.0,900.0,873.0,883.0,903.0,896.0
951,1171.0,1181.0,1172.0,1241.0,1147.0,1174.0,1180.0,1212.0,1135.0,1187.0,1110.0,1092.0,1117.0,1093.0,1112.0,1114.0,1139.0,1072.0,1087.0,1088.0,1140.0,1088.0,1135.0,1070.0,1104.0,1142.0,1122.0,1081.0,1119.0,1083.0,963.0,968.0,988.0,958.0,993.0,967.0,974.0,955.0,944.0,945.0,825.0,851.0,855.0,847.0,878.0,841.0,806.0,870.0,836.0,838.0,1085.0,1109.0,1063.0,1076.0,1021.0,1078.0,1104.0,1098.0,1099.0,1087.0,954.0,984.0,966.0,995.0,997.0,941.0,969.0,988.0,1002.0,975.0,896.0,806.0,857.0,867.0,871.0,863.0,877.0,864.0,843.0,888.0,773.0,810.0,800.0,752.0,776.0,776.0,783.0,752.0,800.0,791.0,886.0,913.0,842.0,869.0,879.0,899.0,845.0,874.0,891.0,926.0
952,1218.0,1158.0,1206.0,1186.0,1154.0,1180.0,1152.0,1177.0,1178.0,1141.0,1047.0,1064.0,1086.0,1111.0,1082.0,1115.0,1149.0,1113.0,1078.0,1108.0,1121.0,1081.0,1108.0,1076.0,1140.0,1051.0,1110.0,1105.0,1153.0,1143.0,996.0,976.0,991.0,964.0,966.0,948.0,970.0,997.0,933.0,1028.0,852.0,908.0,861.0,841.0,898.0,933.0,851.0,842.0,869.0,842.0,1082.0,1145.0,1101.0,1091.0,1097.0,1101.0,1101.0,1067.0,1095.0,1082.0,955.0,948.0,978.0,977.0,931.0,967.0,979.0,928.0,995.0,929.0,901.0,871.0,836.0,875.0,906.0,840.0,860.0,848.0,838.0,873.0,779.0,789.0,777.0,781.0,729.0,769.0,785.0,776.0,726.0,774.0,853.0,865.0,848.0,867.0,876.0,893.0,841.0,913.0,887.0,888.0
953,1187.0,1185.0,1221.0,1121.0,1174.0,1148.0,1227.0,1174.0,1187.0,1189.0,1073.0,1077.0,1131.0,1111.0,1077.0,1104.0,1123.0,1069.0,1094.0,1126.0,1169.0,1134.0,1135.0,1149.0,1124.0,1172.0,1119.0,1128.0,1064.0,1099.0,980.0,968.0,942.0,896.0,954.0,1017.0,953.0,1002.0,944.0,930.0,806.0,858.0,843.0,838.0,819.0,841.0,851.0,865.0,860.0,844.0,1134.0,1109.0,1049.0,1078.0,1092.0,1099.0,1083.0,1087.0,1083.0,1138.0,949.0,955.0,954.0,957.0,1025.0,999.0,960.0,940.0,977.0,961.0,875.0,872.0,854.0,880.0,885.0,792.0,854.0,870.0,879.0,902.0,759.0,788.0,793.0,835.0,768.0,750.0,720.0,806.0,789.0,761.0,868.0,858.0,867.0,907.0,861.0,870.0,902.0,825.0,876.0,854.0
954,1179.0,1210.0,1174.0,1154.0,1168.0,1176.0,1189.0,1174.0,1175.0,1195.0,1095.0,1093.0,1186.0,1070.0,1056.0,1118.0,1134.0,1058.0,1149.0,1108.0,1113.0,1108.0,1086.0,1079.0,1038.0,1137.0,1102.0,1120.0,1094.0,1108.0,929.0,916.0,999.0,901.0,986.0,970.0,988.0,969.0,978.0,932.0,855.0,853.0,843.0,845.0,869.0,822.0,893.0,850.0,803.0,830.0,1087.0,1079.0,1111.0,1134.0,1084.0,1052.0,1020.0,1128.0,1071.0,1070.0,947.0,1026.0,958.0,960.0,1054.0,1018.0,968.0,1009.0,972.0,1022.0,904.0,850.0,837.0,899.0,907.0,883.0,882.0,864.0,895.0,920.0,826.0,800.0,746.0,815.0,742.0,753.0,739.0,766.0,746.0,778.0,868.0,868.0,842.0,918.0,878.0,861.0,878.0,826.0,868.0,841.0
955,1185.0,1175.0,1144.0,1182.0,1199.0,1185.0,1168.0,1189.0,1185.0,1156.0,1093.0,1126.0,1068.0,1094.0,1085.0,1097.0,1122.0,1039.0,1105.0,1097.0,1115.0,1103.0,1069.0,1116.0,1114.0,1100.0,1106.0,1058.0,1139.0,1113.0,965.0,982.0,1029.0,1003.0,992.0,974.0,969.0,1001.0,945.0,988.0,847.0,867.0,839.0,875.0,865.0,848.0,910.0,886.0,877.0,928.0,1115.0,1084.0,1109.0,1055.0,1059.0,1073.0,1026.0,1119.0,1071.0,1050.0,944.0,997.0,1010.0,967.0,952.0,981.0,976.0,965.0,929.0,971.0,868.0,866.0,858.0,888.0,860.0,854.0,877.0,854.0,822.0,868.0,763.0,745.0,788.0,706.0,793.0,777.0,776.0,768.0,781.0,781.0,908.0,855.0,873.0,887.0,863.0,903.0,868.0,887.0,895.0,856.0
956,1132.0,1209.0,1179.0,1194.0,1134.0,1174.0,1162.0,1178.0,1150.0,1158.0,1103.0,1101.0,1063.0,1087.0,1082.0,1128.0,1072.0,1114.0,1108.0,1063.0,1127.0,1111.0,1076.0,1113.0,1074.0,1081.0,1149.0,1103.0,1132.0,1095.0,976.0,943.0,978.0,975.0,981.0,973.0,978.0,889.0,972.0,977.0,808.0,835.0,821.0,864.0,891.0,915.0,853.0,857.0,856.0,858.0,1110.0,1108.0,1139.0,1086.0,1062.0,1063.0,1072.0,1097.0,1121.0,1095.0,995.0,1000.0,968.0,939.0,990.0,969.0,994.0,1026.0,926.0,1006.0,902.0,859.0,867.0,863.0,903.0,849.0,887.0,838.0,852.0,861.0,784.0,723.0,779.0,784.0,769.0,782.0,780.0,806.0,766.0,791.0,868.0,906.0,921.0,867.0,902.0,859.0,853.0,857.0,865.0,909.0
957,1139.0,1170.0,1150.0,1190.0,1135.0,1206.0,1106.0,1177.0,1156.0,1211.0,1097.0,1100.0,1114.0,1107.0,1084.0,1145.0,1089.0,1147.0,1105.0,1084.0,1187.0,1097.0,1161.0,1116.0,1133.0,1109.0,1080.0,1096.0,1111.0,1102.0,989.0,1038.0,971.0,989.0,973.0,933.0,988.0,1027.0,939.0,988.0,863.0,811.0,826.0,856.0,871.0,855.0,905.0,889.0,835.0,826.0,1052.0,1055.0,1118.0,1073.0,1098.0,1130.0,1067.0,1053.0,1124.0,1097.0,990.0,981.0,988.0,959.0,963.0,965.0,1045.0,932.0,967.0,991.0,846.0,899.0,809.0,839.0,881.0,846.0,876.0,820.0,870.0,893.0,757.0,776.0,753.0,778.0,781.0,724.0,793.0,795.0,768.0,788.0,883.0,869.0,896.0,863.0,872.0,872.0,859.0,828.0,872.0,831.0
958,1211.0,1203.0,1162.0,1192.0,1199.0,1213.0,1184.0,1163.0,1132.0,1193.0,1063.0,1081.0,1131.0,1066.0,1066.0,1075.0,1087.0,1100.0,1045.0,1116.0,1103.0,1118.0,1112.0,1145.0,1127.0,1147.0,1115.0,1092.0,1102.0,1121.0,1026.0,987.0,925.0,978.0,902.0,963.0,948.0,1036.0,998.0,990.0,893.0,873.0,849.0,820.0,896.0,852.0,820.0,865.0,887.0,859.0,1067.0,1100.0,1102.0,1090.0,1056.0,1088.0,1116.0,1111.0,1066.0,1093.0,939.0,920.0,956.0,947.0,946.0,973.0,1002.0,969.0,973.0,948.0,855.0,882.0,894.0,877.0,899.0,878.0,855.0,830.0,862.0,850.0,800.0,750.0,768.0,788.0,769.0,726.0,768.0,753.0,785.0,745.0,847.0,881.0,889.0,867.0,933.0,867.0,911.0,843.0,902.0,893.0
959,1175.0,1218.0,1150.0,1166.0,1154.0,1190.0,1155.0,1200.0,1257.0,1145.0,1112.0,1065.0,1103.0,1084.0,1099.0,1114.0,1048.0,1086.0,1029.0,1116.0,1073.0,1146.0,1112.0,1078.0,1109.0,1097.0,1089.0,1079.0,1108.0,1118.0,969.0,972.0,1005.0,1042.0,984.0,1040.0,955.0,964.0,972.0,979.0,836.0,867.0,835.0,843.0,903.0,841.0,893.0,887.0,834.0,872.0,1100.0,1108.0,1110.0,1124.0,1070.0,1052.0,1145.0,1091.0,1097.0,1117.0,984.0,929.0,947.0,941.0,922.0,948.0,964.0,939.0,966.0,920.0,909.0,829.0,840.0,861.0,875.0,901.0,883.0,835.0,883.0,861.0,793.0,793.0,770.0,758.0,800.0,794.0,799.0,784.0,759.0,797.0,855.0,864.0,918.0,873.0,879.0,805.0,880.0,900.0,841.0,883.0
960,1214.0,1200.0,1180.0,1184.0,1165.0,1167.0,1195.0,1163.0,1187.0,1195.0,1100.0,1080.0,1086.0,1072.0,1101.0,1119.0,1094.0,1097.0,1116.0,1074.0,1108.0,1101.0,1164.0,1110.0,1134.0,1103.0,1091.0,1090.0,1064.0,1141.0,962.0,980.0,924.0,981.0,952.0,978.0,965.0,988.0,935.0,968.0,877.0,820.0,840.0,855.0,889.0,837.0,835.0,861.0,873.0,851.0,1064.0,1063.0,1081.0,1036.0,1087.0,1084.0,1078.0,1116.0,1079.0,1067.0,962.0,963.0,977.0,970.0,918.0,940.0,973.0,975.0,979.0,941.0,881.0,880.0,881.0,884.0,903.0,854.0,909.0,884.0,919.0,893.0,754.0,829.0,809.0,792.0,787.0,828.0,799.0,730.0,748.0,788.0,884.0,878.0,847.0,890.0,860.0,876.0,874.0,861.0,847.0,891.0
961,1208.0,1153.0,1200.0,1159.0,1193.0,1183.0,1179.0,1192.0,1174.0,1185.0,1133.0,1102.0,1139.0,1043.0,1102.0,1111.0,1118.0,1116.0,1079.0,1146.0,1145.0,1126.0,1084.0,1129.0,1139.0,1069.0,1086.0,1155.0,1131.0,1107.0,974.0,992.0,955.0,1007.0,1005.0,968.0,945.0,949.0,968.0,916.0,813.0,847.0,865.0,863.0,853.0,854.0,820.0,867.0,870.0,887.0,1026.0,1124.0,1082.0,1061.0,1057.0,1063.0,1136.0,1053.0,1027.0,1052.0,990.0,968.0,951.0,964.0,937.0,991.0,983.0,954.0,1042.0,989.0,861.0,857.0,842.0,872.0,874.0,891.0,912.0,875.0,848.0,924.0,767.0,772.0,780.0,817.0,777.0,759.0,773.0,770.0,766.0,732.0,884.0,853.0,891.0,864.0,855.0,900.0,860.0,832.0,843.0,870.0
962,1212.0,1180.0,1204.0,1210.0,1155.0,1140.0,1151.0,1196.0,1142.0,1183.0,1070.0,1033.0,1110.0,1094.0,1092.0,1145.0,1109.0,1118.0,1131.0,1073.0,1049.0,1144.0,1089.0,1094.0,1139.0,1180.0,1126.0,1097.0,1090.0,1073.0,985.0,1009.0,966.0,942.0,1030.0,936.0,978.0,975.0,979.0,959.0,889.0,858.0,840.0,853.0,839.0,880.0,855.0,819.0,871.0,851.0,1109.0,1067.0,1095.0,1064.0,1120.0,1062.0,1043.0,1078.0,1061.0,1108.0,969.0,971.0,976.0,957.0,928.0,922.0,959.0,918.0,958.0,1021.0,857.0,840.0,927.0,877.0,864.0,866.0,890.0,887.0,874.0,880.0,781.0,800.0,742.0,763.0,775.0,782.0,792.0,807.0,749.0,788.0,881.0,893.0,838.0,924.0,848.0,878.0,912.0,869.0,896.0,874.0
963,1199.0,1129.0,1188.0,1218.0,1171.0,1183.0,1187.0,1183.0,1156.0,1181.0,1111.0,1115.0,1110.0,1096.0,1122.0,1102.0,1073.0,1117.0,1093.0,1099.0,1113.0,1129.0,1149.0,1102.0,1066.0,1115.0,1114.0,1107.0,1144.0,1124.0,936.0,980.0,979.0,955.0,969.0,1000.0,1039.0,958.0,946.0,963.0,854.0,866.0,831.0,856.0,812.0,854.0,845.0,907.0,889.0,865.0,1053.0,1092.0,1095.0,1056.0,1084.0,1047.0,1132.0,1083.0,1066.0,1048.0,1045.0,987.0,915.0,977.0,995.0,944.0,965.0,971.0,946.0,1002.0,853.0,862.0,865.0,903.0,870.0,911.0,860.0,829.0,884.0,871.0,777.0,775.0,810.0,726.0,827.0,818.0,746.0,773.0,734.0,762.0,860.0,863.0,843.0,887.0,875.0,819.0,849.0,835.0,893.0,895.0
964,1188.0,1214.0,1184.0,1184.0,1148.0,1168.0,1212.0,1163.0,1138.0,1190.0,1134.0,1065.0,1128.0,1094.0,1111.0,1107.0,1045.0,1066.0,1106.0,1112.0,1096.0,1126.0,1079.0,1100.0,1116.0,1115.0,1108.0,1071.0,1139.0,1124.0,965.0,959.0,965.0,1015.0,1009.0,1046.0,987.0,1023.0,917.0,1001.0,849.0,882.0,856.0,813.0,806.0,821.0,820.0,909.0,886.0,841.0,1087.0,1082.0,1091.0,1061.0,1101.0,1072.0,1092.0,1038.0,1111.0,1089.0,980.0,969.0,978.0,954.0,986.0,971.0,975.0,1004.0,965.0,966.0,858.0,897.0,831.0,863.0,870.0,862.0,904.0,870.0,864.0,866.0,764.0,773.0,805.0,801.0,732.0,761.0,828.0,768.0,757.0,763.0,879.0,829.0,871.0,892.0,908.0,869.0,840.0,856.0,866.0,855.0
965,1138.0,1167.0,1204.0,1165.0,1153.0,1163.0,1178.0,1218.0,1210.0,1164.0,1102.0,1062.0,1109.0,1138.0,1127.0,1100.0,1112.0,1112.0,1068.0,1102.0,1130.0,1089.0,1129.0,1084.0,1120.0,1123.0,1082.0,1112.0,1059.0,1105.0,993.0,940.0,979.0,1009.0,963.0,1022.0,1001.0,987.0,981.0,1010.0,851.0,898.0,861.0,841.0,822.0,861.0,874.0,848.0,899.0,794.0,1087.0,1073.0,1020.0,1099.0,1111.0,1036.0,1079.0,1057.0,1086.0,1133.0,929.0,991.0,950.0,965.0,988.0,969.0,995.0,997.0,967.0,950.0,888.0,929.0,866.0,801.0,835.0,831.0,854.0,840.0,820.0,896.0,788.0,810.0,793.0,795.0,790.0,791.0,729.0,742.0,768.0,782.0,897.0,842.0,877.0,877.0,877.0,899.0,906.0,850.0,891.0,868.0
966,1216.0,1249.0,1204.0,1169.0,1157.0,1217.0,1228.0,1175.0,1216.0,1164.0,1149.0,1091.0,1124.0,1117.0,1139.0,1126.0,1098.0,1122.0,1038.0,1061.0,1111.0,1090.0,1132.0,1119.0,1121.0,1107.0,1099.0,1146.0,1076.0,1109.0,988.0,939.0,1031.0,1009.0,958.0,931.0,954.0,984.0,987.0,974.0,887.0,885.0,853.0,880.0,824.0,869.0,813.0,830.0,895.0,840.0,1076.0,1040.0,1061.0,1058.0,1041.0,1051.0,1080.0,1089.0,1128.0,1112.0,937.0,1040.0,941.0,947.0,974.0,927.0,1005.0,976.0,975.0,977.0,811.0,866.0,846.0,825.0,889.0,824.0,838.0,838.0,822.0,866.0,777.0,771.0,754.0,757.0,758.0,791.0,816.0,743.0,735.0,811.0,847.0,825.0,839.0,891.0,925.0,952.0,876.0,856.0,873.0,893.0
967,1135.0,1227.0,1166.0,1151.0,1158.0,1207.0,1216.0,1210.0,1168.0,1175.0,1092.0,1064.0,1122.0,1071.0,1110.0,1110.0,1077.0,1083.0,1117.0,1093.0,1127.0,1123.0,1109.0,1098.0,1108.0,1097.0,1116.0,1090.0,1069.0,1122.0,996.0,969.0,977.0,958.0,919.0,946.0,972.0,1010.0,1021.0,999.0,872.0,886.0,864.0,873.0,889.0,850.0,869.0,849.0,840.0,863.0,1070.0,1087.0,1071.0,1134.0,1071.0,1115.0,1069.0,1095.0,1078.0,1048.0,984.0,952.0,972.0,985.0,1021.0,1002.0,932.0,935.0,991.0,965.0,889.0,872.0,824.0,876.0,851.0,838.0,915.0,856.0,841.0,882.0,777.0,792.0,781.0,758.0,782.0,780.0,780.0,767.0,772.0,763.0,862.0,821.0,901.0,870.0,878.0,847.0,861.0,864.0,847.0,899.0
968,1198.0,1229.0,1207.0,1159.0,1160.0,1164.0,1243.0,1183.0,1199.0,1153.0,1100.0,1086.0,1161.0,1097.0,1043.0,1101.0,1131.0,1090.0,1065.0,1100.0,1095.0,1105.0,1096.0,1111.0,1134.0,1165.0,1089.0,1084.0,1113.0,1091.0,998.0,1002.0,911.0,981.0,1012.0,923.0,993.0,976.0,980.0,994.0,855.0,817.0,819.0,833.0,857.0,807.0,834.0,825.0,867.0,864.0,1059.0,1062.0,1079.0,1093.0,1105.0,1105.0,992.0,1096.0,1096.0,1157.0,965.0,948.0,1005.0,1006.0,1001.0,993.0,993.0,1032.0,930.0,916.0,852.0,899.0,871.0,863.0,869.0,916.0,878.0,847.0,849.0,872.0,770.0,769.0,749.0,749.0,747.0,780.0,802.0,760.0,780.0,786.0,915.0,876.0,885.0,882.0,858.0,836.0,850.0,866.0,866.0,877.0
969,1214.0,1147.0,1221.0,1190.0,1210.0,1187.0,1157.0,1183.0,1139.0,1190.0,1084.0,1145.0,1134.0,1042.0,1097.0,1092.0,1102.0,1096.0,1080.0,1086.0,1163.0,1124.0,1111.0,1125.0,1124.0,1102.0,1140.0,1113.0,1073.0,1094.0,1008.0,996.0,958.0,964.0,938.0,991.0,966.0,998.0,1032.0,1013.0,790.0,879.0,855.0,880.0,811.0,892.0,872.0,835.0,821.0,881.0,1093.0,1088.0,1079.0,1113.0,1097.0,1076.0,1091.0,1129.0,1113.0,1070.0,956.0,936.0,958.0,1000.0,956.0,944.0,973.0,941.0,964.0,979.0,859.0,850.0,879.0,852.0,829.0,854.0,830.0,822.0,899.0,886.0,756.0,752.0,725.0,767.0,811.0,773.0,792.0,784.0,796.0,766.0,878.0,877.0,861.0,839.0,910.0,880.0,882.0,855.0,830.0,848.0
970,1189.0,1178.0,1209.0,1192.0,1199.0,1208.0,1175.0,1202.0,1161.0,1204.0,1078.0,1078.0,1140.0,1074.0,1120.0,1071.0,1079.0,1106.0,1110.0,1080.0,1123.0,1154.0,1120.0,1109.0,1102.0,1142.0,1099.0,1124.0,1118.0,1109.0,978.0,965.0,959.0,951.0,977.0,987.0,965.0,965.0,949.0,969.0,826.0,852.0,852.0,891.0,830.0,835.0,854.0,845.0,861.0,880.0,1118.0,1063.0,1122.0,1074.0,1137.0,1025.0,1072.0,1090.0,1034.0,1124.0,915.0,959.0,994.0,1016.0,967.0,958.0,1000.0,924.0,1026.0,929.0,918.0,896.0,822.0,833.0,838.0,877.0,886.0,877.0,844.0,924.0,767.0,750.0,724.0,758.0,755.0,814.0,809.0,773.0,767.0,764.0,888.0,901.0,833.0,874.0,852.0,875.0,869.0,847.0,879.0,827.0
971,1177.0,1165.0,1222.0,1195.0,1201.0,1214.0,1193.0,1208.0,1136.0,1157.0,1082.0,1102.0,1104.0,1057.0,1074.0,1054.0,1089.0,1068.0,1112.0,1136.0,1042.0,1115.0,1103.0,1119.0,1130.0,1115.0,1091.0,1103.0,1166.0,1100.0,987.0,994.0,981.0,910.0,979.0,996.0,949.0,963.0,943.0,979.0,856.0,859.0,869.0,884.0,848.0,851.0,883.0,882.0,836.0,858.0,1101.0,1048.0,1062.0,1115.0,1127.0,1094.0,1083.0,1038.0,1088.0,1106.0,1013.0,974.0,987.0,979.0,945.0,935.0,947.0,947.0,939.0,992.0,848.0,931.0,840.0,845.0,868.0,885.0,921.0,905.0,855.0,887.0,826.0,753.0,713.0,772.0,784.0,773.0,785.0,761.0,788.0,758.0,872.0,858.0,890.0,895.0,819.0,876.0,869.0,881.0,884.0,835.0
972,1136.0,1174.0,1162.0,1207.0,1134.0,1161.0,1174.0,1171.0,1162.0,1133.0,1117.0,1130.0,1123.0,1070.0,1126.0,1068.0,1078.0,1049.0,1111.0,1117.0,1116.0,1094.0,1116.0,1113.0,1079.0,1115.0,1124.0,1107.0,1086.0,1131.0,965.0,988.0,985.0,985.0,952.0,1005.0,1004.0,988.0,919.0,961.0,801.0,841.0,861.0,854.0,898.0,884.0,833.0,859.0,840.0,874.0,1081.0,1055.0,1081.0,1091.0,1115.0,1113.0,1088.0,1075.0,1084.0,1067.0,1049.0,977.0,955.0,981.0,974.0,976.0,945.0,990.0,970.0,958.0,890.0,853.0,825.0,840.0,883.0,872.0,894.0,872.0,888.0,917.0,763.0,787.0,773.0,776.0,773.0,762.0,776.0,806.0,782.0,789.0,886.0,901.0,893.0,851.0,844.0,839.0,893.0,844.0,908.0,865.0
973,1148.0,1188.0,1167.0,1178.0,1173.0,1192.0,1155.0,1163.0,1180.0,1175.0,1156.0,1110.0,1124.0,1045.0,1066.0,1069.0,1087.0,1071.0,1080.0,1049.0,1113.0,1108.0,1097.0,1094.0,1133.0,1122.0,1102.0,1147.0,1145.0,1099.0,971.0,953.0,962.0,952.0,993.0,1009.0,972.0,960.0,978.0,1023.0,842.0,902.0,874.0,863.0,852.0,825.0,830.0,806.0,849.0,859.0,1086.0,1107.0,1090.0,1091.0,1073.0,1071.0,1128.0,1113.0,1100.0,1049.0,976.0,921.0,915.0,994.0,1010.0,1010.0,991.0,1010.0,942.0,964.0,901.0,834.0,845.0,926.0,831.0,870.0,838.0,856.0,848.0,906.0,750.0,753.0,772.0,752.0,778.0,774.0,762.0,803.0,780.0,806.0,861.0,923.0,932.0,876.0,870.0,853.0,942.0,830.0,845.0,887.0
974,1184.0,1150.0,1175.0,1184.0,1199.0,1174.0,1197.0,1165.0,1179.0,1161.0,1080.0,1049.0,1083.0,1062.0,1108.0,1078.0,1095.0,1091.0,1112.0,1102.0,1131.0,1146.0,1093.0,1114.0,1069.0,1076.0,1101.0,1069.0,1077.0,1054.0,951.0,1000.0,963.0,971.0,1026.0,995.0,952.0,950.0,997.0,970.0,895.0,873.0,871.0,823.0,825.0,831.0,879.0,852.0,832.0,843.0,1104.0,1087.0,1116.0,1067.0,1078.0,1076.0,1093.0,1126.0,1052.0,1094.0,947.0,978.0,985.0,984.0,905.0,994.0,1040.0,1007.0,987.0,997.0,831.0,864.0,818.0,875.0,906.0,871.0,815.0,820.0,848.0,941.0,793.0,767.0,788.0,800.0,775.0,798.0,773.0,792.0,780.0,787.0,888.0,887.0,889.0,893.0,887.0,907.0,860.0,889.0,884.0,870.0
975,1208.0,1217.0,1156.0,1133.0,1107.0,1181.0,1156.0,1236.0,1176.0,1228.0,1064.0,1033.0,1115.0,1110.0,1111.0,1051.0,1086.0,1078.0,1071.0,1080.0,1086.0,1122.0,1101.0,1091.0,1106.0,1130.0,1060.0,1109.0,1100.0,1136.0,1027.0,966.0,983.0,966.0,984.0,996.0,1003.0,944.0,1009.0,1010.0,845.0,840.0,865.0,900.0,885.0,873.0,859.0,886.0,826.0,815.0,1098.0,1066.0,1061.0,1066.0,1129.0,1062.0,1108.0,1033.0,1073.0,1089.0,992.0,981.0,987.0,998.0,975.0,998.0,988.0,966.0,982.0,989.0,860.0,873.0,859.0,888.0,864.0,862.0,859.0,856.0,860.0,850.0,766.0,785.0,778.0,748.0,749.0,775.0,782.0,764.0,766.0,776.0,857.0,918.0,879.0,877.0,870.0,873.0,908.0,889.0,885.0,838.0
976,1081.0,1173.0,1179.0,1180.0,1150.0,1194.0,1119.0,1139.0,1170.0,1180.0,1147.0,1051.0,1122.0,1069.0,1127.0,1099.0,1101.0,1091.0,1115.0,1087.0,1114.0,1137.0,1115.0,1100.0,1083.0,1132.0,1169.0,1100.0,1083.0,1057.0,945.0,995.0,987.0,979.0,975.0,950.0,952.0,1005.0,968.0,1007.0,855.0,869.0,895.0,867.0,848.0,862.0,871.0,869.0,856.0,861.0,1093.0,1052.0,1018.0,1077.0,1128.0,1086.0,1098.0,1085.0,1058.0,1077.0,1027.0,977.0,991.0,984.0,934.0,951.0,969.0,975.0,984.0,989.0,859.0,910.0,914.0,851.0,872.0,883.0,886.0,836.0,834.0,893.0,782.0,749.0,771.0,805.0,787.0,794.0,783.0,812.0,775.0,789.0,903.0,891.0,793.0,868.0,878.0,848.0,860.0,851.0,906.0,875.0
977,1147.0,1164.0,1150.0,1196.0,1182.0,1212.0,1183.0,1190.0,1184.0,1233.0,1042.0,1078.0,1126.0,1040.0,1060.0,1086.0,1074.0,1090.0,1075.0,1069.0,1168.0,1141.0,1113.0,1097.0,1139.0,1088.0,1162.0,1106.0,1140.0,1150.0,987.0,1006.0,968.0,944.0,995.0,977.0,949.0,965.0,981.0,983.0,859.0,872.0,893.0,865.0,831.0,844.0,851.0,865.0,831.0,840.0,1110.0,1063.0,1077.0,1115.0,1074.0,1067.0,1096.0,1046.0,1062.0,1065.0,943.0,937.0,970.0,926.0,996.0,998.0,1006.0,1004.0,983.0,996.0,920.0,876.0,885.0,920.0,878.0,873.0,879.0,853.0,839.0,866.0,761.0,791.0,781.0,791.0,797.0,775.0,748.0,791.0,771.0,800.0,869.0,880.0,824.0,887.0,830.0,879.0,857.0,852.0,881.0,809.0
978,1223.0,1204.0,1182.0,1217.0,1162.0,1149.0,1207.0,1218.0,1174.0,1180.0,1062.0,1065.0,1127.0,1085.0,1119.0,1115.0,1081.0,1109.0,1117.0,1101.0,1171.0,1127.0,1129.0,1123.0,1107.0,1134.0,1176.0,1097.0,1134.0,1139.0,962.0,954.0,962.0,980.0,1019.0,940.0,978.0,950.0,956.0,962.0,841.0,892.0,897.0,847.0,849.0,892.0,878.0,874.0,826.0,830.0,1087.0,1032.0,1081.0,1062.0,1089.0,1104.0,1071.0,1083.0,1076.0,1085.0,984.0,980.0,965.0,963.0,976.0,944.0,959.0,964.0,935.0,976.0,877.0,855.0,868.0,892.0,822.0,867.0,862.0,822.0,887.0,871.0,737.0,845.0,709.0,788.0,783.0,774.0,740.0,757.0,772.0,788.0,856.0,855.0,865.0,822.0,855.0,882.0,848.0,886.0,867.0,879.0
979,1203.0,1198.0,1208.0,1148.0,1196.0,1216.0,1156.0,1169.0,1143.0,1184.0,1088.0,1110.0,1070.0,1086.0,1085.0,1095.0,1101.0,1101.0,1095.0,1077.0,1058.0,1087.0,1143.0,1076.0,1095.0,1125.0,1151.0,1080.0,1061.0,1102.0,963.0,952.0,978.0,955.0,1007.0,933.0,1019.0,914.0,989.0,1022.0,866.0,883.0,878.0,862.0,847.0,855.0,885.0,877.0,850.0,844.0,1114.0,1081.0,1106.0,1074.0,1083.0,1087.0,1094.0,1107.0,1088.0,1116.0,955.0,1006.0,971.0,1004.0,946.0,951.0,937.0,1003.0,960.0,982.0,861.0,828.0,855.0,861.0,838.0,854.0,878.0,857.0,892.0,866.0,809.0,787.0,721.0,792.0,803.0,779.0,742.0,775.0,756.0,731.0,887.0,874.0,851.0,925.0,881.0,902.0,836.0,877.0,915.0,886.0
980,1194.0,1194.0,1180.0,1146.0,1208.0,1227.0,1162.0,1183.0,1151.0,1152.0,1151.0,1151.0,1064.0,1102.0,1055.0,1142.0,1063.0,1067.0,1088.0,1086.0,1109.0,1085.0,1079.0,1112.0,1105.0,1123.0,1120.0,1084.0,1073.0,1104.0,1015.0,987.0,959.0,988.0,1020.0,929.0,979.0,955.0,1066.0,988.0,826.0,867.0,883.0,886.0,860.0,837.0,838.0,862.0,820.0,869.0,1094.0,1086.0,1073.0,1031.0,1077.0,1058.0,1103.0,1083.0,1039.0,1106.0,957.0,992.0,977.0,997.0,970.0,1005.0,976.0,987.0,933.0,1015.0,803.0,837.0,911.0,862.0,830.0,863.0,898.0,894.0,935.0,859.0,773.0,784.0,796.0,749.0,775.0,757.0,764.0,788.0,767.0,758.0,878.0,818.0,867.0,913.0,880.0,849.0,898.0,862.0,880.0,873.0
981,1152.0,1245.0,1241.0,1201.0,1182.0,1206.0,1204.0,1181.0,1139.0,1130.0,1078.0,1088.0,1063.0,1066.0,1062.0,1045.0,1111.0,1066.0,1098.0,1102.0,1132.0,1128.0,1106.0,1124.0,1099.0,1122.0,1115.0,1128.0,1145.0,1126.0,980.0,951.0,971.0,919.0,1018.0,987.0,931.0,980.0,950.0,980.0,868.0,895.0,846.0,830.0,835.0,915.0,845.0,801.0,861.0,850.0,1080.0,1054.0,1064.0,1100.0,1040.0,1042.0,1075.0,1090.0,1067.0,1072.0,972.0,914.0,965.0,1024.0,974.0,997.0,992.0,995.0,928.0,1005.0,881.0,855.0,872.0,861.0,890.0,855.0,879.0,893.0,864.0,842.0,812.0,782.0,808.0,784.0,821.0,760.0,778.0,790.0,801.0,787.0,848.0,886.0,854.0,874.0,865.0,861.0,869.0,840.0,901.0,919.0
982,1176.0,1159.0,1108.0,1148.0,1176.0,1156.0,1130.0,1195.0,1169.0,1168.0,1144.0,1019.0,1112.0,1074.0,1062.0,1092.0,1076.0,1085.0,1117.0,1065.0,1144.0,1125.0,1100.0,1112.0,1147.0,1117.0,1132.0,1119.0,1134.0,1155.0,950.0,954.0,999.0,912.0,983.0,976.0,973.0,1007.0,980.0,985.0,851.0,833.0,831.0,876.0,860.0,866.0,900.0,816.0,814.0,819.0,1052.0,1155.0,1108.0,1133.0,1095.0,1086.0,1093.0,1091.0,1067.0,1045.0,994.0,976.0,1021.0,991.0,965.0,986.0,951.0,961.0,952.0,1006.0,901.0,906.0,879.0,870.0,865.0,825.0,889.0,851.0,887.0,863.0,725.0,809.0,761.0,791.0,735.0,829.0,804.0,794.0,757.0,800.0,863.0,865.0,874.0,877.0,895.0,861.0,856.0,844.0,874.0,909.0
983,1161.0,1174.0,1195.0,1158.0,1187.0,1187.0,1139.0,1206.0,1146.0,1147.0,1120.0,1063.0,1101.0,1071.0,1128.0,1098.0,1094.0,1124.0,1101.0,1102.0,1156.0,1131.0,1122.0,1139.0,1094.0,1140.0,1164.0,1080.0,1104.0,1123.0,951.0,968.0,955.0,930.0,974.0,993.0,1010.0,960.0,963.0,983.0,875.0,831.0,869.0,883.0,867.0,800.0,888.0,800.0,831.0,828.0,1078.0,1071.0,1068.0,1107.0,1036.0,1079.0,1028.0,1061.0,1063.0,1119.0,974.0,992.0,967.0,1036.0,928.0,971.0,972.0,985.0,982.0,976.0,858.0,860.0,877.0,866.0,853.0,873.0,878.0,899.0,867.0,899.0,771.0,792.0,789.0,730.0,841.0,781.0,743.0,788.0,796.0,802.0,855.0,922.0,853.0,861.0,877.0,870.0,890.0,862.0,901.0,836.0
984,1189.0,1202.0,1166.0,1183.0,1160.0,1186.0,1137.0,1186.0,1169.0,1180.0,1094.0,1086.0,1077.0,1075.0,1134.0,1094.0,1106.0,1129.0,1070.0,1091.0,1081.0,1145.0,1167.0,1112.0,1178.0,1109.0,1116.0,1121.0,1159.0,1143.0,991.0,939.0,963.0,964.0,975.0,1003.0,993.0,941.0,966.0,948.0,835.0,855.0,854.0,864.0,823.0,826.0,855.0,816.0,887.0,862.0,1119.0,1092.0,1062.0,1128.0,1072.0,1084.0,1105.0,1129.0,1053.0,1080.0,991.0,982.0,969.0,935.0,959.0,963.0,964.0,902.0,944.0,973.0,888.0,864.0,860.0,877.0,846.0,871.0,884.0,865.0,866.0,876.0,757.0,769.0,764.0,748.0,777.0,784.0,778.0,774.0,730.0,764.0,853.0,867.0,916.0,894.0,855.0,871.0,868.0,897.0,907.0,899.0
985,1181.0,1149.0,1177.0,1173.0,1193.0,1196.0,1165.0,1192.0,1160.0,1181.0,1116.0,1079.0,1122.0,1100.0,1054.0,1098.0,1057.0,1120.0,1087.0,1088.0,1095.0,1118.0,1115.0,1114.0,1103.0,1087.0,1152.0,1030.0,1123.0,1078.0,974.0,1015.0,938.0,930.0,954.0,940.0,991.0,952.0,936.0,971.0,834.0,874.0,885.0,843.0,929.0,892.0,800.0,855.0,845.0,874.0,1053.0,1077.0,1071.0,1125.0,1065.0,1096.0,1078.0,1087.0,1088.0,1087.0,1041.0,969.0,959.0,1006.0,933.0,987.0,1017.0,1007.0,1014.0,950.0,896.0,877.0,866.0,878.0,860.0,851.0,880.0,924.0,849.0,903.0,737.0,777.0,785.0,782.0,824.0,772.0,767.0,790.0,789.0,788.0,870.0,868.0,882.0,825.0,868.0,873.0,898.0,804.0,860.0,899.0
986,1218.0,1106.0,1201.0,1164.0,1182.0,1181.0,1168.0,1171.0,1207.0,1212.0,1137.0,1109.0,1098.0,1127.0,1099.0,1093.0,1106.0,1124.0,1076.0,1095.0,1112.0,1049.0,1125.0,1094.0,1125.0,1132.0,1147.0,1103.0,1074.0,1086.0,979.0,1023.0,975.0,935.0,937.0,978.0,958.0,966.0,978.0,947.0,818.0,859.0,859.0,864.0,811.0,859.0,854.0,852.0,862.0,844.0,1085.0,1071.0,1067.0,1076.0,1089.0,1078.0,1064.0,1084.0,1087.0,1103.0,950.0,1013.0,942.0,947.0,1035.0,953.0,963.0,978.0,950.0,1003.0,877.0,904.0,897.0,901.0,875.0,844.0,884.0,836.0,851.0,879.0,731.0,802.0,789.0,776.0,801.0,793.0,770.0,778.0,786.0,780.0,885.0,872.0,847.0,893.0,826.0,880.0,893.0,869.0,881.0,868.0
987,1145.0,1109.0,1171.0,1155.0,1197.0,1219.0,1167.0,1207.0,1181.0,1193.0,1181.0,1140.0,1112.0,1112.0,1131.0,1139.0,1081.0,1095.0,1068.0,1130.0,1174.0,1082.0,1071.0,1125.0,1140.0,1094.0,1134.0,1089.0,1156.0,1162.0,931.0,1017.0,1002.0,938.0,946.0,1009.0,1022.0,965.0,923.0,946.0,807.0,863.0,799.0,855.0,844.0,844.0,866.0,835.0,855.0,874.0,1079.0,1079.0,1084.0,1087.0,1061.0,1084.0,1054.0,1069.0,1087.0,1080.0,967.0,997.0,968.0,1029.0,965.0,949.0,997.0,958.0,945.0,979.0,886.0,884.0,912.0,850.0,874.0,805.0,837.0,879.0,872.0,824.0,770.0,773.0,776.0,751.0,745.0,790.0,764.0,803.0,805.0,749.0,849.0,866.0,907.0,873.0,875.0,853.0,887.0,864.0,859.0,874.0
988,1194.0,1168.0,1189.0,1183.0,1193.0,1208.0,1175.0,1180.0,1198.0,1239.0,1130.0,1041.0,1124.0,1054.0,1089.0,1066.0,1089.0,1091.0,1080.0,1167.0,1114.0,1130.0,1155.0,1118.0,1117.0,1080.0,1097.0,1081.0,1109.0,1073.0,970.0,973.0,963.0,970.0,1009.0,952.0,973.0,959.0,979.0,981.0,798.0,824.0,805.0,855.0,802.0,867.0,830.0,874.0,819.0,915.0,1111.0,1165.0,1076.0,1076.0,1070.0,1110.0,1129.0,1102.0,1094.0,1046.0,977.0,954.0,963.0,954.0,986.0,973.0,991.0,993.0,932.0,914.0,876.0,830.0,897.0,922.0,873.0,904.0,836.0,844.0,879.0,841.0,745.0,809.0,756.0,771.0,767.0,774.0,831.0,795.0,728.0,746.0,870.0,915.0,868.0,874.0,872.0,853.0,856.0,847.0,930.0,883.0
989,1203.0,1186.0,1215.0,1209.0,1172.0,1174.0,1130.0,1170.0,1208.0,1215.0,1131.0,1064.0,1075.0,1065.0,1125.0,1118.0,1074.0,1126.0,1037.0,1102.0,1108.0,1115.0,1119.0,1129.0,1096.0,1120.0,1126.0,1081.0,1099.0,1096.0,959.0,936.0,966.0,947.0,1005.0,942.0,979.0,997.0,964.0,959.0,834.0,867.0,856.0,858.0,854.0,817.0,843.0,860.0,870.0,857.0,1102.0,1109.0,1041.0,1100.0,1080.0,1074.0,1106.0,1039.0,1090.0,1094.0,957.0,976.0,980.0,986.0,927.0,1016.0,1014.0,935.0,912.0,1001.0,881.0,916.0,902.0,817.0,848.0,904.0,882.0,901.0,920.0,870.0,735.0,762.0,787.0,761.0,786.0,761.0,776.0,806.0,782.0,753.0,873.0,877.0,856.0,901.0,886.0,860.0,878.0,857.0,867.0,856.0
990,1218.0,1186.0,1225.0,1183.0,1207.0,1224.0,1187.0,1144.0,1205.0,1213.0,1075.0,1100.0,1068.0,1067.0,1063.0,1091.0,1096.0,1076.0,1035.0,1102.0,1155.0,1122.0,1122.0,1069.0,1124.0,1112.0,1084.0,1165.0,1121.0,1181.0,929.0,958.0,1003.0,997.0,949.0,1005.0,1011.0,1003.0,947.0,939.0,859.0,834.0,863.0,891.0,823.0,839.0,847.0,852.0,832.0,852.0,1033.0,1101.0,1075.0,1084.0,1094.0,1073.0,1087.0,1081.0,1087.0,1039.0,997.0,963.0,970.0,965.0,953.0,958.0,1001.0,984.0,957.0,979.0,851.0,892.0,872.0,846.0,857.0,860.0,873.0,879.0,948.0,870.0,720.0,767.0,722.0,795.0,827.0,740.0,763.0,779.0,746.0,775.0,944.0,884.0,874.0,879.0,882.0,880.0,858.0,809.0,870.0,850.0
991,1154.0,1162.0,1165.0,1154.0,1162.0,1215.0,1198.0,1190.0,1197.0,1182.0,1108.0,1122.0,1076.0,1097.0,1119.0,1122.0,1129.0,1101.0,1081.0,1119.0,1157.0,1097.0,1129.0,1141.0,1117.0,1101.0,1113.0,1133.0,1123.0,1129.0,976.0,981.0,986.0,998.0,999.0,964.0,1047.0,972.0,969.0,1000.0,833.0,857.0,833.0,841.0,845.0,831.0,834.0,826.0,822.0,880.0,1084.0,1101.0,1098.0,1088.0,1110.0,1106.0,1049.0,1040.0,1068.0,1049.0,983.0,1010.0,965.0,985.0,930.0,938.0,924.0,988.0,1004.0,1007.0,850.0,879.0,905.0,842.0,841.0,869.0,893.0,882.0,903.0,819.0,781.0,730.0,756.0,776.0,784.0,799.0,775.0,796.0,714.0,756.0,856.0,866.0,882.0,852.0,871.0,834.0,843.0,843.0,863.0,856.0
992,1183.0,1190.0,1130.0,1181.0,1171.0,1200.0,1162.0,1134.0,1192.0,1217.0,1061.0,1123.0,1059.0,1139.0,1099.0,1098.0,1114.0,1097.0,1066.0,1139.0,1102.0,1106.0,1099.0,1146.0,1141.0,1095.0,1150.0,1079.0,1133.0,1119.0,1015.0,976.0,1039.0,924.0,936.0,983.0,988.0,995.0,942.0,934.0,867.0,852.0,757.0,863.0,878.0,796.0,859.0,892.0,862.0,881.0,1088.0,1045.0,1124.0,1067.0,1085.0,1078.0,1087.0,1099.0,1088.0,1079.0,947.0,989.0,997.0,969.0,941.0,943.0,964.0,958.0,931.0,977.0,868.0,867.0,880.0,891.0,868.0,877.0,851.0,866.0,865.0,830.0,752.0,741.0,814.0,760.0,775.0,809.0,748.0,775.0,778.0,741.0,905.0,915.0,896.0,831.0,884.0,903.0,880.0,878.0,887.0,875.0
993,1160.0,1207.0,1142.0,1158.0,1166.0,1157.0,1181.0,1128.0,1151.0,1198.0,1114.0,1136.0,1109.0,1098.0,1064.0,1101.0,1083.0,1062.0,1055.0,1146.0,1066.0,1141.0,1098.0,1067.0,1128.0,1151.0,1112.0,1087.0,1098.0,1129.0,1015.0,916.0,955.0,1018.0,968.0,996.0,925.0,1008.0,961.0,958.0,854.0,894.0,878.0,834.0,869.0,823.0,834.0,874.0,847.0,829.0,1105.0,1078.0,1059.0,1110.0,1062.0,1069.0,1133.0,1091.0,1112.0,1089.0,987.0,940.0,1009.0,990.0,966.0,992.0,959.0,993.0,981.0,998.0,841.0,872.0,856.0,903.0,870.0,892.0,887.0,889.0,899.0,848.0,793.0,738.0,809.0,762.0,782.0,754.0,793.0,784.0,773.0,758.0,858.0,876.0,884.0,832.0,906.0,846.0,896.0,864.0,870.0,834.0
994,1181.0,1238.0,1182.0,1171.0,1182.0,1147.0,1240.0,1194.0,1192.0,1194.0,1079.0,1091.0,1098.0,1078.0,1071.0,1079.0,1069.0,1053.0,1073.0,1090.0,1145.0,1118.0,1093.0,1084.0,1115.0,1129.0,1085.0,1148.0,1076.0,1068.0,995.0,975.0,999.0,1045.0,1004.0,984.0,968.0,988.0,1001.0,1003.0,877.0,852.0,862.0,844.0,825.0,853.0,912.0,836.0,846.0,864.0,1116.0,1052.0,1093.0,1075.0,1083.0,1031.0,1070.0,1093.0,1066.0,1112.0,953.0,945.0,978.0,954.0,985.0,978.0,949.0,935.0,957.0,1003.0,853.0,957.0,853.0,845.0,865.0,843.0,872.0,889.0,879.0,835.0,759.0,707.0,754.0,803.0,781.0,830.0,774.0,751.0,791.0,741.0,833.0,860.0,888.0,877.0,868.0,912.0,865.0,889.0,869.0,877.0
995,1154.0,1230.0,1226.0,1132.0,1192.0,1197.0,1236.0,1176.0,1206.0,1201.0,1022.0,1071.0,1083.0,1079.0,1102.0,1057.0,1104.0,1081.0,1058.0,1118.0,1118.0,1106.0,1120.0,1096.0,1128.0,1098.0,1107.0,1148.0,1078.0,1089.0,984.0,987.0,908.0,997.0,976.0,974.0,946.0,983.0,979.0,983.0,894.0,847.0,852.0,868.0,829.0,839.0,836.0,836.0,855.0,862.0,1088.0,1083.0,1083.0,1103.0,1116.0,1108.0,1126.0,1056.0,1050.0,1072.0,952.0,957.0,961.0,1003.0,955.0,1010.0,921.0,978.0,992.0,959.0,866.0,860.0,893.0,857.0,887.0,885.0,863.0,824.0,884.0,862.0,796.0,809.0,744.0,769.0,723.0,761.0,762.0,781.0,773.0,764.0,925.0,845.0,927.0,875.0,865.0,856.0,898.0,913.0,877.0,878.0
996,1187.0,1197.0,1156.0,1223.0,1152.0,1200.0,1195.0,1188.0,1187.0,1227.0,1088.0,1081.0,1142.0,1017.0,1061.0,1060.0,1174.0,1072.0,1040.0,1065.0,1131.0,1114.0,1146.0,1115.0,1085.0,1127.0,1082.0,1110.0,1149.0,1159.0,947.0,967.0,961.0,945.0,986.0,962.0,969.0,944.0,972.0,928.0,859.0,881.0,836.0,876.0,871.0,829.0,838.0,860.0,827.0,860.0,1040.0,1144.0,1097.0,1076.0,1078.0,1062.0,1105.0,1082.0,1079.0,1091.0,1004.0,913.0,982.0,997.0,1019.0,966.0,959.0,1002.0,939.0,957.0,892.0,828.0,875.0,900.0,872.0,909.0,870.0,886.0,914.0,850.0,751.0,781.0,734.0,755.0,769.0,788.0,771.0,764.0,765.0,825.0,904.0,887.0,864.0,874.0,885.0,885.0,831.0,870.0,880.0,826.0
997,1196.0,1200.0,1155.0,1193.0,1154.0,1189.0,1171.0,1218.0,1137.0,1228.0,1080.0,1129.0,1036.0,1069.0,1067.0,1125.0,1179.0,1103.0,1107.0,1123.0,1111.0,1135.0,1155.0,1132.0,1094.0,1082.0,1116.0,1111.0,1104.0,1132.0,978.0,935.0,961.0,969.0,1005.0,923.0,946.0,972.0,990.0,923.0,848.0,823.0,853.0,851.0,867.0,853.0,843.0,821.0,856.0,826.0,1085.0,1089.0,1114.0,1030.0,1055.0,1132.0,1058.0,1065.0,1042.0,1093.0,1013.0,983.0,947.0,970.0,974.0,956.0,941.0,984.0,970.0,928.0,879.0,866.0,916.0,867.0,874.0,870.0,893.0,880.0,920.0,858.0,802.0,755.0,798.0,793.0,803.0,807.0,795.0,762.0,781.0,805.0,811.0,876.0,862.0,905.0,891.0,851.0,850.0,859.0,849.0,869.0
998,1133.0,1192.0,1214.0,1183.0,1177.0,1174.0,1160.0,1185.0,1207.0,1150.0,1137.0,1061.0,1077.0,1122.0,1056.0,1135.0,1129.0,1079.0,1083.0,1158.0,1091.0,1122.0,1149.0,1116.0,1183.0,1078.0,1150.0,1139.0,1129.0,1087.0,1017.0,1002.0,952.0,965.0,963.0,956.0,1025.0,1012.0,962.0,998.0,834.0,871.0,820.0,816.0,798.0,824.0,854.0,837.0,864.0,802.0,1113.0,1077.0,1040.0,1076.0,1085.0,1050.0,1099.0,1064.0,1073.0,1033.0,968.0,949.0,955.0,974.0,1030.0,996.0,916.0,935.0,939.0,932.0,830.0,881.0,915.0,854.0,848.0,923.0,872.0,867.0,840.0,928.0,784.0,761.0,784.0,786.0,788.0,754.0,761.0,746.0,750.0,809.0,897.0,875.0,891.0,886.0,852.0,901.0,823.0,910.0,905.0,892.0
999,1215.0,1193.0,1131.0,1169.0,1195.0,1180.0,1191.0,1133.0,1178.0,1206.0,1080.0,1074.0,1128.0,1071.0,1086.0,1107.0,1092.0,1123.0,1064.0,1095.0,1102.0,1072.0,1113.0,1096.0,1120.0,1142.0,1106.0,1137.0,1090.0,1134.0,1007.0,1012.0,984.0,971.0,958.0,1004.0,967.0,984.0,957.0,975.0,846.0,837.0,788.0,869.0,859.0,882.0,866.0,870.0,848.0,788.0,1076.0,1080.0,1111.0,1101.0,1118.0,1065.0,1094.0,1101.0,1083.0,1058.0,925.0,1022.0,961.0,957.0,895.0,950.0,988.0,946.0,975.0,1018.0,891.0,847.0,920.0,870.0,848.0,857.0,897.0,864.0,923.0,855.0,766.0,781.0,747.0,765.0,817.0,736.0,776.0,723.0,787.0,768.0,896.0,874.0,914.0,911.0,884.0,866.0,814.0,891.0,848.0,890.0
1000,1183.0,1146.0,1175.0,1170.0,1203.0,1178.0,1168.0,1160.0,1183.0,1153.0,1042.0,1097.0,1129.0,1109.0,1093.0,1036.0,1129.0,1077.0,1062.0,1091.0,1107.0,1167.0,1080.0,1076.0,1178.0,1156.0,1094.0,1179.0,1112.0,1090.0,968.0,973.0,981.0,995.0,956.0,988.0,1006.0,939.0,971.0,986.0,832.0,852.0,807.0,885.0,771.0,875.0,860.0,884.0,819.0,875.0,1102.0,1092.0,1063.0,1061.0,1062.0,1095.0,1061.0,1100.0,1126.0,1015.0,987.0,933.0,994.0,994.0,996.0,952.0,960.0,965.0,972.0,998.0,877.0,880.0,871.0,822.0,878.0,839.0,880.0,871.0,853.0,886.0,769.0,800.0,812.0,821.0,769.0,783.0,785.0,763.0,794.0,799.0,940.0,854.0,886.0,850.0,866.0,887.0,849.0,831.0,859.0,903.0
