step,nspecies_per_node_1,nspecies_per_node_2,nspecies_per_node_3,nspecies_per_node_4,nspecies_per_node_5,nspecies_per_node_6,nspecies_per_node_7,nspecies_per_node_8,nspecies_per_node_9,nspecies_per_node_10,nspecies_per_node_11,nspecies_per_node_12,nspecies_per_node_13,nspecies_per_node_14,nspecies_per_node_15,nspecies_per_node_16,nspecies_per_node_17,nspecies_per_node_18,nspecies_per_node_19,nspecies_per_node_20,nspecies_per_node_21,nspecies_per_node_22,nspecies_per_node_23,nspecies_per_node_24,nspecies_per_node_25,nspecies_per_node_26,nspecies_per_node_27,nspecies_per_node_28,nspecies_per_node_29,nspecies_per_node_30,nspecies_per_node_31,nspecies_per_node_32,nspecies_per_node_33,nspecies_per_node_34,nspecies_per_node_35,nspecies_per_node_36,nspecies_per_node_37,nspecies_per_node_38,nspecies_per_node_39,nspecies_per_node_40,nspecies_per_node_41,nspecies_per_node_42,nspecies_per_node_43,nspecies_per_node_44,nspecies_per_node_45,nspecies_per_node_46,nspecies_per_node_47,nspecies_per_node_48,nspecies_per_node_49,nspecies_per_node_50,nspecies_per_node_51,nspecies_per_node_52,nspecies_per_node_53,nspecies_per_node_54,nspecies_per_node_55,nspecies_per_node_56,nspecies_per_node_57,nspecies_per_node_58,nspecies_per_node_59,nspecies_per_node_60,nspecies_per_node_61,nspecies_per_node_62,nspecies_per_node_63,nspecies_per_node_64,nspecies_per_node_65,nspecies_per_node_66,nspecies_per_node_67,nspecies_per_node_68,nspecies_per_node_69,nspecies_per_node_70,nspecies_per_node_71,nspecies_per_node_72,nspecies_per_node_73,nspecies_per_node_74,nspecies_per_node_75,nspecies_per_node_76,nspecies_per_node_77,nspecies_per_node_78,nspecies_per_node_79,nspecies_per_node_80,nspecies_per_node_81,nspecies_per_node_82,nspecies_per_node_83,nspecies_per_node_84,nspecies_per_node_85,nspecies_per_node_86,nspecies_per_node_87,nspecies_per_node_88,nspecies_per_node_89,nspecies_per_node_90,nspecies_per_node_91,nspecies_per_node_92,nspecies_per_node_93,nspecies_per_node_94,nspecies_per_node_95,nspecies_per_node_96,nspecies_per_node_97,nspecies_per_node_98,nspecies_per_node_99,nspecies_per_node_100
0,100.0,100.0,100.0,100.0,100.0,100.0,100.0,100.0,100.0,100.0,100.0,100.0,100.0,100.0,100.0,100.0,100.0,100.0,100.0,100.0,100.0,100.0,100.0,100.0,100.0,100.0,100.0,100.0,100.0,100.0,100.0,100.0,100.0,100.0,100.0,100.0,100.0,100.0,100.0,100.0,100.0,100.0,100.0,100.0,100.0,100.0,100.0,100.0,100.0,100.0,100.0,100.0,100.0,100.0,100.0,100.0,100.0,100.0,100.0,100.0,100.0,100.0,100.0,100.0,100.0,100.0,100.0,100.0,100.0,100.0,100.0,100.0,100.0,100.0,100.0,100.0,100.0,100.0,100.0,100.0,100.0,100.0,100.0,100.0,100.0,100.0,100.0,100.0,100.0,100.0,100.0,100.0,100.0,100.0,100.0,100.0,100.0,100.0,100.0,100.0
1,77.0,82.0,100.0,93.0,85.0,78.0,97.0,86.0,73.0,90.0,108.0,112.0,103.0,92.0,110.0,113.0,105.0,98.0,117.0,108.0,113.0,110.0,97.0,107.0,98.0,88.0,123.0,121.0,128.0,106.0,98.0,119.0,110.0,121.0,146.0,123.0,112.0,95.0,110.0,132.0,139.0,121.0,120.0,119.0,110.0,121.0,128.0,136.0,128.0,112.0,113.0,99.0,126.0,129.0,123.0,121.0,95.0,119.0,105.0,117.0,115.0,106.0,110.0,101.0,104.0,101.0,99.0,117.0,108.0,103.0,106.0,96.0,95.0,99.0,108.0,97.0,98.0,106.0,103.0,100.0,120.0,145.0,117.0,129.0,100.0,143.0,127.0,132.0,123.0,134.0,100.0,100.0,112.0,99.0,106.0,104.0,105.0,81.0,95.0,90.0
2,90.0,85.0,86.0,91.0,91.0,93.0,80.0,84.0,95.0,77.0,134.0,108.0,111.0,105.0,120.0,104.0,121.0,111.0,113.0,120.0,123.0,113.0,111.0,129.0,123.0,126.0,114.0,125.0,103.0,113.0,131.0,112.0,124.0,120.0,141.0,120.0,126.0,123.0,119.0,135.0,128.0,153.0,134.0,137.0,132.0,140.0,137.0,140.0,150.0,139.0,140.0,118.0,150.0,142.0,113.0,129.0,132.0,123.0,104.0,132.0,122.0,114.0,137.0,109.0,118.0,110.0,127.0,111.0,125.0,125.0,96.0,105.0,108.0,107.0,107.0,106.0,112.0,106.0,118.0,110.0,122.0,157.0,114.0,143.0,132.0,140.0,125.0,158.0,143.0,129.0,100.0,121.0,111.0,103.0,111.0,118.0,111.0,106.0,118.0,109.0
3,93.0,93.0,91.0,100.0,87.0,90.0,94.0,100.0,104.0,91.0,132.0,115.0,133.0,118.0,145.0,143.0,114.0,108.0,126.0,131.0,117.0,122.0,129.0,131.0,154.0,147.0,115.0,147.0,117.0,125.0,139.0,154.0,118.0,129.0,132.0,142.0,145.0,122.0,139.0,138.0,154.0,160.0,179.0,141.0,158.0,136.0,134.0,140.0,161.0,140.0,148.0,132.0,156.0,162.0,126.0,158.0,168.0,156.0,137.0,148.0,132.0,120.0,119.0,109.0,123.0,132.0,126.0,137.0,122.0,123.0,106.0,114.0,122.0,119.0,119.0,99.0,124.0,119.0,118.0,125.0,151.0,154.0,139.0,148.0,148.0,134.0,154.0,149.0,157.0,133.0,120.0,126.0,105.0,134.0,100.0,109.0,114.0,113.0,112.0,140.0
4,103.0,79.0,106.0,135.0,100.0,110.0,109.0,104.0,123.0,95.0,122.0,134.0,136.0,142.0,132.0,143.0,126.0,127.0,142.0,146.0,148.0,155.0,126.0,170.0,123.0,152.0,158.0,122.0,133.0,131.0,147.0,145.0,147.0,127.0,135.0,151.0,147.0,136.0,131.0,145.0,172.0,148.0,163.0,143.0,154.0,161.0,171.0,176.0,161.0,171.0,140.0,152.0,169.0,146.0,151.0,154.0,137.0,154.0,147.0,178.0,176.0,150.0,152.0,125.0,148.0,139.0,126.0,137.0,133.0,137.0,131.0,146.0,126.0,122.0,138.0,111.0,127.0,151.0,117.0,151.0,136.0,154.0,154.0,165.0,181.0,162.0,165.0,155.0,179.0,133.0,131.0,140.0,124.0,127.0,142.0,119.0,133.0,141.0,141.0,121.0
5,139.0,111.0,107.0,118.0,122.0,106.0,111.0,111.0,104.0,108.0,136.0,153.0,143.0,131.0,140.0,141.0,143.0,158.0,164.0,163.0,152.0,126.0,165.0,175.0,162.0,140.0,142.0,154.0,157.0,172.0,148.0,156.0,158.0,141.0,172.0,149.0,146.0,169.0,157.0,128.0,189.0,184.0,163.0,185.0,164.0,190.0,181.0,183.0,192.0,169.0,168.0,150.0,150.0,176.0,155.0,173.0,166.0,146.0,169.0,171.0,132.0,162.0,149.0,136.0,138.0,153.0,145.0,154.0,166.0,146.0,142.0,148.0,169.0,145.0,125.0,141.0,160.0,143.0,123.0,156.0,166.0,178.0,198.0,186.0,187.0,182.0,193.0,180.0,171.0,170.0,154.0,155.0,121.0,131.0,158.0,146.0,133.0,124.0,124.0,145.0
6,128.0,131.0,129.0,131.0,123.0,135.0,132.0,134.0,133.0,140.0,167.0,148.0,185.0,154.0,163.0,128.0,146.0,171.0,175.0,169.0,151.0,171.0,167.0,139.0,177.0,161.0,157.0,148.0,189.0,155.0,169.0,178.0,173.0,169.0,173.0,167.0,177.0,162.0,150.0,160.0,168.0,210.0,192.0,195.0,206.0,196.0,188.0,191.0,191.0,186.0,183.0,180.0,188.0,205.0,188.0,186.0,176.0,170.0,191.0,209.0,169.0,138.0,142.0,185.0,150.0,170.0,157.0,160.0,172.0,164.0,154.0,151.0,154.0,161.0,137.0,166.0,154.0,166.0,135.0,139.0,208.0,188.0,179.0,184.0,182.0,192.0,219.0,191.0,184.0,192.0,157.0,157.0,141.0,129.0,152.0,149.0,142.0,160.0,137.0,143.0
7,118.0,132.0,111.0,145.0,127.0,128.0,139.0,139.0,136.0,123.0,164.0,171.0,183.0,195.0,170.0,168.0,168.0,175.0,187.0,178.0,187.0,191.0,169.0,171.0,191.0,154.0,152.0,163.0,178.0,192.0,192.0,187.0,182.0,200.0,204.0,188.0,161.0,195.0,192.0,172.0,190.0,202.0,213.0,208.0,203.0,213.0,211.0,200.0,212.0,213.0,223.0,201.0,201.0,168.0,189.0,212.0,197.0,214.0,179.0,214.0,174.0,171.0,171.0,180.0,193.0,158.0,206.0,184.0,194.0,165.0,138.0,166.0,183.0,185.0,154.0,161.0,168.0,178.0,152.0,187.0,217.0,213.0,203.0,196.0,208.0,240.0,222.0,184.0,208.0,198.0,187.0,155.0,170.0,142.0,149.0,164.0,161.0,160.0,158.0,153.0
8,151.0,153.0,152.0,137.0,142.0,134.0,142.0,167.0,148.0,151.0,198.0,180.0,181.0,189.0,171.0,177.0,191.0,192.0,206.0,199.0,177.0,210.0,193.0,186.0,176.0,202.0,184.0,192.0,173.0,180.0,224.0,209.0,203.0,221.0,229.0,196.0,193.0,208.0,197.0,210.0,219.0,233.0,224.0,230.0,217.0,219.0,235.0,216.0,239.0,204.0,196.0,227.0,201.0,247.0,230.0,207.0,217.0,191.0,193.0,243.0,188.0,181.0,179.0,181.0,204.0,199.0,199.0,168.0,217.0,194.0,170.0,155.0,192.0,157.0,176.0,197.0,168.0,194.0,160.0,186.0,224.0,201.0,230.0,216.0,221.0,221.0,217.0,234.0,209.0,228.0,188.0,187.0,178.0,171.0,168.0,180.0,185.0,179.0,201.0,147.0
9,155.0,166.0,134.0,166.0,166.0,157.0,152.0,176.0,156.0,154.0,197.0,173.0,205.0,197.0,208.0,195.0,182.0,177.0,217.0,209.0,216.0,227.0,216.0,234.0,203.0,196.0,194.0,210.0,199.0,214.0,207.0,236.0,229.0,215.0,240.0,204.0,233.0,205.0,219.0,210.0,254.0,227.0,260.0,236.0,240.0,251.0,245.0,261.0,266.0,254.0,240.0,236.0,233.0,217.0,242.0,249.0,232.0,247.0,224.0,205.0,195.0,213.0,189.0,217.0,169.0,198.0,215.0,200.0,210.0,215.0,186.0,214.0,201.0,177.0,220.0,202.0,206.0,187.0,172.0,214.0,254.0,208.0,239.0,229.0,223.0,245.0,243.0,241.0,247.0,223.0,185.0,193.0,181.0,203.0,177.0,190.0,184.0,193.0,188.0,200.0
10,178.0,176.0,171.0,148.0,168.0,162.0,166.0,184.0,163.0,167.0,211.0,230.0,212.0,231.0,214.0,219.0,213.0,222.0,234.0,212.0,226.0,218.0,235.0,212.0,229.0,220.0,222.0,235.0,219.0,211.0,238.0,240.0,216.0,223.0,196.0,224.0,237.0,238.0,236.0,218.0,265.0,283.0,273.0,300.0,258.0,256.0,253.0,251.0,279.0,297.0,236.0,251.0,245.0,261.0,251.0,228.0,243.0,256.0,236.0,243.0,217.0,231.0,214.0,230.0,246.0,235.0,233.0,210.0,220.0,227.0,211.0,213.0,206.0,194.0,215.0,220.0,212.0,216.0,185.0,219.0,263.0,233.0,275.0,262.0,251.0,273.0,258.0,260.0,265.0,246.0,210.0,183.0,204.0,194.0,226.0,214.0,213.0,189.0,226.0,223.0
11,192.0,166.0,202.0,194.0,189.0,185.0,175.0,194.0,163.0,184.0,217.0,245.0,233.0,231.0,231.0,230.0,242.0,218.0,269.0,232.0,200.0,222.0,253.0,241.0,250.0,247.0,230.0,241.0,239.0,249.0,254.0,265.0,258.0,239.0,252.0,239.0,276.0,254.0,252.0,277.0,314.0,309.0,266.0,259.0,255.0,295.0,274.0,298.0,286.0,278.0,253.0,273.0,260.0,291.0,258.0,284.0,260.0,282.0,266.0,266.0,217.0,256.0,237.0,246.0,265.0,226.0,242.0,232.0,233.0,242.0,237.0,219.0,235.0,211.0,234.0,219.0,230.0,235.0,206.0,231.0,316.0,281.0,275.0,288.0,282.0,276.0,289.0,269.0,298.0,263.0,229.0,196.0,205.0,230.0,212.0,223.0,205.0,212.0,226.0,215.0
12,194.0,204.0,206.0,198.0,203.0,205.0,208.0,204.0,186.0,203.0,259.0,249.0,214.0,242.0,237.0,243.0,254.0,247.0,268.0,254.0,256.0,230.0,256.0,252.0,258.0,252.0,263.0,271.0,220.0,238.0,252.0,272.0,217.0,272.0,276.0,302.0,269.0,251.0,265.0,281.0,311.0,325.0,313.0,327.0,293.0,299.0,313.0,311.0,327.0,337.0,295.0,289.0,270.0,274.0,296.0,270.0,263.0,284.0,306.0,274.0,253.0,261.0,272.0,241.0,246.0,276.0,232.0,230.0,247.0,252.0,234.0,248.0,252.0,269.0,239.0,228.0,239.0,260.0,242.0,253.0,306.0,295.0,349.0,295.0,322.0,289.0,329.0,322.0,297.0,303.0,252.0,242.0,257.0,242.0,240.0,242.0,235.0,238.0,262.0,224.0
13,215.0,213.0,213.0,194.0,212.0,213.0,229.0,200.0,199.0,226.0,261.0,286.0,242.0,290.0,253.0,299.0,284.0,304.0,299.0,257.0,284.0,247.0,264.0,255.0,293.0,281.0,269.0,260.0,270.0,267.0,303.0,275.0,301.0,301.0,279.0,274.0,277.0,307.0,300.0,323.0,341.0,352.0,364.0,325.0,337.0,320.0,326.0,330.0,321.0,293.0,308.0,339.0,296.0,294.0,300.0,320.0,302.0,306.0,338.0,336.0,299.0,246.0,264.0,278.0,303.0,250.0,263.0,279.0,278.0,259.0,238.0,276.0,268.0,250.0,281.0,255.0,258.0,244.0,246.0,266.0,310.0,323.0,318.0,349.0,302.0,323.0,341.0,319.0,322.0,316.0,243.0,251.0,269.0,268.0,241.0,262.0,247.0,259.0,239.0,270.0
14,229.0,260.0,247.0,236.0,216.0,231.0,220.0,198.0,220.0,204.0,279.0,290.0,276.0,305.0,295.0,325.0,279.0,333.0,283.0,293.0,289.0,294.0,305.0,305.0,284.0,282.0,301.0,284.0,296.0,327.0,315.0,302.0,326.0,328.0,315.0,289.0,313.0,332.0,310.0,343.0,374.0,326.0,373.0,345.0,369.0,363.0,382.0,340.0,377.0,340.0,317.0,328.0,315.0,356.0,340.0,324.0,313.0,341.0,335.0,323.0,293.0,318.0,281.0,265.0,336.0,279.0,295.0,275.0,300.0,282.0,269.0,280.0,266.0,261.0,269.0,313.0,273.0,255.0,279.0,265.0,346.0,338.0,351.0,346.0,305.0,328.0,341.0,365.0,339.0,361.0,293.0,273.0,259.0,256.0,273.0,262.0,279.0,284.0,274.0,275.0
15,247.0,240.0,270.0,244.0,247.0,261.0,249.0,231.0,246.0,234.0,305.0,254.0,288.0,304.0,298.0,291.0,299.0,300.0,331.0,319.0,342.0,319.0,325.0,297.0,313.0,308.0,315.0,325.0,322.0,281.0,316.0,315.0,323.0,344.0,358.0,313.0,359.0,345.0,321.0,324.0,374.0,368.0,353.0,345.0,355.0,378.0,395.0,348.0,368.0,370.0,341.0,376.0,358.0,375.0,373.0,378.0,328.0,370.0,360.0,361.0,302.0,320.0,297.0,299.0,321.0,313.0,296.0,309.0,319.0,329.0,312.0,328.0,292.0,320.0,305.0,318.0,297.0,295.0,288.0,314.0,386.0,372.0,394.0,371.0,345.0,344.0,380.0,405.0,365.0,399.0,289.0,326.0,307.0,314.0,296.0,301.0,286.0,289.0,303.0,290.0
16,263.0,259.0,232.0,284.0,266.0,297.0,241.0,249.0,273.0,260.0,303.0,311.0,321.0,325.0,335.0,329.0,325.0,320.0,330.0,324.0,380.0,368.0,357.0,357.0,330.0,346.0,342.0,340.0,328.0,340.0,303.0,354.0,353.0,357.0,380.0,357.0,369.0,342.0,354.0,359.0,405.0,397.0,387.0,372.0,390.0,390.0,385.0,421.0,388.0,404.0,361.0,383.0,370.0,374.0,369.0,358.0,394.0,372.0,373.0,400.0,361.0,321.0,341.0,335.0,353.0,351.0,319.0,318.0,300.0,322.0,321.0,363.0,319.0,337.0,292.0,313.0,312.0,311.0,344.0,306.0,372.0,377.0,417.0,388.0,391.0,382.0,386.0,443.0,425.0,406.0,360.0,301.0,326.0,301.0,322.0,298.0,347.0,318.0,324.0,316.0
17,310.0,293.0,262.0,249.0,274.0,269.0,256.0,248.0,293.0,294.0,339.0,374.0,332.0,329.0,343.0,353.0,363.0,357.0,335.0,332.0,376.0,326.0,365.0,342.0,351.0,363.0,379.0,361.0,386.0,350.0,367.0,359.0,374.0,405.0,391.0,378.0,374.0,374.0,387.0,381.0,423.0,434.0,443.0,429.0,421.0,461.0,418.0,455.0,424.0,404.0,393.0,433.0,396.0,446.0,410.0,371.0,386.0,394.0,394.0,404.0,385.0,338.0,376.0,361.0,338.0,358.0,395.0,381.0,320.0,354.0,314.0,337.0,348.0,363.0,340.0,333.0,338.0,337.0,349.0,343.0,421.0,414.0,431.0,405.0,435.0,425.0,387.0,432.0,436.0,447.0,326.0,350.0,318.0,323.0,349.0,332.0,347.0,318.0,339.0,352.0
18,313.0,276.0,317.0,301.0,328.0,283.0,290.0,313.0,288.0,282.0,357.0,380.0,370.0,383.0,359.0,341.0,383.0,331.0,366.0,372.0,401.0,356.0,365.0,355.0,385.0,380.0,417.0,383.0,382.0,371.0,393.0,426.0,389.0,401.0,434.0,414.0,359.0,406.0,381.0,378.0,444.0,462.0,463.0,490.0,429.0,454.0,455.0,445.0,490.0,494.0,461.0,435.0,417.0,408.0,433.0,426.0,399.0,445.0,458.0,428.0,364.0,375.0,365.0,402.0,345.0,368.0,409.0,365.0,380.0,374.0,357.0,366.0,365.0,357.0,343.0,363.0,379.0,361.0,331.0,372.0,425.0,465.0,465.0,449.0,463.0,466.0,451.0,473.0,444.0,455.0,368.0,347.0,361.0,336.0,362.0,377.0,330.0,365.0,373.0,364.0
19,333.0,280.0,318.0,339.0,305.0,301.0,299.0,300.0,315.0,319.0,370.0,375.0,405.0,420.0,416.0,398.0,367.0,406.0,396.0,385.0,412.0,402.0,420.0,396.0,438.0,411.0,354.0,387.0,397.0,387.0,449.0,461.0,397.0,406.0,451.0,424.0,433.0,425.0,447.0,435.0,493.0,488.0,473.0,499.0,486.0,478.0,480.0,466.0,520.0,510.0,457.0,458.0,467.0,445.0,447.0,435.0,470.0,463.0,461.0,470.0,428.0,398.0,409.0,407.0,391.0,395.0,414.0,426.0,357.0,391.0,344.0,411.0,331.0,373.0,345.0,426.0,392.0,359.0,376.0,378.0,461.0,476.0,506.0,442.0,455.0,462.0,486.0,510.0,489.0,461.0,371.0,375.0,386.0,391.0,381.0,377.0,412.0,380.0,369.0,389.0
20,318.0,327.0,340.0,328.0,296.0,351.0,361.0,322.0,314.0,330.0,390.0,414.0,391.0,385.0,440.0,431.0,399.0,426.0,422.0,407.0,442.0,426.0,436.0,440.0,408.0,417.0,442.0,432.0,452.0,425.0,430.0,443.0,481.0,483.0,455.0,472.0,430.0,424.0,487.0,483.0,533.0,527.0,518.0,540.0,523.0,488.0,524.0,525.0,530.0,491.0,453.0,480.0,498.0,455.0,489.0,462.0,513.0,499.0,506.0,466.0,500.0,439.0,417.0,460.0,428.0,433.0,402.0,401.0,383.0,440.0,412.0,389.0,341.0,407.0,381.0,390.0,416.0,422.0,412.0,399.0,471.0,510.0,515.0,459.0,524.0,507.0,493.0,495.0,495.0,532.0,408.0,408.0,414.0,402.0,410.0,396.0,366.0,416.0,365.0,391.0
21,338.0,358.0,365.0,373.0,329.0,353.0,367.0,337.0,339.0,302.0,433.0,438.0,450.0,438.0,477.0,453.0,458.0,438.0,471.0,431.0,434.0,458.0,438.0,461.0,418.0,442.0,437.0,466.0,491.0,470.0,446.0,487.0,440.0,482.0,466.0,484.0,489.0,471.0,465.0,473.0,557.0,550.0,491.0,543.0,519.0,557.0,532.0,537.0,554.0,556.0,508.0,485.0,570.0,511.0,542.0,508.0,503.0,512.0,539.0,502.0,463.0,476.0,441.0,434.0,415.0,439.0,461.0,430.0,418.0,452.0,428.0,427.0,393.0,412.0,453.0,405.0,447.0,444.0,430.0,411.0,578.0,489.0,571.0,523.0,509.0,551.0,511.0,552.0,488.0,574.0,414.0,439.0,433.0,426.0,470.0,396.0,385.0,418.0,415.0,434.0
22,394.0,399.0,373.0,381.0,336.0,395.0,387.0,376.0,379.0,364.0,447.0,511.0,458.0,492.0,485.0,446.0,496.0,481.0,493.0,467.0,465.0,475.0,500.0,441.0,512.0,492.0,495.0,462.0,502.0,496.0,513.0,506.0,499.0,517.0,486.0,514.0,493.0,490.0,511.0,453.0,550.0,572.0,597.0,530.0,555.0,555.0,570.0,565.0,529.0,530.0,523.0,542.0,562.0,553.0,572.0,508.0,484.0,543.0,531.0,546.0,464.0,453.0,466.0,463.0,461.0,466.0,469.0,460.0,474.0,493.0,450.0,437.0,415.0,458.0,459.0,463.0,457.0,480.0,495.0,425.0,579.0,545.0,547.0,552.0,515.0,573.0,555.0,556.0,505.0,606.0,460.0,413.0,421.0,463.0,464.0,422.0,431.0,439.0,438.0,469.0
23,385.0,376.0,361.0,372.0,365.0,387.0,369.0,393.0,376.0,398.0,499.0,512.0,482.0,507.0,496.0,514.0,504.0,474.0,500.0,500.0,520.0,509.0,504.0,571.0,516.0,465.0,470.0,530.0,522.0,503.0,560.0,546.0,534.0,523.0,492.0,552.0,519.0,508.0,523.0,491.0,566.0,591.0,580.0,590.0,613.0,629.0,627.0,586.0,583.0,598.0,563.0,569.0,583.0,545.0,591.0,560.0,561.0,566.0,533.0,572.0,503.0,489.0,495.0,529.0,513.0,477.0,499.0,461.0,529.0,486.0,419.0,448.0,472.0,450.0,471.0,438.0,465.0,484.0,490.0,476.0,621.0,586.0,609.0,540.0,588.0,572.0,581.0,597.0,588.0,591.0,454.0,474.0,464.0,470.0,446.0,486.0,489.0,501.0,461.0,481.0
24,407.0,429.0,417.0,419.0,394.0,437.0,419.0,392.0,414.0,386.0,474.0,523.0,510.0,480.0,516.0,540.0,478.0,512.0,518.0,555.0,556.0,562.0,505.0,544.0,511.0,525.0,582.0,537.0,531.0,504.0,595.0,527.0,579.0,544.0,594.0,551.0,534.0,515.0,604.0,570.0,641.0,613.0,604.0,606.0,617.0,627.0,648.0,634.0,657.0,605.0,557.0,602.0,585.0,603.0,604.0,562.0,540.0,601.0,548.0,590.0,484.0,485.0,523.0,563.0,514.0,500.0,534.0,559.0,517.0,539.0,489.0,476.0,492.0,453.0,516.0,464.0,474.0,508.0,461.0,469.0,609.0,646.0,618.0,637.0,622.0,599.0,610.0,587.0,591.0,604.0,524.0,483.0,498.0,494.0,447.0,522.0,511.0,501.0,510.0,520.0
25,431.0,442.0,446.0,451.0,419.0,446.0,431.0,472.0,404.0,410.0,531.0,513.0,540.0,542.0,527.0,557.0,550.0,565.0,579.0,552.0,552.0,560.0,539.0,520.0,544.0,553.0,559.0,527.0,565.0,582.0,602.0,581.0,634.0,576.0,588.0,593.0,546.0,591.0,571.0,590.0,645.0,652.0,648.0,672.0,672.0,616.0,667.0,664.0,669.0,627.0,651.0,641.0,589.0,609.0,633.0,629.0,593.0,601.0,612.0,619.0,537.0,555.0,522.0,526.0,583.0,530.0,555.0,550.0,557.0,533.0,478.0,477.0,517.0,519.0,515.0,479.0,541.0,470.0,524.0,545.0,627.0,633.0,646.0,651.0,621.0,671.0,641.0,657.0,601.0,599.0,525.0,537.0,496.0,521.0,478.0,497.0,493.0,494.0,514.0,531.0
26,470.0,447.0,445.0,462.0,457.0,426.0,462.0,437.0,477.0,425.0,576.0,503.0,568.0,544.0,584.0,559.0,558.0,599.0,619.0,585.0,597.0,594.0,620.0,583.0,531.0,582.0,560.0,573.0,556.0,576.0,630.0,614.0,630.0,615.0,627.0,618.0,578.0,623.0,579.0,595.0,667.0,733.0,666.0,688.0,686.0,671.0,706.0,670.0,633.0,637.0,593.0,657.0,591.0,654.0,642.0,628.0,643.0,652.0,679.0,660.0,588.0,566.0,595.0,552.0,550.0,585.0,554.0,562.0,561.0,586.0,519.0,555.0,544.0,525.0,520.0,495.0,567.0,522.0,512.0,548.0,659.0,621.0,623.0,650.0,681.0,682.0,663.0,682.0,708.0,643.0,523.0,542.0,539.0,556.0,545.0,567.0,529.0,513.0,514.0,577.0
27,450.0,463.0,512.0,480.0,480.0,455.0,494.0,460.0,481.0,444.0,589.0,582.0,586.0,601.0,609.0,586.0,577.0,621.0,595.0,584.0,579.0,584.0,602.0,627.0,578.0,600.0,594.0,535.0,593.0,620.0,673.0,626.0,635.0,606.0,707.0,636.0,593.0,632.0,622.0,677.0,714.0,721.0,692.0,689.0,654.0,693.0,735.0,683.0,706.0,707.0,634.0,634.0,644.0,682.0,665.0,674.0,676.0,700.0,680.0,644.0,592.0,594.0,609.0,617.0,596.0,595.0,562.0,587.0,577.0,598.0,550.0,589.0,526.0,548.0,528.0,570.0,554.0,603.0,589.0,537.0,704.0,691.0,701.0,677.0,667.0,691.0,743.0,712.0,661.0,717.0,573.0,589.0,554.0,540.0,579.0,549.0,530.0,538.0,575.0,540.0
28,477.0,510.0,456.0,509.0,472.0,461.0,487.0,469.0,473.0,505.0,580.0,623.0,608.0,637.0,628.0,615.0,616.0,636.0,600.0,597.0,653.0,587.0,614.0,635.0,606.0,638.0,646.0,638.0,623.0,630.0,671.0,663.0,691.0,680.0,652.0,635.0,610.0,647.0,659.0,656.0,740.0,759.0,711.0,724.0,701.0,713.0,710.0,724.0,707.0,721.0,703.0,674.0,678.0,698.0,700.0,662.0,695.0,687.0,719.0,717.0,587.0,615.0,633.0,622.0,600.0,635.0,604.0,580.0,572.0,621.0,569.0,602.0,583.0,542.0,578.0,603.0,595.0,606.0,614.0,556.0,704.0,710.0,729.0,714.0,732.0,728.0,713.0,757.0,759.0,755.0,607.0,564.0,593.0,540.0,628.0,592.0,616.0,560.0,585.0,541.0
29,529.0,509.0,546.0,523.0,511.0,480.0,532.0,519.0,510.0,514.0,658.0,643.0,640.0,610.0,640.0,629.0,645.0,645.0,643.0,642.0,658.0,654.0,649.0,644.0,671.0,597.0,637.0,675.0,656.0,633.0,647.0,665.0,684.0,713.0,651.0,674.0,600.0,687.0,681.0,635.0,783.0,762.0,765.0,747.0,759.0,787.0,777.0,772.0,749.0,783.0,712.0,710.0,666.0,708.0,727.0,760.0,710.0,693.0,760.0,727.0,626.0,662.0,665.0,643.0,622.0,636.0,628.0,591.0,638.0,649.0,556.0,634.0,596.0,602.0,598.0,605.0,622.0,616.0,604.0,612.0,765.0,707.0,708.0,717.0,733.0,735.0,773.0,758.0,737.0,742.0,583.0,591.0,609.0,623.0,614.0,603.0,595.0,576.0,559.0,590.0
30,527.0,531.0,549.0,559.0,512.0,506.0,525.0,516.0,515.0,486.0,670.0,660.0,640.0,624.0,703.0,635.0,645.0,695.0,643.0,663.0,683.0,682.0,687.0,683.0,650.0,664.0,674.0,681.0,672.0,683.0,695.0,727.0,706.0,733.0,683.0,702.0,728.0,664.0,739.0,727.0,731.0,753.0,741.0,789.0,800.0,787.0,763.0,793.0,752.0,784.0,744.0,748.0,769.0,714.0,715.0,739.0,730.0,741.0,727.0,744.0,672.0,689.0,632.0,662.0,657.0,670.0,658.0,650.0,674.0,624.0,676.0,583.0,655.0,621.0,635.0,632.0,632.0,655.0,611.0,651.0,744.0,793.0,796.0,740.0,778.0,775.0,756.0,746.0,796.0,764.0,596.0,593.0,574.0,628.0,612.0,617.0,631.0,612.0,629.0,620.0
31,543.0,541.0,529.0,576.0,521.0,477.0,566.0,562.0,568.0,561.0,651.0,684.0,666.0,692.0,677.0,687.0,674.0,670.0,660.0,700.0,728.0,656.0,666.0,677.0,671.0,679.0,687.0,692.0,718.0,703.0,704.0,741.0,698.0,733.0,723.0,676.0,721.0,710.0,716.0,728.0,786.0,855.0,836.0,808.0,815.0,824.0,796.0,858.0,814.0,790.0,706.0,778.0,772.0,720.0,770.0,758.0,759.0,737.0,734.0,752.0,706.0,695.0,711.0,695.0,694.0,732.0,671.0,692.0,704.0,662.0,653.0,605.0,642.0,622.0,638.0,651.0,656.0,649.0,649.0,639.0,801.0,785.0,796.0,807.0,791.0,834.0,815.0,769.0,811.0,778.0,674.0,628.0,647.0,639.0,659.0,616.0,610.0,628.0,595.0,648.0
32,528.0,557.0,566.0,522.0,567.0,540.0,588.0,587.0,526.0,561.0,708.0,695.0,671.0,714.0,674.0,691.0,677.0,670.0,704.0,703.0,768.0,721.0,695.0,710.0,718.0,723.0,705.0,686.0,727.0,717.0,705.0,761.0,746.0,737.0,800.0,707.0,766.0,760.0,779.0,748.0,834.0,780.0,851.0,822.0,794.0,842.0,838.0,865.0,854.0,822.0,785.0,799.0,769.0,842.0,756.0,802.0,791.0,789.0,820.0,752.0,724.0,699.0,736.0,700.0,705.0,689.0,638.0,709.0,703.0,694.0,693.0,687.0,665.0,650.0,613.0,668.0,686.0,656.0,633.0,640.0,793.0,804.0,806.0,811.0,847.0,798.0,823.0,811.0,761.0,886.0,617.0,671.0,665.0,663.0,690.0,678.0,649.0,639.0,665.0,642.0
33,588.0,602.0,578.0,558.0,559.0,587.0,541.0,559.0,610.0,583.0,708.0,723.0,707.0,722.0,706.0,753.0,721.0,728.0,706.0,706.0,721.0,693.0,711.0,733.0,768.0,708.0,688.0,707.0,750.0,678.0,717.0,774.0,778.0,761.0,780.0,733.0,719.0,756.0,805.0,748.0,860.0,868.0,873.0,850.0,872.0,849.0,868.0,860.0,852.0,864.0,834.0,813.0,745.0,807.0,809.0,769.0,811.0,813.0,787.0,854.0,716.0,728.0,725.0,689.0,700.0,719.0,724.0,733.0,686.0,711.0,693.0,669.0,673.0,707.0,651.0,714.0,730.0,669.0,671.0,700.0,849.0,825.0,843.0,872.0,858.0,816.0,869.0,868.0,860.0,851.0,664.0,676.0,735.0,668.0,655.0,685.0,683.0,675.0,642.0,663.0
34,612.0,601.0,635.0,563.0,588.0,558.0,589.0,536.0,573.0,608.0,675.0,716.0,690.0,754.0,721.0,701.0,739.0,715.0,708.0,728.0,772.0,754.0,736.0,743.0,701.0,741.0,754.0,776.0,765.0,712.0,770.0,774.0,767.0,797.0,825.0,797.0,793.0,801.0,792.0,744.0,892.0,821.0,888.0,859.0,879.0,902.0,876.0,899.0,875.0,869.0,829.0,826.0,859.0,818.0,849.0,862.0,824.0,829.0,775.0,888.0,713.0,756.0,725.0,711.0,757.0,698.0,683.0,709.0,725.0,762.0,713.0,716.0,681.0,718.0,644.0,759.0,719.0,694.0,743.0,621.0,879.0,858.0,895.0,905.0,912.0,825.0,878.0,881.0,897.0,904.0,678.0,737.0,678.0,685.0,667.0,675.0,684.0,711.0,701.0,705.0
35,584.0,575.0,610.0,563.0,611.0,569.0,598.0,567.0,633.0,593.0,731.0,734.0,711.0,742.0,736.0,727.0,728.0,754.0,704.0,736.0,763.0,778.0,781.0,745.0,777.0,739.0,767.0,774.0,769.0,742.0,782.0,861.0,757.0,763.0,786.0,804.0,824.0,826.0,818.0,832.0,923.0,898.0,917.0,912.0,910.0,908.0,891.0,906.0,883.0,903.0,852.0,863.0,858.0,859.0,841.0,879.0,818.0,807.0,875.0,877.0,761.0,734.0,782.0,766.0,749.0,765.0,744.0,708.0,689.0,726.0,742.0,692.0,760.0,731.0,671.0,712.0,720.0,739.0,711.0,684.0,908.0,855.0,881.0,921.0,928.0,900.0,920.0,873.0,907.0,898.0,661.0,745.0,672.0,726.0,709.0,687.0,707.0,775.0,741.0,723.0
36,627.0,617.0,628.0,609.0,645.0,633.0,633.0,659.0,548.0,622.0,758.0,775.0,758.0,761.0,768.0,709.0,755.0,767.0,755.0,754.0,796.0,796.0,758.0,775.0,754.0,772.0,745.0,772.0,785.0,816.0,757.0,840.0,833.0,847.0,805.0,823.0,791.0,892.0,807.0,790.0,964.0,929.0,916.0,925.0,900.0,938.0,962.0,911.0,967.0,932.0,826.0,844.0,868.0,870.0,834.0,861.0,911.0,844.0,840.0,858.0,797.0,755.0,795.0,770.0,812.0,726.0,687.0,768.0,754.0,767.0,719.0,749.0,711.0,684.0,717.0,690.0,717.0,700.0,744.0,718.0,905.0,881.0,874.0,927.0,917.0,953.0,961.0,898.0,944.0,908.0,724.0,716.0,757.0,725.0,736.0,749.0,716.0,686.0,748.0,715.0
37,626.0,576.0,616.0,598.0,645.0,626.0,623.0,632.0,605.0,634.0,793.0,810.0,807.0,801.0,767.0,818.0,788.0,766.0,839.0,785.0,805.0,787.0,799.0,810.0,826.0,785.0,769.0,777.0,795.0,788.0,776.0,864.0,877.0,854.0,798.0,806.0,837.0,844.0,839.0,846.0,980.0,984.0,861.0,927.0,917.0,972.0,943.0,942.0,913.0,897.0,873.0,829.0,918.0,893.0,868.0,883.0,879.0,881.0,862.0,861.0,828.0,819.0,791.0,787.0,795.0,780.0,756.0,824.0,802.0,788.0,713.0,671.0,718.0,722.0,777.0,699.0,721.0,690.0,727.0,775.0,919.0,948.0,913.0,937.0,916.0,902.0,947.0,916.0,915.0,956.0,714.0,767.0,757.0,721.0,739.0,740.0,772.0,783.0,754.0,709.0
38,656.0,642.0,631.0,647.0,616.0,626.0,640.0,665.0,623.0,669.0,799.0,817.0,793.0,807.0,785.0,761.0,784.0,768.0,778.0,786.0,790.0,811.0,799.0,834.0,844.0,823.0,828.0,840.0,830.0,800.0,850.0,864.0,900.0,854.0,864.0,858.0,849.0,894.0,839.0,825.0,934.0,952.0,934.0,946.0,986.0,985.0,942.0,929.0,922.0,967.0,934.0,886.0,918.0,912.0,874.0,916.0,858.0,917.0,927.0,929.0,797.0,775.0,780.0,810.0,786.0,766.0,822.0,772.0,813.0,770.0,745.0,761.0,762.0,724.0,734.0,765.0,755.0,734.0,798.0,722.0,943.0,916.0,928.0,924.0,938.0,867.0,949.0,938.0,920.0,942.0,725.0,779.0,759.0,742.0,769.0,791.0,757.0,747.0,748.0,776.0
39,650.0,672.0,640.0,674.0,642.0,652.0,625.0,653.0,638.0,654.0,813.0,835.0,820.0,820.0,829.0,836.0,783.0,797.0,820.0,803.0,879.0,829.0,785.0,817.0,850.0,803.0,846.0,776.0,833.0,864.0,865.0,836.0,876.0,870.0,855.0,869.0,870.0,891.0,885.0,859.0,921.0,983.0,973.0,962.0,992.0,970.0,1007.0,1021.0,985.0,990.0,906.0,913.0,875.0,940.0,904.0,900.0,907.0,920.0,904.0,927.0,778.0,805.0,785.0,788.0,800.0,767.0,834.0,767.0,798.0,736.0,786.0,762.0,791.0,733.0,774.0,759.0,759.0,752.0,774.0,741.0,957.0,932.0,971.0,957.0,929.0,965.0,947.0,941.0,940.0,958.0,756.0,776.0,827.0,778.0,760.0,773.0,742.0,823.0,758.0,789.0
40,634.0,648.0,682.0,650.0,673.0,613.0,664.0,644.0,688.0,664.0,804.0,831.0,843.0,834.0,819.0,828.0,818.0,850.0,840.0,870.0,795.0,858.0,834.0,838.0,831.0,825.0,830.0,847.0,807.0,826.0,847.0,857.0,909.0,860.0,876.0,901.0,879.0,868.0,917.0,901.0,1013.0,993.0,936.0,982.0,983.0,983.0,948.0,987.0,948.0,994.0,933.0,928.0,931.0,933.0,936.0,865.0,951.0,898.0,937.0,893.0,821.0,829.0,848.0,819.0,876.0,834.0,813.0,806.0,808.0,851.0,780.0,763.0,756.0,761.0,788.0,807.0,764.0,769.0,734.0,788.0,992.0,966.0,949.0,978.0,952.0,984.0,1027.0,1017.0,1016.0,914.0,817.0,797.0,788.0,813.0,732.0,780.0,754.0,783.0,766.0,750.0
41,675.0,620.0,688.0,679.0,640.0,651.0,692.0,647.0,699.0,715.0,863.0,814.0,859.0,821.0,810.0,841.0,816.0,856.0,791.0,837.0,826.0,871.0,867.0,812.0,837.0,886.0,818.0,837.0,853.0,864.0,900.0,894.0,901.0,852.0,902.0,884.0,872.0,862.0,910.0,864.0,1015.0,970.0,989.0,986.0,991.0,966.0,1004.0,1001.0,978.0,981.0,951.0,970.0,908.0,930.0,920.0,881.0,944.0,925.0,935.0,940.0,803.0,837.0,805.0,856.0,858.0,831.0,841.0,845.0,813.0,848.0,786.0,790.0,824.0,806.0,826.0,804.0,810.0,790.0,784.0,770.0,1003.0,1056.0,971.0,1004.0,961.0,1008.0,986.0,988.0,1005.0,984.0,732.0,762.0,786.0,844.0,842.0,788.0,786.0,839.0,814.0,770.0
42,644.0,676.0,684.0,659.0,667.0,672.0,692.0,735.0,709.0,683.0,787.0,789.0,842.0,814.0,829.0,825.0,840.0,830.0,791.0,853.0,887.0,826.0,882.0,863.0,821.0,833.0,835.0,835.0,849.0,864.0,940.0,896.0,917.0,923.0,930.0,826.0,930.0,938.0,945.0,904.0,976.0,966.0,986.0,1039.0,1017.0,1048.0,1029.0,986.0,998.0,998.0,959.0,941.0,976.0,984.0,977.0,973.0,914.0,980.0,913.0,1010.0,898.0,889.0,882.0,860.0,831.0,875.0,811.0,827.0,888.0,811.0,794.0,820.0,783.0,776.0,786.0,762.0,802.0,792.0,772.0,774.0,973.0,1065.0,967.0,1006.0,1022.0,995.0,993.0,972.0,1014.0,1001.0,804.0,826.0,791.0,774.0,816.0,840.0,835.0,810.0,816.0,783.0
43,687.0,742.0,700.0,746.0,674.0,719.0,719.0,738.0,696.0,664.0,863.0,823.0,806.0,840.0,847.0,819.0,842.0,858.0,864.0,868.0,923.0,830.0,874.0,890.0,849.0,899.0,866.0,882.0,926.0,853.0,875.0,916.0,891.0,896.0,911.0,917.0,895.0,914.0,895.0,896.0,1059.0,1055.0,1041.0,1028.0,1036.0,985.0,1021.0,1018.0,1034.0,1011.0,950.0,951.0,956.0,959.0,948.0,988.0,965.0,898.0,879.0,995.0,870.0,850.0,873.0,863.0,905.0,862.0,891.0,859.0,866.0,893.0,744.0,848.0,855.0,803.0,822.0,803.0,759.0,828.0,798.0,851.0,1021.0,991.0,992.0,966.0,963.0,985.0,994.0,1021.0,1008.0,962.0,769.0,793.0,826.0,814.0,847.0,776.0,835.0,793.0,833.0,790.0
44,740.0,684.0,677.0,685.0,694.0,708.0,675.0,706.0,725.0,691.0,837.0,840.0,852.0,855.0,914.0,848.0,848.0,918.0,857.0,898.0,851.0,857.0,881.0,821.0,878.0,918.0,841.0,907.0,891.0,896.0,925.0,931.0,920.0,953.0,943.0,910.0,923.0,931.0,918.0,911.0,1053.0,1072.0,1029.0,1032.0,973.0,1009.0,1062.0,1009.0,1029.0,1051.0,983.0,1004.0,1007.0,1026.0,978.0,948.0,1001.0,945.0,958.0,943.0,854.0,843.0,873.0,907.0,851.0,913.0,864.0,844.0,866.0,840.0,802.0,822.0,806.0,826.0,822.0,795.0,822.0,792.0,799.0,867.0,1023.0,1032.0,1015.0,967.0,1006.0,998.0,1030.0,1038.0,994.0,986.0,786.0,806.0,849.0,826.0,841.0,803.0,815.0,814.0,860.0,795.0
45,704.0,683.0,661.0,707.0,680.0,692.0,680.0,684.0,734.0,686.0,882.0,884.0,884.0,894.0,881.0,836.0,879.0,846.0,890.0,874.0,827.0,825.0,904.0,916.0,924.0,897.0,881.0,854.0,927.0,909.0,937.0,982.0,948.0,927.0,933.0,902.0,896.0,970.0,906.0,908.0,979.0,1024.0,1058.0,1040.0,1032.0,993.0,1098.0,1006.0,1039.0,1057.0,981.0,1009.0,960.0,995.0,999.0,1013.0,1016.0,992.0,1005.0,1022.0,898.0,865.0,894.0,854.0,900.0,908.0,857.0,907.0,861.0,879.0,871.0,810.0,839.0,804.0,819.0,811.0,792.0,883.0,780.0,857.0,1026.0,1040.0,1026.0,1023.0,978.0,1056.0,1038.0,1021.0,1021.0,1017.0,839.0,854.0,822.0,826.0,844.0,828.0,826.0,828.0,820.0,752.0
46,715.0,719.0,680.0,719.0,759.0,714.0,722.0,683.0,733.0,722.0,897.0,851.0,917.0,881.0,885.0,879.0,868.0,914.0,894.0,917.0,894.0,930.0,906.0,900.0,885.0,922.0,879.0,889.0,914.0,894.0,929.0,927.0,948.0,954.0,983.0,947.0,916.0,957.0,926.0,925.0,1068.0,1083.0,1066.0,1022.0,1046.0,1079.0,1088.0,1043.0,1016.0,1057.0,1020.0,1031.0,994.0,1048.0,993.0,968.0,923.0,956.0,996.0,965.0,875.0,876.0,860.0,907.0,849.0,884.0,936.0,892.0,852.0,898.0,782.0,840.0,846.0,797.0,788.0,802.0,842.0,863.0,835.0,828.0,1025.0,989.0,1030.0,1026.0,1031.0,1022.0,1046.0,1036.0,1060.0,994.0,817.0,811.0,828.0,811.0,853.0,798.0,823.0,840.0,839.0,843.0
47,749.0,698.0,690.0,707.0,713.0,696.0,682.0,668.0,729.0,719.0,890.0,893.0,914.0,903.0,905.0,861.0,864.0,928.0,881.0,928.0,889.0,881.0,912.0,944.0,930.0,960.0,872.0,847.0,957.0,912.0,903.0,949.0,967.0,949.0,971.0,931.0,944.0,986.0,908.0,944.0,1062.0,1083.0,1071.0,1117.0,1055.0,1001.0,1082.0,1126.0,1072.0,1063.0,985.0,1009.0,968.0,962.0,997.0,1018.0,1009.0,963.0,972.0,932.0,912.0,936.0,845.0,922.0,881.0,877.0,930.0,896.0,897.0,879.0,794.0,794.0,870.0,795.0,858.0,845.0,838.0,829.0,819.0,879.0,1071.0,1027.0,1053.0,1007.0,977.0,1085.0,1052.0,1015.0,1071.0,1037.0,839.0,859.0,858.0,830.0,861.0,813.0,841.0,884.0,832.0,825.0
48,704.0,704.0,698.0,701.0,728.0,705.0,715.0,733.0,742.0,723.0,923.0,878.0,917.0,913.0,899.0,874.0,902.0,894.0,886.0,933.0,926.0,941.0,946.0,951.0,882.0,880.0,916.0,907.0,887.0,879.0,945.0,948.0,970.0,959.0,942.0,991.0,1011.0,969.0,1001.0,949.0,1001.0,1080.0,1034.0,1041.0,1056.0,1070.0,1049.0,1096.0,1107.0,1085.0,1031.0,965.0,992.0,1016.0,1085.0,1018.0,1013.0,995.0,972.0,989.0,868.0,928.0,922.0,846.0,882.0,907.0,881.0,922.0,884.0,887.0,811.0,833.0,835.0,886.0,827.0,829.0,818.0,836.0,881.0,801.0,1098.0,1023.0,1035.0,1088.0,1067.0,1045.0,1081.0,1009.0,1034.0,1070.0,851.0,899.0,868.0,800.0,844.0,834.0,793.0,850.0,810.0,867.0
49,731.0,735.0,737.0,708.0,711.0,694.0,732.0,756.0,700.0,712.0,898.0,874.0,921.0,929.0,887.0,874.0,857.0,890.0,925.0,881.0,938.0,971.0,927.0,942.0,947.0,923.0,910.0,922.0,936.0,881.0,924.0,956.0,907.0,930.0,943.0,952.0,956.0,973.0,958.0,965.0,1022.0,1039.0,1090.0,1120.0,1105.0,1046.0,993.0,1072.0,1059.0,1105.0,1012.0,1035.0,1032.0,1035.0,1014.0,1009.0,1005.0,954.0,989.0,1048.0,889.0,894.0,930.0,919.0,910.0,886.0,954.0,868.0,900.0,850.0,863.0,840.0,810.0,865.0,823.0,898.0,865.0,880.0,853.0,881.0,1072.0,1068.0,1063.0,945.0,1081.0,1086.0,1127.0,1092.0,1050.0,1064.0,873.0,850.0,861.0,870.0,851.0,847.0,843.0,868.0,897.0,853.0
50,719.0,698.0,724.0,729.0,731.0,712.0,736.0,772.0,754.0,733.0,844.0,879.0,905.0,954.0,903.0,876.0,883.0,894.0,888.0,890.0,957.0,892.0,951.0,930.0,964.0,908.0,890.0,932.0,929.0,921.0,935.0,984.0,986.0,948.0,927.0,980.0,952.0,982.0,964.0,970.0,1051.0,1094.0,1048.0,1108.0,1078.0,1051.0,1007.0,1079.0,1063.0,1098.0,1057.0,1034.0,1060.0,956.0,964.0,1038.0,1011.0,1024.0,1042.0,1033.0,875.0,876.0,881.0,906.0,973.0,897.0,910.0,893.0,883.0,924.0,917.0,859.0,832.0,909.0,841.0,886.0,903.0,806.0,836.0,853.0,1057.0,1094.0,1077.0,1049.0,1063.0,1072.0,1121.0,1087.0,1080.0,1039.0,866.0,906.0,870.0,831.0,887.0,851.0,887.0,863.0,883.0,835.0
51,763.0,703.0,779.0,761.0,728.0,719.0,677.0,759.0,723.0,670.0,865.0,919.0,939.0,846.0,917.0,930.0,930.0,873.0,913.0,931.0,942.0,948.0,929.0,921.0,907.0,910.0,949.0,926.0,923.0,934.0,968.0,963.0,981.0,1000.0,907.0,942.0,959.0,997.0,981.0,933.0,1031.0,1075.0,1062.0,1143.0,1076.0,1066.0,1095.0,1062.0,1055.0,1069.0,1047.0,1052.0,1026.0,1000.0,1029.0,1018.0,1037.0,1011.0,1072.0,1071.0,911.0,893.0,956.0,896.0,979.0,894.0,887.0,949.0,898.0,926.0,858.0,882.0,813.0,880.0,910.0,862.0,898.0,840.0,854.0,894.0,1048.0,1080.0,1068.0,1086.0,1072.0,1121.0,1019.0,1124.0,1070.0,1063.0,900.0,852.0,832.0,835.0,858.0,860.0,901.0,841.0,883.0,854.0
52,746.0,681.0,741.0,719.0,735.0,713.0,751.0,685.0,715.0,769.0,892.0,900.0,879.0,958.0,911.0,962.0,920.0,888.0,957.0,902.0,912.0,934.0,939.0,927.0,944.0,941.0,951.0,934.0,880.0,942.0,973.0,969.0,977.0,949.0,970.0,969.0,947.0,1005.0,990.0,1007.0,1081.0,1127.0,1073.0,1138.0,1074.0,1084.0,1083.0,1117.0,1093.0,1056.0,1070.0,1027.0,1071.0,1023.0,1090.0,1022.0,1003.0,1041.0,1022.0,953.0,941.0,943.0,909.0,908.0,876.0,866.0,928.0,928.0,874.0,956.0,849.0,889.0,885.0,842.0,895.0,834.0,846.0,861.0,903.0,889.0,1072.0,1066.0,1086.0,1094.0,1072.0,1126.0,1082.0,1091.0,1099.0,1069.0,843.0,876.0,873.0,853.0,861.0,848.0,891.0,873.0,883.0,852.0
53,740.0,770.0,741.0,737.0,753.0,714.0,741.0,752.0,715.0,751.0,901.0,930.0,936.0,893.0,905.0,915.0,907.0,907.0,1011.0,924.0,961.0,927.0,940.0,907.0,926.0,963.0,947.0,955.0,887.0,932.0,943.0,982.0,938.0,994.0,1006.0,976.0,981.0,956.0,1004.0,967.0,1095.0,1070.0,1107.0,1078.0,1083.0,1120.0,1111.0,1068.0,1101.0,1118.0,1024.0,1026.0,1047.0,1060.0,1055.0,1060.0,1002.0,978.0,1043.0,976.0,907.0,927.0,938.0,927.0,967.0,918.0,936.0,951.0,864.0,935.0,877.0,878.0,866.0,901.0,844.0,845.0,859.0,868.0,868.0,875.0,1104.0,1104.0,1115.0,1099.0,1041.0,1055.0,1101.0,1127.0,1096.0,1095.0,869.0,842.0,847.0,859.0,893.0,838.0,860.0,906.0,865.0,864.0
54,750.0,733.0,769.0,731.0,757.0,743.0,739.0,732.0,741.0,761.0,904.0,995.0,908.0,948.0,905.0,915.0,935.0,907.0,952.0,917.0,914.0,956.0,916.0,950.0,906.0,922.0,952.0,948.0,925.0,951.0,1060.0,1006.0,1007.0,1003.0,1030.0,991.0,970.0,945.0,935.0,970.0,1046.0,1070.0,1075.0,1103.0,1065.0,1063.0,1099.0,1111.0,1070.0,1086.0,1018.0,1013.0,1022.0,1024.0,1058.0,1031.0,1009.0,1029.0,1092.0,1022.0,958.0,909.0,965.0,906.0,933.0,957.0,898.0,944.0,946.0,911.0,851.0,886.0,891.0,872.0,873.0,874.0,866.0,896.0,889.0,919.0,1085.0,1046.0,1089.0,1096.0,1095.0,1084.0,1096.0,1122.0,1081.0,1037.0,874.0,886.0,874.0,860.0,889.0,865.0,921.0,872.0,863.0,906.0
55,757.0,743.0,752.0,729.0,812.0,743.0,734.0,732.0,762.0,727.0,898.0,923.0,927.0,932.0,995.0,881.0,893.0,893.0,903.0,944.0,897.0,920.0,947.0,951.0,981.0,976.0,955.0,928.0,941.0,946.0,1017.0,966.0,986.0,987.0,963.0,988.0,949.0,941.0,1005.0,1005.0,1118.0,1067.0,1106.0,1109.0,1092.0,1113.0,1120.0,1122.0,1112.0,1107.0,1025.0,1100.0,1033.0,1056.0,1032.0,1054.0,1085.0,1025.0,1045.0,995.0,890.0,953.0,943.0,921.0,889.0,940.0,932.0,969.0,961.0,946.0,869.0,856.0,887.0,855.0,836.0,839.0,863.0,916.0,824.0,865.0,1139.0,1105.0,1086.0,1105.0,1095.0,1091.0,1073.0,1109.0,1072.0,1059.0,883.0,902.0,886.0,882.0,852.0,853.0,915.0,906.0,903.0,921.0
56,678.0,738.0,764.0,764.0,736.0,743.0,759.0,767.0,723.0,751.0,924.0,935.0,939.0,910.0,927.0,878.0,951.0,907.0,927.0,896.0,963.0,986.0,950.0,978.0,967.0,1002.0,936.0,915.0,1003.0,992.0,996.0,1015.0,998.0,959.0,958.0,970.0,994.0,1005.0,977.0,1011.0,1098.0,1095.0,1085.0,1125.0,1126.0,1107.0,1114.0,1137.0,1061.0,1091.0,1036.0,1021.0,1003.0,1046.0,1064.0,1060.0,1017.0,1024.0,1062.0,1047.0,955.0,949.0,981.0,940.0,924.0,910.0,923.0,907.0,931.0,873.0,870.0,862.0,915.0,900.0,880.0,894.0,915.0,905.0,889.0,893.0,1085.0,1064.0,1081.0,1060.0,1136.0,1083.0,1057.0,1131.0,1106.0,1094.0,916.0,904.0,871.0,879.0,859.0,862.0,889.0,873.0,882.0,900.0
57,810.0,771.0,734.0,748.0,766.0,739.0,726.0,745.0,787.0,769.0,896.0,883.0,950.0,885.0,925.0,935.0,931.0,927.0,948.0,970.0,915.0,981.0,922.0,968.0,944.0,989.0,942.0,943.0,889.0,962.0,961.0,1023.0,980.0,1015.0,969.0,1028.0,957.0,990.0,1004.0,981.0,1102.0,1078.0,1151.0,1096.0,1120.0,1133.0,1096.0,1098.0,1114.0,1081.0,1043.0,1074.0,1067.0,1104.0,1046.0,1027.0,1031.0,1076.0,1029.0,1053.0,919.0,978.0,904.0,905.0,953.0,934.0,998.0,934.0,909.0,916.0,893.0,859.0,905.0,874.0,866.0,863.0,895.0,907.0,848.0,890.0,1104.0,1113.0,1115.0,1117.0,1096.0,1062.0,1122.0,1056.0,1157.0,1098.0,911.0,837.0,884.0,875.0,922.0,825.0,885.0,927.0,904.0,858.0
58,764.0,731.0,711.0,737.0,752.0,769.0,758.0,736.0,754.0,805.0,888.0,898.0,939.0,937.0,966.0,929.0,942.0,963.0,919.0,898.0,979.0,948.0,979.0,945.0,944.0,952.0,896.0,945.0,967.0,922.0,1009.0,1024.0,1013.0,970.0,1023.0,1009.0,963.0,994.0,1016.0,985.0,1097.0,1119.0,1130.0,1198.0,1100.0,1100.0,1089.0,1181.0,1134.0,1078.0,1010.0,1058.0,1051.0,1023.0,1074.0,1018.0,1094.0,1037.0,1052.0,1115.0,889.0,980.0,927.0,943.0,914.0,923.0,982.0,931.0,915.0,930.0,909.0,899.0,896.0,846.0,909.0,807.0,880.0,879.0,859.0,874.0,1120.0,1102.0,1088.0,1102.0,1087.0,1119.0,1107.0,1117.0,1133.0,1105.0,918.0,862.0,903.0,908.0,866.0,935.0,898.0,841.0,863.0,893.0
59,735.0,767.0,754.0,767.0,741.0,755.0,752.0,738.0,759.0,781.0,910.0,921.0,944.0,947.0,918.0,942.0,957.0,950.0,870.0,941.0,980.0,992.0,950.0,937.0,955.0,972.0,940.0,973.0,937.0,938.0,997.0,1013.0,1039.0,988.0,1009.0,979.0,1031.0,1028.0,970.0,1011.0,1108.0,1109.0,1083.0,1184.0,1141.0,1136.0,1100.0,1121.0,1072.0,1132.0,1093.0,1069.0,1045.0,1058.0,1088.0,1054.0,1047.0,1062.0,1131.0,1029.0,926.0,912.0,972.0,945.0,930.0,936.0,973.0,972.0,967.0,885.0,852.0,911.0,862.0,854.0,859.0,850.0,894.0,865.0,881.0,890.0,1144.0,1059.0,1088.0,1060.0,1115.0,1092.0,1032.0,1080.0,1130.0,1113.0,856.0,894.0,926.0,893.0,898.0,869.0,910.0,858.0,915.0,909.0
60,796.0,737.0,768.0,758.0,670.0,760.0,717.0,776.0,795.0,731.0,969.0,973.0,971.0,975.0,930.0,945.0,963.0,966.0,925.0,975.0,974.0,964.0,968.0,962.0,990.0,963.0,981.0,976.0,998.0,987.0,967.0,967.0,972.0,975.0,963.0,994.0,973.0,1034.0,984.0,947.0,1078.0,1081.0,1135.0,1144.0,1126.0,1094.0,1107.0,1145.0,1110.0,1091.0,1084.0,1072.0,1036.0,1128.0,1105.0,1029.0,1044.0,1042.0,1063.0,1066.0,974.0,972.0,954.0,914.0,944.0,965.0,932.0,939.0,921.0,945.0,817.0,893.0,837.0,854.0,866.0,874.0,892.0,905.0,876.0,912.0,1094.0,1080.0,1095.0,1066.0,1157.0,1128.0,1147.0,1034.0,1092.0,1081.0,871.0,931.0,949.0,877.0,916.0,856.0,898.0,853.0,893.0,916.0
61,770.0,759.0,714.0,767.0,718.0,769.0,758.0,749.0,772.0,772.0,922.0,923.0,924.0,902.0,968.0,903.0,927.0,977.0,929.0,927.0,959.0,966.0,959.0,965.0,936.0,943.0,908.0,973.0,972.0,998.0,1012.0,998.0,975.0,1015.0,1006.0,954.0,981.0,1028.0,974.0,983.0,1081.0,1112.0,1135.0,1112.0,1117.0,1143.0,1098.0,1111.0,1124.0,1095.0,1074.0,1076.0,1110.0,1050.0,1082.0,1058.0,1086.0,1087.0,1085.0,1067.0,898.0,984.0,894.0,960.0,934.0,1002.0,929.0,923.0,890.0,933.0,946.0,906.0,931.0,900.0,881.0,896.0,913.0,874.0,891.0,914.0,1081.0,1106.0,1123.0,1114.0,1151.0,1088.0,1169.0,1080.0,1127.0,1093.0,903.0,859.0,935.0,891.0,889.0,873.0,902.0,888.0,914.0,890.0
62,757.0,763.0,753.0,758.0,769.0,762.0,742.0,768.0,755.0,737.0,957.0,927.0,914.0,930.0,948.0,932.0,961.0,932.0,933.0,946.0,1002.0,973.0,924.0,965.0,909.0,908.0,957.0,924.0,947.0,1005.0,957.0,1008.0,1049.0,1015.0,1050.0,992.0,995.0,1045.0,1001.0,983.0,1110.0,1173.0,1149.0,1181.0,1136.0,1110.0,1098.0,1080.0,1159.0,1086.0,1076.0,1060.0,1062.0,1037.0,1109.0,1050.0,1092.0,1113.0,1073.0,1076.0,948.0,935.0,998.0,942.0,905.0,954.0,942.0,936.0,939.0,960.0,865.0,879.0,897.0,850.0,867.0,897.0,891.0,896.0,876.0,889.0,1104.0,1085.0,1073.0,1105.0,1113.0,1156.0,1104.0,1113.0,1128.0,1118.0,886.0,904.0,899.0,908.0,893.0,885.0,906.0,902.0,882.0,889.0
63,763.0,748.0,778.0,778.0,788.0,735.0,784.0,723.0,780.0,764.0,937.0,936.0,925.0,955.0,933.0,974.0,923.0,928.0,907.0,940.0,970.0,944.0,996.0,986.0,979.0,967.0,935.0,996.0,991.0,975.0,1013.0,1104.0,1049.0,980.0,997.0,1055.0,1006.0,1048.0,949.0,1012.0,1074.0,1106.0,1104.0,1144.0,1127.0,1091.0,1093.0,1141.0,1119.0,1092.0,1078.0,1056.0,1104.0,1013.0,1060.0,997.0,1078.0,1031.0,1046.0,1037.0,974.0,946.0,952.0,903.0,993.0,964.0,924.0,909.0,983.0,935.0,876.0,840.0,887.0,945.0,864.0,866.0,905.0,923.0,907.0,917.0,1107.0,1092.0,1085.0,1093.0,1084.0,1131.0,1107.0,1097.0,1128.0,1133.0,887.0,949.0,853.0,915.0,893.0,880.0,951.0,929.0,901.0,902.0
64,795.0,741.0,768.0,724.0,759.0,746.0,745.0,756.0,775.0,764.0,918.0,927.0,862.0,938.0,937.0,953.0,936.0,940.0,957.0,934.0,934.0,1004.0,934.0,928.0,979.0,938.0,980.0,977.0,974.0,980.0,1038.0,1035.0,1072.0,1001.0,1045.0,1059.0,1005.0,958.0,1002.0,980.0,1131.0,1130.0,1197.0,1155.0,1136.0,1143.0,1129.0,1084.0,1128.0,1142.0,1012.0,1056.0,1072.0,1098.0,1100.0,1081.0,1069.0,1068.0,1051.0,1037.0,892.0,972.0,955.0,988.0,932.0,904.0,968.0,917.0,918.0,991.0,910.0,887.0,872.0,905.0,861.0,857.0,891.0,955.0,897.0,871.0,1108.0,1116.0,1122.0,1093.0,1102.0,1108.0,1071.0,1166.0,1094.0,1113.0,956.0,866.0,888.0,894.0,880.0,882.0,926.0,918.0,930.0,909.0
65,752.0,764.0,768.0,786.0,764.0,743.0,794.0,736.0,739.0,769.0,927.0,882.0,952.0,948.0,957.0,954.0,939.0,944.0,1005.0,920.0,946.0,997.0,989.0,952.0,945.0,958.0,999.0,955.0,1005.0,975.0,997.0,1020.0,987.0,1011.0,1043.0,997.0,980.0,1041.0,964.0,976.0,1106.0,1110.0,1123.0,1149.0,1044.0,1095.0,1038.0,1150.0,1115.0,1145.0,1079.0,1094.0,1016.0,1050.0,1074.0,1069.0,1082.0,1088.0,1063.0,1088.0,950.0,916.0,956.0,959.0,956.0,967.0,956.0,964.0,966.0,945.0,901.0,886.0,944.0,887.0,911.0,876.0,918.0,859.0,893.0,855.0,1096.0,1135.0,1129.0,1110.0,1150.0,1129.0,1131.0,1121.0,1121.0,1137.0,953.0,942.0,894.0,886.0,902.0,897.0,900.0,889.0,868.0,922.0
66,700.0,782.0,732.0,759.0,731.0,764.0,781.0,775.0,743.0,751.0,974.0,925.0,960.0,940.0,939.0,917.0,934.0,973.0,979.0,933.0,983.0,992.0,946.0,962.0,967.0,958.0,939.0,945.0,936.0,966.0,1014.0,1007.0,1053.0,1009.0,1047.0,994.0,995.0,1018.0,1002.0,1016.0,1124.0,1108.0,1143.0,1135.0,1107.0,1089.0,1136.0,1144.0,1136.0,1113.0,1087.0,1101.0,1077.0,1068.0,1067.0,1074.0,1092.0,1060.0,1084.0,1115.0,931.0,912.0,932.0,943.0,961.0,972.0,917.0,967.0,915.0,987.0,920.0,934.0,859.0,936.0,917.0,882.0,920.0,871.0,888.0,901.0,1061.0,1115.0,1122.0,1105.0,1137.0,1151.0,1121.0,1143.0,1106.0,1084.0,923.0,884.0,943.0,894.0,883.0,897.0,914.0,862.0,962.0,878.0
67,756.0,780.0,815.0,807.0,753.0,749.0,787.0,783.0,774.0,837.0,957.0,914.0,979.0,958.0,904.0,964.0,887.0,977.0,947.0,894.0,965.0,971.0,972.0,966.0,941.0,964.0,997.0,981.0,989.0,991.0,1043.0,1029.0,1029.0,997.0,1055.0,994.0,1020.0,998.0,1001.0,971.0,1097.0,1050.0,1147.0,1079.0,1131.0,1105.0,1112.0,1114.0,1141.0,1104.0,1087.0,1119.0,1041.0,1048.0,1092.0,1085.0,1070.0,1098.0,1118.0,1058.0,938.0,1004.0,961.0,980.0,967.0,951.0,976.0,928.0,907.0,976.0,896.0,916.0,854.0,904.0,869.0,905.0,848.0,865.0,867.0,885.0,1116.0,1138.0,1115.0,1159.0,1138.0,1126.0,1114.0,1136.0,1103.0,1140.0,872.0,850.0,865.0,868.0,915.0,864.0,950.0,890.0,914.0,901.0
68,743.0,768.0,763.0,754.0,753.0,736.0,784.0,775.0,714.0,784.0,911.0,960.0,975.0,969.0,949.0,937.0,970.0,922.0,930.0,900.0,1017.0,979.0,960.0,963.0,963.0,941.0,1008.0,950.0,980.0,1027.0,1022.0,978.0,1058.0,989.0,1008.0,987.0,1029.0,1006.0,1035.0,985.0,1123.0,1146.0,1095.0,1152.0,1141.0,1165.0,1141.0,1123.0,1134.0,1162.0,1068.0,1101.0,1051.0,1081.0,1108.0,1111.0,1060.0,1060.0,1064.0,1092.0,944.0,951.0,998.0,954.0,987.0,929.0,903.0,975.0,977.0,957.0,894.0,912.0,880.0,894.0,874.0,934.0,882.0,915.0,922.0,877.0,1121.0,1089.0,1101.0,1137.0,1134.0,1072.0,1087.0,1159.0,1100.0,1094.0,892.0,895.0,910.0,880.0,856.0,903.0,906.0,893.0,911.0,886.0
69,777.0,796.0,780.0,733.0,741.0,743.0,765.0,760.0,771.0,795.0,964.0,924.0,945.0,952.0,913.0,908.0,990.0,902.0,958.0,956.0,962.0,996.0,969.0,988.0,949.0,1021.0,957.0,982.0,961.0,999.0,985.0,1023.0,968.0,1025.0,990.0,1002.0,1038.0,1012.0,1070.0,1006.0,1117.0,1137.0,1207.0,1111.0,1161.0,1131.0,1138.0,1094.0,1126.0,1098.0,1078.0,1059.0,1036.0,1077.0,1123.0,1088.0,1057.0,1087.0,1044.0,1052.0,969.0,925.0,995.0,962.0,957.0,937.0,880.0,959.0,992.0,940.0,887.0,882.0,898.0,916.0,930.0,894.0,917.0,909.0,914.0,880.0,1131.0,1171.0,1082.0,1098.0,1132.0,1113.0,1118.0,1129.0,1078.0,1150.0,875.0,872.0,919.0,920.0,883.0,885.0,918.0,955.0,864.0,897.0
70,763.0,789.0,762.0,721.0,787.0,796.0,744.0,751.0,715.0,744.0,929.0,931.0,957.0,957.0,948.0,927.0,965.0,949.0,958.0,946.0,928.0,988.0,927.0,926.0,959.0,1010.0,957.0,969.0,973.0,952.0,1042.0,994.0,989.0,1007.0,1007.0,1000.0,1073.0,957.0,1041.0,1002.0,1151.0,1115.0,1144.0,1118.0,1133.0,1122.0,1140.0,1140.0,1157.0,1139.0,1077.0,1072.0,1113.0,1066.0,1041.0,1048.0,1072.0,1083.0,1068.0,1094.0,950.0,976.0,978.0,964.0,990.0,910.0,926.0,1008.0,996.0,946.0,918.0,848.0,879.0,895.0,900.0,894.0,927.0,870.0,932.0,886.0,1107.0,1143.0,1160.0,1209.0,1127.0,1086.0,1059.0,1151.0,1075.0,1126.0,887.0,938.0,894.0,922.0,898.0,942.0,923.0,916.0,867.0,943.0
71,791.0,762.0,751.0,768.0,800.0,790.0,743.0,740.0,807.0,793.0,919.0,963.0,955.0,927.0,981.0,912.0,990.0,948.0,925.0,946.0,975.0,929.0,967.0,969.0,980.0,945.0,953.0,984.0,971.0,985.0,1027.0,1017.0,1014.0,1030.0,1012.0,1011.0,1046.0,1015.0,1013.0,1013.0,1103.0,1155.0,1100.0,1094.0,1098.0,1128.0,1160.0,1145.0,1124.0,1100.0,1081.0,1096.0,1121.0,1128.0,1074.0,1093.0,1048.0,1112.0,1111.0,1061.0,932.0,970.0,957.0,932.0,944.0,920.0,955.0,907.0,977.0,974.0,914.0,864.0,914.0,908.0,907.0,921.0,863.0,939.0,917.0,896.0,1082.0,1109.0,1137.0,1122.0,1092.0,1130.0,1103.0,1083.0,1091.0,1094.0,938.0,933.0,894.0,915.0,914.0,891.0,930.0,928.0,855.0,927.0
72,731.0,753.0,796.0,752.0,759.0,806.0,775.0,803.0,779.0,779.0,952.0,935.0,917.0,953.0,962.0,900.0,977.0,968.0,926.0,943.0,973.0,975.0,976.0,1018.0,963.0,955.0,970.0,976.0,971.0,1012.0,989.0,1000.0,998.0,1061.0,1034.0,972.0,963.0,1083.0,1006.0,1009.0,1134.0,1174.0,1130.0,1089.0,1095.0,1148.0,1157.0,1135.0,1136.0,1069.0,1075.0,1064.0,1029.0,1053.0,1077.0,1054.0,1092.0,1052.0,1059.0,1053.0,991.0,999.0,949.0,926.0,953.0,964.0,979.0,956.0,947.0,923.0,924.0,905.0,990.0,936.0,937.0,891.0,855.0,892.0,944.0,923.0,1130.0,1134.0,1130.0,1123.0,1113.0,1122.0,1078.0,1077.0,1129.0,1149.0,866.0,864.0,905.0,891.0,917.0,937.0,952.0,869.0,901.0,937.0
73,806.0,800.0,799.0,777.0,781.0,772.0,795.0,792.0,790.0,780.0,954.0,943.0,979.0,930.0,945.0,916.0,967.0,981.0,922.0,937.0,925.0,978.0,955.0,937.0,959.0,947.0,914.0,1002.0,984.0,963.0,997.0,997.0,1018.0,1032.0,1039.0,973.0,1027.0,1013.0,966.0,1012.0,1154.0,1173.0,1141.0,1212.0,1098.0,1125.0,1160.0,1107.0,1072.0,1119.0,1087.0,1023.0,1021.0,1058.0,1123.0,1117.0,1103.0,1088.0,1082.0,1105.0,987.0,998.0,902.0,923.0,979.0,932.0,967.0,956.0,1010.0,921.0,832.0,873.0,922.0,913.0,888.0,963.0,885.0,869.0,882.0,924.0,1135.0,1144.0,1141.0,1132.0,1120.0,1130.0,1100.0,1127.0,1158.0,1126.0,891.0,879.0,949.0,890.0,885.0,879.0,883.0,883.0,940.0,915.0
74,774.0,775.0,742.0,802.0,738.0,761.0,776.0,762.0,779.0,768.0,916.0,938.0,962.0,921.0,980.0,1000.0,994.0,928.0,970.0,955.0,1001.0,1006.0,979.0,1006.0,950.0,921.0,1002.0,972.0,925.0,979.0,1004.0,952.0,1004.0,984.0,1048.0,995.0,1003.0,1055.0,1041.0,1013.0,1170.0,1167.0,1167.0,1120.0,1098.0,1166.0,1157.0,1090.0,1123.0,1117.0,1110.0,1090.0,1065.0,1080.0,1102.0,1058.0,1062.0,1104.0,1034.0,1060.0,955.0,959.0,966.0,953.0,948.0,887.0,954.0,967.0,993.0,982.0,863.0,921.0,896.0,953.0,924.0,891.0,838.0,891.0,903.0,900.0,1079.0,1097.0,1095.0,1083.0,1127.0,1161.0,1087.0,1132.0,1116.0,1135.0,899.0,909.0,955.0,913.0,906.0,918.0,935.0,922.0,929.0,899.0
75,777.0,747.0,794.0,747.0,787.0,747.0,699.0,727.0,770.0,786.0,992.0,992.0,928.0,923.0,967.0,932.0,977.0,1010.0,937.0,966.0,958.0,985.0,945.0,1013.0,913.0,954.0,958.0,939.0,986.0,956.0,1026.0,1040.0,965.0,1012.0,1009.0,1026.0,1014.0,1056.0,967.0,981.0,1124.0,1149.0,1177.0,1129.0,1163.0,1094.0,1123.0,1121.0,1145.0,1111.0,1086.0,1056.0,1102.0,1049.0,1031.0,1100.0,1121.0,1090.0,1087.0,1090.0,925.0,936.0,968.0,972.0,939.0,989.0,995.0,944.0,949.0,1007.0,900.0,912.0,923.0,937.0,937.0,896.0,891.0,905.0,942.0,935.0,1098.0,1106.0,1138.0,1117.0,1130.0,1079.0,1082.0,1139.0,1057.0,1074.0,890.0,895.0,895.0,923.0,953.0,949.0,950.0,894.0,979.0,910.0
76,759.0,792.0,776.0,787.0,753.0,752.0,780.0,769.0,791.0,765.0,987.0,1012.0,925.0,970.0,961.0,956.0,944.0,969.0,999.0,937.0,933.0,963.0,943.0,927.0,970.0,942.0,1009.0,965.0,998.0,997.0,1010.0,1007.0,992.0,1077.0,1029.0,1023.0,978.0,1032.0,988.0,966.0,1106.0,1157.0,1104.0,1134.0,1180.0,1162.0,1132.0,1142.0,1110.0,1091.0,1113.0,1056.0,1135.0,1131.0,1101.0,1062.0,1111.0,1095.0,1096.0,1084.0,964.0,949.0,939.0,945.0,857.0,937.0,931.0,957.0,958.0,964.0,886.0,905.0,980.0,899.0,931.0,895.0,854.0,884.0,920.0,923.0,1076.0,1097.0,1129.0,1107.0,1088.0,1135.0,1150.0,1083.0,1098.0,1172.0,946.0,886.0,916.0,847.0,960.0,904.0,923.0,935.0,867.0,918.0
77,798.0,806.0,760.0,771.0,737.0,785.0,782.0,810.0,775.0,752.0,967.0,966.0,957.0,931.0,965.0,972.0,960.0,938.0,952.0,966.0,891.0,947.0,998.0,942.0,984.0,953.0,914.0,938.0,950.0,972.0,1013.0,1025.0,1033.0,1033.0,1008.0,1001.0,1004.0,1041.0,1013.0,964.0,1114.0,1100.0,1110.0,1142.0,1096.0,1154.0,1115.0,1107.0,1109.0,1143.0,1086.0,1096.0,1079.0,1083.0,1080.0,1058.0,1117.0,1092.0,1156.0,1144.0,954.0,950.0,1019.0,945.0,959.0,967.0,981.0,957.0,984.0,946.0,863.0,927.0,938.0,941.0,917.0,880.0,889.0,916.0,909.0,926.0,1158.0,1101.0,1084.0,1141.0,1150.0,1116.0,1152.0,1138.0,1072.0,1109.0,938.0,915.0,866.0,899.0,938.0,887.0,900.0,899.0,908.0,896.0
78,734.0,754.0,785.0,798.0,789.0,735.0,754.0,785.0,822.0,742.0,973.0,933.0,940.0,948.0,950.0,874.0,978.0,963.0,953.0,966.0,964.0,941.0,917.0,963.0,972.0,960.0,955.0,948.0,951.0,939.0,980.0,991.0,1012.0,987.0,1006.0,1019.0,1031.0,1044.0,1030.0,1027.0,1162.0,1198.0,1191.0,1101.0,1144.0,1152.0,1142.0,1124.0,1131.0,1151.0,1091.0,1080.0,1090.0,1081.0,1046.0,1085.0,1041.0,1065.0,1093.0,1137.0,948.0,977.0,969.0,988.0,997.0,979.0,936.0,968.0,1000.0,959.0,900.0,881.0,920.0,950.0,891.0,903.0,903.0,935.0,915.0,917.0,1117.0,1126.0,1129.0,1159.0,1142.0,1126.0,1146.0,1111.0,1096.0,1088.0,913.0,953.0,892.0,859.0,901.0,941.0,929.0,899.0,841.0,891.0
79,734.0,762.0,775.0,781.0,766.0,758.0,751.0,789.0,783.0,762.0,989.0,929.0,951.0,952.0,915.0,946.0,982.0,985.0,937.0,961.0,971.0,997.0,951.0,960.0,963.0,948.0,954.0,963.0,956.0,982.0,1001.0,1033.0,1054.0,1009.0,997.0,1012.0,1021.0,1004.0,997.0,989.0,1131.0,1142.0,1166.0,1153.0,1157.0,1111.0,1100.0,1123.0,1117.0,1137.0,1087.0,1073.0,1072.0,1058.0,1083.0,1060.0,1114.0,1096.0,1077.0,1089.0,936.0,981.0,971.0,1033.0,934.0,987.0,947.0,951.0,995.0,969.0,890.0,889.0,874.0,913.0,928.0,927.0,937.0,906.0,935.0,903.0,1135.0,1133.0,1090.0,1078.0,1124.0,1136.0,1095.0,1112.0,1137.0,1138.0,910.0,897.0,944.0,902.0,974.0,893.0,919.0,917.0,902.0,889.0
80,764.0,763.0,774.0,733.0,799.0,730.0,751.0,746.0,727.0,752.0,936.0,996.0,958.0,954.0,924.0,940.0,977.0,967.0,913.0,954.0,1018.0,950.0,932.0,1022.0,971.0,1000.0,1016.0,911.0,980.0,988.0,997.0,1015.0,1063.0,1025.0,1008.0,1019.0,1020.0,979.0,1027.0,1065.0,1170.0,1143.0,1150.0,1128.0,1136.0,1124.0,1131.0,1143.0,1148.0,1088.0,1067.0,1063.0,1051.0,1056.0,1069.0,1088.0,1119.0,1114.0,1124.0,1126.0,937.0,960.0,993.0,953.0,939.0,937.0,909.0,991.0,979.0,946.0,897.0,927.0,917.0,931.0,946.0,973.0,919.0,906.0,931.0,948.0,1113.0,1129.0,1094.0,1108.0,1143.0,1096.0,1095.0,1151.0,1137.0,1067.0,888.0,894.0,922.0,933.0,911.0,873.0,886.0,938.0,867.0,888.0
81,756.0,770.0,771.0,739.0,750.0,711.0,747.0,783.0,774.0,796.0,932.0,980.0,957.0,928.0,900.0,884.0,988.0,938.0,942.0,945.0,971.0,916.0,998.0,1010.0,978.0,1000.0,977.0,955.0,1037.0,976.0,1003.0,1070.0,1043.0,1023.0,1024.0,1061.0,999.0,1008.0,1017.0,1041.0,1177.0,1161.0,1085.0,1149.0,1169.0,1100.0,1115.0,1153.0,1115.0,1095.0,1089.0,1118.0,1064.0,1088.0,1090.0,1063.0,1131.0,1042.0,1056.0,1074.0,950.0,982.0,979.0,929.0,995.0,985.0,927.0,992.0,976.0,963.0,908.0,903.0,949.0,965.0,879.0,909.0,937.0,893.0,895.0,923.0,1086.0,1070.0,1138.0,1102.0,1139.0,1183.0,1109.0,1135.0,1161.0,1084.0,917.0,872.0,875.0,910.0,922.0,881.0,894.0,951.0,861.0,932.0
82,717.0,797.0,711.0,803.0,718.0,745.0,791.0,774.0,758.0,803.0,994.0,979.0,973.0,978.0,892.0,910.0,995.0,1002.0,946.0,954.0,997.0,996.0,971.0,898.0,1010.0,922.0,1019.0,972.0,968.0,914.0,992.0,1032.0,1021.0,1000.0,978.0,980.0,1000.0,1013.0,1027.0,1016.0,1182.0,1109.0,1117.0,1181.0,1111.0,1136.0,1135.0,1111.0,1167.0,1184.0,1106.0,1026.0,1152.0,1120.0,1132.0,1072.0,1049.0,1082.0,1083.0,1062.0,902.0,1009.0,980.0,963.0,1008.0,958.0,965.0,975.0,940.0,949.0,856.0,914.0,909.0,861.0,909.0,990.0,893.0,933.0,893.0,897.0,1133.0,1101.0,1090.0,1138.0,1124.0,1138.0,1100.0,1067.0,1129.0,1129.0,905.0,884.0,933.0,900.0,963.0,930.0,883.0,928.0,923.0,921.0
83,746.0,782.0,735.0,762.0,786.0,782.0,752.0,777.0,806.0,790.0,977.0,940.0,1020.0,926.0,946.0,924.0,978.0,991.0,926.0,991.0,937.0,1025.0,979.0,1069.0,987.0,949.0,967.0,950.0,943.0,1037.0,1021.0,1069.0,1101.0,1044.0,1007.0,988.0,997.0,1020.0,1038.0,977.0,1144.0,1100.0,1157.0,1123.0,1111.0,1168.0,1146.0,1179.0,1102.0,1074.0,1084.0,1035.0,1049.0,1018.0,1132.0,1124.0,1086.0,1105.0,1073.0,1079.0,933.0,969.0,923.0,977.0,953.0,951.0,960.0,972.0,947.0,957.0,859.0,947.0,918.0,869.0,861.0,869.0,905.0,862.0,900.0,887.0,1157.0,1082.0,1039.0,1120.0,1167.0,1100.0,1121.0,1108.0,1176.0,1150.0,924.0,905.0,937.0,937.0,896.0,929.0,919.0,892.0,927.0,890.0
84,736.0,723.0,763.0,750.0,788.0,761.0,787.0,810.0,797.0,800.0,990.0,1015.0,968.0,984.0,974.0,953.0,978.0,957.0,956.0,910.0,964.0,969.0,963.0,1007.0,982.0,960.0,949.0,971.0,905.0,946.0,1013.0,1019.0,1042.0,1005.0,1079.0,1003.0,1038.0,1039.0,1046.0,1024.0,1112.0,1119.0,1124.0,1150.0,1101.0,1181.0,1140.0,1134.0,1130.0,1124.0,1051.0,1080.0,1050.0,1067.0,1038.0,1092.0,1096.0,1087.0,1030.0,1143.0,948.0,983.0,980.0,944.0,953.0,998.0,900.0,942.0,1002.0,988.0,945.0,921.0,932.0,916.0,882.0,883.0,897.0,887.0,917.0,890.0,1103.0,1113.0,1092.0,1125.0,1136.0,1080.0,1123.0,1118.0,1128.0,1098.0,925.0,914.0,948.0,898.0,918.0,875.0,925.0,915.0,932.0,909.0
85,803.0,776.0,781.0,697.0,765.0,757.0,741.0,726.0,750.0,814.0,992.0,942.0,929.0,959.0,960.0,918.0,977.0,967.0,959.0,905.0,922.0,1011.0,976.0,947.0,917.0,949.0,964.0,1040.0,991.0,994.0,987.0,1028.0,1046.0,990.0,1028.0,998.0,1018.0,1033.0,1048.0,1036.0,1140.0,1125.0,1148.0,1138.0,1143.0,1174.0,1176.0,1137.0,1161.0,1136.0,1118.0,1067.0,1058.0,1124.0,1102.0,1115.0,1097.0,1094.0,1059.0,1072.0,987.0,950.0,960.0,948.0,962.0,991.0,940.0,990.0,967.0,986.0,883.0,899.0,880.0,964.0,944.0,883.0,912.0,914.0,895.0,860.0,1081.0,1136.0,1159.0,1125.0,1094.0,1145.0,1117.0,1075.0,1126.0,1126.0,879.0,924.0,926.0,951.0,938.0,854.0,891.0,884.0,886.0,905.0
86,773.0,799.0,740.0,786.0,766.0,727.0,774.0,826.0,755.0,743.0,976.0,970.0,966.0,996.0,931.0,949.0,946.0,951.0,959.0,999.0,955.0,977.0,995.0,956.0,960.0,980.0,993.0,1049.0,999.0,994.0,1035.0,1003.0,1016.0,1012.0,1057.0,1000.0,970.0,1009.0,1039.0,986.0,1091.0,1155.0,1137.0,1141.0,1140.0,1105.0,1117.0,1156.0,1161.0,1138.0,1055.0,1097.0,1117.0,1023.0,1039.0,1082.0,1100.0,1038.0,1057.0,1089.0,981.0,939.0,933.0,949.0,956.0,1020.0,967.0,917.0,957.0,966.0,910.0,861.0,957.0,903.0,888.0,891.0,908.0,853.0,877.0,890.0,1095.0,1143.0,1118.0,1146.0,1195.0,1147.0,1121.0,1151.0,1099.0,1102.0,928.0,913.0,883.0,937.0,920.0,882.0,941.0,911.0,939.0,927.0
87,716.0,810.0,770.0,770.0,794.0,773.0,742.0,770.0,753.0,810.0,944.0,959.0,961.0,954.0,939.0,954.0,950.0,917.0,964.0,991.0,983.0,965.0,978.0,969.0,995.0,958.0,1012.0,1006.0,982.0,934.0,1033.0,1080.0,1049.0,1023.0,1021.0,999.0,988.0,1015.0,1001.0,982.0,1165.0,1102.0,1108.0,1101.0,1132.0,1145.0,1120.0,1149.0,1156.0,1153.0,1099.0,1091.0,1066.0,1083.0,1084.0,1041.0,1048.0,1134.0,1055.0,1119.0,947.0,929.0,970.0,967.0,988.0,926.0,1004.0,915.0,998.0,968.0,916.0,912.0,905.0,916.0,861.0,899.0,898.0,918.0,908.0,895.0,1081.0,1114.0,1138.0,1130.0,1116.0,1168.0,1131.0,1111.0,1122.0,1124.0,915.0,897.0,919.0,939.0,927.0,922.0,947.0,926.0,904.0,857.0
88,763.0,757.0,763.0,768.0,779.0,788.0,758.0,739.0,802.0,731.0,939.0,991.0,917.0,951.0,939.0,934.0,949.0,963.0,975.0,966.0,1002.0,982.0,1055.0,998.0,1009.0,951.0,1014.0,969.0,973.0,967.0,1041.0,998.0,1048.0,1033.0,1073.0,1031.0,1005.0,1010.0,1003.0,1007.0,1139.0,1144.0,1150.0,1151.0,1108.0,1140.0,1155.0,1116.0,1143.0,1179.0,1093.0,1058.0,1101.0,1057.0,1102.0,1016.0,1141.0,1078.0,1080.0,1031.0,962.0,945.0,949.0,969.0,979.0,1011.0,953.0,1024.0,961.0,1005.0,847.0,943.0,899.0,906.0,928.0,873.0,869.0,919.0,925.0,909.0,1092.0,1141.0,1093.0,1094.0,1075.0,1123.0,1112.0,1125.0,1113.0,1151.0,923.0,900.0,890.0,927.0,867.0,922.0,880.0,919.0,872.0,882.0
89,800.0,748.0,791.0,782.0,750.0,814.0,742.0,759.0,824.0,788.0,974.0,970.0,944.0,938.0,955.0,974.0,960.0,938.0,917.0,940.0,973.0,948.0,941.0,1004.0,983.0,1018.0,992.0,956.0,995.0,1023.0,1014.0,981.0,951.0,1054.0,998.0,986.0,986.0,1021.0,1002.0,975.0,1130.0,1168.0,1101.0,1158.0,1148.0,1107.0,1143.0,1205.0,1176.0,1160.0,1073.0,1092.0,1106.0,1036.0,1027.0,1030.0,1066.0,1065.0,1040.0,1072.0,946.0,950.0,998.0,979.0,993.0,1002.0,1011.0,965.0,949.0,935.0,891.0,923.0,963.0,902.0,918.0,847.0,928.0,935.0,936.0,890.0,1101.0,1142.0,1129.0,1089.0,1154.0,1129.0,1126.0,1121.0,1114.0,1137.0,904.0,935.0,945.0,916.0,934.0,887.0,883.0,896.0,895.0,910.0
90,788.0,759.0,746.0,783.0,758.0,773.0,801.0,752.0,769.0,782.0,935.0,957.0,920.0,969.0,982.0,944.0,942.0,938.0,969.0,945.0,927.0,930.0,992.0,1011.0,989.0,919.0,1017.0,997.0,951.0,1005.0,1073.0,996.0,1048.0,1055.0,1010.0,1003.0,988.0,1001.0,1001.0,1042.0,1145.0,1162.0,1162.0,1115.0,1193.0,1143.0,1161.0,1148.0,1175.0,1102.0,1082.0,1133.0,1094.0,1060.0,1054.0,1107.0,1079.0,1143.0,1071.0,1075.0,923.0,967.0,1025.0,951.0,964.0,983.0,948.0,936.0,934.0,941.0,905.0,919.0,883.0,884.0,907.0,896.0,880.0,912.0,924.0,929.0,1123.0,1113.0,1092.0,1138.0,1092.0,1098.0,1132.0,1130.0,1124.0,1121.0,905.0,920.0,906.0,894.0,911.0,930.0,889.0,903.0,930.0,891.0
91,737.0,752.0,802.0,738.0,768.0,799.0,738.0,765.0,795.0,731.0,966.0,927.0,949.0,924.0,976.0,947.0,960.0,928.0,932.0,942.0,987.0,941.0,976.0,992.0,990.0,931.0,961.0,1003.0,998.0,977.0,981.0,1048.0,1067.0,1049.0,1027.0,1043.0,1077.0,1018.0,1063.0,1028.0,1158.0,1190.0,1107.0,1152.0,1165.0,1084.0,1159.0,1174.0,1102.0,1186.0,1060.0,1056.0,1080.0,1095.0,1065.0,1071.0,1070.0,1087.0,1062.0,1058.0,940.0,971.0,996.0,967.0,942.0,959.0,983.0,935.0,931.0,969.0,920.0,895.0,904.0,912.0,903.0,895.0,897.0,936.0,927.0,934.0,1163.0,1150.0,1082.0,1150.0,1114.0,1100.0,1120.0,1117.0,1120.0,1093.0,892.0,921.0,910.0,877.0,912.0,974.0,871.0,896.0,922.0,913.0
92,739.0,767.0,798.0,741.0,773.0,757.0,799.0,776.0,780.0,788.0,942.0,942.0,902.0,938.0,1034.0,984.0,965.0,906.0,995.0,943.0,971.0,928.0,997.0,1003.0,949.0,993.0,960.0,1021.0,967.0,932.0,1004.0,1062.0,1020.0,995.0,1054.0,986.0,1055.0,1024.0,1026.0,1056.0,1161.0,1154.0,1149.0,1165.0,1104.0,1153.0,1190.0,1091.0,1106.0,1124.0,1086.0,1033.0,1112.0,1059.0,1072.0,1022.0,995.0,1107.0,1085.0,1111.0,953.0,988.0,949.0,1002.0,910.0,985.0,981.0,911.0,919.0,991.0,918.0,870.0,923.0,906.0,922.0,880.0,881.0,980.0,900.0,907.0,1123.0,1168.0,1109.0,1129.0,1140.0,1144.0,1111.0,1141.0,1162.0,1086.0,908.0,938.0,916.0,918.0,905.0,898.0,901.0,904.0,911.0,896.0
93,762.0,792.0,748.0,798.0,820.0,709.0,801.0,805.0,763.0,751.0,934.0,918.0,939.0,930.0,1032.0,933.0,1016.0,955.0,941.0,979.0,943.0,988.0,1013.0,983.0,956.0,965.0,978.0,994.0,963.0,985.0,1039.0,1003.0,1052.0,1015.0,1024.0,1050.0,1016.0,1020.0,1000.0,972.0,1112.0,1118.0,1121.0,1125.0,1157.0,1169.0,1131.0,1149.0,1133.0,1139.0,1087.0,1091.0,1077.0,1087.0,1074.0,1070.0,1083.0,1071.0,1105.0,1091.0,954.0,978.0,978.0,983.0,918.0,971.0,971.0,922.0,996.0,981.0,915.0,930.0,931.0,865.0,898.0,914.0,836.0,905.0,913.0,955.0,1171.0,1150.0,1117.0,1130.0,1092.0,1107.0,1083.0,1131.0,1143.0,1084.0,887.0,884.0,900.0,941.0,894.0,911.0,926.0,912.0,893.0,900.0
94,772.0,775.0,799.0,775.0,737.0,741.0,775.0,749.0,752.0,807.0,920.0,972.0,977.0,981.0,971.0,1015.0,955.0,976.0,950.0,937.0,987.0,959.0,997.0,959.0,969.0,1010.0,1008.0,952.0,985.0,971.0,980.0,1029.0,1005.0,1042.0,1077.0,1017.0,1044.0,1008.0,1026.0,1012.0,1139.0,1119.0,1147.0,1089.0,1163.0,1084.0,1096.0,1143.0,1133.0,1141.0,1131.0,1078.0,1117.0,1129.0,1090.0,1035.0,1058.0,1109.0,1105.0,1114.0,918.0,985.0,938.0,974.0,951.0,988.0,961.0,975.0,940.0,946.0,925.0,903.0,888.0,915.0,910.0,921.0,926.0,912.0,911.0,924.0,1144.0,1108.0,1120.0,1136.0,1106.0,1114.0,1098.0,1132.0,1156.0,1098.0,887.0,929.0,889.0,858.0,887.0,877.0,925.0,906.0,891.0,890.0
95,766.0,787.0,757.0,769.0,775.0,788.0,746.0,791.0,778.0,738.0,942.0,949.0,948.0,954.0,963.0,948.0,966.0,1002.0,923.0,921.0,990.0,953.0,960.0,981.0,953.0,955.0,905.0,977.0,1007.0,1013.0,1001.0,973.0,1038.0,1018.0,1027.0,1021.0,1083.0,950.0,1084.0,1048.0,1131.0,1176.0,1171.0,1125.0,1139.0,1119.0,1125.0,1185.0,1143.0,1083.0,1078.0,1049.0,1076.0,1100.0,1121.0,1103.0,1100.0,1047.0,1024.0,1098.0,912.0,968.0,962.0,902.0,943.0,941.0,919.0,965.0,980.0,1003.0,941.0,938.0,930.0,928.0,911.0,938.0,933.0,910.0,926.0,935.0,1149.0,1188.0,1095.0,1142.0,1116.0,1134.0,1139.0,1113.0,1117.0,1107.0,894.0,874.0,940.0,939.0,915.0,855.0,929.0,925.0,867.0,894.0
96,783.0,796.0,801.0,783.0,770.0,769.0,750.0,749.0,777.0,791.0,920.0,892.0,936.0,1000.0,947.0,904.0,950.0,990.0,958.0,865.0,951.0,978.0,1033.0,946.0,979.0,960.0,979.0,958.0,974.0,1013.0,1020.0,1040.0,1013.0,1013.0,1054.0,976.0,1013.0,997.0,1048.0,977.0,1131.0,1183.0,1128.0,1097.0,1145.0,1134.0,1105.0,1150.0,1137.0,1133.0,1153.0,1117.0,1085.0,1093.0,1113.0,1122.0,1058.0,1137.0,1071.0,1109.0,958.0,978.0,948.0,936.0,942.0,989.0,957.0,939.0,985.0,1011.0,894.0,884.0,895.0,939.0,929.0,908.0,926.0,922.0,867.0,902.0,1119.0,1070.0,1134.0,1158.0,1103.0,1127.0,1195.0,1130.0,1080.0,1112.0,874.0,916.0,905.0,895.0,881.0,913.0,911.0,890.0,953.0,926.0
97,782.0,781.0,779.0,789.0,724.0,779.0,747.0,816.0,739.0,800.0,955.0,905.0,1006.0,912.0,997.0,954.0,927.0,933.0,991.0,930.0,1002.0,1024.0,1024.0,986.0,994.0,983.0,964.0,946.0,999.0,994.0,1032.0,1065.0,986.0,1015.0,1034.0,992.0,1084.0,1015.0,1057.0,1020.0,1171.0,1086.0,1141.0,1133.0,1148.0,1110.0,1187.0,1095.0,1146.0,1109.0,1059.0,1103.0,1056.0,1101.0,1087.0,1129.0,1073.0,1128.0,1085.0,1074.0,935.0,969.0,966.0,976.0,927.0,961.0,992.0,959.0,971.0,1022.0,894.0,926.0,881.0,942.0,905.0,903.0,880.0,911.0,905.0,921.0,1084.0,1094.0,1140.0,1104.0,1138.0,1089.0,1063.0,1141.0,1089.0,1103.0,890.0,904.0,899.0,905.0,906.0,903.0,925.0,922.0,866.0,870.0
98,740.0,783.0,773.0,783.0,756.0,778.0,773.0,797.0,773.0,790.0,932.0,922.0,940.0,944.0,956.0,956.0,941.0,925.0,923.0,872.0,988.0,976.0,1007.0,1006.0,992.0,964.0,993.0,1003.0,1006.0,1000.0,970.0,1047.0,1017.0,1054.0,1056.0,1009.0,1038.0,1052.0,988.0,1069.0,1139.0,1117.0,1171.0,1139.0,1137.0,1128.0,1147.0,1135.0,1157.0,1181.0,1087.0,1069.0,1060.0,1096.0,1084.0,1110.0,1071.0,1065.0,1136.0,1048.0,999.0,1020.0,961.0,966.0,940.0,946.0,1012.0,950.0,971.0,947.0,890.0,927.0,915.0,913.0,911.0,892.0,905.0,895.0,870.0,902.0,1176.0,1128.0,1128.0,1040.0,1124.0,1119.0,1066.0,1117.0,1135.0,1095.0,881.0,870.0,905.0,926.0,905.0,901.0,898.0,929.0,885.0,938.0
99,755.0,797.0,799.0,786.0,781.0,778.0,772.0,744.0,747.0,809.0,944.0,976.0,979.0,988.0,974.0,965.0,960.0,940.0,968.0,991.0,922.0,969.0,1007.0,960.0,951.0,966.0,980.0,1014.0,1013.0,971.0,1004.0,1044.0,1031.0,1030.0,1057.0,1058.0,1011.0,1047.0,1072.0,1004.0,1171.0,1130.0,1131.0,1129.0,1141.0,1069.0,1127.0,1131.0,1131.0,1148.0,1092.0,1081.0,1080.0,1124.0,1003.0,1090.0,1066.0,1075.0,1063.0,1119.0,972.0,957.0,959.0,984.0,1006.0,930.0,1002.0,966.0,916.0,944.0,911.0,888.0,911.0,893.0,929.0,944.0,904.0,886.0,878.0,893.0,1144.0,1104.0,1114.0,1116.0,1118.0,1103.0,1118.0,1168.0,1137.0,1081.0,885.0,916.0,869.0,854.0,904.0,902.0,906.0,894.0,917.0,883.0
100,755.0,784.0,778.0,769.0,778.0,773.0,759.0,783.0,772.0,749.0,931.0,972.0,995.0,985.0,952.0,965.0,928.0,928.0,988.0,918.0,945.0,1015.0,953.0,985.0,954.0,945.0,949.0,964.0,1062.0,986.0,1040.0,1036.0,979.0,1015.0,1011.0,1035.0,1009.0,1045.0,971.0,1018.0,1127.0,1095.0,1166.0,1101.0,1169.0,1156.0,1128.0,1123.0,1121.0,1087.0,1093.0,1073.0,1090.0,1085.0,1106.0,1058.0,1102.0,1076.0,1070.0,1113.0,937.0,959.0,916.0,978.0,950.0,955.0,966.0,972.0,908.0,985.0,910.0,914.0,934.0,882.0,893.0,902.0,972.0,939.0,938.0,919.0,1133.0,1101.0,1116.0,1157.0,1121.0,1111.0,1110.0,1132.0,1148.0,1129.0,930.0,916.0,952.0,907.0,929.0,905.0,924.0,905.0,864.0,939.0
101,748.0,795.0,758.0,825.0,773.0,797.0,788.0,799.0,761.0,802.0,971.0,964.0,954.0,912.0,952.0,985.0,994.0,1002.0,937.0,934.0,957.0,935.0,954.0,942.0,929.0,953.0,976.0,912.0,1002.0,994.0,1049.0,1024.0,1075.0,1005.0,1056.0,977.0,969.0,1030.0,1084.0,989.0,1111.0,1130.0,1160.0,1164.0,1136.0,1147.0,1120.0,1149.0,1113.0,1123.0,1079.0,1110.0,1111.0,1108.0,1081.0,1053.0,1049.0,1058.0,1080.0,1111.0,949.0,997.0,971.0,989.0,987.0,984.0,995.0,978.0,960.0,935.0,896.0,901.0,918.0,881.0,888.0,887.0,912.0,909.0,903.0,928.0,1127.0,1101.0,1067.0,1138.0,1181.0,1105.0,1114.0,1094.0,1107.0,1139.0,917.0,909.0,908.0,899.0,879.0,920.0,936.0,938.0,896.0,890.0
102,788.0,784.0,764.0,769.0,800.0,813.0,741.0,742.0,784.0,740.0,944.0,936.0,937.0,951.0,956.0,974.0,962.0,919.0,893.0,932.0,988.0,927.0,1032.0,1019.0,971.0,963.0,986.0,925.0,1031.0,954.0,1027.0,1017.0,1063.0,990.0,1032.0,991.0,1050.0,1087.0,1088.0,1026.0,1116.0,1119.0,1135.0,1095.0,1131.0,1137.0,1167.0,1177.0,1200.0,1102.0,1092.0,1101.0,1116.0,1149.0,1108.0,1061.0,1071.0,1071.0,1030.0,1100.0,949.0,999.0,980.0,978.0,952.0,952.0,953.0,974.0,944.0,1012.0,895.0,905.0,888.0,880.0,891.0,872.0,893.0,927.0,838.0,918.0,1111.0,1151.0,1073.0,1153.0,1136.0,1124.0,1098.0,1103.0,1088.0,1109.0,899.0,927.0,889.0,877.0,886.0,924.0,929.0,941.0,944.0,953.0
103,801.0,762.0,806.0,810.0,769.0,771.0,746.0,729.0,783.0,755.0,952.0,1003.0,939.0,965.0,916.0,921.0,975.0,949.0,948.0,995.0,943.0,968.0,965.0,1000.0,975.0,937.0,1010.0,969.0,956.0,1012.0,1042.0,1053.0,1050.0,1054.0,1053.0,1006.0,1032.0,1004.0,1015.0,1015.0,1164.0,1125.0,1172.0,1144.0,1177.0,1136.0,1108.0,1134.0,1166.0,1175.0,1046.0,1092.0,1073.0,1097.0,1045.0,1102.0,1062.0,1118.0,1065.0,1043.0,959.0,979.0,979.0,886.0,973.0,992.0,978.0,984.0,950.0,962.0,889.0,883.0,894.0,923.0,923.0,893.0,946.0,933.0,881.0,935.0,1126.0,1062.0,1068.0,1113.0,1127.0,1117.0,1107.0,1118.0,1142.0,1068.0,888.0,941.0,932.0,869.0,905.0,936.0,887.0,928.0,934.0,886.0
104,791.0,788.0,801.0,802.0,715.0,777.0,754.0,774.0,785.0,786.0,924.0,989.0,908.0,1003.0,917.0,961.0,939.0,889.0,952.0,984.0,976.0,984.0,925.0,985.0,1040.0,924.0,969.0,951.0,932.0,965.0,1006.0,1045.0,1032.0,998.0,1015.0,1032.0,1054.0,1008.0,1030.0,1041.0,1148.0,1123.0,1197.0,1141.0,1163.0,1110.0,1153.0,1119.0,1153.0,1235.0,1025.0,1085.0,1090.0,1118.0,1078.0,1067.0,1116.0,1109.0,1037.0,1059.0,958.0,957.0,942.0,932.0,977.0,964.0,929.0,1003.0,975.0,906.0,915.0,901.0,950.0,894.0,918.0,920.0,925.0,959.0,926.0,848.0,1143.0,1103.0,1116.0,1084.0,1093.0,1149.0,1092.0,1165.0,1133.0,1126.0,926.0,895.0,915.0,906.0,946.0,909.0,919.0,888.0,921.0,889.0
105,792.0,799.0,750.0,731.0,787.0,738.0,765.0,783.0,773.0,734.0,969.0,939.0,937.0,993.0,948.0,1028.0,962.0,934.0,931.0,901.0,964.0,957.0,936.0,962.0,977.0,932.0,959.0,930.0,1006.0,998.0,996.0,1053.0,1072.0,1091.0,1041.0,1043.0,1034.0,988.0,989.0,1034.0,1083.0,1103.0,1147.0,1103.0,1180.0,1137.0,1140.0,1147.0,1114.0,1174.0,1118.0,1079.0,1038.0,1130.0,1079.0,1047.0,1100.0,1131.0,1018.0,1064.0,951.0,994.0,1033.0,958.0,978.0,975.0,938.0,957.0,1039.0,952.0,921.0,919.0,932.0,910.0,900.0,883.0,897.0,892.0,928.0,899.0,1081.0,1124.0,1109.0,1088.0,1091.0,1145.0,1127.0,1165.0,1136.0,1119.0,942.0,905.0,922.0,895.0,884.0,881.0,927.0,937.0,912.0,961.0
106,769.0,746.0,767.0,701.0,760.0,747.0,759.0,762.0,766.0,760.0,946.0,995.0,985.0,998.0,968.0,1001.0,994.0,950.0,917.0,931.0,920.0,984.0,980.0,999.0,985.0,958.0,950.0,934.0,967.0,1020.0,1019.0,976.0,1002.0,1073.0,1000.0,1049.0,974.0,993.0,1002.0,984.0,1111.0,1087.0,1158.0,1125.0,1155.0,1109.0,1160.0,1143.0,1133.0,1148.0,1124.0,1129.0,1092.0,1073.0,1096.0,1063.0,1087.0,1079.0,1111.0,1091.0,963.0,970.0,947.0,962.0,945.0,944.0,955.0,1006.0,954.0,966.0,926.0,936.0,874.0,882.0,945.0,882.0,910.0,948.0,953.0,924.0,1123.0,1150.0,1162.0,1133.0,1134.0,1138.0,1165.0,1125.0,1120.0,1101.0,916.0,898.0,906.0,910.0,877.0,918.0,892.0,927.0,925.0,911.0
107,747.0,778.0,783.0,735.0,831.0,767.0,789.0,761.0,792.0,773.0,944.0,969.0,961.0,961.0,949.0,943.0,948.0,973.0,954.0,959.0,974.0,995.0,957.0,997.0,952.0,968.0,967.0,986.0,967.0,946.0,994.0,1048.0,1024.0,1040.0,995.0,1043.0,1011.0,1063.0,960.0,1053.0,1107.0,1120.0,1156.0,1128.0,1132.0,1144.0,1119.0,1141.0,1153.0,1138.0,1087.0,1106.0,1115.0,1044.0,1105.0,1043.0,1104.0,1077.0,1099.0,1093.0,999.0,949.0,964.0,969.0,950.0,943.0,988.0,918.0,944.0,995.0,954.0,876.0,898.0,930.0,920.0,874.0,903.0,914.0,882.0,880.0,1092.0,1090.0,1110.0,1122.0,1120.0,1159.0,1128.0,1118.0,1119.0,1102.0,922.0,940.0,904.0,930.0,914.0,922.0,890.0,917.0,980.0,896.0
108,794.0,767.0,826.0,754.0,761.0,736.0,800.0,801.0,771.0,747.0,936.0,968.0,940.0,957.0,987.0,923.0,920.0,955.0,930.0,964.0,967.0,1020.0,1000.0,978.0,991.0,963.0,985.0,959.0,943.0,1000.0,973.0,1016.0,1007.0,1010.0,968.0,1037.0,999.0,998.0,1041.0,977.0,1170.0,1104.0,1186.0,1112.0,1155.0,1165.0,1185.0,1165.0,1135.0,1104.0,1057.0,1081.0,1090.0,1091.0,1112.0,1135.0,1062.0,1102.0,1087.0,1103.0,975.0,949.0,937.0,971.0,962.0,950.0,949.0,974.0,986.0,974.0,916.0,916.0,919.0,891.0,953.0,844.0,916.0,898.0,911.0,925.0,1136.0,1114.0,1092.0,1195.0,1094.0,1135.0,1122.0,1111.0,1102.0,1137.0,896.0,938.0,877.0,895.0,886.0,912.0,910.0,905.0,947.0,905.0
109,736.0,778.0,778.0,796.0,744.0,777.0,796.0,815.0,722.0,775.0,926.0,992.0,934.0,931.0,939.0,985.0,939.0,946.0,974.0,964.0,1028.0,956.0,950.0,1007.0,943.0,932.0,1004.0,1024.0,958.0,984.0,1011.0,1016.0,1024.0,999.0,1006.0,1007.0,977.0,1018.0,1061.0,1034.0,1129.0,1150.0,1138.0,1151.0,1182.0,1096.0,1218.0,1115.0,1082.0,1134.0,1075.0,1044.0,1136.0,1072.0,1159.0,1103.0,1074.0,1072.0,1154.0,1073.0,984.0,1015.0,951.0,941.0,958.0,997.0,930.0,948.0,996.0,963.0,841.0,918.0,963.0,938.0,941.0,875.0,891.0,898.0,941.0,887.0,1166.0,1075.0,1119.0,1122.0,1109.0,1106.0,1073.0,1120.0,1067.0,1114.0,918.0,930.0,881.0,899.0,881.0,925.0,946.0,917.0,898.0,910.0
110,821.0,801.0,782.0,724.0,777.0,758.0,784.0,772.0,766.0,793.0,962.0,1035.0,914.0,970.0,928.0,969.0,1006.0,912.0,975.0,943.0,933.0,976.0,1049.0,989.0,1003.0,1001.0,965.0,999.0,995.0,968.0,1012.0,1020.0,998.0,978.0,1027.0,1028.0,1055.0,1044.0,1027.0,1055.0,1131.0,1114.0,1098.0,1134.0,1148.0,1172.0,1118.0,1121.0,1120.0,1171.0,1073.0,1069.0,1076.0,1040.0,1056.0,1095.0,1046.0,1035.0,1091.0,1062.0,956.0,948.0,963.0,985.0,964.0,921.0,930.0,978.0,941.0,949.0,879.0,886.0,963.0,940.0,914.0,900.0,892.0,927.0,961.0,875.0,1116.0,1110.0,1102.0,1152.0,1138.0,1083.0,1140.0,1159.0,1050.0,1133.0,934.0,918.0,933.0,944.0,909.0,874.0,914.0,928.0,932.0,888.0
111,745.0,777.0,820.0,764.0,810.0,757.0,717.0,821.0,771.0,778.0,970.0,972.0,960.0,956.0,937.0,942.0,1004.0,912.0,935.0,964.0,934.0,918.0,987.0,958.0,999.0,989.0,961.0,991.0,970.0,926.0,971.0,1029.0,1057.0,990.0,995.0,1001.0,1057.0,1043.0,1092.0,1010.0,1172.0,1168.0,1144.0,1144.0,1164.0,1152.0,1120.0,1122.0,1150.0,1129.0,1119.0,1099.0,1040.0,1084.0,1112.0,1074.0,1093.0,1073.0,1072.0,1108.0,928.0,940.0,960.0,1025.0,949.0,937.0,930.0,896.0,925.0,954.0,928.0,936.0,881.0,930.0,908.0,910.0,931.0,906.0,922.0,894.0,1152.0,1128.0,1138.0,1109.0,1118.0,1106.0,1138.0,1141.0,1117.0,1142.0,893.0,908.0,894.0,896.0,871.0,935.0,895.0,971.0,903.0,932.0
112,748.0,794.0,801.0,800.0,827.0,740.0,780.0,763.0,772.0,778.0,964.0,964.0,943.0,938.0,953.0,953.0,960.0,977.0,979.0,961.0,967.0,930.0,963.0,974.0,984.0,948.0,970.0,1010.0,974.0,974.0,973.0,1023.0,1008.0,1048.0,1044.0,1009.0,1030.0,1022.0,997.0,1012.0,1183.0,1139.0,1145.0,1134.0,1139.0,1171.0,1077.0,1098.0,1148.0,1091.0,1069.0,1048.0,1094.0,1117.0,1071.0,1115.0,1048.0,1074.0,1067.0,1131.0,998.0,961.0,970.0,917.0,921.0,932.0,957.0,925.0,1023.0,916.0,906.0,928.0,922.0,908.0,874.0,907.0,931.0,893.0,879.0,877.0,1144.0,1149.0,1128.0,1129.0,1145.0,1088.0,1158.0,1138.0,1117.0,1168.0,857.0,938.0,907.0,890.0,906.0,939.0,938.0,977.0,901.0,928.0
113,766.0,811.0,766.0,789.0,776.0,777.0,772.0,742.0,715.0,760.0,916.0,975.0,949.0,949.0,945.0,930.0,947.0,963.0,978.0,936.0,988.0,990.0,1010.0,955.0,988.0,992.0,967.0,966.0,915.0,963.0,1010.0,978.0,1018.0,1035.0,1016.0,1040.0,1025.0,1015.0,1005.0,1043.0,1086.0,1120.0,1148.0,1155.0,1162.0,1159.0,1116.0,1131.0,1130.0,1120.0,1059.0,1133.0,1118.0,1076.0,1088.0,1049.0,1058.0,1128.0,1086.0,1069.0,1015.0,923.0,969.0,970.0,979.0,978.0,937.0,980.0,966.0,990.0,969.0,927.0,944.0,903.0,864.0,914.0,955.0,952.0,967.0,917.0,1082.0,1121.0,1073.0,1086.0,1123.0,1101.0,1122.0,1129.0,1163.0,1143.0,923.0,896.0,886.0,940.0,921.0,863.0,953.0,868.0,927.0,894.0
114,750.0,754.0,807.0,758.0,776.0,749.0,753.0,761.0,768.0,783.0,933.0,988.0,937.0,955.0,957.0,944.0,920.0,949.0,978.0,918.0,1018.0,990.0,975.0,1034.0,991.0,1013.0,1013.0,969.0,982.0,929.0,974.0,1032.0,1006.0,1069.0,1042.0,973.0,1019.0,1032.0,995.0,1005.0,1097.0,1129.0,1152.0,1108.0,1170.0,1162.0,1131.0,1189.0,1148.0,1182.0,1119.0,1110.0,1086.0,1048.0,1106.0,1077.0,1062.0,1107.0,1070.0,1094.0,983.0,981.0,989.0,964.0,936.0,963.0,943.0,966.0,945.0,938.0,896.0,899.0,918.0,922.0,911.0,909.0,932.0,911.0,929.0,939.0,1121.0,1104.0,1111.0,1093.0,1076.0,1123.0,1138.0,1109.0,1132.0,1140.0,923.0,886.0,902.0,910.0,897.0,889.0,941.0,879.0,905.0,905.0
115,777.0,736.0,792.0,756.0,725.0,755.0,788.0,740.0,794.0,747.0,959.0,928.0,976.0,965.0,954.0,962.0,986.0,983.0,944.0,1002.0,939.0,980.0,1020.0,990.0,985.0,983.0,886.0,991.0,983.0,967.0,991.0,1016.0,1024.0,1010.0,1052.0,991.0,1055.0,1014.0,1029.0,1017.0,1114.0,1136.0,1113.0,1116.0,1123.0,1133.0,1097.0,1116.0,1085.0,1076.0,1104.0,1116.0,1142.0,1083.0,1084.0,1103.0,1107.0,1094.0,1107.0,1121.0,968.0,979.0,975.0,981.0,1008.0,947.0,1002.0,918.0,940.0,964.0,885.0,892.0,921.0,885.0,936.0,920.0,916.0,911.0,915.0,953.0,1111.0,1170.0,1057.0,1136.0,1108.0,1082.0,1096.0,1145.0,1136.0,1094.0,968.0,913.0,865.0,938.0,887.0,927.0,921.0,959.0,921.0,895.0
116,791.0,744.0,794.0,733.0,759.0,774.0,760.0,754.0,754.0,748.0,936.0,949.0,937.0,975.0,910.0,952.0,938.0,942.0,924.0,928.0,981.0,995.0,979.0,930.0,951.0,956.0,984.0,959.0,990.0,989.0,1027.0,1022.0,1030.0,1042.0,1041.0,1009.0,1042.0,1042.0,1019.0,994.0,1158.0,1111.0,1144.0,1110.0,1123.0,1118.0,1147.0,1139.0,1148.0,1140.0,1081.0,1073.0,1100.0,1094.0,1123.0,1093.0,1066.0,1102.0,1083.0,1105.0,950.0,961.0,964.0,997.0,959.0,977.0,909.0,964.0,984.0,958.0,897.0,950.0,933.0,940.0,922.0,928.0,920.0,921.0,926.0,935.0,1092.0,1129.0,1121.0,1125.0,1125.0,1110.0,1184.0,1123.0,1143.0,1111.0,904.0,934.0,883.0,914.0,948.0,888.0,900.0,925.0,880.0,927.0
117,771.0,814.0,774.0,762.0,738.0,727.0,760.0,741.0,741.0,770.0,957.0,927.0,944.0,920.0,979.0,922.0,939.0,941.0,996.0,985.0,961.0,943.0,974.0,958.0,1012.0,943.0,974.0,1003.0,957.0,972.0,1005.0,996.0,1055.0,1016.0,1019.0,1043.0,1012.0,1018.0,1017.0,1031.0,1141.0,1152.0,1137.0,1173.0,1135.0,1193.0,1133.0,1118.0,1146.0,1112.0,1037.0,1082.0,1069.0,1102.0,1059.0,1096.0,1070.0,1059.0,1096.0,1061.0,979.0,1005.0,998.0,971.0,1004.0,953.0,920.0,983.0,1008.0,970.0,887.0,924.0,883.0,905.0,910.0,910.0,949.0,948.0,893.0,883.0,1110.0,1101.0,1132.0,1108.0,1141.0,1120.0,1183.0,1125.0,1095.0,1135.0,971.0,928.0,919.0,944.0,863.0,894.0,909.0,936.0,901.0,919.0
118,776.0,783.0,791.0,796.0,765.0,752.0,754.0,747.0,759.0,858.0,996.0,926.0,932.0,975.0,988.0,949.0,933.0,1015.0,951.0,954.0,974.0,1016.0,985.0,949.0,950.0,965.0,982.0,989.0,967.0,977.0,983.0,1007.0,1057.0,1020.0,960.0,999.0,1005.0,1006.0,1064.0,1001.0,1125.0,1136.0,1157.0,1115.0,1164.0,1123.0,1146.0,1120.0,1155.0,1112.0,1085.0,1096.0,1080.0,1091.0,1094.0,1100.0,1051.0,1140.0,1126.0,1038.0,991.0,973.0,958.0,959.0,931.0,982.0,1007.0,966.0,940.0,974.0,889.0,905.0,882.0,939.0,932.0,931.0,908.0,881.0,888.0,908.0,1094.0,1124.0,1167.0,1100.0,1158.0,1137.0,1098.0,1096.0,1105.0,1101.0,908.0,905.0,872.0,921.0,916.0,862.0,967.0,910.0,892.0,922.0
119,764.0,793.0,773.0,772.0,766.0,775.0,744.0,758.0,760.0,737.0,928.0,968.0,966.0,942.0,962.0,918.0,972.0,961.0,954.0,980.0,936.0,989.0,960.0,948.0,963.0,1002.0,977.0,953.0,941.0,964.0,1003.0,983.0,1043.0,1059.0,1060.0,1048.0,1056.0,1039.0,1005.0,975.0,1165.0,1103.0,1113.0,1130.0,1167.0,1137.0,1147.0,1131.0,1134.0,1195.0,1112.0,1114.0,1044.0,1093.0,1074.0,1065.0,1084.0,1070.0,1089.0,1091.0,1014.0,955.0,1024.0,969.0,973.0,930.0,971.0,974.0,912.0,987.0,895.0,932.0,916.0,951.0,892.0,926.0,869.0,928.0,963.0,875.0,1074.0,1154.0,1154.0,1100.0,1130.0,1093.0,1160.0,1096.0,1139.0,1065.0,928.0,881.0,889.0,903.0,869.0,909.0,866.0,961.0,950.0,973.0
120,784.0,759.0,723.0,758.0,778.0,756.0,774.0,742.0,778.0,796.0,954.0,924.0,979.0,972.0,941.0,955.0,928.0,1000.0,934.0,977.0,983.0,1019.0,989.0,996.0,1001.0,983.0,930.0,980.0,965.0,980.0,1044.0,978.0,1075.0,1017.0,967.0,1024.0,1056.0,1042.0,1022.0,1001.0,1114.0,1147.0,1126.0,1133.0,1179.0,1185.0,1174.0,1144.0,1191.0,1142.0,1059.0,1096.0,1041.0,1122.0,1091.0,1080.0,1025.0,1098.0,1084.0,1113.0,938.0,974.0,979.0,942.0,966.0,972.0,973.0,940.0,931.0,986.0,954.0,927.0,888.0,903.0,949.0,874.0,921.0,878.0,914.0,871.0,1086.0,1102.0,1175.0,1155.0,1115.0,1062.0,1155.0,1094.0,1145.0,1102.0,907.0,947.0,902.0,866.0,870.0,911.0,907.0,951.0,881.0,873.0
121,792.0,763.0,763.0,699.0,759.0,757.0,730.0,768.0,782.0,781.0,960.0,952.0,970.0,988.0,996.0,966.0,957.0,1027.0,958.0,975.0,972.0,972.0,972.0,967.0,997.0,976.0,951.0,950.0,969.0,992.0,1044.0,1056.0,1006.0,997.0,1021.0,1042.0,1002.0,1020.0,1041.0,964.0,1075.0,1168.0,1169.0,1139.0,1105.0,1148.0,1101.0,1140.0,1157.0,1153.0,1079.0,1040.0,1060.0,1149.0,1127.0,1069.0,1061.0,1107.0,1110.0,1073.0,954.0,979.0,962.0,934.0,954.0,946.0,987.0,917.0,898.0,941.0,863.0,902.0,876.0,899.0,893.0,895.0,905.0,899.0,911.0,951.0,1123.0,1114.0,1154.0,1180.0,1127.0,1117.0,1151.0,1148.0,1089.0,1138.0,964.0,927.0,942.0,903.0,879.0,887.0,998.0,891.0,930.0,874.0
122,745.0,744.0,747.0,761.0,782.0,761.0,770.0,737.0,757.0,776.0,927.0,946.0,971.0,925.0,973.0,983.0,923.0,962.0,995.0,967.0,969.0,1028.0,960.0,1006.0,1012.0,941.0,994.0,967.0,954.0,956.0,1042.0,997.0,992.0,1020.0,1007.0,1001.0,1012.0,1032.0,1025.0,1045.0,1114.0,1166.0,1153.0,1129.0,1150.0,1184.0,1117.0,1125.0,1181.0,1148.0,1094.0,1088.0,1080.0,1122.0,1123.0,1045.0,1112.0,1080.0,1075.0,1116.0,938.0,974.0,979.0,975.0,928.0,989.0,930.0,931.0,905.0,935.0,895.0,893.0,871.0,879.0,887.0,881.0,908.0,916.0,916.0,908.0,1138.0,1129.0,1156.0,1137.0,1104.0,1098.0,1191.0,1157.0,1159.0,1086.0,963.0,905.0,961.0,902.0,892.0,920.0,884.0,959.0,873.0,904.0
123,739.0,781.0,794.0,813.0,785.0,780.0,792.0,771.0,770.0,788.0,921.0,942.0,950.0,954.0,946.0,949.0,922.0,927.0,952.0,965.0,1009.0,968.0,925.0,950.0,963.0,956.0,970.0,1012.0,1023.0,961.0,985.0,1013.0,1008.0,1008.0,1015.0,1016.0,1067.0,1014.0,978.0,1022.0,1145.0,1105.0,1132.0,1182.0,1136.0,1113.0,1156.0,1168.0,1122.0,1165.0,1076.0,1096.0,1114.0,1064.0,1157.0,1073.0,1083.0,1116.0,1082.0,1045.0,976.0,949.0,996.0,1017.0,972.0,961.0,951.0,929.0,967.0,1022.0,918.0,922.0,891.0,911.0,851.0,943.0,916.0,897.0,937.0,888.0,1169.0,1140.0,1138.0,1114.0,1138.0,1069.0,1124.0,1103.0,1117.0,1065.0,883.0,956.0,923.0,843.0,893.0,949.0,859.0,928.0,895.0,923.0
124,756.0,744.0,795.0,753.0,776.0,790.0,743.0,849.0,733.0,806.0,978.0,997.0,952.0,968.0,944.0,935.0,961.0,926.0,988.0,971.0,983.0,939.0,914.0,956.0,966.0,973.0,962.0,965.0,957.0,967.0,995.0,1016.0,1033.0,1020.0,1023.0,1033.0,1018.0,1026.0,1044.0,1054.0,1151.0,1138.0,1185.0,1186.0,1159.0,1133.0,1119.0,1147.0,1099.0,1100.0,994.0,1066.0,1102.0,1075.0,1075.0,1062.0,1100.0,1056.0,1069.0,1002.0,1001.0,1013.0,1009.0,950.0,977.0,947.0,966.0,982.0,1002.0,961.0,932.0,885.0,893.0,887.0,946.0,911.0,918.0,925.0,901.0,952.0,1136.0,1129.0,1093.0,1166.0,1102.0,1075.0,1116.0,1126.0,1102.0,1117.0,897.0,944.0,894.0,892.0,891.0,953.0,939.0,868.0,952.0,919.0
125,729.0,746.0,766.0,781.0,794.0,776.0,761.0,796.0,747.0,837.0,1010.0,979.0,934.0,990.0,973.0,963.0,947.0,972.0,939.0,957.0,905.0,975.0,965.0,919.0,962.0,1015.0,1014.0,991.0,1025.0,962.0,1075.0,990.0,1082.0,1001.0,1026.0,963.0,1025.0,999.0,1060.0,1005.0,1138.0,1129.0,1187.0,1144.0,1159.0,1099.0,1132.0,1142.0,1164.0,1142.0,1096.0,1116.0,1053.0,1089.0,1050.0,1084.0,1059.0,1064.0,1100.0,1080.0,905.0,1002.0,986.0,988.0,975.0,975.0,948.0,991.0,962.0,973.0,915.0,877.0,901.0,874.0,905.0,886.0,917.0,953.0,878.0,885.0,1146.0,1119.0,1114.0,1127.0,1096.0,1103.0,1114.0,1097.0,1084.0,1069.0,899.0,938.0,880.0,941.0,921.0,952.0,926.0,867.0,887.0,943.0
126,739.0,794.0,805.0,780.0,786.0,786.0,778.0,742.0,774.0,760.0,979.0,962.0,922.0,985.0,893.0,993.0,980.0,993.0,921.0,959.0,1004.0,957.0,1015.0,976.0,950.0,926.0,1013.0,938.0,1016.0,937.0,1010.0,1032.0,1027.0,977.0,1063.0,1017.0,1007.0,1018.0,1041.0,1037.0,1198.0,1139.0,1152.0,1090.0,1151.0,1105.0,1095.0,1133.0,1130.0,1154.0,1074.0,1118.0,1042.0,1124.0,1097.0,1043.0,1121.0,1063.0,1089.0,1066.0,891.0,974.0,962.0,948.0,1001.0,949.0,957.0,973.0,1006.0,1002.0,893.0,857.0,923.0,922.0,891.0,942.0,877.0,969.0,865.0,928.0,1105.0,1104.0,1109.0,1138.0,1095.0,1152.0,1129.0,1122.0,1114.0,1108.0,920.0,934.0,914.0,917.0,936.0,905.0,887.0,922.0,889.0,900.0
127,765.0,792.0,780.0,733.0,779.0,781.0,754.0,783.0,786.0,772.0,874.0,945.0,927.0,949.0,963.0,973.0,964.0,978.0,951.0,949.0,1046.0,1002.0,957.0,1025.0,984.0,987.0,995.0,948.0,979.0,982.0,981.0,1006.0,1057.0,1032.0,969.0,1044.0,1036.0,996.0,1051.0,1038.0,1182.0,1169.0,1143.0,1122.0,1199.0,1152.0,1110.0,1149.0,1140.0,1167.0,1056.0,1068.0,1051.0,1101.0,1093.0,1012.0,1079.0,1075.0,1040.0,1073.0,969.0,965.0,948.0,908.0,933.0,963.0,988.0,939.0,997.0,989.0,901.0,921.0,912.0,933.0,876.0,922.0,921.0,952.0,914.0,897.0,1145.0,1089.0,1152.0,1149.0,1142.0,1092.0,1135.0,1154.0,1078.0,1083.0,891.0,916.0,946.0,905.0,922.0,894.0,861.0,901.0,914.0,901.0
128,788.0,793.0,765.0,759.0,727.0,787.0,803.0,781.0,747.0,822.0,930.0,934.0,928.0,937.0,954.0,905.0,1040.0,987.0,954.0,973.0,974.0,960.0,998.0,983.0,957.0,967.0,928.0,961.0,928.0,982.0,999.0,1000.0,1018.0,1024.0,1041.0,1039.0,1055.0,1003.0,1057.0,1030.0,1174.0,1172.0,1137.0,1106.0,1127.0,1147.0,1106.0,1140.0,1161.0,1114.0,1118.0,1129.0,1080.0,1083.0,1080.0,1020.0,1035.0,1090.0,1103.0,1080.0,912.0,936.0,996.0,994.0,959.0,1013.0,947.0,962.0,974.0,930.0,896.0,909.0,876.0,893.0,912.0,861.0,926.0,925.0,874.0,902.0,1117.0,1135.0,1177.0,1150.0,1152.0,1162.0,1151.0,1072.0,1150.0,1111.0,902.0,903.0,895.0,929.0,950.0,917.0,855.0,958.0,897.0,909.0
129,763.0,784.0,776.0,756.0,744.0,778.0,765.0,797.0,754.0,754.0,952.0,999.0,943.0,933.0,936.0,963.0,932.0,985.0,940.0,956.0,1046.0,1040.0,933.0,979.0,955.0,967.0,966.0,962.0,975.0,979.0,989.0,986.0,1020.0,1056.0,1012.0,1010.0,1045.0,1022.0,998.0,1026.0,1122.0,1160.0,1164.0,1149.0,1142.0,1144.0,1166.0,1131.0,1146.0,1159.0,1111.0,1041.0,1064.0,1081.0,1122.0,1054.0,1055.0,1104.0,1085.0,1065.0,950.0,957.0,983.0,929.0,946.0,972.0,903.0,953.0,976.0,993.0,891.0,930.0,915.0,911.0,905.0,887.0,930.0,922.0,903.0,891.0,1095.0,1101.0,1128.0,1159.0,1147.0,1167.0,1113.0,1110.0,1142.0,1121.0,893.0,873.0,946.0,903.0,949.0,874.0,971.0,893.0,926.0,905.0
130,790.0,751.0,737.0,786.0,769.0,729.0,787.0,762.0,767.0,755.0,899.0,981.0,935.0,871.0,934.0,973.0,1023.0,982.0,936.0,900.0,957.0,970.0,951.0,1012.0,995.0,958.0,957.0,964.0,986.0,977.0,1027.0,1102.0,1038.0,1003.0,1035.0,1053.0,996.0,1005.0,1040.0,1004.0,1112.0,1156.0,1139.0,1130.0,1118.0,1157.0,1136.0,1123.0,1182.0,1146.0,1105.0,1054.0,1124.0,1084.0,1069.0,1074.0,1062.0,1094.0,1036.0,1074.0,940.0,936.0,987.0,984.0,960.0,914.0,984.0,953.0,901.0,989.0,907.0,913.0,916.0,903.0,910.0,910.0,889.0,921.0,942.0,939.0,1163.0,1142.0,1108.0,1186.0,1161.0,1105.0,1109.0,1129.0,1130.0,1158.0,911.0,862.0,936.0,895.0,908.0,941.0,904.0,946.0,926.0,904.0
131,770.0,738.0,770.0,747.0,719.0,750.0,775.0,768.0,720.0,767.0,916.0,959.0,929.0,925.0,977.0,939.0,941.0,923.0,984.0,982.0,965.0,980.0,967.0,989.0,958.0,982.0,986.0,951.0,971.0,989.0,1039.0,976.0,1015.0,1014.0,1048.0,1045.0,1035.0,1057.0,996.0,987.0,1139.0,1122.0,1131.0,1131.0,1157.0,1158.0,1114.0,1166.0,1151.0,1142.0,1076.0,1060.0,1085.0,1056.0,1072.0,1088.0,1093.0,1080.0,1100.0,1106.0,922.0,958.0,970.0,982.0,954.0,937.0,989.0,943.0,987.0,913.0,883.0,917.0,927.0,931.0,882.0,924.0,868.0,955.0,922.0,894.0,1154.0,1221.0,1134.0,1152.0,1163.0,1078.0,1146.0,1090.0,1076.0,1156.0,944.0,933.0,945.0,927.0,926.0,911.0,900.0,945.0,940.0,906.0
132,771.0,777.0,784.0,806.0,735.0,734.0,753.0,781.0,768.0,755.0,891.0,989.0,887.0,944.0,979.0,964.0,922.0,949.0,971.0,942.0,995.0,971.0,981.0,951.0,981.0,992.0,973.0,935.0,969.0,1049.0,1001.0,1062.0,1049.0,1039.0,1027.0,1049.0,1013.0,1040.0,1017.0,1002.0,1172.0,1134.0,1136.0,1148.0,1096.0,1092.0,1151.0,1137.0,1162.0,1117.0,1084.0,1091.0,1137.0,1122.0,1087.0,1100.0,1077.0,1075.0,1085.0,1061.0,942.0,956.0,956.0,914.0,966.0,931.0,980.0,976.0,928.0,942.0,920.0,890.0,879.0,904.0,866.0,964.0,926.0,928.0,912.0,927.0,1151.0,1115.0,1158.0,1131.0,1158.0,1109.0,1160.0,1132.0,1119.0,1135.0,877.0,880.0,903.0,896.0,960.0,876.0,891.0,925.0,915.0,912.0
133,795.0,729.0,763.0,785.0,757.0,771.0,765.0,770.0,796.0,693.0,939.0,944.0,1014.0,971.0,944.0,964.0,927.0,956.0,941.0,911.0,1014.0,962.0,987.0,963.0,942.0,943.0,982.0,1003.0,935.0,973.0,1017.0,1027.0,1061.0,1018.0,1023.0,987.0,1003.0,1040.0,1081.0,1003.0,1131.0,1150.0,1146.0,1133.0,1172.0,1156.0,1169.0,1111.0,1093.0,1095.0,1057.0,1089.0,1049.0,1107.0,1086.0,1103.0,1047.0,1129.0,1090.0,1172.0,944.0,978.0,952.0,947.0,950.0,963.0,976.0,959.0,953.0,975.0,885.0,889.0,894.0,875.0,900.0,900.0,940.0,937.0,873.0,941.0,1145.0,1144.0,1105.0,1140.0,1176.0,1093.0,1107.0,1099.0,1162.0,1139.0,878.0,949.0,901.0,917.0,902.0,930.0,932.0,874.0,922.0,934.0
134,796.0,776.0,774.0,761.0,784.0,715.0,741.0,774.0,712.0,795.0,931.0,931.0,991.0,988.0,922.0,963.0,954.0,911.0,934.0,961.0,955.0,916.0,971.0,919.0,987.0,954.0,968.0,1006.0,971.0,983.0,1005.0,1025.0,1046.0,1032.0,994.0,1036.0,1010.0,1069.0,1033.0,1000.0,1160.0,1143.0,1181.0,1111.0,1165.0,1169.0,1141.0,1151.0,1171.0,1073.0,1114.0,1103.0,1021.0,1095.0,1043.0,1081.0,1068.0,1115.0,1092.0,1088.0,958.0,990.0,985.0,967.0,981.0,971.0,973.0,935.0,968.0,981.0,888.0,895.0,922.0,921.0,916.0,894.0,926.0,898.0,913.0,910.0,1099.0,1118.0,1078.0,1134.0,1147.0,1110.0,1173.0,1146.0,1123.0,1126.0,900.0,964.0,906.0,930.0,916.0,913.0,891.0,869.0,926.0,924.0
135,750.0,771.0,810.0,810.0,781.0,759.0,796.0,714.0,788.0,803.0,963.0,978.0,946.0,959.0,919.0,1002.0,936.0,945.0,932.0,955.0,968.0,983.0,986.0,988.0,997.0,921.0,1003.0,1038.0,966.0,1005.0,986.0,1027.0,1029.0,1056.0,1002.0,982.0,1020.0,1056.0,1021.0,1021.0,1179.0,1095.0,1115.0,1108.0,1105.0,1155.0,1124.0,1141.0,1076.0,1045.0,1035.0,1075.0,1103.0,1064.0,1076.0,1035.0,1083.0,1082.0,1115.0,1048.0,963.0,912.0,952.0,977.0,968.0,973.0,967.0,981.0,972.0,975.0,928.0,983.0,926.0,874.0,951.0,908.0,916.0,851.0,935.0,913.0,1130.0,1131.0,1095.0,1113.0,1135.0,1133.0,1113.0,1182.0,1134.0,1157.0,905.0,908.0,917.0,912.0,926.0,938.0,891.0,876.0,908.0,925.0
136,783.0,786.0,802.0,784.0,764.0,770.0,791.0,780.0,749.0,766.0,977.0,963.0,988.0,949.0,976.0,936.0,976.0,902.0,911.0,931.0,985.0,974.0,948.0,987.0,1004.0,970.0,954.0,1013.0,989.0,967.0,996.0,1023.0,1024.0,1043.0,1007.0,1056.0,996.0,971.0,1100.0,989.0,1156.0,1094.0,1162.0,1094.0,1126.0,1081.0,1168.0,1187.0,1124.0,1134.0,1029.0,1097.0,1116.0,1113.0,1109.0,1063.0,1036.0,1129.0,1098.0,1029.0,927.0,951.0,948.0,968.0,947.0,953.0,967.0,970.0,958.0,999.0,960.0,925.0,869.0,917.0,880.0,907.0,960.0,883.0,886.0,951.0,1105.0,1140.0,1132.0,1101.0,1138.0,1110.0,1097.0,1112.0,1120.0,1133.0,892.0,914.0,891.0,907.0,910.0,964.0,907.0,916.0,910.0,948.0
137,752.0,759.0,781.0,777.0,752.0,742.0,773.0,739.0,788.0,783.0,954.0,984.0,919.0,932.0,923.0,922.0,947.0,923.0,963.0,989.0,976.0,984.0,942.0,944.0,976.0,929.0,978.0,1024.0,962.0,945.0,977.0,1049.0,1003.0,1081.0,1043.0,1069.0,1030.0,1024.0,1041.0,1016.0,1130.0,1107.0,1146.0,1161.0,1144.0,1132.0,1140.0,1157.0,1139.0,1145.0,1125.0,1080.0,1120.0,1056.0,1070.0,1085.0,1050.0,1104.0,1068.0,1099.0,955.0,953.0,994.0,1001.0,969.0,988.0,999.0,939.0,944.0,993.0,926.0,924.0,913.0,923.0,884.0,889.0,949.0,920.0,911.0,893.0,1074.0,1105.0,1130.0,1097.0,1157.0,1092.0,1120.0,1130.0,1134.0,1090.0,943.0,924.0,930.0,892.0,941.0,961.0,866.0,902.0,897.0,895.0
138,761.0,760.0,763.0,775.0,791.0,759.0,758.0,776.0,787.0,798.0,931.0,969.0,963.0,927.0,964.0,966.0,959.0,953.0,957.0,977.0,988.0,963.0,928.0,1032.0,979.0,1007.0,958.0,1040.0,896.0,999.0,1016.0,1007.0,1029.0,1027.0,997.0,1034.0,1000.0,988.0,1003.0,1029.0,1164.0,1141.0,1172.0,1103.0,1133.0,1117.0,1100.0,1119.0,1173.0,1111.0,1065.0,1139.0,1049.0,1071.0,1059.0,1041.0,1107.0,1037.0,1085.0,1087.0,925.0,973.0,998.0,1007.0,950.0,973.0,982.0,931.0,935.0,962.0,911.0,890.0,896.0,960.0,918.0,921.0,901.0,952.0,926.0,906.0,1106.0,1137.0,1148.0,1074.0,1143.0,1089.0,1152.0,1130.0,1154.0,1079.0,946.0,887.0,930.0,891.0,928.0,904.0,934.0,938.0,932.0,902.0
139,749.0,797.0,796.0,798.0,769.0,744.0,739.0,736.0,805.0,798.0,923.0,1024.0,987.0,924.0,967.0,935.0,1012.0,906.0,955.0,975.0,1013.0,972.0,980.0,987.0,994.0,963.0,1001.0,966.0,946.0,945.0,1021.0,1009.0,1008.0,1019.0,1044.0,1013.0,984.0,1051.0,1029.0,1019.0,1136.0,1115.0,1143.0,1194.0,1149.0,1109.0,1054.0,1185.0,1129.0,1152.0,1102.0,1042.0,1102.0,1078.0,1005.0,1089.0,1091.0,1042.0,1088.0,1094.0,1001.0,955.0,987.0,949.0,925.0,959.0,976.0,994.0,965.0,905.0,933.0,915.0,889.0,890.0,939.0,882.0,890.0,923.0,887.0,940.0,1050.0,1098.0,1103.0,1109.0,1143.0,1164.0,1147.0,1114.0,1129.0,1123.0,887.0,944.0,881.0,918.0,929.0,953.0,959.0,945.0,918.0,900.0
140,760.0,708.0,760.0,749.0,728.0,752.0,781.0,803.0,799.0,765.0,948.0,914.0,960.0,958.0,953.0,964.0,924.0,981.0,906.0,997.0,998.0,993.0,949.0,1019.0,936.0,980.0,957.0,971.0,947.0,936.0,1018.0,1045.0,1006.0,1018.0,1056.0,1037.0,1061.0,1043.0,1057.0,991.0,1130.0,1152.0,1107.0,1106.0,1171.0,1131.0,1150.0,1123.0,1134.0,1147.0,1040.0,1043.0,1102.0,1108.0,1073.0,1079.0,1072.0,1006.0,1078.0,1077.0,972.0,977.0,1001.0,960.0,978.0,966.0,990.0,927.0,993.0,935.0,947.0,942.0,942.0,957.0,862.0,912.0,860.0,971.0,903.0,946.0,1137.0,1124.0,1126.0,1117.0,1143.0,1142.0,1132.0,1094.0,1126.0,1142.0,866.0,971.0,924.0,875.0,961.0,845.0,925.0,949.0,908.0,913.0
141,788.0,776.0,757.0,766.0,734.0,737.0,788.0,730.0,778.0,746.0,952.0,927.0,998.0,937.0,962.0,905.0,938.0,991.0,929.0,921.0,930.0,1013.0,989.0,969.0,995.0,996.0,999.0,999.0,961.0,984.0,1001.0,1057.0,1023.0,1037.0,999.0,1010.0,986.0,1058.0,989.0,1050.0,1160.0,1130.0,1123.0,1151.0,1136.0,1132.0,1129.0,1117.0,1185.0,1185.0,1088.0,1089.0,1055.0,1079.0,1099.0,1107.0,1069.0,1072.0,1109.0,1061.0,942.0,921.0,946.0,952.0,950.0,921.0,1022.0,964.0,967.0,949.0,928.0,883.0,925.0,926.0,908.0,939.0,893.0,935.0,932.0,889.0,1083.0,1150.0,1147.0,1136.0,1152.0,1152.0,1102.0,1072.0,1095.0,1140.0,946.0,920.0,916.0,915.0,924.0,906.0,928.0,931.0,904.0,920.0
142,762.0,795.0,727.0,756.0,760.0,778.0,780.0,768.0,779.0,738.0,938.0,939.0,979.0,912.0,981.0,926.0,944.0,985.0,955.0,924.0,956.0,1006.0,941.0,1004.0,997.0,960.0,989.0,974.0,988.0,988.0,1061.0,1052.0,1036.0,1056.0,1052.0,1010.0,1059.0,1022.0,986.0,1020.0,1144.0,1128.0,1108.0,1130.0,1129.0,1128.0,1134.0,1185.0,1167.0,1170.0,1071.0,1032.0,1105.0,1111.0,1072.0,1096.0,1042.0,1090.0,1078.0,1073.0,948.0,933.0,1022.0,989.0,974.0,958.0,989.0,959.0,978.0,978.0,876.0,883.0,924.0,894.0,899.0,898.0,897.0,896.0,968.0,959.0,1175.0,1190.0,1131.0,1116.0,1095.0,1160.0,1118.0,1088.0,1085.0,1073.0,883.0,906.0,905.0,898.0,902.0,890.0,903.0,902.0,866.0,920.0
143,772.0,721.0,801.0,787.0,759.0,766.0,743.0,767.0,799.0,765.0,984.0,1006.0,997.0,943.0,1022.0,992.0,936.0,990.0,990.0,983.0,945.0,928.0,970.0,1008.0,941.0,952.0,1004.0,1004.0,955.0,1013.0,999.0,1031.0,997.0,999.0,1060.0,962.0,1006.0,1000.0,976.0,1020.0,1136.0,1157.0,1135.0,1122.0,1149.0,1171.0,1131.0,1120.0,1172.0,1131.0,1050.0,1087.0,1057.0,1085.0,1079.0,1100.0,1101.0,1080.0,1056.0,1096.0,994.0,968.0,961.0,996.0,930.0,943.0,981.0,988.0,950.0,955.0,907.0,905.0,935.0,885.0,892.0,970.0,967.0,920.0,940.0,853.0,1131.0,1167.0,1132.0,1132.0,1151.0,1100.0,1110.0,1086.0,1124.0,1152.0,898.0,890.0,896.0,910.0,876.0,848.0,873.0,916.0,890.0,872.0
144,777.0,759.0,811.0,787.0,778.0,759.0,797.0,807.0,761.0,770.0,962.0,977.0,970.0,928.0,959.0,927.0,984.0,965.0,950.0,984.0,980.0,935.0,963.0,1021.0,943.0,922.0,990.0,981.0,1045.0,981.0,1022.0,1034.0,1057.0,1036.0,988.0,988.0,1024.0,986.0,986.0,1040.0,1169.0,1140.0,1116.0,1144.0,1150.0,1169.0,1075.0,1139.0,1120.0,1149.0,1064.0,1110.0,1063.0,1073.0,1047.0,1087.0,1074.0,1085.0,1093.0,1061.0,973.0,1008.0,940.0,933.0,945.0,983.0,970.0,993.0,964.0,920.0,867.0,919.0,892.0,922.0,928.0,895.0,937.0,890.0,929.0,922.0,1074.0,1095.0,1107.0,1114.0,1147.0,1123.0,1097.0,1109.0,1121.0,1109.0,930.0,882.0,965.0,910.0,975.0,951.0,909.0,920.0,884.0,905.0
145,794.0,813.0,754.0,742.0,753.0,755.0,757.0,774.0,720.0,729.0,975.0,884.0,941.0,953.0,901.0,953.0,999.0,939.0,928.0,956.0,987.0,1007.0,1008.0,954.0,979.0,967.0,935.0,989.0,1022.0,977.0,1022.0,1019.0,1035.0,1020.0,1038.0,1030.0,1005.0,1038.0,1019.0,1043.0,1139.0,1112.0,1137.0,1182.0,1177.0,1121.0,1154.0,1151.0,1173.0,1151.0,1075.0,1055.0,1102.0,1095.0,1085.0,1090.0,1129.0,1100.0,1035.0,1112.0,943.0,1009.0,945.0,936.0,999.0,999.0,958.0,971.0,966.0,939.0,901.0,935.0,892.0,949.0,898.0,886.0,898.0,904.0,963.0,914.0,1067.0,1132.0,1138.0,1126.0,1131.0,1115.0,1116.0,1069.0,1108.0,1094.0,917.0,896.0,928.0,907.0,897.0,889.0,902.0,941.0,917.0,924.0
146,778.0,780.0,724.0,774.0,778.0,785.0,810.0,819.0,721.0,777.0,942.0,924.0,969.0,919.0,975.0,920.0,970.0,948.0,960.0,934.0,996.0,943.0,994.0,974.0,989.0,963.0,971.0,980.0,1007.0,963.0,1021.0,1040.0,1003.0,1039.0,994.0,1010.0,1008.0,1028.0,995.0,1043.0,1091.0,1176.0,1162.0,1146.0,1114.0,1137.0,1139.0,1115.0,1132.0,1189.0,1064.0,1057.0,1093.0,1109.0,1043.0,1105.0,1112.0,1085.0,1091.0,1113.0,972.0,975.0,981.0,986.0,985.0,917.0,961.0,963.0,987.0,930.0,913.0,960.0,890.0,922.0,943.0,941.0,908.0,914.0,907.0,867.0,1114.0,1136.0,1138.0,1101.0,1122.0,1148.0,1096.0,1110.0,1156.0,1091.0,933.0,869.0,922.0,894.0,920.0,878.0,879.0,918.0,891.0,929.0
147,751.0,778.0,777.0,787.0,774.0,733.0,738.0,747.0,758.0,732.0,954.0,887.0,973.0,954.0,925.0,949.0,961.0,957.0,954.0,975.0,998.0,964.0,996.0,1019.0,979.0,981.0,1003.0,965.0,952.0,966.0,997.0,1038.0,1001.0,977.0,993.0,1014.0,1021.0,1030.0,1059.0,1030.0,1156.0,1114.0,1138.0,1144.0,1220.0,1110.0,1154.0,1162.0,1152.0,1134.0,1035.0,1040.0,1089.0,1075.0,1097.0,1037.0,1092.0,1096.0,1089.0,1093.0,973.0,1001.0,962.0,969.0,985.0,964.0,983.0,952.0,966.0,999.0,878.0,969.0,902.0,947.0,886.0,939.0,880.0,973.0,902.0,920.0,1135.0,1149.0,1091.0,1127.0,1110.0,1154.0,1114.0,1102.0,1102.0,1088.0,945.0,923.0,949.0,867.0,892.0,923.0,905.0,893.0,914.0,897.0
148,781.0,789.0,746.0,801.0,723.0,757.0,785.0,832.0,787.0,773.0,924.0,940.0,970.0,964.0,984.0,934.0,971.0,938.0,999.0,1000.0,988.0,969.0,957.0,968.0,964.0,945.0,971.0,955.0,967.0,964.0,1043.0,1051.0,1043.0,1012.0,1005.0,1009.0,977.0,1071.0,976.0,1009.0,1120.0,1147.0,1125.0,1132.0,1153.0,1171.0,1158.0,1143.0,1189.0,1170.0,1066.0,1021.0,1102.0,1079.0,1132.0,1052.0,1093.0,1078.0,1099.0,1043.0,958.0,988.0,950.0,950.0,940.0,959.0,912.0,1008.0,959.0,977.0,913.0,937.0,913.0,934.0,938.0,928.0,921.0,893.0,902.0,927.0,1123.0,1098.0,1106.0,1141.0,1138.0,1145.0,1145.0,1088.0,1123.0,1079.0,908.0,927.0,966.0,887.0,881.0,902.0,917.0,872.0,845.0,894.0
149,764.0,769.0,694.0,769.0,812.0,787.0,779.0,793.0,816.0,794.0,923.0,905.0,989.0,947.0,981.0,951.0,965.0,967.0,977.0,962.0,976.0,959.0,1067.0,960.0,915.0,965.0,988.0,981.0,931.0,946.0,1008.0,1070.0,1067.0,1028.0,1021.0,1035.0,1000.0,1044.0,1035.0,1009.0,1124.0,1145.0,1120.0,1127.0,1175.0,1156.0,1112.0,1123.0,1180.0,1103.0,1089.0,1092.0,1079.0,1045.0,1105.0,1074.0,1089.0,1051.0,1067.0,1079.0,999.0,990.0,934.0,967.0,927.0,930.0,938.0,982.0,933.0,1006.0,896.0,875.0,912.0,936.0,906.0,897.0,940.0,938.0,856.0,918.0,1110.0,1121.0,1102.0,1149.0,1123.0,1105.0,1100.0,1102.0,1141.0,1112.0,936.0,940.0,909.0,943.0,893.0,904.0,942.0,900.0,910.0,910.0
150,768.0,711.0,770.0,768.0,771.0,808.0,763.0,799.0,770.0,737.0,932.0,973.0,944.0,986.0,945.0,932.0,926.0,971.0,903.0,946.0,963.0,1040.0,994.0,997.0,984.0,991.0,967.0,977.0,986.0,935.0,1018.0,1031.0,1016.0,1011.0,1062.0,1000.0,1030.0,1038.0,1039.0,1017.0,1138.0,1108.0,1112.0,1137.0,1143.0,1137.0,1154.0,1085.0,1137.0,1132.0,1076.0,1104.0,1123.0,1090.0,1106.0,1092.0,1123.0,1146.0,1085.0,1073.0,979.0,993.0,994.0,957.0,1007.0,959.0,980.0,997.0,992.0,975.0,913.0,850.0,906.0,932.0,879.0,903.0,861.0,876.0,901.0,903.0,1160.0,1133.0,1102.0,1112.0,1102.0,1073.0,1160.0,1108.0,1101.0,1168.0,875.0,920.0,914.0,881.0,858.0,912.0,884.0,884.0,934.0,949.0
151,707.0,791.0,770.0,727.0,790.0,782.0,836.0,755.0,796.0,775.0,942.0,947.0,966.0,958.0,996.0,985.0,967.0,940.0,990.0,981.0,969.0,1004.0,982.0,1063.0,997.0,967.0,958.0,975.0,928.0,968.0,1042.0,1019.0,1020.0,999.0,994.0,985.0,1009.0,1034.0,1014.0,1044.0,1185.0,1146.0,1092.0,1132.0,1152.0,1144.0,1147.0,1124.0,1130.0,1108.0,1069.0,1088.0,1103.0,1090.0,1088.0,1044.0,1050.0,1061.0,1071.0,1068.0,956.0,927.0,1003.0,919.0,983.0,968.0,949.0,966.0,992.0,922.0,884.0,893.0,893.0,946.0,917.0,911.0,920.0,909.0,936.0,906.0,1176.0,1116.0,1133.0,1115.0,1102.0,1116.0,1110.0,1159.0,1081.0,1118.0,883.0,933.0,915.0,920.0,841.0,907.0,906.0,957.0,914.0,948.0
152,746.0,796.0,820.0,756.0,773.0,770.0,746.0,756.0,733.0,748.0,938.0,946.0,977.0,923.0,935.0,962.0,927.0,954.0,960.0,986.0,963.0,979.0,986.0,961.0,988.0,997.0,992.0,981.0,945.0,968.0,992.0,1035.0,998.0,991.0,1034.0,974.0,1053.0,1026.0,1029.0,993.0,1173.0,1136.0,1123.0,1189.0,1120.0,1110.0,1120.0,1119.0,1148.0,1159.0,1091.0,1081.0,1109.0,1132.0,1061.0,1089.0,1088.0,1115.0,1080.0,1086.0,934.0,947.0,957.0,941.0,998.0,988.0,1013.0,976.0,1001.0,979.0,928.0,896.0,919.0,928.0,922.0,896.0,879.0,886.0,894.0,913.0,1115.0,1115.0,1077.0,1094.0,1105.0,1115.0,1127.0,1124.0,1170.0,1079.0,933.0,935.0,917.0,950.0,928.0,910.0,906.0,942.0,888.0,928.0
153,787.0,766.0,770.0,756.0,755.0,774.0,769.0,788.0,780.0,811.0,959.0,987.0,969.0,965.0,959.0,974.0,995.0,979.0,971.0,933.0,947.0,974.0,978.0,1001.0,973.0,1000.0,1039.0,982.0,952.0,962.0,1010.0,992.0,1021.0,1008.0,1021.0,998.0,1005.0,1006.0,1015.0,1054.0,1136.0,1162.0,1165.0,1139.0,1151.0,1156.0,1154.0,1123.0,1164.0,1081.0,1067.0,1096.0,1105.0,1035.0,1074.0,1084.0,1011.0,1091.0,1100.0,1044.0,958.0,945.0,945.0,1016.0,979.0,937.0,906.0,989.0,925.0,957.0,926.0,904.0,908.0,941.0,959.0,879.0,932.0,938.0,901.0,940.0,1107.0,1111.0,1097.0,1107.0,1091.0,1068.0,1117.0,1087.0,1133.0,1126.0,919.0,929.0,925.0,898.0,904.0,943.0,924.0,900.0,906.0,935.0
154,758.0,796.0,776.0,803.0,778.0,784.0,723.0,784.0,738.0,806.0,966.0,944.0,967.0,972.0,972.0,1006.0,957.0,957.0,944.0,971.0,975.0,969.0,943.0,939.0,1011.0,975.0,974.0,988.0,953.0,990.0,1012.0,987.0,1024.0,1087.0,1006.0,984.0,1041.0,1032.0,1007.0,1012.0,1140.0,1148.0,1157.0,1152.0,1169.0,1114.0,1124.0,1136.0,1148.0,1096.0,1103.0,1093.0,1139.0,1040.0,1096.0,1027.0,1123.0,1124.0,1093.0,1027.0,956.0,944.0,999.0,969.0,979.0,937.0,941.0,960.0,937.0,935.0,883.0,906.0,912.0,906.0,877.0,922.0,909.0,905.0,906.0,989.0,1124.0,1115.0,1049.0,1095.0,1069.0,1159.0,1140.0,1110.0,1161.0,1122.0,897.0,967.0,917.0,903.0,910.0,906.0,917.0,886.0,956.0,900.0
155,767.0,772.0,768.0,768.0,812.0,749.0,756.0,769.0,795.0,741.0,940.0,954.0,998.0,967.0,946.0,983.0,951.0,928.0,951.0,923.0,987.0,992.0,944.0,1013.0,997.0,899.0,977.0,998.0,996.0,958.0,1008.0,1062.0,1014.0,1049.0,1018.0,1026.0,969.0,1061.0,980.0,1000.0,1146.0,1115.0,1187.0,1105.0,1039.0,1143.0,1160.0,1122.0,1203.0,1237.0,1105.0,1022.0,1076.0,1090.0,1095.0,1110.0,1148.0,1122.0,1107.0,1084.0,922.0,991.0,939.0,939.0,1035.0,967.0,944.0,935.0,908.0,981.0,938.0,909.0,958.0,881.0,906.0,917.0,903.0,928.0,821.0,882.0,1138.0,1139.0,1111.0,1100.0,1132.0,1138.0,1102.0,1116.0,1185.0,1139.0,862.0,916.0,886.0,956.0,890.0,877.0,936.0,902.0,890.0,894.0
156,779.0,775.0,794.0,782.0,755.0,749.0,780.0,763.0,724.0,780.0,969.0,986.0,914.0,971.0,950.0,924.0,941.0,937.0,994.0,924.0,921.0,957.0,1007.0,986.0,1005.0,970.0,943.0,1016.0,940.0,954.0,1015.0,1019.0,1044.0,996.0,997.0,1027.0,1005.0,1006.0,1036.0,1029.0,1129.0,1148.0,1134.0,1137.0,1142.0,1156.0,1159.0,1141.0,1167.0,1145.0,1077.0,1070.0,1117.0,1094.0,1060.0,1101.0,1103.0,1108.0,1077.0,1110.0,992.0,962.0,960.0,976.0,1023.0,929.0,960.0,949.0,945.0,964.0,924.0,900.0,905.0,912.0,895.0,905.0,898.0,910.0,957.0,908.0,1116.0,1154.0,1073.0,1103.0,1158.0,1140.0,1108.0,1102.0,1085.0,1119.0,893.0,902.0,935.0,914.0,883.0,906.0,949.0,949.0,912.0,905.0
157,788.0,777.0,851.0,761.0,772.0,731.0,766.0,771.0,769.0,817.0,987.0,992.0,898.0,906.0,977.0,922.0,967.0,972.0,933.0,924.0,991.0,1014.0,1005.0,925.0,962.0,960.0,990.0,988.0,965.0,988.0,1009.0,956.0,1024.0,1040.0,985.0,1081.0,1030.0,997.0,1053.0,998.0,1068.0,1170.0,1155.0,1181.0,1169.0,1124.0,1100.0,1136.0,1142.0,1128.0,1086.0,1072.0,1094.0,1133.0,1095.0,1103.0,1053.0,1104.0,1100.0,1098.0,986.0,952.0,941.0,946.0,931.0,925.0,1005.0,993.0,958.0,957.0,884.0,899.0,898.0,931.0,888.0,947.0,906.0,885.0,922.0,913.0,1103.0,1092.0,1091.0,1174.0,1147.0,1114.0,1126.0,1115.0,1121.0,1136.0,917.0,950.0,929.0,865.0,941.0,897.0,906.0,919.0,876.0,879.0
158,753.0,746.0,774.0,775.0,780.0,746.0,744.0,761.0,771.0,775.0,950.0,1005.0,956.0,907.0,928.0,959.0,950.0,950.0,946.0,966.0,955.0,1043.0,944.0,1000.0,961.0,976.0,987.0,987.0,957.0,1000.0,1081.0,987.0,1001.0,1052.0,1048.0,1044.0,1043.0,1018.0,1013.0,985.0,1127.0,1142.0,1160.0,1151.0,1139.0,1129.0,1097.0,1148.0,1189.0,1133.0,1108.0,1047.0,1097.0,1109.0,1105.0,1013.0,1117.0,1123.0,1030.0,1100.0,924.0,924.0,976.0,927.0,944.0,995.0,961.0,982.0,975.0,909.0,921.0,960.0,960.0,945.0,930.0,854.0,921.0,914.0,968.0,929.0,1082.0,1086.0,1129.0,1086.0,1107.0,1167.0,1146.0,1091.0,1080.0,1135.0,917.0,937.0,888.0,910.0,927.0,920.0,881.0,905.0,914.0,906.0
159,774.0,751.0,757.0,777.0,738.0,769.0,735.0,783.0,779.0,764.0,1015.0,988.0,977.0,946.0,940.0,947.0,965.0,976.0,966.0,935.0,1001.0,944.0,943.0,976.0,1031.0,977.0,967.0,923.0,994.0,934.0,1036.0,1021.0,994.0,1055.0,1019.0,1046.0,1021.0,1076.0,1019.0,1038.0,1154.0,1137.0,1118.0,1136.0,1149.0,1147.0,1116.0,1147.0,1113.0,1152.0,1048.0,1129.0,1079.0,1085.0,1039.0,1029.0,1093.0,1087.0,1093.0,1141.0,926.0,978.0,1006.0,920.0,971.0,1009.0,1000.0,988.0,1004.0,952.0,871.0,919.0,932.0,914.0,925.0,880.0,925.0,926.0,886.0,904.0,1099.0,1115.0,1150.0,1132.0,1166.0,1095.0,1095.0,1101.0,1084.0,1120.0,894.0,892.0,928.0,923.0,889.0,907.0,932.0,872.0,911.0,894.0
160,781.0,761.0,738.0,742.0,770.0,746.0,815.0,737.0,774.0,786.0,1001.0,1006.0,986.0,949.0,927.0,920.0,979.0,917.0,975.0,896.0,929.0,988.0,977.0,949.0,963.0,1027.0,921.0,1021.0,1005.0,906.0,998.0,992.0,989.0,1048.0,1015.0,966.0,1008.0,995.0,1029.0,999.0,1144.0,1119.0,1180.0,1108.0,1123.0,1128.0,1130.0,1122.0,1144.0,1162.0,1082.0,1080.0,1054.0,1128.0,1107.0,1105.0,1091.0,1055.0,1052.0,1089.0,971.0,964.0,956.0,987.0,949.0,976.0,959.0,1017.0,977.0,972.0,925.0,927.0,944.0,901.0,935.0,902.0,867.0,947.0,911.0,935.0,1097.0,1129.0,1160.0,1106.0,1167.0,1150.0,1147.0,1125.0,1114.0,1139.0,892.0,908.0,897.0,947.0,911.0,884.0,932.0,943.0,870.0,949.0
161,757.0,781.0,812.0,745.0,762.0,773.0,772.0,740.0,754.0,777.0,899.0,955.0,953.0,973.0,937.0,933.0,965.0,917.0,941.0,956.0,949.0,928.0,947.0,1013.0,984.0,960.0,928.0,998.0,995.0,1014.0,997.0,1034.0,1042.0,1004.0,1024.0,980.0,980.0,997.0,1079.0,1053.0,1155.0,1174.0,1142.0,1156.0,1207.0,1153.0,1200.0,1113.0,1104.0,1118.0,1104.0,1072.0,1090.0,1099.0,1099.0,1067.0,1090.0,1063.0,1096.0,1043.0,959.0,969.0,955.0,960.0,918.0,941.0,941.0,986.0,947.0,962.0,925.0,922.0,948.0,864.0,857.0,862.0,919.0,913.0,883.0,941.0,1152.0,1108.0,1077.0,1135.0,1123.0,1178.0,1143.0,1194.0,1118.0,1062.0,921.0,931.0,918.0,914.0,950.0,955.0,908.0,956.0,934.0,913.0
162,777.0,750.0,794.0,756.0,817.0,754.0,785.0,788.0,774.0,768.0,924.0,966.0,1023.0,899.0,950.0,947.0,963.0,947.0,986.0,987.0,988.0,998.0,994.0,1012.0,998.0,958.0,912.0,999.0,983.0,948.0,1016.0,1041.0,1021.0,1039.0,1036.0,1046.0,1056.0,943.0,1049.0,1041.0,1115.0,1150.0,1122.0,1109.0,1085.0,1110.0,1147.0,1122.0,1131.0,1137.0,1126.0,1089.0,1070.0,1050.0,1131.0,1140.0,1067.0,1086.0,1124.0,1079.0,932.0,975.0,954.0,952.0,988.0,966.0,967.0,965.0,917.0,952.0,886.0,868.0,912.0,935.0,880.0,907.0,869.0,921.0,856.0,875.0,1151.0,1104.0,1106.0,1144.0,1072.0,1058.0,1142.0,1173.0,1139.0,1160.0,901.0,931.0,892.0,968.0,908.0,917.0,938.0,934.0,889.0,890.0
163,765.0,783.0,786.0,775.0,734.0,743.0,792.0,748.0,770.0,780.0,935.0,953.0,991.0,987.0,1032.0,968.0,946.0,944.0,974.0,973.0,971.0,973.0,960.0,1028.0,973.0,1034.0,975.0,996.0,999.0,890.0,996.0,1119.0,1056.0,994.0,1040.0,1030.0,1013.0,1028.0,1009.0,1010.0,1081.0,1149.0,1108.0,1154.0,1136.0,1099.0,1160.0,1154.0,1173.0,1189.0,1139.0,1049.0,1065.0,1022.0,1051.0,1079.0,1084.0,1096.0,1083.0,1091.0,981.0,966.0,978.0,976.0,957.0,970.0,952.0,953.0,989.0,939.0,883.0,905.0,916.0,858.0,954.0,913.0,857.0,885.0,871.0,924.0,1151.0,1067.0,1093.0,1119.0,1097.0,1041.0,1123.0,1156.0,1086.0,1133.0,914.0,908.0,939.0,953.0,892.0,930.0,945.0,914.0,894.0,906.0
164,770.0,786.0,778.0,747.0,757.0,721.0,742.0,772.0,775.0,834.0,943.0,1017.0,933.0,982.0,951.0,936.0,965.0,938.0,995.0,979.0,987.0,988.0,986.0,968.0,977.0,988.0,1004.0,994.0,1008.0,944.0,1045.0,1015.0,951.0,1023.0,1035.0,1062.0,1048.0,1003.0,1017.0,984.0,1137.0,1139.0,1169.0,1154.0,1138.0,1154.0,1126.0,1157.0,1067.0,1134.0,1116.0,1046.0,1102.0,1082.0,1061.0,1049.0,1112.0,1109.0,1113.0,1123.0,933.0,952.0,1010.0,962.0,978.0,963.0,901.0,940.0,961.0,939.0,894.0,949.0,932.0,878.0,893.0,912.0,893.0,946.0,882.0,886.0,1110.0,1113.0,1108.0,1130.0,1152.0,1119.0,1153.0,1099.0,1121.0,1073.0,881.0,869.0,921.0,939.0,923.0,901.0,901.0,917.0,911.0,944.0
165,812.0,755.0,785.0,812.0,796.0,772.0,745.0,777.0,753.0,799.0,912.0,1006.0,975.0,912.0,905.0,901.0,945.0,955.0,982.0,938.0,976.0,956.0,976.0,1006.0,969.0,1018.0,959.0,981.0,980.0,1014.0,999.0,985.0,1046.0,1034.0,1036.0,974.0,1012.0,1020.0,995.0,959.0,1131.0,1101.0,1104.0,1147.0,1083.0,1131.0,1102.0,1162.0,1174.0,1101.0,1079.0,1108.0,1083.0,1083.0,1084.0,1115.0,1060.0,1082.0,1146.0,1110.0,946.0,973.0,1015.0,954.0,1004.0,969.0,1002.0,960.0,923.0,979.0,918.0,934.0,917.0,912.0,954.0,874.0,928.0,871.0,907.0,899.0,1138.0,1157.0,1110.0,1086.0,1103.0,1149.0,1147.0,1133.0,1094.0,1129.0,906.0,898.0,880.0,923.0,936.0,899.0,947.0,931.0,893.0,913.0
166,785.0,819.0,771.0,790.0,782.0,773.0,774.0,787.0,771.0,794.0,933.0,978.0,938.0,988.0,939.0,982.0,954.0,971.0,992.0,924.0,962.0,962.0,964.0,970.0,978.0,968.0,963.0,954.0,1022.0,966.0,1072.0,997.0,1043.0,1040.0,1054.0,990.0,1030.0,1028.0,1063.0,1018.0,1127.0,1117.0,1150.0,1062.0,1155.0,1095.0,1127.0,1121.0,1112.0,1133.0,1069.0,1079.0,1140.0,1137.0,1058.0,1162.0,1059.0,1080.0,1034.0,1128.0,964.0,959.0,963.0,947.0,977.0,899.0,964.0,994.0,945.0,991.0,911.0,927.0,878.0,942.0,949.0,930.0,966.0,915.0,931.0,876.0,1099.0,1113.0,1152.0,1089.0,1050.0,1124.0,1102.0,1090.0,1104.0,1126.0,899.0,927.0,887.0,908.0,932.0,878.0,911.0,936.0,876.0,884.0
167,804.0,798.0,755.0,798.0,762.0,794.0,795.0,779.0,746.0,786.0,908.0,967.0,975.0,952.0,1003.0,934.0,934.0,997.0,950.0,947.0,943.0,955.0,1003.0,988.0,952.0,974.0,1003.0,989.0,1007.0,982.0,1075.0,968.0,1067.0,1021.0,1032.0,1026.0,1061.0,1014.0,1005.0,1033.0,1108.0,1173.0,1094.0,1134.0,1176.0,1102.0,1127.0,1162.0,1162.0,1151.0,1058.0,1086.0,1076.0,1111.0,1118.0,1053.0,1073.0,1058.0,1062.0,1075.0,988.0,916.0,967.0,986.0,959.0,997.0,956.0,934.0,977.0,899.0,936.0,923.0,875.0,903.0,903.0,900.0,896.0,938.0,891.0,938.0,1085.0,1166.0,1139.0,1086.0,1087.0,1099.0,1119.0,1080.0,1144.0,1134.0,922.0,926.0,935.0,896.0,878.0,927.0,888.0,928.0,903.0,895.0
168,769.0,782.0,778.0,768.0,770.0,814.0,778.0,780.0,709.0,770.0,954.0,952.0,937.0,976.0,979.0,938.0,938.0,967.0,967.0,962.0,1009.0,945.0,1003.0,1006.0,951.0,963.0,932.0,998.0,983.0,966.0,1017.0,1079.0,1024.0,971.0,1040.0,981.0,1053.0,1077.0,1043.0,975.0,1160.0,1144.0,1173.0,1163.0,1156.0,1180.0,1186.0,1107.0,1141.0,1140.0,1089.0,1076.0,1041.0,1094.0,1078.0,1077.0,1085.0,1055.0,1029.0,1069.0,968.0,945.0,979.0,956.0,986.0,953.0,941.0,962.0,1003.0,955.0,903.0,939.0,934.0,886.0,907.0,882.0,914.0,901.0,902.0,920.0,1066.0,1112.0,1105.0,1134.0,1090.0,1137.0,1099.0,1116.0,1148.0,1133.0,893.0,904.0,911.0,919.0,914.0,882.0,925.0,917.0,921.0,952.0
169,793.0,807.0,720.0,778.0,760.0,815.0,827.0,767.0,720.0,790.0,972.0,962.0,957.0,925.0,1005.0,948.0,957.0,939.0,995.0,945.0,971.0,951.0,963.0,992.0,957.0,976.0,969.0,959.0,1033.0,1004.0,995.0,1044.0,1028.0,1058.0,1007.0,998.0,1013.0,1036.0,1014.0,997.0,1130.0,1136.0,1105.0,1142.0,1151.0,1131.0,1156.0,1193.0,1158.0,1172.0,1115.0,1077.0,1116.0,1115.0,1042.0,1046.0,1022.0,1117.0,1079.0,1098.0,947.0,991.0,1008.0,977.0,956.0,947.0,938.0,951.0,937.0,943.0,845.0,908.0,909.0,893.0,945.0,901.0,956.0,945.0,892.0,881.0,1123.0,1127.0,1140.0,1075.0,1161.0,1156.0,1129.0,1109.0,1110.0,1066.0,937.0,876.0,935.0,918.0,886.0,891.0,887.0,858.0,903.0,946.0
170,707.0,758.0,803.0,747.0,760.0,765.0,779.0,773.0,727.0,772.0,932.0,959.0,917.0,990.0,961.0,941.0,967.0,916.0,954.0,942.0,951.0,1002.0,1007.0,1033.0,975.0,971.0,977.0,1024.0,917.0,981.0,1010.0,1023.0,1032.0,1033.0,1022.0,1035.0,1005.0,1046.0,1013.0,1029.0,1184.0,1098.0,1112.0,1171.0,1158.0,1085.0,1173.0,1109.0,1205.0,1158.0,1131.0,1124.0,1047.0,1066.0,1022.0,1089.0,1044.0,1024.0,1117.0,1062.0,947.0,988.0,962.0,925.0,979.0,994.0,885.0,977.0,947.0,968.0,930.0,927.0,932.0,908.0,855.0,866.0,932.0,915.0,911.0,913.0,1140.0,1073.0,1137.0,1149.0,1163.0,1145.0,1136.0,1165.0,1132.0,1126.0,888.0,928.0,937.0,844.0,973.0,918.0,956.0,927.0,913.0,892.0
171,780.0,757.0,728.0,756.0,769.0,810.0,729.0,736.0,778.0,764.0,979.0,963.0,934.0,957.0,1020.0,930.0,939.0,935.0,985.0,986.0,943.0,1019.0,960.0,985.0,1002.0,994.0,973.0,974.0,941.0,975.0,1025.0,1020.0,1062.0,1022.0,1024.0,1013.0,1016.0,1004.0,1052.0,1012.0,1104.0,1109.0,1217.0,1171.0,1091.0,1092.0,1158.0,1148.0,1136.0,1146.0,1063.0,1068.0,1082.0,1070.0,1110.0,1070.0,1082.0,1063.0,1065.0,1086.0,982.0,945.0,960.0,959.0,893.0,979.0,959.0,993.0,976.0,929.0,909.0,948.0,969.0,926.0,901.0,870.0,956.0,940.0,861.0,937.0,1130.0,1086.0,1137.0,1135.0,1131.0,1154.0,1111.0,1141.0,1103.0,1124.0,909.0,968.0,827.0,885.0,928.0,899.0,930.0,941.0,942.0,881.0
172,754.0,777.0,769.0,748.0,771.0,775.0,755.0,746.0,792.0,773.0,941.0,945.0,963.0,997.0,919.0,892.0,967.0,996.0,951.0,944.0,960.0,988.0,1003.0,941.0,979.0,1007.0,994.0,1015.0,988.0,963.0,998.0,1038.0,1052.0,1012.0,1072.0,1035.0,1008.0,1003.0,977.0,987.0,1171.0,1133.0,1103.0,1141.0,1157.0,1140.0,1164.0,1147.0,1164.0,1180.0,1035.0,1096.0,1053.0,1118.0,1075.0,1076.0,1066.0,1072.0,1056.0,1061.0,983.0,951.0,1002.0,997.0,945.0,924.0,951.0,983.0,965.0,980.0,909.0,885.0,885.0,898.0,942.0,910.0,897.0,917.0,918.0,912.0,1126.0,1132.0,1132.0,1090.0,1110.0,1149.0,1128.0,1083.0,1096.0,1125.0,945.0,937.0,915.0,924.0,899.0,901.0,921.0,915.0,935.0,915.0
173,766.0,772.0,738.0,764.0,719.0,803.0,753.0,751.0,727.0,752.0,945.0,942.0,915.0,971.0,1020.0,921.0,954.0,997.0,910.0,949.0,999.0,1012.0,1056.0,989.0,1009.0,1005.0,989.0,966.0,981.0,1009.0,982.0,1035.0,1033.0,997.0,1030.0,1000.0,1003.0,1060.0,1030.0,997.0,1159.0,1111.0,1166.0,1128.0,1109.0,1136.0,1139.0,1117.0,1140.0,1183.0,1077.0,1072.0,1078.0,1079.0,1088.0,1117.0,1113.0,1128.0,1098.0,1063.0,1019.0,983.0,984.0,1007.0,933.0,964.0,958.0,963.0,1019.0,981.0,887.0,889.0,921.0,878.0,954.0,870.0,908.0,920.0,958.0,924.0,1109.0,1117.0,1101.0,1122.0,1142.0,1107.0,1129.0,1065.0,1094.0,1076.0,878.0,949.0,882.0,931.0,863.0,887.0,904.0,910.0,885.0,906.0
174,777.0,750.0,789.0,763.0,754.0,796.0,791.0,725.0,801.0,748.0,962.0,959.0,935.0,939.0,914.0,956.0,906.0,1000.0,957.0,902.0,957.0,954.0,990.0,998.0,979.0,955.0,987.0,983.0,950.0,1002.0,1016.0,981.0,1005.0,1058.0,997.0,1052.0,995.0,1033.0,974.0,1063.0,1131.0,1177.0,1090.0,1160.0,1194.0,1158.0,1166.0,1152.0,1177.0,1163.0,1069.0,1081.0,1067.0,1075.0,1042.0,1043.0,1096.0,1129.0,1026.0,1064.0,973.0,1007.0,960.0,930.0,1004.0,924.0,971.0,941.0,937.0,981.0,899.0,891.0,969.0,884.0,925.0,910.0,901.0,882.0,936.0,944.0,1134.0,1150.0,1154.0,1132.0,1124.0,1110.0,1152.0,1118.0,1158.0,1080.0,904.0,927.0,918.0,924.0,933.0,905.0,882.0,908.0,928.0,893.0
175,774.0,780.0,788.0,816.0,776.0,702.0,753.0,775.0,761.0,749.0,936.0,947.0,955.0,974.0,946.0,921.0,938.0,1000.0,915.0,934.0,979.0,989.0,999.0,984.0,963.0,965.0,965.0,930.0,980.0,983.0,1024.0,1013.0,1012.0,996.0,1011.0,1066.0,1065.0,1078.0,1023.0,1057.0,1059.0,1119.0,1150.0,1163.0,1113.0,1149.0,1122.0,1122.0,1115.0,1122.0,1104.0,1132.0,1075.0,1071.0,1072.0,1113.0,1084.0,1057.0,1067.0,1089.0,981.0,1013.0,980.0,955.0,971.0,980.0,967.0,958.0,1001.0,993.0,917.0,895.0,933.0,873.0,916.0,880.0,904.0,885.0,937.0,905.0,1133.0,1094.0,1109.0,1076.0,1136.0,1130.0,1140.0,1193.0,1141.0,1103.0,916.0,895.0,877.0,959.0,965.0,896.0,909.0,870.0,906.0,906.0
176,749.0,765.0,789.0,809.0,806.0,755.0,720.0,787.0,754.0,754.0,973.0,942.0,958.0,940.0,924.0,953.0,1055.0,961.0,918.0,966.0,958.0,1006.0,953.0,990.0,982.0,934.0,961.0,927.0,1001.0,938.0,1050.0,974.0,1056.0,1027.0,1015.0,1053.0,1019.0,1005.0,1088.0,1062.0,1131.0,1175.0,1146.0,1114.0,1125.0,1089.0,1139.0,1162.0,1121.0,1171.0,1065.0,1086.0,1049.0,1079.0,1094.0,1092.0,1062.0,1081.0,1054.0,1100.0,992.0,969.0,973.0,951.0,975.0,937.0,970.0,952.0,964.0,907.0,888.0,865.0,937.0,955.0,876.0,892.0,883.0,875.0,899.0,885.0,1107.0,1182.0,1091.0,1117.0,1143.0,1143.0,1102.0,1161.0,1143.0,1149.0,911.0,907.0,929.0,888.0,932.0,953.0,934.0,956.0,903.0,902.0
177,796.0,764.0,814.0,783.0,853.0,814.0,738.0,752.0,789.0,754.0,987.0,988.0,975.0,933.0,929.0,943.0,975.0,950.0,938.0,926.0,932.0,991.0,988.0,969.0,1023.0,994.0,967.0,950.0,958.0,965.0,1066.0,1028.0,1034.0,1016.0,1021.0,973.0,1030.0,1043.0,1053.0,1023.0,1125.0,1182.0,1124.0,1168.0,1072.0,1139.0,1115.0,1128.0,1091.0,1104.0,1081.0,1056.0,1062.0,1048.0,1078.0,1033.0,1075.0,1126.0,1111.0,1092.0,944.0,971.0,919.0,978.0,949.0,973.0,995.0,921.0,958.0,966.0,889.0,865.0,910.0,940.0,867.0,910.0,903.0,931.0,907.0,916.0,1082.0,1115.0,1137.0,1100.0,1153.0,1112.0,1107.0,1140.0,1151.0,1137.0,924.0,910.0,920.0,936.0,932.0,915.0,941.0,924.0,890.0,951.0
178,751.0,813.0,756.0,802.0,783.0,767.0,764.0,817.0,773.0,748.0,991.0,922.0,941.0,960.0,920.0,955.0,975.0,962.0,958.0,958.0,935.0,1022.0,992.0,953.0,980.0,973.0,923.0,1012.0,953.0,972.0,1071.0,983.0,1033.0,984.0,1057.0,1039.0,1031.0,1026.0,987.0,1039.0,1132.0,1113.0,1156.0,1102.0,1135.0,1152.0,1110.0,1131.0,1107.0,1152.0,1059.0,1070.0,1125.0,1052.0,1091.0,1050.0,1078.0,1092.0,1098.0,1123.0,946.0,951.0,950.0,972.0,960.0,970.0,974.0,928.0,949.0,945.0,905.0,935.0,904.0,949.0,929.0,899.0,936.0,871.0,939.0,913.0,1133.0,1133.0,1116.0,1156.0,1068.0,1111.0,1124.0,1127.0,1189.0,1097.0,900.0,932.0,907.0,944.0,956.0,892.0,933.0,900.0,892.0,886.0
179,731.0,799.0,787.0,801.0,749.0,757.0,764.0,753.0,758.0,789.0,980.0,949.0,932.0,932.0,979.0,938.0,914.0,967.0,950.0,931.0,984.0,974.0,1016.0,982.0,959.0,947.0,976.0,979.0,931.0,985.0,1043.0,1006.0,1009.0,1012.0,1080.0,1073.0,1008.0,1061.0,1013.0,1041.0,1132.0,1161.0,1110.0,1143.0,1168.0,1138.0,1164.0,1102.0,1152.0,1136.0,1099.0,1107.0,1118.0,1105.0,1067.0,1063.0,1107.0,1069.0,1079.0,1076.0,933.0,966.0,955.0,917.0,977.0,959.0,970.0,1012.0,946.0,1038.0,903.0,890.0,986.0,940.0,890.0,905.0,902.0,928.0,926.0,902.0,1103.0,1149.0,1067.0,1129.0,1119.0,1128.0,1111.0,1119.0,1189.0,1078.0,912.0,872.0,903.0,912.0,887.0,899.0,932.0,879.0,897.0,857.0
180,760.0,804.0,776.0,810.0,774.0,795.0,744.0,763.0,735.0,772.0,965.0,929.0,951.0,910.0,969.0,980.0,966.0,939.0,964.0,930.0,976.0,969.0,953.0,978.0,978.0,950.0,927.0,989.0,969.0,964.0,1026.0,1052.0,1039.0,1026.0,945.0,1010.0,1017.0,1022.0,1040.0,1061.0,1178.0,1152.0,1134.0,1078.0,1121.0,1160.0,1191.0,1178.0,1158.0,1158.0,1057.0,1071.0,1114.0,1092.0,1069.0,1081.0,1100.0,1086.0,1049.0,1100.0,967.0,957.0,928.0,986.0,992.0,966.0,950.0,979.0,963.0,945.0,910.0,888.0,953.0,887.0,931.0,892.0,919.0,869.0,891.0,880.0,1114.0,1108.0,1116.0,1139.0,1161.0,1082.0,1133.0,1133.0,1116.0,1112.0,865.0,946.0,919.0,970.0,937.0,892.0,897.0,907.0,956.0,912.0
181,775.0,760.0,768.0,805.0,787.0,809.0,752.0,785.0,754.0,766.0,942.0,1015.0,937.0,961.0,922.0,898.0,916.0,924.0,987.0,954.0,911.0,993.0,1037.0,965.0,1009.0,955.0,992.0,982.0,992.0,943.0,1047.0,1008.0,1034.0,1062.0,989.0,1042.0,1010.0,987.0,1026.0,1052.0,1137.0,1113.0,1146.0,1145.0,1172.0,1100.0,1144.0,1139.0,1118.0,1172.0,1060.0,1103.0,1073.0,1096.0,1076.0,1111.0,1105.0,1144.0,1122.0,1036.0,1026.0,985.0,973.0,937.0,954.0,922.0,986.0,990.0,989.0,956.0,921.0,860.0,891.0,904.0,921.0,899.0,911.0,908.0,915.0,902.0,1094.0,1109.0,1109.0,1111.0,1140.0,1131.0,1171.0,1110.0,1039.0,1148.0,907.0,929.0,916.0,891.0,905.0,943.0,854.0,895.0,902.0,903.0
182,773.0,751.0,791.0,748.0,799.0,804.0,741.0,777.0,788.0,750.0,958.0,927.0,939.0,997.0,928.0,954.0,925.0,957.0,967.0,985.0,967.0,991.0,998.0,951.0,939.0,982.0,962.0,984.0,968.0,986.0,981.0,1072.0,1033.0,1063.0,1035.0,1027.0,1002.0,1040.0,1025.0,1025.0,1180.0,1144.0,1100.0,1138.0,1128.0,1130.0,1160.0,1118.0,1174.0,1126.0,1052.0,1076.0,1079.0,1048.0,1097.0,1048.0,1092.0,1053.0,1022.0,1072.0,987.0,988.0,949.0,919.0,961.0,957.0,989.0,955.0,945.0,980.0,922.0,889.0,924.0,944.0,938.0,882.0,922.0,926.0,925.0,900.0,1085.0,1119.0,1140.0,1143.0,1125.0,1117.0,1143.0,1130.0,1127.0,1123.0,915.0,916.0,935.0,924.0,927.0,910.0,903.0,928.0,904.0,885.0
183,771.0,744.0,735.0,758.0,723.0,781.0,795.0,762.0,754.0,772.0,972.0,938.0,923.0,979.0,908.0,940.0,959.0,967.0,1000.0,1051.0,1003.0,961.0,1029.0,949.0,997.0,976.0,970.0,939.0,965.0,979.0,1026.0,1082.0,1013.0,1035.0,1051.0,977.0,1002.0,1006.0,1019.0,1053.0,1149.0,1166.0,1124.0,1129.0,1139.0,1192.0,1131.0,1136.0,1090.0,1104.0,1069.0,1048.0,1109.0,1093.0,1069.0,1063.0,1094.0,1088.0,1098.0,1067.0,975.0,971.0,959.0,1008.0,954.0,993.0,963.0,951.0,945.0,941.0,859.0,883.0,929.0,877.0,957.0,909.0,889.0,957.0,891.0,927.0,1085.0,1153.0,1116.0,1136.0,1143.0,1080.0,1126.0,1146.0,1144.0,1064.0,911.0,922.0,948.0,909.0,934.0,901.0,913.0,917.0,942.0,877.0
184,728.0,827.0,747.0,738.0,815.0,774.0,744.0,763.0,732.0,759.0,994.0,944.0,956.0,938.0,957.0,954.0,974.0,921.0,974.0,972.0,979.0,956.0,989.0,982.0,955.0,965.0,1006.0,976.0,967.0,973.0,1002.0,1027.0,1015.0,1033.0,1030.0,996.0,1078.0,1015.0,1078.0,1036.0,1135.0,1143.0,1157.0,1131.0,1125.0,1143.0,1084.0,1187.0,1081.0,1083.0,1085.0,1112.0,1135.0,1108.0,1085.0,1077.0,1058.0,1102.0,1126.0,1131.0,941.0,935.0,979.0,967.0,956.0,953.0,975.0,977.0,941.0,929.0,913.0,939.0,900.0,948.0,893.0,933.0,920.0,864.0,871.0,906.0,1144.0,1056.0,1094.0,1133.0,1136.0,1102.0,1121.0,1131.0,1128.0,1100.0,897.0,934.0,909.0,892.0,926.0,916.0,884.0,930.0,949.0,948.0
185,802.0,786.0,775.0,731.0,767.0,729.0,759.0,770.0,787.0,787.0,910.0,948.0,976.0,957.0,989.0,992.0,968.0,952.0,991.0,943.0,959.0,1028.0,1009.0,972.0,993.0,961.0,1035.0,957.0,964.0,984.0,981.0,1019.0,1019.0,1035.0,1013.0,935.0,1037.0,1032.0,1039.0,1002.0,1119.0,1135.0,1142.0,1175.0,1119.0,1116.0,1128.0,1139.0,1112.0,1126.0,1082.0,1071.0,1066.0,1142.0,1097.0,1103.0,1014.0,1074.0,1081.0,1034.0,917.0,976.0,939.0,964.0,939.0,976.0,933.0,1000.0,953.0,929.0,935.0,914.0,923.0,875.0,949.0,915.0,919.0,893.0,881.0,922.0,1203.0,1060.0,1143.0,1112.0,1089.0,1157.0,1119.0,1118.0,1141.0,1156.0,909.0,941.0,890.0,902.0,924.0,925.0,934.0,931.0,899.0,957.0
186,742.0,800.0,773.0,769.0,787.0,767.0,754.0,785.0,788.0,796.0,964.0,954.0,938.0,946.0,974.0,936.0,978.0,942.0,933.0,986.0,977.0,1001.0,973.0,995.0,936.0,925.0,1005.0,954.0,979.0,1003.0,1029.0,1028.0,1041.0,1032.0,1032.0,969.0,1045.0,1066.0,1035.0,1004.0,1131.0,1133.0,1102.0,1146.0,1152.0,1199.0,1139.0,1151.0,1157.0,1102.0,1105.0,1074.0,1104.0,1092.0,1077.0,1071.0,1038.0,1057.0,1098.0,1031.0,930.0,916.0,1014.0,932.0,986.0,1001.0,930.0,965.0,970.0,985.0,900.0,936.0,879.0,908.0,878.0,875.0,936.0,886.0,891.0,882.0,1178.0,1134.0,1115.0,1126.0,1130.0,1148.0,1144.0,1157.0,1104.0,1114.0,854.0,903.0,944.0,920.0,928.0,914.0,876.0,902.0,894.0,940.0
187,773.0,752.0,763.0,762.0,806.0,764.0,782.0,777.0,812.0,743.0,933.0,939.0,935.0,964.0,949.0,963.0,931.0,959.0,954.0,1012.0,1015.0,1024.0,951.0,1023.0,984.0,953.0,1013.0,1013.0,978.0,1015.0,1028.0,1022.0,1033.0,992.0,1084.0,1041.0,1012.0,1006.0,1032.0,1036.0,1099.0,1129.0,1146.0,1144.0,1040.0,1110.0,1186.0,1149.0,1116.0,1110.0,1127.0,1072.0,1139.0,1090.0,1081.0,1043.0,1080.0,1105.0,1056.0,1078.0,933.0,959.0,1018.0,948.0,969.0,1002.0,919.0,912.0,986.0,982.0,847.0,913.0,886.0,880.0,918.0,830.0,917.0,893.0,917.0,884.0,1142.0,1134.0,1078.0,1161.0,1116.0,1175.0,1121.0,1123.0,1117.0,1099.0,911.0,936.0,931.0,901.0,937.0,922.0,881.0,927.0,884.0,884.0
188,777.0,794.0,786.0,747.0,770.0,789.0,742.0,755.0,766.0,738.0,953.0,968.0,1000.0,972.0,989.0,944.0,925.0,926.0,989.0,949.0,957.0,949.0,997.0,990.0,962.0,988.0,965.0,987.0,984.0,980.0,1055.0,963.0,1032.0,1006.0,1059.0,1012.0,1080.0,1036.0,968.0,1024.0,1123.0,1160.0,1137.0,1142.0,1127.0,1108.0,1150.0,1155.0,1185.0,1130.0,1110.0,1052.0,1053.0,1092.0,1083.0,1057.0,1091.0,1094.0,1078.0,1073.0,901.0,953.0,985.0,956.0,902.0,962.0,963.0,997.0,908.0,970.0,879.0,927.0,905.0,926.0,926.0,868.0,897.0,891.0,931.0,910.0,1132.0,1174.0,1116.0,1115.0,1131.0,1161.0,1139.0,1098.0,1123.0,1132.0,921.0,938.0,870.0,921.0,934.0,916.0,887.0,928.0,918.0,936.0
189,777.0,755.0,776.0,779.0,787.0,777.0,786.0,768.0,771.0,790.0,937.0,966.0,940.0,1002.0,999.0,924.0,950.0,959.0,931.0,955.0,1026.0,929.0,990.0,948.0,975.0,997.0,958.0,982.0,936.0,976.0,999.0,1012.0,1043.0,1001.0,1030.0,1018.0,1068.0,1054.0,1061.0,1037.0,1112.0,1188.0,1142.0,1149.0,1136.0,1153.0,1145.0,1136.0,1116.0,1190.0,1089.0,1087.0,1077.0,1082.0,1115.0,1040.0,1050.0,1145.0,1093.0,1069.0,958.0,926.0,948.0,939.0,930.0,949.0,962.0,926.0,940.0,963.0,880.0,945.0,923.0,920.0,885.0,915.0,922.0,926.0,933.0,880.0,1101.0,1111.0,1130.0,1120.0,1090.0,1130.0,1149.0,1096.0,1128.0,1091.0,933.0,958.0,912.0,927.0,937.0,903.0,849.0,875.0,944.0,890.0
190,766.0,766.0,806.0,763.0,782.0,805.0,789.0,758.0,794.0,777.0,951.0,949.0,987.0,970.0,1015.0,905.0,961.0,938.0,941.0,920.0,1003.0,1016.0,956.0,982.0,964.0,917.0,951.0,1006.0,995.0,1003.0,995.0,1026.0,1031.0,1010.0,1015.0,1035.0,981.0,1048.0,1007.0,1009.0,1151.0,1127.0,1135.0,1149.0,1127.0,1105.0,1127.0,1079.0,1113.0,1162.0,1086.0,1079.0,1075.0,1131.0,1090.0,1079.0,1089.0,1104.0,1085.0,1050.0,954.0,949.0,948.0,960.0,973.0,984.0,978.0,977.0,970.0,994.0,916.0,928.0,903.0,903.0,882.0,897.0,920.0,917.0,889.0,892.0,1124.0,1114.0,1144.0,1107.0,1078.0,1113.0,1104.0,1136.0,1156.0,1087.0,866.0,924.0,898.0,891.0,959.0,969.0,943.0,905.0,903.0,949.0
191,787.0,788.0,804.0,788.0,784.0,753.0,791.0,761.0,739.0,754.0,988.0,961.0,987.0,972.0,939.0,924.0,982.0,893.0,920.0,944.0,977.0,929.0,986.0,964.0,939.0,932.0,923.0,973.0,1016.0,979.0,973.0,1043.0,979.0,999.0,1026.0,1059.0,988.0,986.0,970.0,1015.0,1087.0,1139.0,1144.0,1126.0,1221.0,1102.0,1159.0,1102.0,1117.0,1143.0,1063.0,1076.0,1050.0,1072.0,1082.0,1110.0,1105.0,1094.0,1076.0,1069.0,949.0,996.0,963.0,1003.0,974.0,938.0,954.0,979.0,980.0,978.0,944.0,885.0,873.0,916.0,840.0,924.0,921.0,948.0,914.0,922.0,1124.0,1168.0,1168.0,1116.0,1121.0,1158.0,1118.0,1181.0,1148.0,1132.0,926.0,891.0,929.0,912.0,954.0,907.0,903.0,951.0,973.0,907.0
192,788.0,787.0,747.0,802.0,764.0,752.0,757.0,825.0,754.0,746.0,954.0,937.0,985.0,972.0,968.0,924.0,970.0,948.0,897.0,922.0,964.0,962.0,961.0,988.0,988.0,975.0,954.0,984.0,1003.0,1000.0,1022.0,982.0,1010.0,1017.0,1031.0,1034.0,1044.0,982.0,1017.0,1029.0,1153.0,1167.0,1170.0,1149.0,1125.0,1130.0,1110.0,1166.0,1131.0,1172.0,1086.0,1121.0,1154.0,1050.0,1088.0,1068.0,1119.0,1110.0,1021.0,1037.0,964.0,964.0,923.0,966.0,957.0,964.0,940.0,930.0,960.0,956.0,863.0,889.0,905.0,912.0,921.0,910.0,937.0,878.0,949.0,895.0,1112.0,1112.0,1093.0,1085.0,1115.0,1151.0,1099.0,1140.0,1183.0,1120.0,912.0,955.0,931.0,931.0,924.0,897.0,915.0,905.0,937.0,965.0
193,769.0,747.0,784.0,726.0,776.0,792.0,754.0,727.0,738.0,722.0,991.0,971.0,960.0,966.0,941.0,946.0,983.0,980.0,938.0,943.0,1022.0,954.0,1015.0,916.0,971.0,950.0,956.0,958.0,978.0,978.0,1061.0,1027.0,998.0,1048.0,1038.0,992.0,1022.0,1003.0,1021.0,1004.0,1125.0,1103.0,1106.0,1154.0,1122.0,1133.0,1119.0,1132.0,1160.0,1117.0,1031.0,1078.0,1109.0,1089.0,1082.0,1090.0,1055.0,1096.0,1086.0,1090.0,968.0,1002.0,968.0,1017.0,997.0,1007.0,969.0,961.0,948.0,1012.0,864.0,927.0,901.0,901.0,907.0,900.0,946.0,974.0,904.0,956.0,1105.0,1130.0,1142.0,1104.0,1111.0,1105.0,1110.0,1115.0,1167.0,1148.0,882.0,938.0,898.0,948.0,936.0,891.0,936.0,922.0,907.0,869.0
194,791.0,808.0,769.0,739.0,753.0,801.0,709.0,793.0,754.0,765.0,968.0,946.0,939.0,938.0,971.0,963.0,959.0,971.0,938.0,958.0,1008.0,930.0,979.0,988.0,975.0,962.0,975.0,977.0,1015.0,923.0,976.0,999.0,990.0,1011.0,1018.0,1017.0,1054.0,1012.0,1042.0,983.0,1150.0,1111.0,1148.0,1134.0,1195.0,1135.0,1142.0,1128.0,1117.0,1145.0,1085.0,1112.0,1070.0,1115.0,1068.0,1105.0,1081.0,1085.0,1053.0,1080.0,963.0,917.0,983.0,961.0,974.0,961.0,966.0,953.0,937.0,972.0,876.0,983.0,924.0,929.0,938.0,890.0,917.0,899.0,914.0,933.0,1126.0,1149.0,1160.0,1132.0,1087.0,1106.0,1166.0,1154.0,1179.0,1167.0,875.0,923.0,919.0,920.0,899.0,868.0,875.0,897.0,897.0,913.0
195,733.0,742.0,695.0,751.0,787.0,799.0,767.0,805.0,757.0,747.0,996.0,980.0,961.0,944.0,972.0,950.0,957.0,959.0,911.0,940.0,1010.0,1026.0,932.0,987.0,946.0,976.0,986.0,987.0,980.0,973.0,1013.0,1003.0,1017.0,1026.0,1021.0,1005.0,990.0,1006.0,999.0,999.0,1138.0,1105.0,1183.0,1136.0,1170.0,1110.0,1121.0,1099.0,1172.0,1201.0,1065.0,1117.0,1114.0,1063.0,1051.0,1058.0,1105.0,1083.0,1099.0,1077.0,935.0,969.0,962.0,974.0,1007.0,990.0,963.0,985.0,962.0,935.0,908.0,940.0,952.0,935.0,901.0,862.0,877.0,918.0,964.0,895.0,1101.0,1091.0,1141.0,1153.0,1133.0,1110.0,1175.0,1141.0,1134.0,1202.0,919.0,905.0,916.0,898.0,889.0,953.0,902.0,889.0,866.0,861.0
196,765.0,740.0,741.0,738.0,798.0,740.0,738.0,760.0,781.0,751.0,981.0,911.0,983.0,975.0,965.0,952.0,969.0,946.0,936.0,953.0,965.0,962.0,949.0,999.0,967.0,955.0,977.0,999.0,990.0,972.0,1001.0,1046.0,980.0,1034.0,1066.0,1043.0,1020.0,1015.0,989.0,1007.0,1088.0,1146.0,1150.0,1082.0,1125.0,1159.0,1138.0,1156.0,1136.0,1138.0,1093.0,1123.0,1123.0,1108.0,1096.0,1111.0,1122.0,1078.0,1072.0,1076.0,968.0,1032.0,989.0,927.0,952.0,976.0,969.0,941.0,957.0,912.0,888.0,925.0,961.0,948.0,868.0,919.0,878.0,926.0,906.0,974.0,1148.0,1106.0,1080.0,1156.0,1108.0,1066.0,1135.0,1143.0,1144.0,1133.0,922.0,883.0,916.0,899.0,932.0,889.0,893.0,906.0,935.0,917.0
197,768.0,817.0,786.0,765.0,801.0,756.0,773.0,788.0,734.0,765.0,915.0,925.0,959.0,956.0,954.0,932.0,977.0,939.0,954.0,944.0,1001.0,949.0,934.0,916.0,951.0,934.0,966.0,979.0,1013.0,1008.0,1059.0,1040.0,1011.0,1014.0,998.0,1012.0,986.0,1057.0,1019.0,1036.0,1089.0,1122.0,1109.0,1163.0,1160.0,1179.0,1169.0,1139.0,1121.0,1105.0,1066.0,1052.0,1115.0,1121.0,1114.0,1141.0,1067.0,1079.0,1076.0,1100.0,967.0,954.0,985.0,935.0,966.0,918.0,946.0,937.0,973.0,1000.0,886.0,935.0,917.0,951.0,898.0,930.0,915.0,941.0,938.0,871.0,1138.0,1143.0,1121.0,1147.0,1111.0,1089.0,1115.0,1110.0,1098.0,1077.0,932.0,939.0,939.0,896.0,925.0,915.0,926.0,903.0,921.0,929.0
198,781.0,719.0,783.0,769.0,773.0,747.0,769.0,798.0,787.0,805.0,945.0,935.0,929.0,966.0,934.0,953.0,984.0,940.0,954.0,956.0,916.0,1008.0,994.0,967.0,975.0,1005.0,959.0,995.0,989.0,982.0,979.0,1087.0,1027.0,1008.0,1039.0,1013.0,1035.0,1002.0,1027.0,1015.0,1123.0,1107.0,1181.0,1124.0,1157.0,1155.0,1193.0,1107.0,1121.0,1098.0,1042.0,1108.0,1030.0,1111.0,1109.0,1085.0,1060.0,1073.0,1098.0,1082.0,1021.0,958.0,989.0,966.0,984.0,921.0,926.0,977.0,945.0,985.0,919.0,899.0,903.0,944.0,901.0,897.0,877.0,906.0,879.0,887.0,1154.0,1117.0,1097.0,1151.0,1090.0,1144.0,1128.0,1147.0,1154.0,1104.0,943.0,935.0,944.0,857.0,917.0,885.0,908.0,929.0,894.0,928.0
199,767.0,770.0,803.0,776.0,755.0,749.0,745.0,737.0,770.0,760.0,973.0,967.0,921.0,942.0,954.0,971.0,990.0,949.0,896.0,962.0,933.0,1022.0,976.0,941.0,969.0,972.0,976.0,996.0,983.0,980.0,1027.0,981.0,1047.0,1011.0,997.0,1019.0,1000.0,995.0,1017.0,1020.0,1112.0,1100.0,1178.0,1136.0,1189.0,1112.0,1155.0,1169.0,1122.0,1119.0,1099.0,1077.0,1063.0,1133.0,1072.0,1088.0,1092.0,1122.0,1134.0,1094.0,887.0,994.0,962.0,958.0,1006.0,1000.0,968.0,972.0,961.0,918.0,911.0,913.0,884.0,923.0,886.0,905.0,866.0,898.0,857.0,913.0,1182.0,1132.0,1115.0,1120.0,1138.0,1063.0,1140.0,1111.0,1191.0,1102.0,930.0,920.0,928.0,924.0,909.0,930.0,904.0,922.0,912.0,976.0
200,769.0,794.0,784.0,765.0,758.0,728.0,756.0,738.0,752.0,709.0,983.0,933.0,945.0,976.0,945.0,974.0,946.0,985.0,964.0,912.0,983.0,984.0,1002.0,938.0,967.0,978.0,959.0,975.0,975.0,989.0,1068.0,1051.0,1045.0,997.0,997.0,1046.0,998.0,1054.0,975.0,1055.0,1104.0,1144.0,1129.0,1174.0,1153.0,1113.0,1166.0,1128.0,1113.0,1134.0,1073.0,1121.0,1044.0,1081.0,1081.0,1093.0,1076.0,1090.0,1072.0,1110.0,964.0,929.0,947.0,972.0,994.0,919.0,958.0,967.0,958.0,996.0,897.0,900.0,919.0,943.0,936.0,920.0,927.0,908.0,907.0,879.0,1124.0,1122.0,1109.0,1121.0,1111.0,1133.0,1141.0,1103.0,1175.0,1097.0,856.0,896.0,956.0,896.0,933.0,903.0,909.0,923.0,953.0,958.0
201,770.0,785.0,767.0,785.0,776.0,776.0,754.0,752.0,788.0,762.0,896.0,973.0,935.0,979.0,949.0,923.0,907.0,983.0,939.0,1004.0,1029.0,1004.0,938.0,983.0,1043.0,972.0,969.0,949.0,974.0,966.0,1024.0,1027.0,1020.0,1033.0,989.0,1023.0,1014.0,1028.0,1014.0,1038.0,1146.0,1101.0,1071.0,1165.0,1152.0,1106.0,1127.0,1149.0,1141.0,1126.0,1040.0,1102.0,1116.0,1063.0,1102.0,1078.0,1106.0,1074.0,1066.0,1091.0,961.0,962.0,964.0,920.0,952.0,936.0,959.0,991.0,988.0,967.0,845.0,923.0,939.0,919.0,887.0,929.0,915.0,938.0,908.0,866.0,1151.0,1109.0,1164.0,1100.0,1120.0,1186.0,1166.0,1137.0,1121.0,1116.0,957.0,890.0,967.0,917.0,903.0,876.0,917.0,867.0,908.0,901.0
202,771.0,738.0,720.0,760.0,797.0,756.0,798.0,755.0,752.0,727.0,913.0,980.0,1034.0,912.0,988.0,921.0,943.0,955.0,931.0,961.0,1026.0,958.0,968.0,972.0,1006.0,986.0,954.0,945.0,926.0,982.0,1027.0,1015.0,1002.0,1064.0,995.0,977.0,1015.0,1026.0,1023.0,1012.0,1156.0,1170.0,1184.0,1157.0,1113.0,1137.0,1150.0,1135.0,1119.0,1117.0,1047.0,1114.0,1064.0,1072.0,1082.0,1091.0,1102.0,1056.0,1125.0,1110.0,928.0,945.0,933.0,963.0,961.0,1028.0,980.0,1009.0,1005.0,986.0,908.0,922.0,901.0,920.0,896.0,872.0,914.0,891.0,960.0,900.0,1106.0,1114.0,1137.0,1153.0,1129.0,1102.0,1101.0,1153.0,1105.0,1113.0,937.0,917.0,934.0,887.0,909.0,935.0,879.0,944.0,901.0,928.0
203,836.0,776.0,746.0,770.0,755.0,819.0,752.0,751.0,753.0,752.0,952.0,979.0,990.0,976.0,927.0,917.0,954.0,920.0,988.0,966.0,1004.0,954.0,923.0,959.0,1039.0,976.0,976.0,955.0,930.0,999.0,946.0,1122.0,1004.0,1029.0,1004.0,1009.0,997.0,1056.0,969.0,1033.0,1123.0,1095.0,1139.0,1157.0,1141.0,1110.0,1185.0,1089.0,1185.0,1085.0,1089.0,1118.0,1080.0,1079.0,1079.0,1066.0,1103.0,1111.0,1023.0,1059.0,963.0,925.0,926.0,942.0,996.0,983.0,958.0,1010.0,986.0,942.0,891.0,903.0,959.0,882.0,991.0,910.0,929.0,891.0,899.0,906.0,1083.0,1076.0,1121.0,1124.0,1087.0,1152.0,1106.0,1123.0,1176.0,1161.0,937.0,926.0,990.0,942.0,858.0,865.0,875.0,962.0,935.0,933.0
204,744.0,790.0,797.0,784.0,763.0,773.0,751.0,756.0,752.0,736.0,946.0,907.0,964.0,957.0,958.0,921.0,957.0,962.0,926.0,930.0,1001.0,1039.0,1017.0,976.0,1032.0,990.0,937.0,994.0,947.0,1003.0,1010.0,988.0,1039.0,1025.0,1026.0,993.0,1032.0,968.0,975.0,1048.0,1168.0,1144.0,1109.0,1098.0,1135.0,1109.0,1167.0,1158.0,1148.0,1098.0,1104.0,1068.0,993.0,1097.0,1076.0,1074.0,1062.0,1095.0,1112.0,1121.0,958.0,956.0,935.0,988.0,967.0,951.0,989.0,993.0,992.0,981.0,927.0,909.0,930.0,916.0,895.0,952.0,914.0,903.0,925.0,919.0,1096.0,1117.0,1150.0,1107.0,1143.0,1117.0,1138.0,1113.0,1128.0,1095.0,866.0,958.0,946.0,916.0,881.0,931.0,887.0,926.0,942.0,903.0
205,750.0,795.0,776.0,744.0,798.0,725.0,766.0,761.0,768.0,744.0,959.0,948.0,963.0,963.0,977.0,992.0,962.0,1009.0,925.0,955.0,1018.0,974.0,957.0,973.0,969.0,965.0,967.0,1019.0,990.0,965.0,990.0,1051.0,1023.0,1022.0,1010.0,1005.0,1002.0,995.0,996.0,1025.0,1153.0,1122.0,1154.0,1112.0,1162.0,1109.0,1142.0,1142.0,1124.0,1119.0,1050.0,1122.0,1078.0,1104.0,1084.0,1055.0,1085.0,1075.0,1091.0,1114.0,960.0,941.0,939.0,987.0,967.0,1008.0,937.0,964.0,959.0,973.0,921.0,868.0,933.0,920.0,862.0,944.0,905.0,917.0,937.0,887.0,1149.0,1122.0,1114.0,1141.0,1143.0,1096.0,1139.0,1097.0,1100.0,1110.0,869.0,932.0,944.0,898.0,904.0,913.0,929.0,890.0,960.0,943.0
206,771.0,772.0,792.0,751.0,773.0,766.0,755.0,740.0,748.0,770.0,960.0,959.0,1007.0,959.0,1012.0,931.0,953.0,982.0,987.0,972.0,967.0,969.0,986.0,945.0,976.0,945.0,950.0,1004.0,1007.0,966.0,1010.0,998.0,981.0,1032.0,993.0,1026.0,1022.0,1021.0,1056.0,1101.0,1138.0,1135.0,1146.0,1182.0,1168.0,1123.0,1152.0,1127.0,1162.0,1098.0,1087.0,1047.0,1075.0,1035.0,1061.0,1106.0,1100.0,1088.0,1066.0,1070.0,962.0,984.0,944.0,975.0,949.0,961.0,959.0,943.0,936.0,950.0,900.0,917.0,885.0,905.0,887.0,921.0,912.0,927.0,919.0,912.0,1137.0,1116.0,1121.0,1149.0,1127.0,1128.0,1094.0,1153.0,1106.0,1092.0,886.0,980.0,945.0,930.0,930.0,906.0,939.0,882.0,861.0,906.0
207,742.0,756.0,732.0,759.0,737.0,770.0,793.0,713.0,771.0,771.0,982.0,940.0,940.0,975.0,1012.0,970.0,924.0,980.0,990.0,972.0,951.0,949.0,1041.0,1006.0,967.0,978.0,918.0,1024.0,936.0,955.0,1001.0,1040.0,1024.0,995.0,1057.0,1043.0,1007.0,990.0,986.0,958.0,1207.0,1150.0,1109.0,1140.0,1146.0,1137.0,1203.0,1143.0,1135.0,1131.0,1101.0,1117.0,1091.0,1045.0,1057.0,1072.0,1100.0,1102.0,1095.0,1050.0,932.0,1012.0,965.0,969.0,969.0,950.0,1016.0,948.0,986.0,984.0,906.0,887.0,886.0,924.0,956.0,873.0,882.0,944.0,936.0,922.0,1083.0,1130.0,1174.0,1124.0,1080.0,1097.0,1122.0,1103.0,1132.0,1127.0,910.0,893.0,915.0,927.0,894.0,924.0,867.0,916.0,882.0,971.0
208,750.0,762.0,749.0,787.0,773.0,744.0,833.0,767.0,735.0,757.0,1005.0,908.0,939.0,877.0,1006.0,987.0,974.0,954.0,996.0,928.0,983.0,1001.0,963.0,978.0,968.0,1013.0,954.0,937.0,995.0,984.0,1026.0,1027.0,1016.0,1045.0,1039.0,1031.0,953.0,1032.0,956.0,1033.0,1112.0,1161.0,1156.0,1126.0,1104.0,1084.0,1141.0,1124.0,1182.0,1168.0,1086.0,1110.0,1078.0,1076.0,1085.0,1042.0,1071.0,1084.0,1060.0,1124.0,964.0,955.0,1023.0,939.0,951.0,962.0,972.0,1015.0,965.0,960.0,912.0,926.0,903.0,940.0,914.0,911.0,908.0,951.0,903.0,885.0,1076.0,1131.0,1163.0,1172.0,1134.0,1162.0,1146.0,1128.0,1145.0,1078.0,904.0,890.0,884.0,924.0,904.0,877.0,885.0,872.0,910.0,922.0
209,773.0,790.0,782.0,746.0,766.0,817.0,798.0,806.0,802.0,745.0,918.0,966.0,911.0,965.0,960.0,972.0,899.0,913.0,1019.0,977.0,975.0,922.0,984.0,964.0,967.0,943.0,1012.0,988.0,1006.0,1024.0,1058.0,1040.0,996.0,997.0,1028.0,1003.0,1028.0,1013.0,1001.0,1019.0,1125.0,1153.0,1167.0,1139.0,1137.0,1139.0,1142.0,1149.0,1131.0,1120.0,1107.0,1096.0,1092.0,1110.0,1097.0,1064.0,1071.0,1094.0,1095.0,1075.0,928.0,984.0,993.0,981.0,945.0,966.0,973.0,990.0,967.0,987.0,915.0,866.0,867.0,948.0,1000.0,887.0,888.0,921.0,877.0,901.0,1101.0,1149.0,1123.0,1111.0,1037.0,1177.0,1135.0,1095.0,1080.0,1095.0,918.0,903.0,960.0,903.0,943.0,843.0,892.0,898.0,871.0,897.0
210,767.0,729.0,785.0,731.0,765.0,765.0,745.0,751.0,797.0,764.0,931.0,988.0,932.0,953.0,988.0,948.0,933.0,931.0,977.0,1000.0,989.0,987.0,994.0,988.0,935.0,1007.0,977.0,1001.0,968.0,1000.0,1034.0,1040.0,998.0,1031.0,1017.0,989.0,1037.0,1007.0,1013.0,1000.0,1125.0,1122.0,1130.0,1148.0,1133.0,1130.0,1147.0,1165.0,1099.0,1145.0,1065.0,1068.0,1166.0,1102.0,1072.0,1071.0,1066.0,1052.0,1066.0,1116.0,1006.0,981.0,981.0,944.0,944.0,943.0,976.0,962.0,981.0,945.0,935.0,903.0,902.0,946.0,976.0,914.0,915.0,968.0,853.0,866.0,1057.0,1130.0,1079.0,1117.0,1109.0,1137.0,1176.0,1129.0,1167.0,1084.0,913.0,922.0,909.0,903.0,942.0,907.0,863.0,901.0,929.0,920.0
211,769.0,755.0,760.0,768.0,783.0,776.0,776.0,793.0,786.0,770.0,942.0,975.0,948.0,952.0,980.0,931.0,903.0,997.0,981.0,942.0,988.0,1001.0,975.0,959.0,986.0,973.0,964.0,988.0,971.0,968.0,1019.0,1027.0,1017.0,1023.0,1039.0,1011.0,997.0,994.0,1019.0,1030.0,1155.0,1102.0,1157.0,1130.0,1156.0,1160.0,1118.0,1124.0,1123.0,1139.0,1075.0,1063.0,1174.0,1055.0,1062.0,1075.0,1085.0,1084.0,1081.0,1094.0,973.0,945.0,960.0,1006.0,974.0,965.0,998.0,960.0,985.0,971.0,898.0,933.0,899.0,903.0,930.0,868.0,920.0,924.0,916.0,897.0,1115.0,1119.0,1105.0,1150.0,1085.0,1126.0,1155.0,1124.0,1098.0,1125.0,888.0,954.0,877.0,917.0,887.0,924.0,920.0,881.0,893.0,904.0
212,740.0,743.0,809.0,763.0,774.0,800.0,775.0,765.0,789.0,768.0,949.0,979.0,965.0,929.0,945.0,988.0,928.0,988.0,982.0,916.0,1017.0,967.0,1007.0,964.0,993.0,963.0,998.0,980.0,986.0,1001.0,997.0,1032.0,1013.0,1030.0,1021.0,1043.0,977.0,1027.0,1039.0,1031.0,1101.0,1132.0,1154.0,1122.0,1138.0,1120.0,1166.0,1098.0,1125.0,1126.0,1052.0,1078.0,1091.0,1048.0,1085.0,1050.0,1092.0,1089.0,1078.0,1084.0,940.0,957.0,935.0,961.0,917.0,957.0,955.0,949.0,947.0,1024.0,967.0,899.0,927.0,967.0,958.0,899.0,937.0,932.0,911.0,885.0,1151.0,1138.0,1098.0,1161.0,1109.0,1108.0,1122.0,1131.0,1102.0,1105.0,908.0,948.0,876.0,918.0,944.0,885.0,886.0,911.0,897.0,901.0
213,707.0,774.0,796.0,766.0,768.0,753.0,762.0,771.0,765.0,782.0,938.0,971.0,940.0,981.0,909.0,979.0,900.0,928.0,926.0,937.0,1009.0,981.0,968.0,954.0,1022.0,928.0,941.0,969.0,985.0,966.0,1043.0,1028.0,1006.0,1023.0,1040.0,1038.0,1055.0,1067.0,990.0,1069.0,1118.0,1156.0,1130.0,1140.0,1178.0,1128.0,1134.0,1158.0,1107.0,1133.0,1111.0,1082.0,1129.0,1073.0,1082.0,1102.0,1092.0,1016.0,1104.0,1105.0,939.0,938.0,957.0,949.0,993.0,939.0,992.0,946.0,1016.0,942.0,924.0,869.0,929.0,928.0,876.0,899.0,956.0,916.0,899.0,889.0,1128.0,1149.0,1072.0,1167.0,1090.0,1162.0,1108.0,1161.0,1128.0,1114.0,900.0,922.0,951.0,880.0,924.0,881.0,897.0,938.0,937.0,902.0
214,788.0,752.0,780.0,735.0,770.0,795.0,780.0,769.0,763.0,787.0,906.0,959.0,978.0,932.0,980.0,957.0,950.0,980.0,949.0,955.0,993.0,997.0,979.0,945.0,1006.0,891.0,985.0,996.0,964.0,973.0,1008.0,1011.0,1016.0,1093.0,1037.0,1024.0,995.0,1011.0,1025.0,996.0,1132.0,1118.0,1121.0,1133.0,1116.0,1108.0,1169.0,1094.0,1171.0,1153.0,1094.0,1099.0,1057.0,1092.0,1084.0,1088.0,1037.0,1109.0,1070.0,1052.0,981.0,920.0,940.0,977.0,942.0,931.0,936.0,939.0,987.0,957.0,904.0,881.0,930.0,898.0,906.0,916.0,925.0,905.0,879.0,890.0,1104.0,1178.0,1156.0,1156.0,1130.0,1148.0,1157.0,1131.0,1145.0,1159.0,908.0,952.0,921.0,896.0,910.0,953.0,904.0,938.0,902.0,918.0
215,790.0,745.0,789.0,811.0,766.0,769.0,769.0,775.0,774.0,783.0,898.0,993.0,967.0,903.0,932.0,1008.0,948.0,947.0,1000.0,955.0,943.0,982.0,990.0,916.0,956.0,993.0,993.0,997.0,963.0,956.0,1068.0,1020.0,1008.0,1028.0,1072.0,996.0,985.0,1018.0,1017.0,1038.0,1096.0,1181.0,1115.0,1154.0,1130.0,1123.0,1115.0,1150.0,1166.0,1157.0,1110.0,1057.0,1095.0,1046.0,1106.0,1022.0,1076.0,1072.0,1020.0,1076.0,956.0,979.0,967.0,973.0,959.0,921.0,987.0,951.0,1010.0,931.0,889.0,841.0,921.0,927.0,933.0,948.0,900.0,907.0,892.0,924.0,1140.0,1129.0,1077.0,1194.0,1114.0,1110.0,1132.0,1154.0,1083.0,1139.0,927.0,936.0,953.0,904.0,914.0,924.0,936.0,899.0,932.0,882.0
216,797.0,758.0,789.0,804.0,709.0,762.0,787.0,784.0,746.0,819.0,958.0,976.0,936.0,978.0,945.0,972.0,912.0,949.0,937.0,964.0,997.0,1003.0,942.0,929.0,983.0,1004.0,949.0,992.0,981.0,932.0,1010.0,1021.0,989.0,988.0,1039.0,996.0,1029.0,1050.0,1024.0,1042.0,1167.0,1113.0,1160.0,1115.0,1133.0,1113.0,1149.0,1167.0,1196.0,1119.0,1084.0,1072.0,1095.0,1061.0,1101.0,1074.0,1064.0,1099.0,1114.0,1070.0,896.0,991.0,991.0,945.0,979.0,970.0,973.0,961.0,997.0,983.0,874.0,870.0,866.0,911.0,958.0,880.0,916.0,845.0,891.0,885.0,1127.0,1168.0,1188.0,1181.0,1142.0,1112.0,1120.0,1141.0,1093.0,1105.0,907.0,890.0,923.0,947.0,890.0,933.0,945.0,878.0,873.0,925.0
217,798.0,774.0,735.0,761.0,735.0,795.0,790.0,778.0,792.0,798.0,945.0,952.0,977.0,947.0,959.0,918.0,964.0,1005.0,984.0,986.0,964.0,953.0,984.0,970.0,964.0,943.0,1014.0,979.0,988.0,966.0,983.0,1042.0,984.0,1049.0,969.0,1051.0,1007.0,990.0,1048.0,976.0,1136.0,1170.0,1175.0,1151.0,1193.0,1214.0,1107.0,1136.0,1129.0,1165.0,1064.0,1113.0,1109.0,1092.0,1080.0,1071.0,1071.0,1029.0,1024.0,1058.0,943.0,930.0,939.0,966.0,997.0,943.0,927.0,966.0,930.0,953.0,933.0,917.0,946.0,861.0,883.0,861.0,910.0,931.0,948.0,890.0,1124.0,1105.0,1116.0,1159.0,1149.0,1114.0,1149.0,1136.0,1109.0,1186.0,931.0,905.0,913.0,900.0,945.0,902.0,906.0,920.0,902.0,863.0
218,743.0,762.0,730.0,812.0,785.0,777.0,783.0,714.0,708.0,792.0,943.0,948.0,963.0,1001.0,981.0,940.0,934.0,966.0,954.0,956.0,929.0,1018.0,936.0,971.0,1001.0,982.0,1035.0,997.0,969.0,1000.0,1000.0,1021.0,1056.0,1006.0,1020.0,970.0,975.0,1060.0,1007.0,1003.0,1099.0,1106.0,1124.0,1079.0,1153.0,1108.0,1121.0,1073.0,1143.0,1128.0,1114.0,1094.0,1116.0,1096.0,1086.0,1102.0,1065.0,1130.0,1169.0,1085.0,1001.0,979.0,970.0,942.0,913.0,956.0,937.0,983.0,954.0,965.0,922.0,938.0,906.0,909.0,910.0,867.0,962.0,955.0,925.0,902.0,1180.0,1083.0,1118.0,1091.0,1103.0,1158.0,1117.0,1110.0,1119.0,1079.0,888.0,916.0,956.0,955.0,923.0,952.0,920.0,879.0,901.0,934.0
219,725.0,779.0,764.0,767.0,754.0,800.0,758.0,709.0,807.0,798.0,965.0,957.0,951.0,935.0,946.0,922.0,921.0,998.0,926.0,939.0,933.0,940.0,1004.0,986.0,949.0,961.0,984.0,952.0,990.0,922.0,1016.0,1004.0,973.0,1068.0,1017.0,1025.0,1043.0,1054.0,1009.0,1007.0,1109.0,1128.0,1155.0,1122.0,1157.0,1130.0,1135.0,1139.0,1141.0,1184.0,1081.0,1102.0,1094.0,1069.0,1119.0,1080.0,1072.0,1090.0,1128.0,1059.0,1004.0,978.0,976.0,966.0,948.0,972.0,965.0,946.0,944.0,956.0,906.0,924.0,893.0,917.0,956.0,874.0,950.0,910.0,884.0,918.0,1167.0,1109.0,1140.0,1106.0,1111.0,1140.0,1101.0,1145.0,1136.0,1141.0,911.0,948.0,925.0,929.0,917.0,910.0,921.0,920.0,884.0,920.0
220,768.0,793.0,719.0,756.0,804.0,734.0,756.0,722.0,802.0,806.0,937.0,952.0,973.0,901.0,997.0,935.0,933.0,930.0,947.0,931.0,905.0,957.0,970.0,980.0,1015.0,1022.0,983.0,1004.0,954.0,991.0,1040.0,986.0,983.0,1039.0,1024.0,1042.0,1008.0,1014.0,1049.0,1040.0,1120.0,1087.0,1179.0,1111.0,1116.0,1069.0,1123.0,1167.0,1148.0,1089.0,1174.0,1112.0,1068.0,1108.0,1087.0,1071.0,1004.0,1086.0,1098.0,1111.0,967.0,994.0,978.0,995.0,960.0,963.0,970.0,966.0,967.0,932.0,905.0,960.0,935.0,935.0,890.0,936.0,977.0,886.0,899.0,920.0,1131.0,1085.0,1148.0,1131.0,1110.0,1114.0,1118.0,1169.0,1092.0,1117.0,865.0,948.0,918.0,910.0,872.0,929.0,981.0,915.0,896.0,911.0
221,799.0,750.0,768.0,785.0,800.0,785.0,779.0,750.0,771.0,786.0,930.0,983.0,936.0,959.0,920.0,943.0,918.0,964.0,970.0,956.0,996.0,972.0,987.0,1023.0,997.0,931.0,996.0,967.0,1006.0,1012.0,1044.0,1030.0,1061.0,1024.0,1056.0,1031.0,1003.0,1056.0,1106.0,1010.0,1127.0,1125.0,1169.0,1115.0,1126.0,1138.0,1144.0,1123.0,1154.0,1089.0,1085.0,1087.0,1063.0,1096.0,1117.0,1076.0,1067.0,1098.0,1049.0,1087.0,948.0,1001.0,950.0,980.0,893.0,939.0,1005.0,942.0,901.0,983.0,876.0,926.0,879.0,889.0,906.0,899.0,906.0,924.0,912.0,902.0,1140.0,1049.0,1147.0,1077.0,1125.0,1126.0,1120.0,1120.0,1094.0,1075.0,866.0,953.0,909.0,919.0,934.0,949.0,915.0,917.0,888.0,952.0
222,820.0,755.0,765.0,775.0,736.0,768.0,762.0,810.0,790.0,810.0,870.0,979.0,947.0,953.0,991.0,923.0,975.0,936.0,917.0,976.0,968.0,997.0,953.0,909.0,1006.0,972.0,998.0,1001.0,990.0,1016.0,1035.0,1020.0,1045.0,1050.0,1038.0,963.0,980.0,1022.0,1016.0,1063.0,1148.0,1128.0,1142.0,1090.0,1148.0,1177.0,1120.0,1130.0,1118.0,1188.0,1054.0,1075.0,1078.0,1094.0,1092.0,1050.0,1112.0,1091.0,1059.0,1071.0,1003.0,960.0,962.0,989.0,963.0,953.0,966.0,987.0,957.0,892.0,894.0,943.0,888.0,997.0,917.0,889.0,916.0,885.0,931.0,874.0,1109.0,1088.0,1162.0,1122.0,1090.0,1130.0,1139.0,1129.0,1173.0,1070.0,911.0,933.0,927.0,889.0,891.0,991.0,885.0,874.0,900.0,889.0
223,776.0,756.0,748.0,794.0,776.0,757.0,775.0,810.0,764.0,768.0,911.0,946.0,929.0,952.0,966.0,963.0,983.0,966.0,943.0,924.0,980.0,952.0,1008.0,955.0,993.0,1022.0,982.0,1003.0,947.0,1004.0,1042.0,973.0,1012.0,1017.0,1012.0,1000.0,1009.0,985.0,1015.0,995.0,1154.0,1182.0,1091.0,1155.0,1113.0,1154.0,1160.0,1168.0,1153.0,1123.0,1020.0,1098.0,1050.0,1061.0,1059.0,1060.0,1090.0,1064.0,1085.0,1116.0,954.0,1072.0,986.0,962.0,981.0,937.0,953.0,963.0,986.0,948.0,900.0,874.0,971.0,894.0,954.0,894.0,886.0,901.0,930.0,907.0,1163.0,1101.0,1130.0,1153.0,1117.0,1100.0,1083.0,1141.0,1126.0,1101.0,911.0,920.0,946.0,925.0,905.0,929.0,933.0,866.0,902.0,963.0
224,780.0,776.0,774.0,795.0,789.0,760.0,749.0,755.0,757.0,768.0,954.0,975.0,970.0,1005.0,959.0,952.0,960.0,965.0,997.0,928.0,982.0,947.0,976.0,976.0,972.0,982.0,1058.0,959.0,973.0,942.0,993.0,1008.0,1040.0,1014.0,1032.0,1006.0,996.0,1005.0,1004.0,1069.0,1122.0,1151.0,1128.0,1075.0,1169.0,1123.0,1116.0,1143.0,1144.0,1158.0,1070.0,1040.0,1087.0,1104.0,1072.0,1066.0,1075.0,1131.0,1087.0,1121.0,941.0,975.0,979.0,958.0,966.0,928.0,952.0,946.0,990.0,920.0,919.0,941.0,896.0,874.0,912.0,943.0,944.0,888.0,865.0,918.0,1137.0,1144.0,1130.0,1151.0,1106.0,1124.0,1102.0,1120.0,1121.0,1118.0,916.0,917.0,893.0,918.0,899.0,933.0,903.0,956.0,912.0,903.0
225,750.0,786.0,720.0,769.0,818.0,786.0,767.0,772.0,794.0,775.0,981.0,904.0,960.0,996.0,994.0,973.0,913.0,1001.0,950.0,941.0,968.0,951.0,978.0,982.0,974.0,970.0,1049.0,921.0,982.0,935.0,1001.0,1033.0,1040.0,1029.0,976.0,1015.0,1041.0,1032.0,1017.0,1058.0,1131.0,1163.0,1199.0,1119.0,1134.0,1128.0,1156.0,1139.0,1093.0,1192.0,1111.0,1104.0,1037.0,1109.0,1057.0,1039.0,1062.0,1116.0,1094.0,1091.0,894.0,983.0,959.0,938.0,1018.0,943.0,954.0,936.0,926.0,898.0,932.0,921.0,932.0,897.0,883.0,870.0,866.0,905.0,941.0,920.0,1133.0,1104.0,1136.0,1148.0,1103.0,1140.0,1149.0,1132.0,1132.0,1121.0,912.0,924.0,910.0,882.0,922.0,954.0,893.0,913.0,923.0,909.0
226,781.0,782.0,799.0,758.0,790.0,731.0,753.0,738.0,788.0,743.0,902.0,971.0,963.0,1007.0,903.0,933.0,936.0,990.0,957.0,951.0,980.0,941.0,945.0,942.0,979.0,988.0,1018.0,956.0,941.0,1025.0,1059.0,1059.0,1037.0,1005.0,1032.0,1030.0,1062.0,1054.0,993.0,1016.0,1129.0,1100.0,1136.0,1118.0,1095.0,1163.0,1118.0,1174.0,1135.0,1098.0,1091.0,1084.0,1102.0,1094.0,1156.0,1039.0,1077.0,1061.0,1084.0,1073.0,961.0,981.0,993.0,949.0,978.0,956.0,943.0,969.0,990.0,984.0,919.0,942.0,872.0,902.0,939.0,883.0,879.0,934.0,950.0,911.0,1078.0,1116.0,1132.0,1168.0,1130.0,1145.0,1153.0,1072.0,1109.0,1110.0,916.0,898.0,892.0,926.0,879.0,945.0,910.0,920.0,908.0,932.0
227,804.0,693.0,758.0,736.0,762.0,758.0,759.0,772.0,774.0,756.0,974.0,969.0,960.0,946.0,914.0,938.0,939.0,987.0,1007.0,956.0,1028.0,1002.0,961.0,957.0,994.0,933.0,1009.0,919.0,992.0,962.0,1002.0,1005.0,1036.0,1083.0,1013.0,1009.0,1025.0,1018.0,1013.0,1032.0,1123.0,1126.0,1171.0,1165.0,1095.0,1185.0,1116.0,1193.0,1110.0,1155.0,1056.0,1087.0,1095.0,1075.0,1109.0,1092.0,1079.0,1143.0,1045.0,1049.0,939.0,982.0,941.0,959.0,999.0,942.0,957.0,924.0,973.0,984.0,883.0,923.0,894.0,897.0,902.0,916.0,946.0,911.0,948.0,880.0,1114.0,1189.0,1123.0,1144.0,1149.0,1160.0,1156.0,1098.0,1130.0,1169.0,897.0,891.0,930.0,903.0,944.0,874.0,862.0,901.0,865.0,896.0
228,777.0,788.0,762.0,761.0,736.0,760.0,766.0,759.0,792.0,792.0,973.0,911.0,953.0,929.0,940.0,938.0,972.0,1040.0,930.0,983.0,984.0,916.0,943.0,959.0,954.0,953.0,992.0,925.0,985.0,938.0,1055.0,1069.0,1031.0,1003.0,992.0,1029.0,1039.0,1047.0,999.0,980.0,1082.0,1156.0,1105.0,1160.0,1172.0,1178.0,1082.0,1071.0,1120.0,1125.0,1132.0,1120.0,1123.0,1082.0,1087.0,1045.0,1089.0,1097.0,1048.0,1070.0,944.0,935.0,960.0,974.0,938.0,944.0,946.0,955.0,962.0,953.0,931.0,893.0,891.0,919.0,972.0,920.0,948.0,943.0,942.0,904.0,1093.0,1141.0,1127.0,1115.0,1168.0,1143.0,1134.0,1100.0,1122.0,1164.0,850.0,938.0,976.0,963.0,917.0,895.0,882.0,932.0,960.0,931.0
229,740.0,800.0,764.0,757.0,788.0,743.0,783.0,748.0,756.0,764.0,974.0,905.0,960.0,972.0,926.0,952.0,947.0,998.0,965.0,959.0,983.0,1023.0,969.0,976.0,1001.0,949.0,1006.0,902.0,977.0,1003.0,1031.0,1025.0,1023.0,998.0,999.0,1035.0,990.0,964.0,1020.0,1035.0,1147.0,1172.0,1166.0,1165.0,1089.0,1157.0,1175.0,1137.0,1157.0,1112.0,1105.0,1086.0,1103.0,1056.0,1135.0,1072.0,1068.0,1140.0,1100.0,1116.0,941.0,943.0,965.0,978.0,988.0,967.0,999.0,960.0,957.0,909.0,913.0,915.0,914.0,931.0,893.0,906.0,900.0,892.0,941.0,913.0,1125.0,1091.0,1083.0,1100.0,1149.0,1110.0,1085.0,1156.0,1122.0,1119.0,858.0,909.0,925.0,933.0,909.0,914.0,899.0,968.0,862.0,910.0
230,746.0,792.0,742.0,750.0,712.0,739.0,771.0,784.0,742.0,770.0,937.0,967.0,993.0,967.0,983.0,987.0,984.0,985.0,957.0,909.0,976.0,985.0,988.0,992.0,953.0,910.0,965.0,912.0,958.0,980.0,1031.0,1035.0,1034.0,1008.0,1019.0,1021.0,979.0,1040.0,1061.0,1035.0,1151.0,1162.0,1142.0,1109.0,1103.0,1144.0,1138.0,1131.0,1124.0,1131.0,1115.0,1109.0,1123.0,1133.0,1087.0,1082.0,1162.0,1107.0,1058.0,1026.0,941.0,898.0,937.0,936.0,988.0,964.0,1011.0,947.0,957.0,981.0,911.0,884.0,879.0,930.0,947.0,915.0,849.0,927.0,918.0,926.0,1118.0,1139.0,1141.0,1113.0,1155.0,1120.0,1121.0,1119.0,1137.0,1159.0,888.0,897.0,890.0,928.0,927.0,922.0,869.0,915.0,944.0,924.0
231,749.0,746.0,760.0,725.0,780.0,777.0,781.0,793.0,735.0,802.0,917.0,950.0,963.0,943.0,945.0,954.0,1000.0,961.0,946.0,940.0,1002.0,973.0,943.0,988.0,981.0,971.0,940.0,981.0,1020.0,975.0,985.0,998.0,1023.0,1018.0,1070.0,1035.0,1048.0,1009.0,1005.0,978.0,1161.0,1128.0,1088.0,1132.0,1161.0,1138.0,1152.0,1126.0,1187.0,1139.0,1092.0,1098.0,1167.0,1096.0,1077.0,1055.0,1075.0,1106.0,1039.0,1080.0,942.0,924.0,943.0,970.0,934.0,943.0,957.0,946.0,973.0,969.0,938.0,940.0,933.0,945.0,918.0,858.0,912.0,933.0,912.0,924.0,1123.0,1153.0,1153.0,1094.0,1116.0,1146.0,1049.0,1120.0,1164.0,1104.0,904.0,957.0,894.0,956.0,891.0,926.0,937.0,894.0,870.0,933.0
232,787.0,762.0,765.0,776.0,763.0,736.0,802.0,726.0,782.0,780.0,986.0,911.0,960.0,945.0,985.0,952.0,961.0,954.0,986.0,898.0,979.0,1008.0,999.0,968.0,991.0,990.0,969.0,984.0,994.0,975.0,1046.0,1040.0,1031.0,1025.0,957.0,973.0,1049.0,960.0,957.0,1004.0,1119.0,1127.0,1169.0,1130.0,1144.0,1151.0,1122.0,1184.0,1127.0,1111.0,1012.0,1119.0,1089.0,1101.0,1059.0,1110.0,1096.0,1073.0,1087.0,1159.0,951.0,922.0,974.0,976.0,985.0,971.0,958.0,951.0,985.0,971.0,947.0,906.0,882.0,932.0,905.0,905.0,857.0,956.0,933.0,936.0,1089.0,1132.0,1111.0,1100.0,1165.0,1116.0,1085.0,1151.0,1115.0,1129.0,902.0,938.0,885.0,916.0,918.0,898.0,953.0,926.0,889.0,877.0
233,772.0,764.0,742.0,763.0,755.0,790.0,756.0,735.0,772.0,759.0,928.0,948.0,1004.0,934.0,937.0,949.0,992.0,984.0,939.0,948.0,913.0,955.0,991.0,961.0,961.0,1002.0,942.0,958.0,992.0,956.0,1022.0,1021.0,1010.0,1003.0,1041.0,999.0,1024.0,1023.0,1001.0,1009.0,1133.0,1142.0,1107.0,1153.0,1175.0,1113.0,1179.0,1162.0,1180.0,1171.0,1091.0,1051.0,1111.0,1102.0,1102.0,1063.0,1088.0,1080.0,1082.0,1062.0,958.0,963.0,934.0,973.0,993.0,985.0,1006.0,962.0,976.0,933.0,950.0,937.0,911.0,895.0,892.0,902.0,858.0,913.0,903.0,949.0,1098.0,1126.0,1148.0,1194.0,1134.0,1123.0,1111.0,1162.0,1103.0,1182.0,954.0,960.0,906.0,885.0,880.0,879.0,891.0,883.0,907.0,866.0
234,726.0,745.0,706.0,769.0,769.0,750.0,769.0,773.0,767.0,765.0,971.0,942.0,1004.0,982.0,943.0,934.0,956.0,990.0,962.0,914.0,949.0,963.0,1040.0,980.0,977.0,982.0,940.0,959.0,980.0,946.0,1010.0,1047.0,1027.0,999.0,1077.0,1003.0,1034.0,995.0,1063.0,985.0,1138.0,1190.0,1095.0,1119.0,1139.0,1174.0,1177.0,1177.0,1121.0,1199.0,1043.0,1058.0,1095.0,1105.0,1113.0,1029.0,1090.0,1070.0,1102.0,1116.0,972.0,932.0,905.0,980.0,952.0,1005.0,946.0,998.0,956.0,936.0,969.0,895.0,940.0,916.0,885.0,899.0,921.0,903.0,872.0,955.0,1124.0,1157.0,1151.0,1115.0,1111.0,1108.0,1116.0,1107.0,1126.0,1096.0,919.0,933.0,899.0,900.0,903.0,921.0,898.0,891.0,905.0,921.0
235,740.0,794.0,801.0,760.0,777.0,732.0,767.0,748.0,741.0,745.0,1013.0,947.0,986.0,956.0,961.0,921.0,950.0,947.0,963.0,944.0,983.0,941.0,994.0,973.0,968.0,997.0,997.0,949.0,989.0,996.0,1040.0,1040.0,1024.0,1057.0,1052.0,1034.0,1039.0,1012.0,1024.0,1028.0,1112.0,1135.0,1150.0,1170.0,1146.0,1145.0,1166.0,1173.0,1156.0,1101.0,1066.0,1052.0,1063.0,1065.0,1094.0,1093.0,1078.0,1102.0,1031.0,1068.0,962.0,940.0,936.0,953.0,937.0,936.0,997.0,949.0,986.0,954.0,910.0,952.0,911.0,928.0,915.0,862.0,883.0,916.0,869.0,920.0,1108.0,1140.0,1097.0,1101.0,1109.0,1181.0,1074.0,1138.0,1165.0,1139.0,888.0,924.0,906.0,900.0,912.0,898.0,895.0,927.0,926.0,940.0
236,737.0,764.0,780.0,785.0,735.0,727.0,782.0,810.0,734.0,796.0,967.0,927.0,997.0,942.0,992.0,936.0,996.0,985.0,924.0,952.0,959.0,971.0,975.0,986.0,987.0,1000.0,975.0,983.0,1000.0,968.0,1078.0,1015.0,1041.0,1018.0,1037.0,1061.0,1020.0,1031.0,1031.0,1028.0,1138.0,1177.0,1159.0,1160.0,1103.0,1136.0,1114.0,1116.0,1158.0,1125.0,1075.0,1114.0,1111.0,1097.0,1088.0,1034.0,1081.0,1050.0,1088.0,1035.0,902.0,961.0,965.0,924.0,956.0,926.0,949.0,990.0,1004.0,960.0,903.0,898.0,893.0,926.0,917.0,905.0,878.0,864.0,903.0,902.0,1151.0,1101.0,1010.0,1096.0,1112.0,1142.0,1101.0,1116.0,1060.0,1165.0,906.0,936.0,940.0,931.0,946.0,932.0,953.0,920.0,947.0,905.0
237,731.0,718.0,752.0,765.0,743.0,760.0,725.0,764.0,768.0,789.0,964.0,947.0,950.0,965.0,962.0,939.0,979.0,1006.0,948.0,959.0,1019.0,969.0,1050.0,958.0,988.0,1017.0,1031.0,935.0,970.0,951.0,969.0,1014.0,1010.0,1048.0,998.0,1051.0,1015.0,1028.0,1013.0,1018.0,1118.0,1186.0,1116.0,1149.0,1137.0,1098.0,1181.0,1145.0,1115.0,1137.0,1058.0,1095.0,1063.0,1063.0,1115.0,1034.0,1056.0,1042.0,1102.0,1105.0,935.0,955.0,981.0,999.0,1006.0,969.0,969.0,1004.0,1012.0,972.0,940.0,910.0,913.0,849.0,864.0,911.0,876.0,936.0,913.0,890.0,1146.0,1131.0,1121.0,1131.0,1170.0,1096.0,1109.0,1095.0,1119.0,1088.0,934.0,935.0,916.0,937.0,884.0,927.0,903.0,912.0,891.0,930.0
238,782.0,781.0,783.0,788.0,754.0,791.0,753.0,743.0,818.0,756.0,943.0,1026.0,940.0,987.0,950.0,899.0,1004.0,1014.0,955.0,995.0,974.0,991.0,970.0,963.0,990.0,985.0,951.0,954.0,1024.0,950.0,983.0,1051.0,1041.0,1049.0,994.0,1007.0,982.0,1022.0,1031.0,1031.0,1159.0,1116.0,1148.0,1147.0,1162.0,1170.0,1160.0,1158.0,1100.0,1149.0,1112.0,1038.0,1102.0,1051.0,1065.0,1074.0,1057.0,1074.0,1101.0,1091.0,969.0,997.0,988.0,941.0,979.0,961.0,982.0,963.0,935.0,960.0,872.0,878.0,885.0,915.0,925.0,878.0,890.0,959.0,885.0,887.0,1122.0,1119.0,1114.0,1125.0,1130.0,1139.0,1166.0,1101.0,1103.0,1115.0,898.0,865.0,902.0,900.0,917.0,898.0,899.0,880.0,903.0,903.0
239,784.0,788.0,805.0,771.0,780.0,801.0,698.0,793.0,773.0,758.0,934.0,954.0,988.0,964.0,891.0,964.0,966.0,963.0,987.0,936.0,986.0,984.0,998.0,971.0,993.0,992.0,959.0,936.0,996.0,975.0,1019.0,997.0,1013.0,1006.0,1023.0,1038.0,1026.0,1046.0,1016.0,998.0,1131.0,1154.0,1162.0,1149.0,1185.0,1147.0,1147.0,1105.0,1090.0,1199.0,1078.0,1091.0,1038.0,1106.0,1090.0,1023.0,1061.0,1050.0,1110.0,1074.0,920.0,980.0,975.0,969.0,1012.0,928.0,983.0,1007.0,987.0,994.0,915.0,891.0,872.0,927.0,936.0,888.0,878.0,882.0,918.0,900.0,1144.0,1087.0,1092.0,1115.0,1119.0,1133.0,1171.0,1147.0,1093.0,1105.0,903.0,939.0,934.0,888.0,835.0,889.0,951.0,940.0,887.0,895.0
240,777.0,820.0,770.0,760.0,810.0,694.0,754.0,823.0,757.0,769.0,983.0,947.0,932.0,946.0,951.0,977.0,950.0,1022.0,936.0,938.0,989.0,969.0,1006.0,917.0,937.0,988.0,965.0,962.0,954.0,965.0,1021.0,1015.0,988.0,1003.0,999.0,1023.0,991.0,1006.0,1034.0,997.0,1114.0,1162.0,1103.0,1166.0,1140.0,1160.0,1163.0,1168.0,1143.0,1161.0,1094.0,1097.0,1073.0,1090.0,1096.0,1093.0,1097.0,1014.0,1121.0,1085.0,973.0,943.0,970.0,1015.0,950.0,954.0,967.0,963.0,943.0,977.0,900.0,906.0,992.0,939.0,941.0,906.0,886.0,894.0,912.0,900.0,1115.0,1102.0,1112.0,1109.0,1173.0,1095.0,1143.0,1114.0,1160.0,1131.0,850.0,906.0,935.0,919.0,867.0,910.0,922.0,905.0,893.0,911.0
241,752.0,804.0,785.0,744.0,786.0,769.0,759.0,811.0,784.0,833.0,958.0,971.0,906.0,948.0,954.0,964.0,951.0,991.0,952.0,948.0,945.0,974.0,1006.0,959.0,999.0,1014.0,1027.0,990.0,932.0,952.0,1019.0,1024.0,1027.0,1028.0,1040.0,1020.0,1030.0,987.0,1024.0,1031.0,1141.0,1114.0,1151.0,1147.0,1102.0,1095.0,1131.0,1138.0,1181.0,1122.0,1067.0,1144.0,1080.0,1047.0,1103.0,1022.0,1030.0,1093.0,1092.0,1081.0,1015.0,932.0,961.0,919.0,948.0,889.0,923.0,930.0,984.0,968.0,905.0,908.0,921.0,963.0,896.0,938.0,981.0,950.0,906.0,935.0,1135.0,1073.0,1127.0,1158.0,1116.0,1190.0,1087.0,1102.0,1088.0,1059.0,876.0,925.0,917.0,950.0,923.0,898.0,923.0,881.0,910.0,911.0
242,810.0,763.0,802.0,732.0,743.0,777.0,728.0,810.0,767.0,768.0,925.0,952.0,951.0,957.0,966.0,921.0,925.0,969.0,947.0,956.0,980.0,944.0,973.0,967.0,928.0,981.0,994.0,948.0,1001.0,955.0,976.0,1029.0,981.0,1023.0,1029.0,1055.0,1067.0,1023.0,997.0,1016.0,1127.0,1143.0,1164.0,1136.0,1097.0,1103.0,1167.0,1117.0,1136.0,1178.0,1086.0,1100.0,1071.0,1095.0,1144.0,1052.0,1101.0,1098.0,1065.0,1088.0,921.0,965.0,993.0,956.0,941.0,954.0,959.0,970.0,1004.0,953.0,908.0,912.0,886.0,886.0,946.0,850.0,851.0,917.0,936.0,902.0,1124.0,1114.0,1139.0,1148.0,1143.0,1150.0,1108.0,1106.0,1108.0,1095.0,959.0,948.0,920.0,961.0,928.0,955.0,937.0,917.0,893.0,930.0
243,751.0,787.0,774.0,790.0,746.0,780.0,769.0,781.0,774.0,787.0,965.0,929.0,956.0,934.0,922.0,925.0,943.0,1011.0,1005.0,948.0,1001.0,987.0,995.0,920.0,1009.0,1023.0,980.0,980.0,931.0,989.0,1032.0,1052.0,1035.0,1004.0,1041.0,1002.0,1026.0,1036.0,992.0,1084.0,1142.0,1125.0,1121.0,1160.0,1133.0,1147.0,1150.0,1168.0,1127.0,1140.0,1067.0,1097.0,1054.0,1078.0,1053.0,1050.0,1107.0,1036.0,1148.0,1084.0,964.0,962.0,937.0,997.0,967.0,902.0,949.0,939.0,972.0,949.0,936.0,922.0,927.0,914.0,981.0,875.0,916.0,917.0,927.0,881.0,1073.0,1124.0,1133.0,1142.0,1118.0,1131.0,1103.0,1132.0,1092.0,1126.0,887.0,885.0,951.0,924.0,895.0,963.0,894.0,873.0,887.0,851.0
244,745.0,816.0,778.0,729.0,823.0,746.0,761.0,753.0,786.0,747.0,996.0,934.0,969.0,980.0,985.0,950.0,988.0,952.0,946.0,962.0,972.0,972.0,990.0,1008.0,968.0,982.0,985.0,1003.0,957.0,972.0,964.0,1016.0,1046.0,1042.0,1023.0,1011.0,993.0,1024.0,992.0,1036.0,1131.0,1138.0,1123.0,1167.0,1115.0,1123.0,1141.0,1134.0,1163.0,1102.0,1069.0,1083.0,1094.0,1063.0,1029.0,1092.0,1072.0,1107.0,1069.0,1082.0,988.0,1001.0,972.0,1003.0,999.0,942.0,1017.0,941.0,965.0,966.0,857.0,917.0,859.0,900.0,928.0,897.0,869.0,919.0,963.0,906.0,1171.0,1085.0,1127.0,1090.0,1071.0,1086.0,1127.0,1132.0,1107.0,1117.0,922.0,911.0,923.0,880.0,933.0,972.0,884.0,907.0,910.0,951.0
245,749.0,775.0,772.0,783.0,776.0,742.0,773.0,765.0,799.0,780.0,961.0,959.0,996.0,935.0,972.0,940.0,945.0,945.0,994.0,953.0,960.0,996.0,928.0,1052.0,992.0,1013.0,928.0,979.0,968.0,985.0,998.0,1040.0,1049.0,1015.0,1042.0,988.0,1030.0,1046.0,977.0,973.0,1180.0,1110.0,1123.0,1140.0,1113.0,1125.0,1151.0,1146.0,1144.0,1204.0,1094.0,1080.0,1088.0,1006.0,1066.0,1121.0,1071.0,1068.0,1069.0,1077.0,976.0,973.0,976.0,963.0,946.0,973.0,951.0,986.0,960.0,944.0,893.0,915.0,885.0,901.0,928.0,869.0,941.0,874.0,934.0,938.0,1082.0,1119.0,1154.0,1136.0,1110.0,1095.0,1130.0,1106.0,1121.0,1082.0,922.0,906.0,909.0,933.0,930.0,936.0,918.0,959.0,893.0,904.0
246,770.0,769.0,766.0,813.0,783.0,788.0,793.0,781.0,820.0,806.0,953.0,952.0,976.0,919.0,949.0,891.0,978.0,948.0,993.0,951.0,980.0,963.0,954.0,1023.0,1048.0,954.0,974.0,974.0,904.0,985.0,1008.0,1041.0,1039.0,972.0,1051.0,1048.0,967.0,969.0,1033.0,1016.0,1136.0,1156.0,1187.0,1137.0,1160.0,1138.0,1120.0,1168.0,1114.0,1163.0,1104.0,1107.0,1048.0,1067.0,1048.0,1112.0,1055.0,1140.0,1062.0,1042.0,968.0,1004.0,930.0,917.0,946.0,963.0,951.0,946.0,988.0,1001.0,875.0,930.0,882.0,956.0,889.0,882.0,938.0,918.0,897.0,895.0,1105.0,1062.0,1169.0,1099.0,1098.0,1100.0,1156.0,1123.0,1103.0,1119.0,917.0,889.0,925.0,965.0,905.0,925.0,908.0,905.0,949.0,864.0
247,795.0,770.0,806.0,830.0,793.0,768.0,819.0,762.0,812.0,822.0,974.0,946.0,933.0,944.0,934.0,993.0,947.0,928.0,956.0,922.0,944.0,988.0,960.0,982.0,1015.0,975.0,915.0,971.0,967.0,957.0,1054.0,1025.0,990.0,1011.0,1045.0,1068.0,1044.0,1070.0,1037.0,1029.0,1161.0,1142.0,1151.0,1180.0,1152.0,1137.0,1140.0,1199.0,1076.0,1159.0,1097.0,1057.0,1096.0,1072.0,1045.0,1023.0,1090.0,1000.0,1068.0,1087.0,957.0,1015.0,973.0,950.0,949.0,961.0,944.0,979.0,995.0,961.0,833.0,934.0,938.0,883.0,904.0,890.0,892.0,950.0,917.0,880.0,1137.0,1101.0,1095.0,1111.0,1145.0,1082.0,1128.0,1111.0,1069.0,1113.0,861.0,895.0,937.0,905.0,895.0,905.0,923.0,900.0,973.0,913.0
248,784.0,736.0,805.0,797.0,755.0,731.0,821.0,799.0,746.0,790.0,983.0,931.0,935.0,959.0,959.0,973.0,975.0,981.0,986.0,936.0,973.0,992.0,970.0,983.0,994.0,976.0,969.0,970.0,967.0,1012.0,1031.0,1044.0,1032.0,1057.0,1044.0,1029.0,988.0,994.0,994.0,988.0,1104.0,1187.0,1153.0,1183.0,1132.0,1190.0,1137.0,1109.0,1119.0,1134.0,1067.0,1084.0,1084.0,1069.0,1084.0,1076.0,1108.0,1094.0,1070.0,1092.0,942.0,914.0,904.0,944.0,936.0,911.0,957.0,966.0,979.0,966.0,916.0,909.0,938.0,911.0,912.0,910.0,911.0,897.0,903.0,924.0,1111.0,1143.0,1131.0,1065.0,1131.0,1098.0,1107.0,1141.0,1176.0,1067.0,904.0,927.0,928.0,901.0,930.0,905.0,872.0,920.0,927.0,936.0
249,722.0,765.0,732.0,806.0,740.0,746.0,793.0,739.0,753.0,749.0,940.0,967.0,959.0,988.0,983.0,942.0,942.0,932.0,940.0,999.0,997.0,951.0,989.0,927.0,1007.0,987.0,939.0,937.0,948.0,981.0,1003.0,1032.0,1010.0,1040.0,1025.0,1038.0,1047.0,1049.0,1013.0,1020.0,1164.0,1140.0,1158.0,1137.0,1151.0,1081.0,1178.0,1175.0,1175.0,1103.0,1115.0,1092.0,1095.0,1036.0,1075.0,1084.0,1051.0,1099.0,1085.0,1071.0,955.0,934.0,945.0,974.0,945.0,988.0,952.0,983.0,944.0,1016.0,924.0,897.0,939.0,933.0,927.0,900.0,889.0,873.0,901.0,860.0,1078.0,1108.0,1144.0,1092.0,1110.0,1126.0,1141.0,1151.0,1191.0,1118.0,914.0,981.0,906.0,940.0,912.0,910.0,913.0,927.0,911.0,929.0
250,752.0,763.0,790.0,752.0,755.0,772.0,797.0,802.0,743.0,807.0,958.0,948.0,964.0,961.0,978.0,963.0,889.0,927.0,962.0,970.0,991.0,1006.0,950.0,1028.0,913.0,933.0,946.0,983.0,1005.0,1004.0,988.0,1029.0,1003.0,1007.0,1030.0,1047.0,1055.0,1071.0,1070.0,1065.0,1152.0,1171.0,1120.0,1138.0,1187.0,1117.0,1153.0,1143.0,1143.0,1119.0,1134.0,1094.0,1080.0,1077.0,1087.0,1088.0,1102.0,1102.0,1058.0,1087.0,970.0,975.0,956.0,932.0,996.0,952.0,999.0,951.0,953.0,913.0,854.0,883.0,908.0,948.0,910.0,879.0,859.0,877.0,906.0,859.0,1133.0,1087.0,1153.0,1115.0,1102.0,1131.0,1114.0,1099.0,1138.0,1138.0,875.0,911.0,954.0,916.0,916.0,921.0,931.0,912.0,880.0,883.0
251,769.0,736.0,706.0,736.0,777.0,801.0,805.0,773.0,731.0,764.0,934.0,932.0,969.0,903.0,974.0,933.0,928.0,959.0,996.0,953.0,971.0,968.0,1017.0,1002.0,945.0,961.0,928.0,973.0,932.0,920.0,1015.0,1090.0,985.0,1048.0,1032.0,1008.0,1046.0,1051.0,1034.0,1012.0,1142.0,1173.0,1147.0,1141.0,1149.0,1082.0,1137.0,1137.0,1118.0,1110.0,1065.0,1079.0,1127.0,1089.0,1090.0,1146.0,1111.0,1092.0,1064.0,1084.0,962.0,974.0,979.0,916.0,987.0,968.0,975.0,948.0,977.0,1030.0,929.0,864.0,894.0,943.0,907.0,877.0,923.0,891.0,898.0,911.0,1118.0,1148.0,1095.0,1164.0,1114.0,1101.0,1077.0,1112.0,1160.0,1133.0,905.0,898.0,956.0,927.0,899.0,929.0,919.0,932.0,946.0,930.0
252,784.0,811.0,816.0,773.0,755.0,779.0,727.0,768.0,733.0,774.0,950.0,1009.0,921.0,964.0,991.0,979.0,998.0,938.0,942.0,985.0,960.0,980.0,964.0,976.0,971.0,935.0,1006.0,997.0,998.0,997.0,1016.0,1003.0,971.0,1032.0,987.0,1000.0,996.0,1036.0,1036.0,984.0,1144.0,1106.0,1137.0,1138.0,1171.0,1114.0,1141.0,1121.0,1119.0,1108.0,1059.0,1056.0,1102.0,1088.0,1089.0,1062.0,1117.0,1032.0,1093.0,1079.0,955.0,956.0,1022.0,890.0,961.0,1025.0,923.0,997.0,968.0,975.0,910.0,885.0,926.0,941.0,899.0,933.0,926.0,945.0,902.0,921.0,1117.0,1167.0,1111.0,1129.0,1109.0,1062.0,1132.0,1120.0,1150.0,1166.0,918.0,891.0,907.0,938.0,940.0,922.0,879.0,917.0,914.0,857.0
253,740.0,743.0,761.0,756.0,728.0,794.0,767.0,826.0,802.0,749.0,990.0,931.0,932.0,977.0,999.0,950.0,910.0,913.0,942.0,971.0,954.0,1005.0,979.0,978.0,1021.0,956.0,988.0,992.0,972.0,900.0,1025.0,1001.0,1036.0,1032.0,1038.0,1016.0,1025.0,998.0,1009.0,987.0,1177.0,1121.0,1152.0,1117.0,1143.0,1126.0,1175.0,1175.0,1121.0,1172.0,1070.0,1064.0,1075.0,1086.0,1090.0,1078.0,1077.0,1063.0,1101.0,1096.0,1000.0,1007.0,946.0,914.0,986.0,958.0,987.0,979.0,923.0,939.0,898.0,962.0,916.0,940.0,877.0,900.0,902.0,921.0,903.0,944.0,1052.0,1152.0,1163.0,1122.0,1065.0,1142.0,1051.0,1111.0,1183.0,1120.0,907.0,877.0,916.0,947.0,926.0,892.0,965.0,893.0,898.0,966.0
254,786.0,764.0,748.0,747.0,800.0,760.0,789.0,803.0,773.0,754.0,950.0,955.0,932.0,970.0,968.0,933.0,937.0,923.0,927.0,1003.0,980.0,964.0,973.0,1002.0,957.0,987.0,1024.0,962.0,969.0,972.0,980.0,1025.0,1011.0,1047.0,1077.0,1023.0,968.0,997.0,970.0,984.0,1140.0,1205.0,1143.0,1119.0,1174.0,1101.0,1164.0,1153.0,1137.0,1140.0,1135.0,1048.0,1088.0,1064.0,1050.0,1073.0,1016.0,1098.0,1045.0,1129.0,986.0,937.0,956.0,989.0,1005.0,963.0,1005.0,939.0,978.0,930.0,910.0,907.0,925.0,884.0,881.0,882.0,906.0,940.0,970.0,888.0,1089.0,1149.0,1148.0,1125.0,1081.0,1187.0,1127.0,1127.0,1146.0,1084.0,858.0,905.0,951.0,921.0,881.0,902.0,912.0,931.0,940.0,958.0
255,772.0,724.0,773.0,748.0,769.0,734.0,792.0,786.0,779.0,793.0,924.0,968.0,955.0,959.0,986.0,931.0,966.0,912.0,945.0,975.0,973.0,1025.0,988.0,988.0,991.0,968.0,937.0,949.0,1013.0,994.0,1028.0,1046.0,1024.0,1064.0,1029.0,1006.0,1038.0,1006.0,1023.0,1027.0,1156.0,1118.0,1188.0,1114.0,1154.0,1126.0,1153.0,1128.0,1182.0,1157.0,1053.0,1072.0,1065.0,1053.0,1066.0,1093.0,1090.0,1129.0,1031.0,1061.0,953.0,934.0,918.0,1016.0,985.0,971.0,975.0,924.0,923.0,930.0,941.0,949.0,892.0,869.0,918.0,902.0,898.0,925.0,906.0,909.0,1116.0,1107.0,1175.0,1150.0,1089.0,1166.0,1129.0,1153.0,1100.0,1065.0,900.0,916.0,892.0,905.0,888.0,911.0,870.0,960.0,952.0,935.0
256,758.0,787.0,774.0,770.0,770.0,775.0,778.0,764.0,778.0,754.0,893.0,953.0,943.0,988.0,960.0,946.0,886.0,970.0,909.0,994.0,935.0,1015.0,993.0,1006.0,905.0,999.0,971.0,927.0,958.0,968.0,1059.0,1032.0,1037.0,1050.0,1034.0,1051.0,1047.0,1080.0,1067.0,1043.0,1146.0,1129.0,1133.0,1149.0,1169.0,1123.0,1128.0,1155.0,1127.0,1164.0,1089.0,1130.0,1042.0,1064.0,1092.0,1107.0,1119.0,1106.0,1110.0,1058.0,979.0,923.0,982.0,944.0,998.0,943.0,953.0,958.0,942.0,955.0,916.0,900.0,903.0,896.0,895.0,857.0,906.0,936.0,934.0,880.0,1138.0,1108.0,1124.0,1113.0,1104.0,1106.0,1154.0,1111.0,1137.0,1118.0,900.0,883.0,941.0,885.0,945.0,899.0,904.0,863.0,891.0,910.0
257,759.0,796.0,793.0,768.0,769.0,727.0,751.0,799.0,728.0,776.0,941.0,978.0,946.0,957.0,1012.0,930.0,929.0,992.0,934.0,982.0,953.0,965.0,955.0,945.0,952.0,1003.0,940.0,930.0,1009.0,975.0,1021.0,1077.0,1033.0,1040.0,1024.0,1014.0,1001.0,1035.0,1031.0,983.0,1170.0,1147.0,1151.0,1122.0,1172.0,1150.0,1123.0,1080.0,1141.0,1085.0,1097.0,1041.0,1102.0,1050.0,1114.0,1053.0,1127.0,1109.0,1058.0,1106.0,974.0,938.0,965.0,951.0,951.0,1014.0,957.0,941.0,997.0,961.0,866.0,888.0,946.0,939.0,894.0,891.0,901.0,946.0,902.0,918.0,1085.0,1118.0,1083.0,1122.0,1100.0,1112.0,1160.0,1108.0,1139.0,1114.0,946.0,914.0,902.0,973.0,881.0,910.0,955.0,934.0,913.0,946.0
258,783.0,768.0,796.0,727.0,784.0,779.0,789.0,761.0,774.0,761.0,954.0,928.0,939.0,933.0,947.0,922.0,956.0,968.0,986.0,946.0,951.0,975.0,972.0,983.0,979.0,972.0,986.0,934.0,984.0,936.0,979.0,997.0,1045.0,1003.0,1020.0,1040.0,1069.0,1024.0,983.0,1035.0,1161.0,1107.0,1126.0,1160.0,1151.0,1139.0,1120.0,1128.0,1115.0,1109.0,1036.0,1094.0,1088.0,1137.0,1076.0,1125.0,1050.0,1075.0,1072.0,1097.0,1014.0,959.0,974.0,938.0,946.0,976.0,967.0,989.0,995.0,1021.0,923.0,963.0,955.0,897.0,951.0,900.0,874.0,899.0,895.0,935.0,1114.0,1149.0,1058.0,1158.0,1107.0,1052.0,1129.0,1153.0,1160.0,1079.0,900.0,923.0,927.0,925.0,910.0,899.0,907.0,942.0,888.0,929.0
259,712.0,785.0,792.0,787.0,774.0,761.0,751.0,748.0,780.0,787.0,954.0,978.0,988.0,957.0,966.0,955.0,931.0,937.0,987.0,973.0,975.0,943.0,957.0,971.0,1017.0,988.0,993.0,1018.0,998.0,970.0,1033.0,1001.0,1027.0,978.0,1048.0,1007.0,1028.0,980.0,1001.0,992.0,1165.0,1129.0,1090.0,1170.0,1117.0,1068.0,1112.0,1115.0,1166.0,1143.0,1086.0,1059.0,1080.0,1065.0,1044.0,1048.0,1055.0,1094.0,1060.0,1069.0,1003.0,964.0,985.0,944.0,945.0,1013.0,993.0,950.0,937.0,953.0,905.0,960.0,935.0,917.0,907.0,927.0,892.0,938.0,908.0,919.0,1115.0,1133.0,1150.0,1162.0,1118.0,1114.0,1183.0,1158.0,1102.0,1111.0,862.0,913.0,877.0,908.0,938.0,928.0,908.0,935.0,914.0,935.0
260,781.0,793.0,713.0,782.0,799.0,773.0,732.0,810.0,773.0,767.0,939.0,997.0,950.0,946.0,959.0,936.0,987.0,938.0,967.0,961.0,966.0,905.0,964.0,919.0,955.0,982.0,977.0,931.0,990.0,985.0,987.0,996.0,1014.0,1014.0,996.0,1043.0,957.0,1002.0,1016.0,987.0,1154.0,1143.0,1164.0,1147.0,1156.0,1146.0,1198.0,1123.0,1127.0,1157.0,1049.0,1090.0,1106.0,1099.0,1116.0,1071.0,1085.0,1071.0,1069.0,1039.0,978.0,957.0,924.0,987.0,1002.0,1002.0,954.0,929.0,949.0,975.0,917.0,939.0,967.0,895.0,895.0,875.0,913.0,956.0,952.0,952.0,1135.0,1115.0,1140.0,1138.0,1122.0,1120.0,1138.0,1190.0,1120.0,1109.0,906.0,932.0,934.0,933.0,873.0,859.0,901.0,923.0,893.0,921.0
261,777.0,751.0,758.0,759.0,810.0,719.0,739.0,788.0,751.0,752.0,918.0,960.0,985.0,951.0,924.0,908.0,942.0,949.0,939.0,966.0,913.0,981.0,935.0,949.0,999.0,1007.0,973.0,920.0,977.0,966.0,955.0,1063.0,1016.0,1012.0,1016.0,1021.0,1021.0,1030.0,1018.0,1018.0,1172.0,1143.0,1107.0,1155.0,1093.0,1165.0,1123.0,1150.0,1156.0,1162.0,1067.0,1078.0,1073.0,1072.0,1058.0,1042.0,1116.0,1083.0,1100.0,1067.0,992.0,969.0,999.0,960.0,962.0,964.0,986.0,995.0,982.0,958.0,925.0,916.0,951.0,944.0,933.0,882.0,948.0,918.0,948.0,915.0,1153.0,1071.0,1145.0,1129.0,1143.0,1137.0,1097.0,1116.0,1090.0,1125.0,938.0,938.0,906.0,928.0,939.0,960.0,897.0,926.0,893.0,923.0
262,761.0,785.0,782.0,760.0,738.0,788.0,766.0,780.0,743.0,744.0,944.0,994.0,930.0,991.0,979.0,961.0,962.0,938.0,991.0,942.0,954.0,975.0,949.0,958.0,982.0,979.0,1002.0,975.0,959.0,921.0,949.0,1002.0,1048.0,1039.0,1041.0,967.0,1034.0,1020.0,1059.0,994.0,1170.0,1157.0,1114.0,1136.0,1090.0,1138.0,1135.0,1134.0,1136.0,1196.0,1128.0,1072.0,1123.0,1080.0,1081.0,1084.0,1037.0,1121.0,1040.0,1069.0,938.0,983.0,1019.0,974.0,1010.0,970.0,913.0,902.0,965.0,985.0,918.0,900.0,855.0,895.0,909.0,893.0,965.0,947.0,912.0,928.0,1098.0,1094.0,1145.0,1141.0,1116.0,1115.0,1147.0,1123.0,1126.0,1123.0,949.0,910.0,907.0,884.0,930.0,912.0,882.0,936.0,923.0,946.0
263,766.0,832.0,792.0,757.0,737.0,726.0,779.0,757.0,766.0,788.0,953.0,973.0,928.0,953.0,920.0,974.0,952.0,971.0,943.0,1008.0,992.0,939.0,946.0,936.0,995.0,963.0,996.0,997.0,920.0,935.0,1001.0,998.0,1050.0,975.0,1057.0,1030.0,1061.0,1011.0,1034.0,1023.0,1095.0,1097.0,1112.0,1151.0,1184.0,1125.0,1147.0,1159.0,1192.0,1178.0,1062.0,1098.0,1112.0,1117.0,1137.0,1112.0,1041.0,1065.0,1085.0,1023.0,996.0,989.0,977.0,963.0,962.0,901.0,924.0,926.0,967.0,991.0,919.0,938.0,905.0,895.0,852.0,867.0,903.0,938.0,933.0,873.0,1102.0,1113.0,1127.0,1169.0,1075.0,1173.0,1156.0,1112.0,1108.0,1123.0,930.0,898.0,925.0,938.0,951.0,931.0,883.0,940.0,903.0,906.0
264,752.0,792.0,755.0,751.0,795.0,759.0,739.0,738.0,808.0,805.0,998.0,987.0,963.0,960.0,983.0,895.0,975.0,956.0,913.0,952.0,933.0,955.0,969.0,994.0,991.0,947.0,957.0,948.0,1002.0,985.0,1073.0,1079.0,1035.0,1039.0,1040.0,991.0,975.0,1042.0,1009.0,1018.0,1125.0,1113.0,1121.0,1147.0,1115.0,1156.0,1166.0,1109.0,1063.0,1169.0,1053.0,1047.0,1110.0,1088.0,1089.0,1086.0,1108.0,1131.0,1097.0,1061.0,953.0,985.0,946.0,939.0,918.0,992.0,984.0,964.0,1001.0,917.0,911.0,955.0,945.0,917.0,926.0,913.0,932.0,903.0,902.0,951.0,1104.0,1101.0,1095.0,1137.0,1097.0,1139.0,1110.0,1143.0,1131.0,1118.0,916.0,865.0,936.0,880.0,919.0,922.0,896.0,939.0,930.0,874.0
265,728.0,811.0,784.0,808.0,757.0,808.0,764.0,784.0,771.0,798.0,930.0,955.0,942.0,964.0,935.0,970.0,1005.0,968.0,919.0,913.0,963.0,988.0,986.0,943.0,1002.0,953.0,954.0,961.0,979.0,995.0,1019.0,1035.0,1034.0,978.0,1041.0,1034.0,1018.0,962.0,1026.0,984.0,1132.0,1102.0,1123.0,1134.0,1130.0,1123.0,1140.0,1132.0,1131.0,1156.0,1111.0,1048.0,1074.0,1143.0,1124.0,1050.0,1099.0,1121.0,1043.0,1128.0,942.0,984.0,964.0,967.0,958.0,914.0,930.0,925.0,973.0,933.0,916.0,933.0,842.0,916.0,925.0,942.0,893.0,958.0,967.0,913.0,1145.0,1139.0,1160.0,1128.0,1085.0,1150.0,1147.0,1109.0,1124.0,1122.0,931.0,886.0,964.0,874.0,917.0,861.0,891.0,955.0,925.0,906.0
266,737.0,804.0,782.0,749.0,796.0,741.0,714.0,781.0,795.0,751.0,941.0,939.0,932.0,971.0,940.0,949.0,958.0,960.0,946.0,974.0,1043.0,996.0,989.0,957.0,949.0,923.0,954.0,969.0,968.0,957.0,1038.0,996.0,1048.0,951.0,1049.0,991.0,1016.0,1017.0,1094.0,1017.0,1158.0,1118.0,1149.0,1183.0,1162.0,1161.0,1129.0,1144.0,1242.0,1146.0,1056.0,1047.0,1072.0,1077.0,1057.0,1041.0,1116.0,1087.0,1074.0,1090.0,981.0,977.0,1003.0,959.0,998.0,1018.0,955.0,958.0,932.0,982.0,900.0,960.0,872.0,912.0,893.0,925.0,940.0,910.0,867.0,924.0,1058.0,1135.0,1109.0,1136.0,1141.0,1136.0,1122.0,1147.0,1075.0,1124.0,906.0,913.0,917.0,959.0,886.0,920.0,935.0,901.0,858.0,883.0
267,770.0,764.0,747.0,759.0,787.0,791.0,772.0,783.0,761.0,773.0,958.0,971.0,968.0,967.0,972.0,915.0,926.0,960.0,954.0,924.0,983.0,1003.0,1012.0,942.0,928.0,957.0,1001.0,977.0,975.0,968.0,998.0,1017.0,1018.0,1020.0,970.0,974.0,985.0,979.0,1022.0,1045.0,1136.0,1146.0,1170.0,1122.0,1186.0,1175.0,1126.0,1127.0,1102.0,1162.0,1055.0,1097.0,1071.0,1090.0,1063.0,1076.0,1051.0,1093.0,1125.0,1090.0,968.0,959.0,966.0,974.0,966.0,950.0,987.0,952.0,949.0,944.0,929.0,921.0,949.0,951.0,943.0,897.0,930.0,911.0,906.0,888.0,1162.0,1115.0,1110.0,1129.0,1136.0,1130.0,1104.0,1135.0,1133.0,1142.0,859.0,891.0,860.0,903.0,921.0,940.0,962.0,959.0,924.0,908.0
268,752.0,813.0,772.0,784.0,750.0,776.0,756.0,751.0,743.0,761.0,950.0,952.0,942.0,942.0,959.0,942.0,971.0,933.0,988.0,929.0,965.0,1029.0,985.0,931.0,1013.0,978.0,951.0,945.0,1011.0,992.0,975.0,1010.0,998.0,980.0,1009.0,991.0,1003.0,1083.0,1035.0,1012.0,1159.0,1156.0,1186.0,1213.0,1147.0,1161.0,1196.0,1167.0,1151.0,1138.0,1084.0,1071.0,1098.0,1085.0,1051.0,1081.0,1108.0,1093.0,1089.0,1096.0,987.0,927.0,973.0,950.0,974.0,923.0,933.0,941.0,1003.0,942.0,898.0,893.0,921.0,942.0,898.0,914.0,915.0,947.0,855.0,912.0,1138.0,1120.0,1102.0,1123.0,1144.0,1129.0,1138.0,1093.0,1051.0,1133.0,907.0,913.0,893.0,905.0,926.0,911.0,868.0,922.0,925.0,928.0
269,751.0,789.0,790.0,784.0,799.0,704.0,805.0,753.0,840.0,762.0,979.0,957.0,977.0,927.0,934.0,938.0,936.0,925.0,942.0,966.0,976.0,964.0,940.0,973.0,984.0,967.0,986.0,1011.0,1028.0,994.0,995.0,1005.0,990.0,1024.0,1024.0,1013.0,971.0,1057.0,1005.0,972.0,1170.0,1157.0,1171.0,1113.0,1118.0,1109.0,1152.0,1193.0,1112.0,1147.0,1041.0,1116.0,1116.0,1069.0,1069.0,1096.0,1048.0,1066.0,1061.0,1126.0,974.0,997.0,913.0,997.0,997.0,1000.0,971.0,932.0,962.0,954.0,908.0,914.0,946.0,954.0,914.0,958.0,921.0,894.0,927.0,908.0,1125.0,1098.0,1098.0,1103.0,1131.0,1099.0,1129.0,1119.0,1116.0,1126.0,894.0,887.0,930.0,916.0,904.0,922.0,925.0,921.0,862.0,886.0
270,774.0,810.0,796.0,780.0,779.0,771.0,769.0,816.0,759.0,781.0,933.0,973.0,968.0,947.0,936.0,953.0,957.0,1024.0,973.0,981.0,1012.0,932.0,1019.0,994.0,976.0,942.0,999.0,964.0,1003.0,997.0,1009.0,1004.0,1020.0,1041.0,1080.0,1007.0,1022.0,986.0,995.0,989.0,1120.0,1176.0,1096.0,1115.0,1171.0,1099.0,1180.0,1148.0,1121.0,1109.0,1051.0,1109.0,1078.0,1069.0,1079.0,1103.0,1097.0,1002.0,1056.0,1059.0,981.0,974.0,933.0,975.0,968.0,943.0,926.0,968.0,1003.0,934.0,937.0,916.0,907.0,938.0,893.0,942.0,904.0,913.0,881.0,909.0,1086.0,1119.0,1116.0,1118.0,1131.0,1141.0,1119.0,1157.0,1133.0,1191.0,913.0,868.0,941.0,886.0,858.0,907.0,867.0,896.0,932.0,890.0
271,801.0,787.0,763.0,767.0,787.0,791.0,759.0,770.0,833.0,772.0,942.0,1000.0,906.0,944.0,916.0,912.0,912.0,939.0,938.0,943.0,963.0,937.0,1006.0,967.0,1015.0,1012.0,952.0,993.0,936.0,978.0,1027.0,1010.0,1016.0,1065.0,1025.0,1035.0,1032.0,991.0,1005.0,993.0,1151.0,1134.0,1193.0,1137.0,1203.0,1087.0,1154.0,1147.0,1126.0,1110.0,1083.0,1099.0,1107.0,1092.0,1072.0,1089.0,1096.0,1064.0,1093.0,1124.0,971.0,962.0,944.0,934.0,933.0,926.0,988.0,998.0,932.0,957.0,902.0,914.0,914.0,905.0,930.0,899.0,910.0,936.0,957.0,954.0,1092.0,1110.0,1116.0,1120.0,1142.0,1136.0,1165.0,1105.0,1136.0,1103.0,887.0,929.0,906.0,933.0,844.0,922.0,869.0,933.0,903.0,909.0
272,778.0,770.0,766.0,738.0,800.0,790.0,785.0,788.0,747.0,758.0,975.0,965.0,931.0,960.0,978.0,936.0,936.0,947.0,952.0,992.0,926.0,956.0,954.0,964.0,969.0,1004.0,965.0,1005.0,998.0,979.0,1036.0,1006.0,989.0,1010.0,1009.0,1025.0,1004.0,1024.0,996.0,1060.0,1134.0,1144.0,1111.0,1144.0,1116.0,1146.0,1159.0,1149.0,1086.0,1142.0,1075.0,1127.0,1091.0,1066.0,1115.0,1081.0,1025.0,1106.0,1086.0,1022.0,959.0,988.0,1022.0,978.0,977.0,906.0,976.0,973.0,992.0,941.0,924.0,896.0,947.0,916.0,912.0,917.0,903.0,909.0,923.0,910.0,1122.0,1109.0,1148.0,1134.0,1136.0,1117.0,1162.0,1073.0,1173.0,1137.0,889.0,918.0,914.0,952.0,857.0,887.0,925.0,903.0,904.0,902.0
273,801.0,777.0,800.0,829.0,763.0,817.0,748.0,758.0,823.0,762.0,925.0,949.0,987.0,963.0,915.0,911.0,925.0,1008.0,1029.0,993.0,973.0,1002.0,986.0,1002.0,935.0,1008.0,982.0,1001.0,969.0,1029.0,963.0,1003.0,974.0,978.0,1048.0,972.0,981.0,1035.0,999.0,967.0,1104.0,1129.0,1136.0,1178.0,1124.0,1103.0,1155.0,1155.0,1102.0,1126.0,1129.0,1080.0,1042.0,1101.0,1065.0,1140.0,1122.0,1075.0,1083.0,1091.0,946.0,1002.0,962.0,945.0,983.0,1002.0,967.0,935.0,933.0,945.0,887.0,915.0,931.0,867.0,978.0,864.0,939.0,915.0,888.0,890.0,1162.0,1106.0,1157.0,1106.0,1163.0,1103.0,1122.0,1103.0,1152.0,1136.0,929.0,916.0,900.0,894.0,894.0,890.0,897.0,891.0,881.0,903.0
274,801.0,774.0,794.0,775.0,795.0,804.0,748.0,777.0,733.0,758.0,945.0,992.0,941.0,970.0,959.0,963.0,963.0,963.0,932.0,990.0,940.0,982.0,960.0,960.0,994.0,946.0,954.0,946.0,1013.0,1000.0,992.0,1034.0,1054.0,989.0,1017.0,1025.0,991.0,992.0,1029.0,1032.0,1151.0,1110.0,1130.0,1195.0,1150.0,1137.0,1122.0,1146.0,1106.0,1143.0,1105.0,1046.0,1091.0,1056.0,1061.0,1075.0,1101.0,1109.0,1112.0,1018.0,962.0,997.0,929.0,939.0,944.0,919.0,1004.0,983.0,982.0,997.0,933.0,883.0,920.0,925.0,874.0,912.0,945.0,900.0,903.0,907.0,1089.0,1149.0,1134.0,1136.0,1165.0,1124.0,1133.0,1143.0,1140.0,1119.0,902.0,912.0,921.0,916.0,908.0,906.0,878.0,917.0,909.0,877.0
275,743.0,780.0,803.0,775.0,756.0,772.0,776.0,758.0,755.0,736.0,963.0,975.0,944.0,944.0,941.0,961.0,968.0,942.0,926.0,962.0,952.0,998.0,943.0,920.0,954.0,929.0,963.0,998.0,967.0,956.0,1069.0,1021.0,1067.0,1022.0,1053.0,1038.0,979.0,1014.0,1014.0,985.0,1127.0,1160.0,1119.0,1126.0,1138.0,1137.0,1063.0,1143.0,1153.0,1166.0,1118.0,1064.0,1123.0,1092.0,1060.0,1038.0,1100.0,1113.0,1065.0,1046.0,975.0,989.0,943.0,946.0,996.0,986.0,942.0,961.0,970.0,975.0,887.0,919.0,900.0,886.0,879.0,982.0,933.0,927.0,962.0,958.0,1110.0,1064.0,1098.0,1183.0,1146.0,1112.0,1179.0,1088.0,1158.0,1146.0,873.0,910.0,935.0,966.0,944.0,858.0,938.0,931.0,885.0,909.0
276,754.0,829.0,751.0,747.0,791.0,798.0,773.0,783.0,772.0,809.0,981.0,946.0,954.0,1010.0,919.0,934.0,961.0,938.0,927.0,995.0,984.0,956.0,970.0,962.0,986.0,942.0,948.0,986.0,1007.0,940.0,1014.0,1045.0,1031.0,1021.0,1070.0,1016.0,1017.0,976.0,1043.0,967.0,1146.0,1119.0,1142.0,1101.0,1128.0,1133.0,1147.0,1149.0,1166.0,1158.0,1062.0,1109.0,1031.0,1098.0,1048.0,1063.0,1085.0,1062.0,1068.0,1035.0,939.0,935.0,1008.0,990.0,968.0,960.0,946.0,978.0,952.0,987.0,857.0,944.0,894.0,894.0,929.0,908.0,918.0,930.0,895.0,936.0,1176.0,1098.0,1171.0,1064.0,1112.0,1161.0,1144.0,1123.0,1120.0,1117.0,900.0,902.0,921.0,976.0,920.0,899.0,903.0,953.0,904.0,897.0
277,775.0,826.0,769.0,773.0,783.0,799.0,762.0,821.0,794.0,801.0,944.0,929.0,925.0,961.0,992.0,920.0,930.0,960.0,947.0,949.0,961.0,980.0,981.0,970.0,995.0,953.0,938.0,971.0,982.0,935.0,1027.0,1061.0,1016.0,981.0,1022.0,1035.0,1069.0,1015.0,1005.0,1063.0,1136.0,1108.0,1189.0,1121.0,1136.0,1131.0,1130.0,1116.0,1132.0,1137.0,1087.0,1088.0,1112.0,1119.0,1107.0,1071.0,1081.0,1081.0,1085.0,1099.0,933.0,952.0,934.0,983.0,951.0,926.0,1010.0,926.0,971.0,932.0,902.0,879.0,919.0,893.0,875.0,914.0,859.0,912.0,891.0,897.0,1164.0,1153.0,1111.0,1122.0,1098.0,1158.0,1126.0,1152.0,1140.0,1117.0,883.0,906.0,915.0,942.0,914.0,908.0,936.0,925.0,908.0,911.0
278,771.0,766.0,807.0,793.0,791.0,773.0,789.0,792.0,763.0,797.0,873.0,974.0,957.0,953.0,1000.0,926.0,953.0,945.0,954.0,945.0,1009.0,980.0,981.0,956.0,947.0,993.0,980.0,1008.0,984.0,984.0,1001.0,1049.0,1036.0,995.0,1010.0,1027.0,1026.0,970.0,1053.0,1036.0,1145.0,1148.0,1118.0,1106.0,1162.0,1163.0,1102.0,1133.0,1132.0,1086.0,1074.0,1117.0,1074.0,1094.0,1043.0,1087.0,1081.0,1057.0,1077.0,1086.0,981.0,967.0,940.0,1036.0,965.0,923.0,967.0,966.0,986.0,960.0,907.0,878.0,922.0,913.0,897.0,905.0,923.0,927.0,909.0,871.0,1163.0,1130.0,1140.0,1120.0,1116.0,1094.0,1081.0,1168.0,1113.0,1148.0,887.0,868.0,898.0,903.0,944.0,923.0,946.0,914.0,886.0,929.0
279,784.0,790.0,766.0,797.0,758.0,762.0,780.0,770.0,774.0,763.0,955.0,959.0,944.0,979.0,975.0,937.0,932.0,904.0,938.0,931.0,966.0,984.0,966.0,963.0,971.0,1032.0,1029.0,995.0,976.0,946.0,1010.0,1008.0,1057.0,1004.0,1072.0,1049.0,1025.0,1001.0,1007.0,994.0,1097.0,1123.0,1189.0,1132.0,1123.0,1105.0,1113.0,1155.0,1160.0,1147.0,1086.0,1095.0,1104.0,1050.0,1065.0,1061.0,1097.0,1077.0,1062.0,1087.0,974.0,1010.0,934.0,986.0,955.0,1002.0,906.0,919.0,982.0,956.0,865.0,894.0,886.0,893.0,912.0,865.0,936.0,975.0,909.0,935.0,1176.0,1126.0,1118.0,1142.0,1157.0,1075.0,1113.0,1177.0,1090.0,1132.0,898.0,888.0,905.0,926.0,886.0,927.0,919.0,905.0,961.0,951.0
280,771.0,746.0,797.0,776.0,711.0,732.0,766.0,767.0,797.0,774.0,914.0,963.0,953.0,966.0,933.0,926.0,940.0,915.0,967.0,931.0,964.0,973.0,993.0,992.0,1014.0,1004.0,967.0,1008.0,952.0,967.0,1021.0,1033.0,1013.0,988.0,1017.0,1070.0,1064.0,1007.0,1013.0,1021.0,1116.0,1161.0,1092.0,1136.0,1181.0,1134.0,1134.0,1143.0,1135.0,1182.0,1120.0,1115.0,1074.0,1087.0,1113.0,1082.0,1078.0,1068.0,1081.0,1048.0,988.0,948.0,974.0,942.0,955.0,994.0,974.0,993.0,963.0,967.0,924.0,894.0,947.0,923.0,919.0,861.0,921.0,908.0,915.0,909.0,1106.0,1140.0,1161.0,1136.0,1130.0,1120.0,1073.0,1157.0,1098.0,1136.0,887.0,900.0,868.0,927.0,894.0,887.0,936.0,910.0,941.0,904.0
281,770.0,763.0,783.0,746.0,756.0,809.0,757.0,812.0,775.0,779.0,922.0,974.0,930.0,943.0,914.0,952.0,967.0,912.0,1024.0,1034.0,1045.0,949.0,937.0,999.0,999.0,990.0,974.0,952.0,1008.0,913.0,1033.0,1062.0,1007.0,1040.0,1013.0,1005.0,1054.0,1056.0,1021.0,992.0,1127.0,1117.0,1162.0,1155.0,1149.0,1152.0,1117.0,1171.0,1078.0,1137.0,1066.0,1128.0,1074.0,1081.0,1074.0,1025.0,1038.0,1093.0,1049.0,1028.0,910.0,970.0,990.0,963.0,992.0,993.0,974.0,968.0,977.0,979.0,904.0,870.0,945.0,887.0,903.0,870.0,892.0,916.0,865.0,941.0,1122.0,1150.0,1120.0,1147.0,1097.0,1118.0,1083.0,1102.0,1129.0,1131.0,913.0,886.0,926.0,909.0,972.0,899.0,999.0,894.0,937.0,907.0
282,756.0,730.0,794.0,816.0,756.0,727.0,799.0,771.0,790.0,777.0,947.0,951.0,954.0,951.0,898.0,989.0,982.0,978.0,990.0,974.0,983.0,969.0,961.0,1011.0,1006.0,951.0,995.0,985.0,955.0,940.0,1017.0,1040.0,1029.0,996.0,1033.0,1022.0,997.0,997.0,993.0,1054.0,1138.0,1145.0,1166.0,1135.0,1151.0,1147.0,1088.0,1145.0,1102.0,1104.0,1060.0,1108.0,1030.0,1056.0,1145.0,1100.0,1081.0,1045.0,1141.0,1068.0,953.0,979.0,944.0,950.0,971.0,943.0,979.0,967.0,961.0,962.0,912.0,890.0,917.0,888.0,895.0,877.0,913.0,954.0,875.0,879.0,1138.0,1161.0,1137.0,1162.0,1104.0,1140.0,1085.0,1126.0,1083.0,1101.0,908.0,891.0,944.0,907.0,905.0,913.0,940.0,910.0,975.0,985.0
283,755.0,738.0,768.0,822.0,723.0,723.0,819.0,776.0,815.0,754.0,993.0,961.0,940.0,914.0,983.0,919.0,995.0,954.0,967.0,962.0,918.0,985.0,955.0,937.0,977.0,898.0,986.0,980.0,992.0,966.0,1037.0,1041.0,995.0,1040.0,1016.0,1007.0,1031.0,989.0,1043.0,1029.0,1174.0,1129.0,1144.0,1181.0,1138.0,1149.0,1130.0,1186.0,1164.0,1140.0,1084.0,1090.0,1132.0,1141.0,1084.0,1095.0,1053.0,1060.0,1072.0,1076.0,954.0,947.0,944.0,908.0,940.0,971.0,963.0,949.0,976.0,986.0,892.0,909.0,934.0,894.0,934.0,919.0,930.0,975.0,837.0,911.0,1118.0,1134.0,1156.0,1131.0,1127.0,1180.0,1121.0,1089.0,1099.0,1096.0,884.0,928.0,906.0,900.0,941.0,945.0,834.0,919.0,900.0,926.0
284,748.0,756.0,750.0,783.0,792.0,768.0,782.0,764.0,751.0,785.0,939.0,977.0,982.0,948.0,909.0,906.0,947.0,1030.0,973.0,989.0,1014.0,980.0,1005.0,941.0,956.0,954.0,1006.0,978.0,947.0,1009.0,1001.0,1058.0,1009.0,1022.0,1057.0,1048.0,1009.0,1015.0,1000.0,1010.0,1137.0,1120.0,1123.0,1128.0,1160.0,1140.0,1144.0,1137.0,1166.0,1112.0,1054.0,1105.0,1080.0,1155.0,1096.0,1112.0,1063.0,1072.0,1118.0,1045.0,983.0,945.0,969.0,977.0,944.0,919.0,945.0,943.0,1002.0,946.0,917.0,892.0,888.0,922.0,898.0,914.0,891.0,919.0,900.0,924.0,1104.0,1092.0,1123.0,1065.0,1123.0,1125.0,1134.0,1116.0,1116.0,1131.0,913.0,939.0,948.0,928.0,929.0,919.0,941.0,902.0,890.0,897.0
285,788.0,780.0,794.0,715.0,781.0,777.0,799.0,755.0,762.0,772.0,947.0,931.0,941.0,994.0,977.0,991.0,971.0,1011.0,945.0,999.0,968.0,946.0,976.0,1019.0,1021.0,942.0,967.0,997.0,975.0,945.0,968.0,1064.0,1019.0,983.0,1002.0,1043.0,1018.0,1009.0,1019.0,1001.0,1170.0,1171.0,1130.0,1128.0,1150.0,1132.0,1127.0,1167.0,1138.0,1121.0,1086.0,1130.0,1094.0,1065.0,1055.0,1052.0,1092.0,1070.0,1031.0,1119.0,944.0,936.0,940.0,981.0,975.0,933.0,979.0,928.0,1004.0,942.0,873.0,920.0,949.0,936.0,838.0,887.0,859.0,885.0,955.0,925.0,1160.0,1072.0,1130.0,1099.0,1142.0,1086.0,1114.0,1135.0,1130.0,1138.0,904.0,913.0,906.0,949.0,925.0,963.0,936.0,918.0,904.0,884.0
286,744.0,775.0,711.0,808.0,788.0,761.0,783.0,747.0,759.0,707.0,948.0,976.0,965.0,988.0,961.0,930.0,992.0,951.0,944.0,971.0,994.0,989.0,917.0,941.0,923.0,954.0,982.0,996.0,1001.0,979.0,1046.0,1008.0,1058.0,1052.0,1017.0,1043.0,1015.0,997.0,1031.0,993.0,1111.0,1157.0,1157.0,1141.0,1155.0,1162.0,1107.0,1201.0,1159.0,1156.0,1051.0,1094.0,1102.0,1096.0,1080.0,1098.0,1083.0,1103.0,1045.0,1086.0,967.0,946.0,992.0,949.0,974.0,948.0,992.0,955.0,944.0,955.0,900.0,892.0,885.0,858.0,897.0,864.0,880.0,905.0,914.0,951.0,1166.0,1122.0,1112.0,1097.0,1108.0,1128.0,1109.0,1099.0,1107.0,1119.0,881.0,904.0,975.0,940.0,965.0,914.0,921.0,917.0,960.0,926.0
287,709.0,756.0,761.0,752.0,789.0,730.0,744.0,747.0,733.0,745.0,936.0,919.0,983.0,893.0,972.0,983.0,930.0,948.0,958.0,927.0,986.0,977.0,989.0,1024.0,950.0,949.0,972.0,983.0,980.0,1001.0,975.0,1023.0,1096.0,1043.0,1005.0,1055.0,1037.0,1052.0,1016.0,1012.0,1182.0,1164.0,1093.0,1139.0,1142.0,1140.0,1173.0,1143.0,1104.0,1143.0,1082.0,1092.0,1068.0,1077.0,1052.0,1081.0,1089.0,1150.0,1081.0,1084.0,967.0,968.0,969.0,974.0,940.0,975.0,992.0,951.0,982.0,960.0,885.0,905.0,863.0,914.0,942.0,838.0,932.0,879.0,951.0,918.0,1160.0,1136.0,1143.0,1109.0,1151.0,1154.0,1082.0,1130.0,1156.0,1157.0,919.0,921.0,909.0,944.0,927.0,892.0,911.0,882.0,900.0,892.0
288,733.0,772.0,732.0,774.0,725.0,726.0,754.0,743.0,738.0,770.0,966.0,957.0,966.0,948.0,956.0,987.0,941.0,956.0,951.0,942.0,958.0,988.0,903.0,990.0,985.0,951.0,1031.0,987.0,910.0,939.0,1018.0,1005.0,982.0,1061.0,1007.0,1018.0,974.0,1033.0,1005.0,1003.0,1111.0,1134.0,1132.0,1113.0,1158.0,1096.0,1159.0,1177.0,1191.0,1134.0,1111.0,1061.0,1134.0,1084.0,1064.0,1074.0,1086.0,1041.0,1111.0,1080.0,999.0,976.0,986.0,940.0,910.0,979.0,961.0,1004.0,931.0,962.0,879.0,883.0,922.0,927.0,958.0,951.0,940.0,875.0,939.0,919.0,1126.0,1151.0,1179.0,1155.0,1150.0,1128.0,1131.0,1130.0,1136.0,1152.0,899.0,937.0,934.0,877.0,956.0,888.0,882.0,917.0,942.0,937.0
289,748.0,768.0,781.0,818.0,742.0,749.0,738.0,823.0,780.0,788.0,963.0,876.0,938.0,955.0,915.0,957.0,969.0,996.0,961.0,944.0,937.0,965.0,968.0,962.0,974.0,1005.0,955.0,959.0,957.0,958.0,986.0,1051.0,994.0,1021.0,1070.0,994.0,1035.0,1042.0,1044.0,995.0,1139.0,1178.0,1132.0,1149.0,1150.0,1136.0,1142.0,1149.0,1141.0,1149.0,1088.0,1101.0,1072.0,1081.0,1055.0,1056.0,1093.0,1063.0,1056.0,1082.0,1001.0,980.0,950.0,928.0,994.0,987.0,958.0,977.0,928.0,946.0,911.0,885.0,941.0,912.0,943.0,952.0,926.0,875.0,977.0,938.0,1135.0,1129.0,1122.0,1121.0,1119.0,1090.0,1130.0,1065.0,1091.0,1115.0,894.0,927.0,977.0,925.0,906.0,875.0,910.0,919.0,921.0,924.0
290,795.0,726.0,750.0,794.0,758.0,746.0,753.0,793.0,764.0,826.0,967.0,997.0,979.0,982.0,988.0,976.0,975.0,981.0,945.0,954.0,953.0,979.0,972.0,1017.0,929.0,1024.0,978.0,1057.0,977.0,966.0,1013.0,1032.0,1060.0,1063.0,1031.0,971.0,1016.0,1015.0,1020.0,1057.0,1147.0,1114.0,1139.0,1083.0,1148.0,1148.0,1137.0,1123.0,1169.0,1126.0,1068.0,1054.0,1077.0,1115.0,1053.0,1080.0,1100.0,1072.0,1076.0,1085.0,946.0,948.0,946.0,911.0,965.0,949.0,944.0,950.0,926.0,942.0,884.0,959.0,917.0,896.0,949.0,878.0,907.0,847.0,951.0,872.0,1131.0,1121.0,1145.0,1066.0,1120.0,1174.0,1119.0,1102.0,1135.0,1136.0,900.0,933.0,887.0,947.0,929.0,852.0,926.0,928.0,891.0,877.0
291,753.0,753.0,736.0,770.0,760.0,722.0,783.0,766.0,773.0,760.0,940.0,965.0,996.0,940.0,940.0,988.0,987.0,987.0,934.0,927.0,970.0,990.0,993.0,991.0,966.0,992.0,947.0,971.0,924.0,982.0,1017.0,1017.0,990.0,1090.0,1028.0,1005.0,1007.0,1047.0,1040.0,1015.0,1121.0,1156.0,1133.0,1128.0,1205.0,1162.0,1131.0,1130.0,1148.0,1154.0,1099.0,1070.0,1079.0,1148.0,1052.0,1112.0,1090.0,1076.0,1126.0,1080.0,967.0,965.0,990.0,950.0,1004.0,970.0,968.0,982.0,979.0,961.0,922.0,923.0,949.0,881.0,906.0,850.0,910.0,882.0,887.0,897.0,1115.0,1122.0,1138.0,1078.0,1076.0,1110.0,1144.0,1127.0,1123.0,1133.0,901.0,903.0,867.0,896.0,932.0,882.0,888.0,901.0,917.0,930.0
292,758.0,751.0,747.0,764.0,729.0,766.0,740.0,756.0,779.0,786.0,964.0,984.0,962.0,976.0,992.0,937.0,968.0,965.0,993.0,942.0,921.0,967.0,1005.0,957.0,981.0,947.0,1004.0,994.0,1010.0,985.0,1010.0,1011.0,1018.0,1032.0,1062.0,1037.0,1047.0,1031.0,1047.0,1024.0,1156.0,1150.0,1181.0,1131.0,1143.0,1122.0,1112.0,1159.0,1139.0,1143.0,1101.0,1069.0,1062.0,1062.0,1065.0,1099.0,1065.0,1096.0,1080.0,1097.0,969.0,977.0,951.0,997.0,979.0,986.0,977.0,970.0,935.0,954.0,922.0,920.0,894.0,915.0,917.0,852.0,879.0,887.0,884.0,890.0,1100.0,1106.0,1121.0,1128.0,1074.0,1142.0,1135.0,1106.0,1096.0,1134.0,905.0,931.0,928.0,912.0,927.0,905.0,926.0,905.0,890.0,883.0
293,775.0,835.0,786.0,756.0,791.0,810.0,769.0,775.0,730.0,747.0,924.0,955.0,1007.0,917.0,984.0,967.0,953.0,943.0,947.0,978.0,951.0,961.0,979.0,992.0,962.0,1036.0,959.0,962.0,999.0,988.0,1010.0,1002.0,960.0,1035.0,1018.0,993.0,1092.0,1087.0,1039.0,1028.0,1134.0,1073.0,1179.0,1131.0,1167.0,1111.0,1141.0,1153.0,1163.0,1118.0,1109.0,1071.0,1039.0,1140.0,1101.0,1079.0,1096.0,1048.0,1057.0,1086.0,971.0,946.0,979.0,986.0,927.0,924.0,949.0,980.0,988.0,968.0,943.0,925.0,911.0,886.0,903.0,884.0,923.0,893.0,873.0,905.0,1082.0,1171.0,1129.0,1149.0,1116.0,1107.0,1046.0,1136.0,1152.0,1131.0,910.0,932.0,901.0,878.0,901.0,886.0,926.0,891.0,902.0,889.0
294,791.0,815.0,796.0,775.0,777.0,748.0,749.0,748.0,800.0,823.0,953.0,959.0,907.0,963.0,962.0,963.0,1008.0,973.0,975.0,935.0,944.0,983.0,947.0,990.0,997.0,979.0,991.0,1016.0,966.0,997.0,992.0,997.0,1029.0,1009.0,1061.0,963.0,1027.0,1017.0,1027.0,1023.0,1153.0,1123.0,1129.0,1177.0,1112.0,1148.0,1087.0,1120.0,1107.0,1168.0,1036.0,1109.0,1095.0,1030.0,1085.0,1081.0,1093.0,1052.0,1041.0,1053.0,966.0,916.0,989.0,1001.0,952.0,949.0,970.0,944.0,1000.0,987.0,905.0,913.0,903.0,907.0,909.0,956.0,937.0,942.0,904.0,879.0,1141.0,1133.0,1157.0,1190.0,1121.0,1129.0,1093.0,1121.0,1128.0,1102.0,929.0,924.0,917.0,822.0,894.0,882.0,901.0,937.0,907.0,870.0
295,785.0,753.0,761.0,750.0,767.0,749.0,806.0,782.0,774.0,755.0,942.0,972.0,957.0,969.0,970.0,924.0,960.0,1006.0,964.0,937.0,958.0,1011.0,992.0,943.0,981.0,960.0,978.0,935.0,972.0,1000.0,1016.0,1044.0,982.0,1031.0,1038.0,985.0,1030.0,1025.0,1024.0,1003.0,1181.0,1109.0,1180.0,1123.0,1150.0,1117.0,1134.0,1156.0,1154.0,1137.0,1097.0,1143.0,1094.0,1061.0,1073.0,1131.0,1102.0,1122.0,1080.0,1053.0,944.0,968.0,963.0,957.0,978.0,1005.0,947.0,939.0,973.0,983.0,901.0,915.0,934.0,957.0,923.0,964.0,879.0,881.0,899.0,923.0,1058.0,1072.0,1094.0,1146.0,1145.0,1112.0,1107.0,1102.0,1123.0,1098.0,931.0,887.0,913.0,928.0,843.0,848.0,914.0,923.0,892.0,949.0
296,766.0,773.0,764.0,823.0,756.0,795.0,761.0,785.0,749.0,828.0,969.0,935.0,963.0,920.0,927.0,962.0,945.0,1016.0,986.0,970.0,1028.0,994.0,1023.0,975.0,988.0,930.0,978.0,972.0,986.0,929.0,1010.0,1036.0,997.0,983.0,1020.0,1010.0,1083.0,1037.0,986.0,993.0,1146.0,1103.0,1116.0,1110.0,1204.0,1107.0,1096.0,1119.0,1157.0,1160.0,1043.0,1065.0,1125.0,1123.0,1068.0,1133.0,1128.0,1116.0,1132.0,1108.0,936.0,971.0,953.0,987.0,971.0,972.0,955.0,941.0,966.0,920.0,943.0,945.0,872.0,898.0,935.0,896.0,891.0,887.0,864.0,890.0,1078.0,1127.0,1107.0,1133.0,1124.0,1111.0,1097.0,1105.0,1123.0,1109.0,897.0,927.0,950.0,916.0,871.0,882.0,922.0,893.0,903.0,933.0
297,721.0,804.0,801.0,741.0,765.0,734.0,771.0,793.0,696.0,751.0,997.0,985.0,983.0,917.0,965.0,965.0,924.0,936.0,1006.0,996.0,985.0,987.0,970.0,983.0,982.0,977.0,993.0,979.0,1001.0,948.0,1043.0,1030.0,1011.0,1034.0,1030.0,981.0,1028.0,1032.0,1026.0,1006.0,1165.0,1110.0,1134.0,1227.0,1116.0,1132.0,1115.0,1149.0,1179.0,1125.0,1080.0,1075.0,1111.0,1070.0,1029.0,1110.0,1062.0,1075.0,1093.0,1059.0,926.0,956.0,919.0,954.0,1025.0,992.0,1005.0,947.0,937.0,980.0,877.0,902.0,893.0,909.0,917.0,921.0,926.0,967.0,867.0,901.0,1132.0,1135.0,1121.0,1071.0,1124.0,1083.0,1121.0,1088.0,1121.0,1137.0,885.0,895.0,929.0,959.0,914.0,903.0,913.0,906.0,918.0,938.0
298,735.0,727.0,745.0,760.0,775.0,745.0,754.0,738.0,742.0,784.0,989.0,986.0,958.0,881.0,974.0,949.0,957.0,908.0,951.0,977.0,985.0,981.0,938.0,1036.0,955.0,928.0,979.0,1013.0,1005.0,945.0,1013.0,1057.0,1060.0,1030.0,1032.0,1023.0,1038.0,1088.0,1008.0,1019.0,1129.0,1115.0,1126.0,1105.0,1182.0,1145.0,1143.0,1107.0,1072.0,1168.0,1100.0,1116.0,1116.0,1116.0,1075.0,1146.0,1101.0,1087.0,1128.0,1076.0,1005.0,955.0,987.0,998.0,993.0,953.0,961.0,986.0,978.0,969.0,870.0,900.0,930.0,894.0,870.0,894.0,903.0,890.0,876.0,913.0,1089.0,1094.0,1091.0,1110.0,1096.0,1131.0,1114.0,1093.0,1172.0,1098.0,896.0,946.0,921.0,933.0,914.0,881.0,905.0,962.0,910.0,891.0
299,765.0,747.0,790.0,748.0,757.0,783.0,754.0,733.0,789.0,770.0,979.0,1010.0,932.0,948.0,948.0,981.0,999.0,959.0,983.0,963.0,991.0,960.0,972.0,990.0,996.0,996.0,975.0,991.0,974.0,971.0,1019.0,975.0,1067.0,1042.0,1024.0,953.0,991.0,1038.0,1003.0,995.0,1138.0,1113.0,1142.0,1130.0,1104.0,1129.0,1179.0,1176.0,1123.0,1131.0,1068.0,1111.0,1065.0,1103.0,1108.0,1037.0,1084.0,1094.0,1093.0,1086.0,944.0,999.0,948.0,971.0,954.0,959.0,946.0,932.0,963.0,973.0,877.0,877.0,914.0,904.0,933.0,916.0,893.0,897.0,867.0,902.0,1144.0,1151.0,1187.0,1119.0,1138.0,1107.0,1118.0,1136.0,1153.0,1140.0,888.0,931.0,854.0,906.0,905.0,940.0,915.0,910.0,895.0,909.0
300,705.0,799.0,776.0,781.0,739.0,798.0,762.0,808.0,719.0,762.0,943.0,955.0,935.0,961.0,931.0,921.0,976.0,944.0,944.0,995.0,959.0,990.0,970.0,971.0,969.0,974.0,964.0,972.0,947.0,949.0,1012.0,1017.0,983.0,1056.0,1039.0,1032.0,978.0,1034.0,1049.0,1042.0,1219.0,1136.0,1129.0,1121.0,1141.0,1095.0,1188.0,1069.0,1117.0,1114.0,1089.0,1131.0,1085.0,1105.0,1085.0,1110.0,1085.0,1074.0,1118.0,1076.0,958.0,977.0,988.0,954.0,954.0,970.0,950.0,988.0,1012.0,956.0,851.0,842.0,926.0,911.0,928.0,867.0,931.0,929.0,912.0,930.0,1144.0,1090.0,1168.0,1119.0,1170.0,1126.0,1100.0,1138.0,1084.0,1121.0,923.0,937.0,913.0,883.0,908.0,910.0,919.0,914.0,942.0,896.0
301,759.0,751.0,794.0,765.0,752.0,683.0,732.0,741.0,782.0,810.0,939.0,979.0,893.0,947.0,954.0,913.0,913.0,950.0,966.0,910.0,1017.0,946.0,974.0,990.0,974.0,959.0,961.0,1000.0,950.0,965.0,1039.0,994.0,1039.0,1002.0,1037.0,1051.0,1055.0,985.0,1008.0,1008.0,1115.0,1184.0,1155.0,1159.0,1135.0,1136.0,1126.0,1143.0,1106.0,1165.0,1063.0,1108.0,1055.0,1061.0,1058.0,1136.0,1100.0,1095.0,1093.0,1066.0,958.0,1005.0,998.0,1007.0,952.0,991.0,969.0,943.0,947.0,975.0,901.0,921.0,923.0,907.0,928.0,914.0,931.0,948.0,918.0,922.0,1103.0,1111.0,1138.0,1132.0,1150.0,1111.0,1130.0,1102.0,1166.0,1108.0,912.0,871.0,905.0,892.0,925.0,904.0,935.0,964.0,911.0,914.0
302,739.0,782.0,790.0,796.0,742.0,751.0,757.0,811.0,784.0,773.0,948.0,1002.0,926.0,947.0,949.0,932.0,918.0,932.0,943.0,958.0,948.0,1004.0,987.0,948.0,942.0,979.0,1004.0,1013.0,986.0,1012.0,1078.0,950.0,1051.0,1025.0,1043.0,1026.0,1063.0,1007.0,1015.0,1023.0,1111.0,1163.0,1149.0,1147.0,1199.0,1158.0,1110.0,1096.0,1159.0,1089.0,1070.0,1055.0,1038.0,1046.0,1092.0,1074.0,1070.0,1104.0,1060.0,1098.0,965.0,1009.0,992.0,951.0,886.0,966.0,1000.0,996.0,972.0,916.0,888.0,892.0,917.0,935.0,917.0,874.0,893.0,900.0,922.0,931.0,1109.0,1135.0,1123.0,1138.0,1184.0,1148.0,1145.0,1087.0,1117.0,1162.0,951.0,878.0,904.0,931.0,903.0,886.0,889.0,930.0,891.0,879.0
303,763.0,750.0,769.0,817.0,748.0,751.0,802.0,729.0,800.0,757.0,973.0,1024.0,966.0,940.0,925.0,925.0,926.0,936.0,941.0,924.0,922.0,980.0,988.0,1008.0,944.0,949.0,984.0,995.0,990.0,1002.0,1023.0,976.0,1016.0,1002.0,1115.0,1052.0,1041.0,1061.0,1063.0,1002.0,1098.0,1150.0,1153.0,1158.0,1116.0,1158.0,1107.0,1165.0,1109.0,1203.0,1105.0,1104.0,1065.0,1113.0,1105.0,1097.0,1083.0,1072.0,1072.0,1035.0,947.0,957.0,1033.0,940.0,942.0,952.0,1007.0,939.0,977.0,990.0,922.0,891.0,896.0,866.0,916.0,893.0,883.0,903.0,914.0,936.0,1115.0,1136.0,1109.0,1161.0,1126.0,1111.0,1129.0,1179.0,1142.0,1088.0,943.0,900.0,881.0,856.0,919.0,904.0,888.0,891.0,841.0,902.0
304,791.0,744.0,821.0,781.0,755.0,766.0,787.0,754.0,779.0,807.0,921.0,978.0,956.0,927.0,906.0,958.0,926.0,938.0,985.0,963.0,990.0,1001.0,980.0,1012.0,1001.0,1012.0,988.0,995.0,1009.0,1020.0,1075.0,957.0,995.0,976.0,1037.0,1028.0,980.0,1001.0,999.0,1011.0,1100.0,1149.0,1131.0,1135.0,1114.0,1093.0,1150.0,1249.0,1112.0,1135.0,1089.0,1102.0,1118.0,1098.0,1072.0,1077.0,1062.0,1065.0,1057.0,1053.0,965.0,984.0,952.0,978.0,989.0,937.0,940.0,933.0,951.0,965.0,896.0,906.0,911.0,906.0,959.0,930.0,969.0,916.0,915.0,876.0,1078.0,1128.0,1097.0,1162.0,1080.0,1125.0,1131.0,1118.0,1141.0,1111.0,909.0,917.0,917.0,885.0,946.0,869.0,918.0,895.0,903.0,902.0
305,721.0,775.0,816.0,768.0,771.0,770.0,790.0,784.0,754.0,732.0,970.0,983.0,951.0,900.0,928.0,943.0,954.0,960.0,1004.0,954.0,976.0,1010.0,950.0,959.0,937.0,1017.0,977.0,980.0,978.0,948.0,1056.0,1030.0,1033.0,1000.0,1035.0,991.0,1011.0,1035.0,965.0,1029.0,1141.0,1158.0,1096.0,1195.0,1167.0,1138.0,1146.0,1114.0,1105.0,1138.0,1106.0,1108.0,1097.0,1106.0,1060.0,1018.0,1062.0,1077.0,1113.0,1103.0,922.0,951.0,998.0,978.0,994.0,972.0,947.0,958.0,1004.0,953.0,876.0,890.0,927.0,911.0,899.0,895.0,896.0,883.0,861.0,972.0,1130.0,1105.0,1105.0,1150.0,1127.0,1124.0,1167.0,1144.0,1139.0,1082.0,911.0,854.0,908.0,889.0,943.0,929.0,900.0,930.0,929.0,932.0
306,781.0,760.0,770.0,739.0,799.0,819.0,732.0,767.0,788.0,733.0,892.0,978.0,959.0,945.0,902.0,966.0,997.0,943.0,899.0,979.0,985.0,907.0,979.0,1045.0,970.0,955.0,950.0,979.0,1006.0,978.0,983.0,1022.0,1020.0,983.0,1045.0,1020.0,986.0,1034.0,981.0,1001.0,1140.0,1174.0,1128.0,1200.0,1094.0,1141.0,1188.0,1122.0,1167.0,1151.0,1087.0,1109.0,1112.0,1080.0,1109.0,1127.0,1027.0,1041.0,1075.0,1078.0,964.0,945.0,996.0,951.0,971.0,887.0,995.0,1027.0,957.0,980.0,948.0,959.0,906.0,864.0,917.0,869.0,936.0,916.0,918.0,924.0,1089.0,1079.0,1099.0,1136.0,1166.0,1085.0,1127.0,1129.0,1121.0,1098.0,944.0,932.0,914.0,907.0,888.0,930.0,911.0,908.0,940.0,919.0
307,763.0,761.0,719.0,790.0,751.0,789.0,818.0,791.0,776.0,781.0,963.0,977.0,975.0,986.0,928.0,957.0,929.0,959.0,989.0,962.0,1011.0,988.0,996.0,963.0,949.0,1022.0,948.0,969.0,1030.0,990.0,1008.0,994.0,1017.0,1041.0,998.0,1011.0,1020.0,1000.0,1001.0,1020.0,1129.0,1142.0,1137.0,1103.0,1181.0,1107.0,1194.0,1173.0,1111.0,1153.0,1082.0,1093.0,1130.0,1113.0,1070.0,1019.0,1039.0,1096.0,1081.0,1045.0,955.0,948.0,976.0,902.0,1025.0,932.0,967.0,962.0,942.0,963.0,927.0,906.0,881.0,934.0,905.0,916.0,884.0,880.0,891.0,908.0,1066.0,1154.0,1156.0,1116.0,1131.0,1139.0,1155.0,1129.0,1146.0,1126.0,912.0,901.0,891.0,905.0,921.0,910.0,892.0,907.0,886.0,894.0
308,759.0,775.0,787.0,760.0,741.0,780.0,779.0,706.0,778.0,789.0,957.0,1001.0,962.0,946.0,988.0,910.0,957.0,959.0,991.0,969.0,959.0,980.0,1007.0,987.0,997.0,971.0,940.0,995.0,971.0,966.0,1025.0,1035.0,1019.0,1040.0,1012.0,1000.0,974.0,1053.0,1040.0,1015.0,1168.0,1132.0,1133.0,1070.0,1127.0,1117.0,1154.0,1164.0,1117.0,1153.0,1049.0,1075.0,1089.0,1113.0,1072.0,1081.0,1094.0,1051.0,1076.0,1126.0,957.0,962.0,958.0,942.0,957.0,985.0,962.0,964.0,968.0,975.0,910.0,861.0,909.0,944.0,946.0,921.0,936.0,951.0,917.0,903.0,1100.0,1125.0,1103.0,1128.0,1132.0,1111.0,1128.0,1115.0,1101.0,1065.0,933.0,918.0,912.0,927.0,888.0,930.0,922.0,906.0,895.0,881.0
309,760.0,786.0,766.0,796.0,780.0,759.0,814.0,770.0,761.0,731.0,930.0,989.0,993.0,932.0,953.0,906.0,929.0,975.0,980.0,974.0,983.0,985.0,1005.0,955.0,980.0,936.0,982.0,982.0,938.0,1016.0,1083.0,1054.0,1014.0,1037.0,979.0,1004.0,998.0,1037.0,1013.0,1010.0,1173.0,1122.0,1149.0,1177.0,1177.0,1134.0,1141.0,1137.0,1090.0,1114.0,1066.0,1050.0,1088.0,1053.0,1076.0,1066.0,1074.0,1057.0,1098.0,1108.0,934.0,965.0,993.0,982.0,946.0,999.0,948.0,993.0,949.0,966.0,879.0,892.0,889.0,876.0,901.0,959.0,949.0,918.0,882.0,891.0,1105.0,1126.0,1092.0,1126.0,1141.0,1077.0,1118.0,1079.0,1205.0,1134.0,901.0,898.0,891.0,924.0,928.0,970.0,896.0,919.0,934.0,896.0
310,748.0,778.0,778.0,812.0,775.0,738.0,818.0,788.0,751.0,747.0,966.0,969.0,964.0,962.0,969.0,1001.0,920.0,947.0,978.0,957.0,939.0,949.0,983.0,997.0,978.0,971.0,952.0,988.0,959.0,1003.0,1047.0,1052.0,1016.0,998.0,961.0,1012.0,970.0,988.0,1014.0,1028.0,1176.0,1124.0,1145.0,1147.0,1170.0,1119.0,1170.0,1150.0,1141.0,1131.0,1060.0,1098.0,1083.0,1073.0,1114.0,1088.0,1079.0,1044.0,1058.0,1103.0,965.0,959.0,1026.0,956.0,943.0,963.0,994.0,1019.0,947.0,953.0,888.0,893.0,879.0,909.0,890.0,947.0,927.0,894.0,945.0,890.0,1117.0,1096.0,1119.0,1113.0,1133.0,1122.0,1113.0,1108.0,1165.0,1143.0,906.0,950.0,886.0,893.0,928.0,848.0,908.0,944.0,890.0,882.0
311,744.0,731.0,773.0,727.0,766.0,735.0,803.0,790.0,744.0,790.0,968.0,957.0,998.0,944.0,976.0,982.0,915.0,906.0,950.0,935.0,969.0,1000.0,960.0,1002.0,994.0,933.0,967.0,1016.0,989.0,981.0,1007.0,1028.0,1043.0,1037.0,992.0,999.0,976.0,1029.0,1023.0,1031.0,1138.0,1139.0,1119.0,1162.0,1181.0,1161.0,1132.0,1147.0,1131.0,1102.0,1076.0,1098.0,1067.0,1073.0,1084.0,1110.0,1135.0,1078.0,1023.0,1053.0,983.0,978.0,1019.0,950.0,949.0,953.0,1005.0,996.0,989.0,991.0,914.0,926.0,902.0,933.0,916.0,921.0,877.0,922.0,941.0,901.0,1124.0,1091.0,1123.0,1136.0,1108.0,1138.0,1121.0,1102.0,1094.0,1164.0,890.0,920.0,877.0,894.0,897.0,873.0,920.0,886.0,966.0,890.0
312,744.0,728.0,780.0,798.0,784.0,782.0,781.0,809.0,812.0,772.0,963.0,1000.0,954.0,969.0,977.0,947.0,951.0,949.0,947.0,941.0,981.0,998.0,957.0,988.0,949.0,965.0,937.0,1006.0,1003.0,1001.0,995.0,1015.0,1025.0,1023.0,1050.0,1043.0,990.0,993.0,995.0,995.0,1139.0,1120.0,1167.0,1174.0,1124.0,1175.0,1140.0,1060.0,1120.0,1156.0,1050.0,1115.0,1066.0,1047.0,1050.0,1056.0,1104.0,1090.0,1061.0,1031.0,956.0,938.0,959.0,942.0,983.0,918.0,948.0,985.0,993.0,958.0,925.0,893.0,902.0,901.0,921.0,942.0,921.0,928.0,918.0,900.0,1141.0,1131.0,1170.0,1123.0,1123.0,1088.0,1156.0,1154.0,1107.0,1157.0,920.0,927.0,898.0,893.0,905.0,890.0,922.0,903.0,898.0,927.0
313,750.0,721.0,756.0,793.0,769.0,770.0,768.0,792.0,770.0,752.0,998.0,971.0,965.0,943.0,978.0,953.0,957.0,949.0,944.0,961.0,923.0,973.0,960.0,969.0,964.0,950.0,941.0,978.0,967.0,958.0,1010.0,1061.0,1059.0,1038.0,996.0,998.0,1030.0,1025.0,998.0,1058.0,1097.0,1136.0,1146.0,1171.0,1156.0,1138.0,1162.0,1110.0,1128.0,1154.0,1057.0,1062.0,1057.0,1095.0,1122.0,1099.0,1075.0,1099.0,1078.0,1037.0,943.0,984.0,944.0,979.0,930.0,970.0,1008.0,996.0,961.0,978.0,946.0,914.0,882.0,923.0,887.0,915.0,931.0,933.0,912.0,881.0,1125.0,1100.0,1193.0,1082.0,1123.0,1137.0,1045.0,1068.0,1149.0,1129.0,967.0,944.0,913.0,865.0,941.0,876.0,935.0,932.0,947.0,928.0
314,764.0,735.0,791.0,807.0,757.0,756.0,796.0,789.0,742.0,813.0,992.0,947.0,949.0,959.0,969.0,949.0,953.0,980.0,1024.0,929.0,974.0,993.0,964.0,952.0,943.0,992.0,963.0,988.0,996.0,964.0,1025.0,1036.0,1067.0,1040.0,1042.0,1038.0,1036.0,1008.0,1011.0,1035.0,1147.0,1100.0,1121.0,1144.0,1126.0,1120.0,1128.0,1132.0,1103.0,1070.0,1097.0,1106.0,1056.0,1048.0,1080.0,1081.0,1052.0,1064.0,1093.0,1005.0,932.0,993.0,979.0,966.0,979.0,997.0,994.0,986.0,933.0,1000.0,873.0,892.0,874.0,937.0,953.0,904.0,914.0,933.0,879.0,929.0,1094.0,1136.0,1169.0,1102.0,1141.0,1088.0,1121.0,1084.0,1160.0,1121.0,920.0,928.0,905.0,908.0,876.0,882.0,897.0,921.0,910.0,976.0
315,803.0,723.0,815.0,762.0,742.0,805.0,777.0,747.0,788.0,780.0,977.0,934.0,975.0,1008.0,968.0,952.0,949.0,973.0,974.0,956.0,972.0,1020.0,953.0,955.0,1017.0,1018.0,999.0,974.0,1007.0,976.0,1018.0,1047.0,1024.0,1039.0,1024.0,1019.0,1068.0,1041.0,1017.0,1012.0,1105.0,1154.0,1141.0,1078.0,1164.0,1137.0,1129.0,1109.0,1165.0,1136.0,1078.0,1034.0,1116.0,1061.0,1065.0,1029.0,1019.0,1057.0,1066.0,1097.0,945.0,948.0,960.0,1004.0,956.0,914.0,985.0,996.0,956.0,988.0,947.0,901.0,896.0,910.0,909.0,896.0,884.0,906.0,907.0,893.0,1062.0,1121.0,1119.0,1145.0,1123.0,1131.0,1100.0,1120.0,1089.0,1097.0,917.0,984.0,875.0,904.0,896.0,907.0,946.0,961.0,884.0,908.0
316,833.0,782.0,808.0,812.0,773.0,765.0,783.0,795.0,786.0,717.0,949.0,970.0,956.0,961.0,944.0,936.0,989.0,943.0,945.0,993.0,992.0,948.0,1054.0,981.0,983.0,972.0,925.0,991.0,989.0,1020.0,1058.0,1027.0,1009.0,1005.0,1019.0,1031.0,981.0,1001.0,1056.0,1053.0,1151.0,1116.0,1091.0,1103.0,1132.0,1135.0,1147.0,1169.0,1082.0,1067.0,1041.0,1102.0,1048.0,1044.0,1065.0,1071.0,1083.0,1123.0,1063.0,1083.0,942.0,972.0,967.0,970.0,979.0,944.0,1034.0,955.0,960.0,941.0,863.0,872.0,943.0,916.0,947.0,953.0,887.0,900.0,893.0,968.0,1077.0,1147.0,1123.0,1137.0,1110.0,1103.0,1123.0,1126.0,1152.0,1125.0,922.0,929.0,881.0,941.0,916.0,901.0,903.0,877.0,928.0,876.0
317,775.0,810.0,760.0,776.0,767.0,762.0,768.0,766.0,778.0,781.0,925.0,961.0,953.0,938.0,939.0,940.0,914.0,917.0,919.0,985.0,926.0,954.0,958.0,945.0,967.0,1012.0,966.0,973.0,977.0,963.0,1053.0,1044.0,1001.0,1023.0,1050.0,1007.0,1036.0,1016.0,998.0,1043.0,1086.0,1190.0,1150.0,1153.0,1127.0,1143.0,1140.0,1156.0,1147.0,1161.0,1110.0,1063.0,1072.0,1065.0,1122.0,1081.0,1096.0,1129.0,1063.0,1046.0,982.0,916.0,989.0,1018.0,1006.0,982.0,966.0,902.0,947.0,932.0,899.0,868.0,927.0,923.0,911.0,912.0,938.0,964.0,943.0,936.0,1130.0,1121.0,1126.0,1113.0,1085.0,1106.0,1130.0,1125.0,1163.0,1103.0,943.0,938.0,945.0,916.0,895.0,866.0,902.0,930.0,920.0,893.0
318,758.0,731.0,738.0,766.0,756.0,792.0,769.0,768.0,778.0,727.0,946.0,990.0,935.0,933.0,942.0,969.0,956.0,967.0,926.0,955.0,964.0,950.0,992.0,980.0,995.0,1002.0,944.0,970.0,939.0,964.0,1040.0,1045.0,1016.0,1004.0,1049.0,992.0,1013.0,1072.0,958.0,1023.0,1115.0,1129.0,1158.0,1151.0,1102.0,1123.0,1158.0,1152.0,1150.0,1158.0,1146.0,1068.0,1128.0,1109.0,1066.0,1024.0,1076.0,1091.0,1091.0,1062.0,975.0,971.0,991.0,1015.0,1021.0,982.0,1004.0,982.0,969.0,951.0,897.0,925.0,860.0,909.0,906.0,885.0,891.0,890.0,931.0,931.0,1058.0,1112.0,1145.0,1110.0,1147.0,1150.0,1134.0,1099.0,1172.0,1116.0,930.0,945.0,911.0,891.0,884.0,893.0,910.0,886.0,939.0,956.0
319,720.0,767.0,804.0,770.0,767.0,827.0,778.0,776.0,775.0,765.0,964.0,958.0,945.0,959.0,990.0,953.0,987.0,974.0,925.0,918.0,970.0,1033.0,949.0,969.0,930.0,948.0,947.0,961.0,982.0,1030.0,1051.0,1058.0,1014.0,1048.0,1082.0,1022.0,994.0,1006.0,1023.0,1013.0,1156.0,1141.0,1162.0,1145.0,1102.0,1131.0,1153.0,1156.0,1120.0,1141.0,1140.0,1017.0,1054.0,1041.0,1093.0,1079.0,1091.0,1108.0,1107.0,1075.0,964.0,966.0,979.0,915.0,1001.0,973.0,982.0,958.0,975.0,970.0,918.0,885.0,938.0,929.0,881.0,818.0,877.0,909.0,931.0,861.0,1076.0,1132.0,1143.0,1132.0,1116.0,1120.0,1145.0,1085.0,1136.0,1143.0,864.0,909.0,888.0,960.0,906.0,943.0,901.0,946.0,879.0,924.0
320,735.0,777.0,774.0,753.0,781.0,782.0,764.0,765.0,773.0,781.0,916.0,933.0,943.0,913.0,894.0,932.0,982.0,941.0,911.0,913.0,947.0,958.0,988.0,1014.0,952.0,1019.0,984.0,972.0,968.0,991.0,1043.0,1046.0,1013.0,996.0,1006.0,990.0,1005.0,1054.0,1011.0,1015.0,1117.0,1153.0,1108.0,1209.0,1142.0,1147.0,1160.0,1136.0,1158.0,1206.0,1120.0,1078.0,1059.0,1101.0,1156.0,1135.0,1052.0,1076.0,1092.0,1081.0,1013.0,973.0,963.0,924.0,983.0,928.0,953.0,999.0,956.0,938.0,893.0,905.0,940.0,941.0,882.0,937.0,918.0,910.0,918.0,889.0,1125.0,1087.0,1161.0,1131.0,1125.0,1077.0,1162.0,1139.0,1119.0,1121.0,910.0,959.0,929.0,881.0,944.0,867.0,872.0,885.0,948.0,901.0
321,783.0,744.0,722.0,756.0,795.0,778.0,731.0,779.0,790.0,832.0,920.0,963.0,998.0,925.0,963.0,937.0,962.0,930.0,949.0,951.0,962.0,991.0,976.0,985.0,945.0,995.0,984.0,974.0,1003.0,1016.0,1004.0,1084.0,1003.0,1022.0,1003.0,1006.0,1016.0,1015.0,996.0,976.0,1174.0,1109.0,1128.0,1149.0,1128.0,1153.0,1141.0,1175.0,1107.0,1106.0,1067.0,1094.0,1095.0,1142.0,1073.0,1046.0,1083.0,1049.0,1112.0,1113.0,976.0,963.0,959.0,911.0,971.0,973.0,1009.0,959.0,956.0,917.0,932.0,855.0,932.0,960.0,898.0,934.0,882.0,904.0,892.0,907.0,1084.0,1116.0,1162.0,1113.0,1168.0,1103.0,1120.0,1156.0,1141.0,1095.0,919.0,949.0,901.0,898.0,922.0,890.0,923.0,934.0,910.0,926.0
322,801.0,772.0,793.0,791.0,787.0,790.0,757.0,776.0,745.0,814.0,905.0,948.0,975.0,943.0,954.0,925.0,921.0,936.0,933.0,929.0,948.0,1027.0,973.0,961.0,975.0,953.0,966.0,959.0,937.0,943.0,1030.0,1046.0,974.0,1017.0,1022.0,995.0,981.0,992.0,1022.0,1041.0,1155.0,1146.0,1141.0,1131.0,1091.0,1101.0,1169.0,1219.0,1200.0,1140.0,1091.0,1038.0,1102.0,1087.0,1087.0,1147.0,1071.0,1120.0,1121.0,1084.0,912.0,981.0,963.0,969.0,959.0,936.0,971.0,928.0,943.0,978.0,927.0,905.0,917.0,943.0,870.0,906.0,919.0,913.0,890.0,894.0,1077.0,1087.0,1163.0,1101.0,1167.0,1142.0,1132.0,1126.0,1125.0,1101.0,976.0,920.0,875.0,921.0,956.0,920.0,963.0,903.0,937.0,918.0
323,720.0,772.0,784.0,767.0,766.0,759.0,765.0,778.0,734.0,735.0,960.0,925.0,954.0,984.0,978.0,914.0,927.0,946.0,946.0,978.0,1017.0,1008.0,984.0,977.0,965.0,930.0,918.0,992.0,995.0,1029.0,1060.0,983.0,1016.0,1026.0,1045.0,1044.0,1004.0,1019.0,1009.0,1007.0,1136.0,1138.0,1117.0,1155.0,1145.0,1163.0,1145.0,1121.0,1114.0,1184.0,1052.0,1105.0,1088.0,1096.0,1086.0,1075.0,1100.0,1116.0,1109.0,1035.0,1002.0,969.0,911.0,954.0,935.0,932.0,1011.0,975.0,962.0,975.0,900.0,892.0,953.0,895.0,910.0,910.0,943.0,869.0,948.0,851.0,1053.0,1146.0,1127.0,1129.0,1087.0,1173.0,1117.0,1156.0,1093.0,1078.0,922.0,932.0,944.0,880.0,954.0,910.0,920.0,898.0,944.0,967.0
324,759.0,798.0,783.0,767.0,798.0,756.0,801.0,776.0,727.0,793.0,947.0,940.0,928.0,950.0,958.0,973.0,977.0,916.0,964.0,937.0,983.0,969.0,979.0,997.0,982.0,995.0,953.0,966.0,995.0,1022.0,1005.0,1025.0,1058.0,1027.0,1005.0,1009.0,1042.0,1024.0,1022.0,1000.0,1097.0,1128.0,1139.0,1078.0,1169.0,1117.0,1140.0,1152.0,1160.0,1140.0,1122.0,1086.0,1101.0,1129.0,1097.0,1085.0,1065.0,1133.0,1083.0,1096.0,993.0,975.0,946.0,968.0,897.0,952.0,961.0,938.0,947.0,928.0,897.0,914.0,869.0,889.0,899.0,889.0,887.0,897.0,934.0,853.0,1141.0,1115.0,1164.0,1137.0,1133.0,1119.0,1088.0,1136.0,1108.0,1141.0,875.0,924.0,907.0,921.0,932.0,914.0,939.0,930.0,915.0,926.0
325,790.0,750.0,790.0,793.0,769.0,818.0,729.0,809.0,761.0,784.0,943.0,953.0,975.0,979.0,877.0,921.0,992.0,970.0,981.0,958.0,970.0,981.0,950.0,1006.0,979.0,967.0,980.0,1010.0,992.0,961.0,986.0,1044.0,1026.0,992.0,1041.0,1043.0,1019.0,1015.0,991.0,1008.0,1160.0,1165.0,1123.0,1106.0,1116.0,1131.0,1126.0,1107.0,1185.0,1136.0,1109.0,1066.0,1071.0,1060.0,1058.0,1097.0,1060.0,1094.0,1051.0,1131.0,990.0,988.0,975.0,1032.0,988.0,934.0,986.0,920.0,962.0,941.0,863.0,928.0,894.0,863.0,935.0,900.0,894.0,897.0,917.0,898.0,1129.0,1094.0,1156.0,1139.0,1150.0,1107.0,1148.0,1138.0,1085.0,1119.0,877.0,904.0,915.0,894.0,958.0,891.0,918.0,909.0,930.0,901.0
326,790.0,818.0,786.0,806.0,783.0,749.0,733.0,743.0,800.0,749.0,955.0,978.0,963.0,940.0,955.0,949.0,1009.0,1048.0,972.0,1005.0,970.0,980.0,984.0,987.0,1013.0,958.0,950.0,999.0,939.0,971.0,1022.0,969.0,1002.0,1040.0,1031.0,1052.0,1013.0,1004.0,995.0,1024.0,1137.0,1150.0,1159.0,1136.0,1125.0,1131.0,1144.0,1118.0,1142.0,1114.0,1079.0,1093.0,1130.0,1057.0,1031.0,1127.0,1089.0,1130.0,1037.0,1113.0,956.0,880.0,939.0,956.0,993.0,943.0,932.0,930.0,971.0,950.0,871.0,953.0,875.0,905.0,916.0,888.0,956.0,893.0,928.0,916.0,1136.0,1140.0,1137.0,1116.0,1139.0,1071.0,1118.0,1105.0,1147.0,1096.0,901.0,913.0,898.0,925.0,888.0,940.0,907.0,895.0,926.0,899.0
327,768.0,801.0,800.0,786.0,786.0,761.0,747.0,751.0,777.0,770.0,974.0,963.0,964.0,943.0,950.0,981.0,952.0,993.0,913.0,952.0,951.0,981.0,947.0,979.0,955.0,962.0,963.0,956.0,994.0,928.0,992.0,1022.0,1051.0,1025.0,1010.0,981.0,1013.0,1032.0,989.0,1077.0,1147.0,1132.0,1147.0,1141.0,1144.0,1167.0,1106.0,1109.0,1124.0,1138.0,1104.0,1079.0,1109.0,1066.0,1047.0,1090.0,1138.0,1080.0,1154.0,1086.0,1001.0,902.0,965.0,962.0,988.0,987.0,936.0,969.0,941.0,964.0,862.0,970.0,875.0,912.0,954.0,854.0,897.0,906.0,907.0,888.0,1140.0,1098.0,1115.0,1132.0,1128.0,1147.0,1150.0,1135.0,1133.0,1157.0,875.0,928.0,900.0,923.0,914.0,875.0,947.0,935.0,924.0,875.0
328,782.0,751.0,794.0,736.0,781.0,784.0,744.0,756.0,762.0,777.0,913.0,941.0,988.0,948.0,956.0,929.0,951.0,941.0,954.0,966.0,954.0,1006.0,942.0,960.0,966.0,957.0,1016.0,1000.0,957.0,990.0,1028.0,1031.0,1048.0,1055.0,997.0,1000.0,1002.0,1006.0,1021.0,967.0,1147.0,1117.0,1118.0,1155.0,1139.0,1185.0,1158.0,1117.0,1143.0,1148.0,1088.0,1087.0,1086.0,1052.0,1120.0,1102.0,1053.0,1120.0,1084.0,1077.0,945.0,963.0,961.0,955.0,1017.0,944.0,926.0,966.0,943.0,938.0,899.0,976.0,895.0,968.0,850.0,907.0,865.0,933.0,893.0,913.0,1132.0,1087.0,1111.0,1134.0,1131.0,1109.0,1174.0,1119.0,1133.0,1145.0,925.0,919.0,931.0,904.0,917.0,888.0,957.0,908.0,966.0,913.0
329,799.0,767.0,772.0,775.0,794.0,819.0,736.0,762.0,767.0,736.0,979.0,934.0,963.0,991.0,938.0,945.0,930.0,997.0,995.0,932.0,945.0,967.0,984.0,997.0,1002.0,956.0,1030.0,1027.0,1006.0,936.0,992.0,1089.0,1031.0,1010.0,1029.0,1026.0,1023.0,979.0,1028.0,1059.0,1138.0,1131.0,1162.0,1151.0,1119.0,1095.0,1202.0,1159.0,1154.0,1124.0,1070.0,1071.0,1089.0,1050.0,1113.0,1067.0,1089.0,1083.0,1070.0,1061.0,948.0,947.0,968.0,917.0,986.0,978.0,909.0,973.0,933.0,986.0,931.0,912.0,884.0,938.0,853.0,915.0,907.0,924.0,897.0,940.0,1095.0,1133.0,1141.0,1106.0,1130.0,1081.0,1088.0,1096.0,1069.0,1146.0,920.0,927.0,879.0,934.0,910.0,929.0,928.0,866.0,939.0,913.0
330,771.0,761.0,794.0,747.0,767.0,821.0,748.0,755.0,745.0,754.0,946.0,980.0,992.0,966.0,953.0,964.0,945.0,997.0,978.0,941.0,987.0,1018.0,986.0,954.0,996.0,978.0,991.0,1004.0,995.0,1025.0,979.0,1003.0,1037.0,1033.0,1001.0,1007.0,1009.0,968.0,1032.0,1017.0,1138.0,1113.0,1150.0,1162.0,1160.0,1107.0,1141.0,1135.0,1140.0,1143.0,1115.0,1058.0,1026.0,1064.0,1073.0,1042.0,1116.0,1109.0,1094.0,1116.0,1005.0,988.0,972.0,959.0,947.0,954.0,971.0,939.0,985.0,908.0,884.0,922.0,878.0,948.0,946.0,919.0,903.0,928.0,893.0,908.0,1076.0,1087.0,1129.0,1115.0,1135.0,1134.0,1114.0,1128.0,1095.0,1110.0,916.0,950.0,911.0,920.0,896.0,888.0,903.0,904.0,899.0,910.0
331,774.0,754.0,778.0,809.0,800.0,793.0,749.0,737.0,760.0,749.0,942.0,930.0,938.0,951.0,979.0,933.0,973.0,979.0,977.0,951.0,967.0,978.0,976.0,1006.0,989.0,945.0,988.0,988.0,988.0,1016.0,992.0,1020.0,1004.0,1006.0,988.0,1035.0,1004.0,1024.0,985.0,1006.0,1140.0,1185.0,1163.0,1051.0,1139.0,1112.0,1122.0,1173.0,1143.0,1129.0,1112.0,1095.0,1116.0,1118.0,1083.0,1059.0,1077.0,1089.0,1050.0,1108.0,971.0,980.0,957.0,1006.0,956.0,963.0,957.0,972.0,947.0,940.0,876.0,937.0,912.0,917.0,904.0,897.0,930.0,948.0,940.0,879.0,1105.0,1064.0,1114.0,1125.0,1148.0,1159.0,1136.0,1094.0,1128.0,1152.0,938.0,936.0,917.0,881.0,889.0,918.0,905.0,860.0,938.0,900.0
332,798.0,797.0,787.0,784.0,789.0,787.0,732.0,756.0,775.0,795.0,936.0,960.0,952.0,925.0,930.0,1016.0,927.0,949.0,982.0,940.0,905.0,994.0,979.0,985.0,940.0,967.0,1013.0,961.0,940.0,978.0,1018.0,1010.0,1007.0,1045.0,1021.0,942.0,1038.0,1025.0,1049.0,1042.0,1163.0,1169.0,1097.0,1070.0,1152.0,1130.0,1147.0,1157.0,1137.0,1099.0,1068.0,1094.0,1079.0,1118.0,1094.0,1061.0,1105.0,1055.0,1095.0,1057.0,1014.0,923.0,960.0,959.0,919.0,975.0,998.0,1028.0,977.0,985.0,930.0,905.0,928.0,947.0,923.0,911.0,922.0,867.0,856.0,893.0,1102.0,1114.0,1152.0,1130.0,1172.0,1102.0,1085.0,1152.0,1120.0,1107.0,885.0,913.0,938.0,910.0,933.0,925.0,873.0,911.0,924.0,938.0
333,776.0,729.0,742.0,733.0,759.0,792.0,801.0,785.0,784.0,786.0,927.0,947.0,946.0,959.0,1032.0,976.0,965.0,903.0,937.0,964.0,1017.0,955.0,969.0,953.0,935.0,995.0,959.0,942.0,996.0,1004.0,991.0,1030.0,1038.0,1032.0,1057.0,991.0,1045.0,1027.0,1036.0,961.0,1163.0,1149.0,1156.0,1125.0,1110.0,1117.0,1124.0,1210.0,1144.0,1167.0,1067.0,1115.0,1117.0,1121.0,1063.0,1054.0,1095.0,1081.0,1058.0,1076.0,970.0,966.0,981.0,993.0,986.0,945.0,973.0,949.0,969.0,966.0,866.0,970.0,887.0,906.0,884.0,947.0,863.0,917.0,869.0,914.0,1116.0,1112.0,1156.0,1115.0,1149.0,1097.0,1153.0,1129.0,1141.0,1111.0,927.0,904.0,881.0,933.0,897.0,905.0,863.0,915.0,921.0,886.0
334,758.0,769.0,749.0,759.0,727.0,741.0,757.0,806.0,789.0,728.0,970.0,985.0,972.0,978.0,957.0,960.0,912.0,927.0,974.0,945.0,1037.0,993.0,985.0,966.0,983.0,965.0,955.0,978.0,940.0,978.0,982.0,988.0,1054.0,1002.0,1067.0,1074.0,1016.0,1039.0,1080.0,1000.0,1114.0,1117.0,1180.0,1129.0,1136.0,1135.0,1164.0,1135.0,1125.0,1161.0,1064.0,1068.0,1047.0,1073.0,1131.0,1016.0,1074.0,1102.0,1109.0,1075.0,992.0,916.0,983.0,974.0,956.0,930.0,949.0,997.0,962.0,955.0,911.0,940.0,912.0,942.0,903.0,918.0,918.0,921.0,863.0,910.0,1084.0,1172.0,1112.0,1168.0,1118.0,1148.0,1166.0,1075.0,1125.0,1154.0,910.0,927.0,878.0,877.0,891.0,931.0,927.0,883.0,887.0,927.0
335,771.0,840.0,749.0,825.0,814.0,761.0,788.0,793.0,758.0,749.0,956.0,936.0,985.0,935.0,926.0,935.0,950.0,931.0,947.0,947.0,983.0,1000.0,998.0,894.0,953.0,992.0,963.0,978.0,984.0,946.0,1014.0,985.0,1003.0,1006.0,980.0,1015.0,1030.0,1026.0,1022.0,1028.0,1123.0,1181.0,1123.0,1144.0,1160.0,1137.0,1104.0,1134.0,1147.0,1156.0,1060.0,1049.0,1089.0,1107.0,1148.0,1083.0,1069.0,1070.0,1121.0,1107.0,932.0,925.0,969.0,951.0,952.0,970.0,947.0,956.0,961.0,994.0,932.0,942.0,906.0,945.0,896.0,897.0,876.0,909.0,900.0,908.0,1158.0,1071.0,1125.0,1136.0,1158.0,1140.0,1166.0,1150.0,1132.0,1112.0,892.0,949.0,926.0,927.0,879.0,886.0,948.0,917.0,879.0,886.0
336,760.0,802.0,754.0,810.0,794.0,744.0,779.0,769.0,728.0,691.0,933.0,962.0,995.0,940.0,948.0,933.0,979.0,956.0,967.0,955.0,1005.0,984.0,949.0,938.0,943.0,1007.0,932.0,969.0,971.0,972.0,1002.0,1052.0,1038.0,1047.0,996.0,1011.0,1075.0,1015.0,1018.0,1002.0,1115.0,1180.0,1126.0,1149.0,1156.0,1095.0,1111.0,1138.0,1157.0,1159.0,1082.0,1059.0,1102.0,1120.0,1072.0,1081.0,1084.0,1086.0,1093.0,1047.0,957.0,943.0,977.0,945.0,979.0,984.0,978.0,923.0,956.0,973.0,948.0,931.0,928.0,923.0,914.0,889.0,881.0,954.0,885.0,921.0,1123.0,1068.0,1115.0,1116.0,1146.0,1162.0,1105.0,1120.0,1175.0,1151.0,898.0,898.0,891.0,882.0,920.0,908.0,919.0,937.0,897.0,960.0
337,748.0,722.0,776.0,766.0,740.0,768.0,782.0,796.0,803.0,729.0,939.0,954.0,937.0,992.0,979.0,961.0,937.0,905.0,954.0,963.0,963.0,995.0,985.0,970.0,985.0,933.0,995.0,986.0,982.0,964.0,1059.0,1030.0,1025.0,1001.0,984.0,991.0,1018.0,1002.0,1035.0,997.0,1138.0,1127.0,1116.0,1162.0,1135.0,1084.0,1126.0,1122.0,1148.0,1128.0,1066.0,1099.0,1107.0,1055.0,1056.0,1067.0,1025.0,1122.0,1054.0,1096.0,941.0,972.0,981.0,952.0,1031.0,1018.0,955.0,963.0,938.0,935.0,919.0,936.0,910.0,938.0,899.0,952.0,952.0,924.0,866.0,921.0,1133.0,1121.0,1137.0,1107.0,1141.0,1163.0,1156.0,1154.0,1129.0,1137.0,916.0,922.0,901.0,928.0,919.0,877.0,900.0,894.0,939.0,962.0
338,715.0,816.0,772.0,766.0,780.0,811.0,729.0,808.0,781.0,761.0,1005.0,966.0,935.0,995.0,973.0,972.0,978.0,973.0,908.0,959.0,971.0,959.0,970.0,1018.0,1007.0,999.0,947.0,960.0,915.0,979.0,1017.0,1048.0,998.0,1006.0,1023.0,960.0,1038.0,1056.0,1094.0,1022.0,1153.0,1166.0,1163.0,1188.0,1194.0,1141.0,1147.0,1147.0,1116.0,1088.0,1018.0,1108.0,1109.0,1045.0,1049.0,1048.0,1055.0,1068.0,1076.0,1068.0,980.0,927.0,958.0,923.0,976.0,940.0,963.0,917.0,991.0,975.0,956.0,943.0,920.0,908.0,891.0,906.0,928.0,911.0,933.0,945.0,1124.0,1068.0,1143.0,1123.0,1075.0,1118.0,1110.0,1126.0,1107.0,1132.0,880.0,879.0,907.0,897.0,902.0,923.0,951.0,903.0,928.0,906.0
339,747.0,718.0,786.0,761.0,795.0,769.0,791.0,762.0,790.0,752.0,939.0,989.0,959.0,954.0,958.0,991.0,976.0,924.0,971.0,981.0,984.0,972.0,973.0,930.0,1009.0,990.0,948.0,977.0,957.0,957.0,1043.0,1006.0,989.0,1022.0,1013.0,983.0,1047.0,1023.0,1073.0,1049.0,1136.0,1130.0,1136.0,1122.0,1113.0,1196.0,1114.0,1165.0,1142.0,1163.0,1097.0,1106.0,1112.0,1121.0,1084.0,1078.0,1092.0,1093.0,1012.0,1101.0,951.0,986.0,970.0,1001.0,963.0,950.0,953.0,997.0,945.0,966.0,921.0,964.0,910.0,920.0,899.0,883.0,897.0,890.0,925.0,911.0,1114.0,1107.0,1110.0,1135.0,1150.0,1035.0,1113.0,1143.0,1116.0,1078.0,886.0,899.0,931.0,902.0,887.0,943.0,917.0,893.0,921.0,876.0
340,773.0,783.0,769.0,786.0,752.0,729.0,754.0,836.0,804.0,814.0,949.0,965.0,960.0,978.0,969.0,974.0,969.0,994.0,937.0,913.0,986.0,976.0,1026.0,985.0,964.0,988.0,947.0,990.0,954.0,989.0,1029.0,1048.0,991.0,995.0,986.0,999.0,1068.0,979.0,1043.0,991.0,1136.0,1116.0,1153.0,1098.0,1190.0,1167.0,1124.0,1123.0,1160.0,1128.0,1058.0,1067.0,1086.0,1072.0,1116.0,1062.0,1076.0,1057.0,1079.0,1086.0,947.0,997.0,994.0,955.0,942.0,974.0,980.0,985.0,966.0,948.0,849.0,931.0,881.0,948.0,900.0,900.0,889.0,898.0,926.0,953.0,1177.0,1067.0,1109.0,1130.0,1126.0,1132.0,1143.0,1111.0,1081.0,1090.0,911.0,930.0,906.0,924.0,923.0,888.0,897.0,899.0,906.0,926.0
341,767.0,794.0,794.0,733.0,756.0,769.0,794.0,756.0,763.0,805.0,970.0,959.0,926.0,938.0,987.0,977.0,919.0,973.0,991.0,894.0,986.0,967.0,958.0,939.0,1001.0,1003.0,964.0,979.0,930.0,940.0,1020.0,1022.0,1033.0,1003.0,1011.0,996.0,1031.0,1010.0,1022.0,1004.0,1135.0,1162.0,1188.0,1180.0,1115.0,1121.0,1145.0,1158.0,1113.0,1185.0,1078.0,1026.0,1076.0,1085.0,1087.0,1088.0,1054.0,1100.0,1166.0,1092.0,934.0,991.0,958.0,992.0,972.0,965.0,964.0,950.0,951.0,953.0,904.0,927.0,897.0,878.0,907.0,911.0,887.0,921.0,895.0,956.0,1120.0,1122.0,1117.0,1188.0,1116.0,1092.0,1186.0,1116.0,1116.0,1086.0,901.0,910.0,928.0,928.0,917.0,893.0,902.0,906.0,907.0,924.0
342,782.0,718.0,811.0,769.0,798.0,778.0,744.0,776.0,787.0,750.0,934.0,985.0,996.0,1003.0,972.0,914.0,936.0,925.0,978.0,913.0,992.0,945.0,974.0,1006.0,975.0,986.0,937.0,976.0,995.0,970.0,1026.0,1045.0,1033.0,1002.0,1015.0,1019.0,1064.0,1062.0,1034.0,1051.0,1109.0,1166.0,1155.0,1177.0,1096.0,1175.0,1125.0,1123.0,1148.0,1143.0,1112.0,1073.0,1105.0,1020.0,1074.0,1111.0,1104.0,1024.0,1067.0,1091.0,949.0,1008.0,884.0,915.0,1006.0,947.0,947.0,1005.0,973.0,979.0,912.0,907.0,884.0,914.0,917.0,870.0,889.0,957.0,903.0,904.0,1149.0,1132.0,1118.0,1135.0,1103.0,1096.0,1186.0,1159.0,1097.0,1110.0,849.0,895.0,915.0,925.0,918.0,915.0,909.0,864.0,874.0,926.0
343,786.0,807.0,753.0,792.0,747.0,803.0,741.0,757.0,715.0,803.0,962.0,971.0,963.0,969.0,1014.0,918.0,954.0,953.0,997.0,917.0,999.0,997.0,1006.0,947.0,957.0,968.0,945.0,990.0,975.0,972.0,1020.0,988.0,1044.0,1030.0,1019.0,1076.0,1055.0,1039.0,1077.0,1035.0,1152.0,1177.0,1159.0,1143.0,1157.0,1150.0,1121.0,1148.0,1150.0,1161.0,1108.0,1086.0,1112.0,1106.0,1087.0,1069.0,1095.0,1110.0,1086.0,1064.0,944.0,920.0,899.0,964.0,988.0,912.0,916.0,958.0,978.0,947.0,893.0,862.0,963.0,910.0,909.0,923.0,930.0,922.0,889.0,883.0,1075.0,1106.0,1123.0,1135.0,1107.0,1117.0,1147.0,1124.0,1072.0,1132.0,876.0,960.0,850.0,871.0,888.0,875.0,935.0,868.0,914.0,924.0
344,782.0,805.0,783.0,779.0,774.0,749.0,720.0,735.0,782.0,748.0,985.0,1003.0,994.0,942.0,1024.0,940.0,918.0,925.0,958.0,970.0,1001.0,995.0,1004.0,983.0,972.0,990.0,986.0,972.0,991.0,941.0,1009.0,981.0,1005.0,1002.0,1028.0,1017.0,1004.0,1032.0,1007.0,1031.0,1149.0,1143.0,1107.0,1138.0,1144.0,1152.0,1141.0,1147.0,1172.0,1133.0,1065.0,1066.0,1109.0,1083.0,1101.0,1110.0,1118.0,1088.0,1141.0,1047.0,915.0,984.0,936.0,947.0,946.0,930.0,977.0,973.0,967.0,943.0,872.0,888.0,916.0,923.0,870.0,924.0,912.0,898.0,828.0,896.0,1155.0,1085.0,1150.0,1156.0,1099.0,1100.0,1140.0,1141.0,1144.0,1139.0,882.0,928.0,869.0,914.0,915.0,899.0,920.0,957.0,856.0,991.0
345,769.0,743.0,797.0,775.0,807.0,775.0,764.0,740.0,781.0,752.0,935.0,981.0,939.0,994.0,958.0,930.0,891.0,958.0,929.0,966.0,940.0,997.0,977.0,1009.0,990.0,996.0,976.0,1010.0,972.0,1001.0,1019.0,1024.0,1043.0,1061.0,1007.0,1026.0,1004.0,998.0,982.0,975.0,1125.0,1169.0,1109.0,1098.0,1139.0,1154.0,1113.0,1136.0,1121.0,1153.0,1084.0,1084.0,1072.0,1062.0,1114.0,1084.0,1129.0,1086.0,1093.0,1104.0,998.0,916.0,957.0,949.0,945.0,939.0,1006.0,960.0,1014.0,940.0,930.0,933.0,905.0,908.0,892.0,917.0,885.0,880.0,931.0,872.0,1107.0,1090.0,1114.0,1100.0,1093.0,1081.0,1146.0,1163.0,1109.0,1104.0,910.0,938.0,965.0,915.0,932.0,910.0,922.0,935.0,916.0,971.0
346,757.0,787.0,792.0,750.0,749.0,798.0,775.0,774.0,810.0,754.0,974.0,942.0,1019.0,980.0,968.0,974.0,918.0,943.0,989.0,945.0,982.0,975.0,983.0,961.0,1018.0,982.0,983.0,970.0,943.0,974.0,1028.0,1032.0,958.0,1010.0,1031.0,1025.0,1055.0,988.0,980.0,1005.0,1091.0,1193.0,1119.0,1209.0,1117.0,1107.0,1158.0,1165.0,1145.0,1172.0,1055.0,1077.0,1097.0,1096.0,1087.0,1066.0,1119.0,1080.0,1100.0,1072.0,973.0,975.0,916.0,952.0,1000.0,918.0,927.0,933.0,998.0,960.0,889.0,889.0,915.0,926.0,936.0,913.0,902.0,937.0,875.0,896.0,1148.0,1086.0,1129.0,1080.0,1080.0,1155.0,1090.0,1156.0,1071.0,1142.0,921.0,918.0,953.0,904.0,893.0,875.0,910.0,918.0,940.0,915.0
347,782.0,779.0,712.0,743.0,750.0,733.0,758.0,749.0,820.0,786.0,951.0,964.0,1024.0,917.0,929.0,936.0,990.0,919.0,942.0,911.0,964.0,940.0,949.0,994.0,985.0,983.0,1013.0,980.0,969.0,949.0,1080.0,1029.0,1026.0,1010.0,1036.0,1037.0,1022.0,1074.0,1034.0,978.0,1151.0,1133.0,1120.0,1180.0,1133.0,1123.0,1158.0,1137.0,1122.0,1161.0,1098.0,1078.0,1124.0,1075.0,1079.0,1091.0,1100.0,1125.0,1074.0,1103.0,914.0,945.0,969.0,989.0,998.0,986.0,922.0,979.0,986.0,955.0,899.0,939.0,888.0,864.0,939.0,927.0,866.0,893.0,903.0,936.0,1094.0,1118.0,1152.0,1179.0,1116.0,1109.0,1140.0,1133.0,1080.0,1114.0,885.0,950.0,912.0,910.0,914.0,886.0,865.0,871.0,926.0,943.0
348,798.0,746.0,785.0,802.0,759.0,798.0,780.0,787.0,782.0,784.0,937.0,963.0,1028.0,915.0,973.0,938.0,934.0,968.0,944.0,969.0,933.0,988.0,903.0,1001.0,1001.0,953.0,1009.0,1005.0,1005.0,946.0,1029.0,1041.0,1014.0,992.0,1047.0,1023.0,1036.0,997.0,1033.0,1021.0,1114.0,1144.0,1175.0,1079.0,1164.0,1164.0,1173.0,1122.0,1179.0,1171.0,1108.0,1054.0,1071.0,1074.0,1014.0,1059.0,1077.0,1090.0,1022.0,1068.0,993.0,937.0,935.0,972.0,945.0,945.0,941.0,988.0,923.0,954.0,883.0,891.0,889.0,939.0,941.0,964.0,881.0,901.0,901.0,907.0,1131.0,1128.0,1167.0,1142.0,1095.0,1108.0,1110.0,1137.0,1133.0,1112.0,891.0,983.0,906.0,950.0,940.0,859.0,893.0,868.0,935.0,905.0
349,731.0,788.0,735.0,740.0,787.0,740.0,813.0,847.0,829.0,763.0,937.0,978.0,959.0,937.0,979.0,919.0,944.0,953.0,968.0,983.0,958.0,978.0,982.0,1014.0,959.0,961.0,973.0,957.0,958.0,966.0,1035.0,1056.0,1077.0,1028.0,1017.0,1013.0,1033.0,1030.0,1016.0,957.0,1150.0,1142.0,1158.0,1176.0,1152.0,1124.0,1177.0,1085.0,1134.0,1184.0,1115.0,1065.0,1071.0,1033.0,1126.0,1113.0,1036.0,1056.0,1079.0,1105.0,938.0,978.0,956.0,931.0,944.0,996.0,955.0,979.0,973.0,913.0,921.0,874.0,937.0,955.0,903.0,927.0,910.0,924.0,889.0,897.0,1133.0,1131.0,1093.0,1143.0,1097.0,1111.0,1101.0,1149.0,1128.0,1126.0,895.0,885.0,905.0,906.0,915.0,906.0,896.0,890.0,884.0,941.0
350,802.0,762.0,780.0,805.0,828.0,802.0,726.0,778.0,761.0,794.0,924.0,989.0,950.0,910.0,964.0,908.0,920.0,975.0,912.0,990.0,961.0,1003.0,985.0,919.0,986.0,969.0,976.0,998.0,981.0,961.0,1039.0,1017.0,1016.0,1012.0,972.0,1047.0,1045.0,1024.0,1061.0,1044.0,1117.0,1117.0,1168.0,1197.0,1085.0,1128.0,1150.0,1138.0,1109.0,1104.0,1117.0,1077.0,1041.0,1046.0,1107.0,1056.0,1061.0,1081.0,1100.0,1069.0,962.0,965.0,964.0,956.0,983.0,954.0,984.0,938.0,962.0,914.0,886.0,884.0,914.0,915.0,915.0,949.0,929.0,915.0,881.0,920.0,1126.0,1128.0,1129.0,1142.0,1105.0,1120.0,1144.0,1139.0,1121.0,1124.0,880.0,933.0,928.0,962.0,939.0,880.0,903.0,884.0,969.0,919.0
351,746.0,772.0,780.0,792.0,827.0,738.0,736.0,787.0,809.0,716.0,964.0,982.0,994.0,924.0,995.0,925.0,1030.0,939.0,952.0,930.0,961.0,998.0,971.0,955.0,980.0,982.0,961.0,981.0,995.0,988.0,1007.0,1025.0,1061.0,1012.0,973.0,998.0,988.0,1022.0,1004.0,994.0,1172.0,1067.0,1102.0,1124.0,1161.0,1150.0,1160.0,1148.0,1152.0,1126.0,1031.0,1071.0,1080.0,1084.0,1089.0,1058.0,1037.0,1113.0,1062.0,1100.0,925.0,969.0,959.0,983.0,977.0,958.0,977.0,943.0,961.0,974.0,901.0,863.0,928.0,873.0,881.0,924.0,916.0,914.0,914.0,942.0,1172.0,1170.0,1095.0,1152.0,1082.0,1143.0,1110.0,1169.0,1057.0,1165.0,932.0,959.0,907.0,967.0,921.0,935.0,923.0,852.0,955.0,900.0
352,777.0,771.0,780.0,781.0,770.0,727.0,774.0,771.0,803.0,736.0,974.0,942.0,988.0,967.0,979.0,975.0,979.0,988.0,936.0,971.0,905.0,986.0,967.0,983.0,975.0,965.0,1007.0,983.0,986.0,947.0,1051.0,1006.0,1003.0,991.0,1045.0,1003.0,1030.0,1005.0,995.0,1020.0,1154.0,1107.0,1159.0,1180.0,1121.0,1116.0,1136.0,1124.0,1153.0,1125.0,1057.0,1111.0,1110.0,1090.0,1049.0,1074.0,1064.0,1048.0,1100.0,1056.0,958.0,986.0,935.0,965.0,947.0,961.0,937.0,974.0,970.0,1022.0,888.0,938.0,912.0,894.0,919.0,918.0,879.0,896.0,909.0,944.0,1142.0,1097.0,1130.0,1095.0,1127.0,1165.0,1130.0,1136.0,1079.0,1111.0,904.0,935.0,892.0,919.0,957.0,904.0,902.0,945.0,933.0,903.0
353,754.0,777.0,769.0,758.0,725.0,744.0,734.0,823.0,740.0,791.0,900.0,976.0,939.0,973.0,981.0,992.0,964.0,973.0,945.0,939.0,992.0,927.0,954.0,978.0,987.0,924.0,958.0,988.0,943.0,984.0,1013.0,1009.0,1050.0,1034.0,1048.0,1044.0,1039.0,976.0,1093.0,1003.0,1155.0,1091.0,1169.0,1148.0,1143.0,1119.0,1087.0,1134.0,1131.0,1132.0,1092.0,1057.0,1072.0,1128.0,1028.0,1060.0,1148.0,1100.0,1077.0,1075.0,982.0,1023.0,973.0,996.0,977.0,972.0,971.0,965.0,933.0,945.0,908.0,929.0,944.0,921.0,977.0,925.0,845.0,873.0,925.0,901.0,1141.0,1176.0,1119.0,1007.0,1065.0,1154.0,1127.0,1161.0,1148.0,1141.0,871.0,912.0,886.0,923.0,959.0,872.0,962.0,878.0,927.0,925.0
354,790.0,799.0,799.0,753.0,789.0,781.0,783.0,780.0,758.0,787.0,939.0,990.0,964.0,991.0,967.0,936.0,983.0,991.0,952.0,903.0,1015.0,956.0,970.0,974.0,957.0,999.0,977.0,983.0,966.0,963.0,964.0,1016.0,1057.0,1057.0,1026.0,1022.0,1026.0,994.0,1004.0,1007.0,1123.0,1155.0,1131.0,1117.0,1135.0,1107.0,1135.0,1087.0,1136.0,1200.0,1071.0,1054.0,1094.0,1060.0,1130.0,1064.0,1100.0,1122.0,1030.0,1124.0,948.0,969.0,960.0,990.0,959.0,919.0,907.0,980.0,966.0,943.0,907.0,881.0,911.0,964.0,910.0,922.0,867.0,924.0,947.0,905.0,1154.0,1101.0,1098.0,1115.0,1122.0,1156.0,1107.0,1087.0,1158.0,1157.0,899.0,957.0,893.0,845.0,894.0,901.0,952.0,926.0,944.0,841.0
355,774.0,764.0,792.0,745.0,763.0,805.0,754.0,762.0,758.0,789.0,885.0,956.0,949.0,960.0,979.0,949.0,978.0,1005.0,915.0,925.0,939.0,982.0,966.0,931.0,995.0,989.0,963.0,1008.0,994.0,992.0,1013.0,994.0,1044.0,1034.0,1020.0,996.0,1038.0,1046.0,1012.0,1001.0,1116.0,1129.0,1145.0,1183.0,1090.0,1138.0,1102.0,1127.0,1167.0,1158.0,1114.0,1087.0,1080.0,1080.0,1087.0,1151.0,1138.0,1062.0,1105.0,1062.0,1002.0,1009.0,961.0,976.0,936.0,906.0,909.0,887.0,947.0,992.0,926.0,889.0,923.0,874.0,936.0,861.0,885.0,929.0,888.0,933.0,1117.0,1180.0,1080.0,1153.0,1175.0,1088.0,1165.0,1128.0,1155.0,1093.0,925.0,884.0,940.0,925.0,906.0,922.0,903.0,920.0,915.0,889.0
356,794.0,745.0,793.0,764.0,776.0,742.0,756.0,763.0,768.0,774.0,900.0,946.0,1000.0,919.0,961.0,951.0,952.0,915.0,943.0,958.0,961.0,983.0,991.0,957.0,949.0,992.0,976.0,979.0,995.0,1029.0,1014.0,1036.0,995.0,1030.0,998.0,1039.0,1026.0,1062.0,1043.0,1003.0,1144.0,1125.0,1152.0,1156.0,1161.0,1129.0,1118.0,1154.0,1133.0,1142.0,1084.0,1087.0,1084.0,1075.0,1061.0,1103.0,1081.0,1024.0,1082.0,1086.0,968.0,965.0,995.0,1006.0,973.0,944.0,952.0,957.0,972.0,972.0,956.0,909.0,896.0,908.0,946.0,908.0,923.0,905.0,917.0,906.0,1100.0,1161.0,1075.0,1131.0,1151.0,1102.0,1093.0,1160.0,1121.0,1087.0,892.0,915.0,901.0,915.0,910.0,896.0,962.0,956.0,882.0,877.0
357,756.0,747.0,834.0,777.0,774.0,758.0,796.0,732.0,766.0,755.0,944.0,925.0,946.0,951.0,957.0,936.0,936.0,977.0,953.0,986.0,1006.0,1014.0,964.0,959.0,977.0,1019.0,950.0,955.0,1007.0,958.0,1009.0,1049.0,1008.0,979.0,1006.0,1035.0,1044.0,1045.0,986.0,1036.0,1111.0,1158.0,1144.0,1173.0,1140.0,1121.0,1120.0,1167.0,1145.0,1109.0,1073.0,1050.0,1053.0,1066.0,1100.0,1073.0,1114.0,1070.0,1056.0,1061.0,941.0,961.0,979.0,996.0,967.0,951.0,959.0,1024.0,983.0,935.0,954.0,941.0,901.0,895.0,927.0,932.0,892.0,851.0,914.0,892.0,1102.0,1101.0,1150.0,1136.0,1146.0,1098.0,1121.0,1130.0,1146.0,1151.0,922.0,926.0,905.0,929.0,892.0,884.0,910.0,921.0,900.0,950.0
358,772.0,755.0,757.0,774.0,760.0,734.0,747.0,783.0,779.0,765.0,976.0,974.0,954.0,958.0,943.0,965.0,961.0,973.0,953.0,993.0,986.0,943.0,948.0,992.0,962.0,999.0,980.0,983.0,966.0,966.0,1016.0,989.0,1006.0,1025.0,1042.0,1014.0,1054.0,1009.0,1044.0,1037.0,1142.0,1162.0,1138.0,1099.0,1172.0,1169.0,1142.0,1194.0,1169.0,1153.0,1065.0,1136.0,1115.0,1083.0,1082.0,1032.0,1058.0,1070.0,1076.0,1006.0,951.0,992.0,980.0,1021.0,920.0,994.0,966.0,935.0,957.0,964.0,876.0,874.0,921.0,888.0,951.0,945.0,885.0,921.0,894.0,862.0,1103.0,1141.0,1128.0,1155.0,1121.0,1063.0,1112.0,1089.0,1128.0,1149.0,932.0,903.0,936.0,867.0,929.0,892.0,937.0,915.0,889.0,938.0
359,805.0,749.0,760.0,722.0,769.0,789.0,747.0,768.0,769.0,760.0,930.0,960.0,956.0,925.0,937.0,952.0,971.0,1024.0,942.0,998.0,997.0,952.0,970.0,975.0,1001.0,957.0,1014.0,974.0,998.0,954.0,1050.0,1044.0,1024.0,1020.0,1012.0,1036.0,1022.0,997.0,1017.0,1020.0,1120.0,1149.0,1123.0,1161.0,1124.0,1139.0,1111.0,1130.0,1174.0,1152.0,1049.0,1122.0,1102.0,1050.0,1079.0,1081.0,1073.0,1086.0,1080.0,1079.0,939.0,942.0,983.0,993.0,966.0,980.0,995.0,932.0,980.0,945.0,936.0,895.0,930.0,951.0,963.0,892.0,903.0,905.0,882.0,879.0,1101.0,1176.0,1106.0,1107.0,1102.0,1093.0,1133.0,1149.0,1126.0,1146.0,896.0,873.0,930.0,958.0,931.0,889.0,873.0,906.0,884.0,898.0
360,767.0,804.0,768.0,677.0,790.0,765.0,780.0,785.0,753.0,740.0,954.0,957.0,982.0,981.0,928.0,905.0,982.0,936.0,960.0,919.0,948.0,996.0,1001.0,947.0,965.0,996.0,986.0,951.0,997.0,992.0,1035.0,997.0,964.0,1020.0,1004.0,1009.0,1038.0,1062.0,1059.0,1004.0,1192.0,1136.0,1136.0,1164.0,1141.0,1138.0,1142.0,1134.0,1147.0,1172.0,1057.0,1087.0,1081.0,1071.0,1097.0,1074.0,1070.0,1051.0,1072.0,1065.0,943.0,915.0,997.0,1018.0,934.0,956.0,971.0,954.0,979.0,930.0,942.0,887.0,923.0,948.0,917.0,946.0,938.0,912.0,881.0,908.0,1126.0,1174.0,1127.0,1124.0,1192.0,1084.0,1070.0,1136.0,1134.0,1184.0,858.0,911.0,906.0,907.0,915.0,938.0,868.0,951.0,866.0,913.0
361,770.0,803.0,790.0,820.0,778.0,782.0,771.0,795.0,805.0,761.0,936.0,945.0,949.0,976.0,937.0,991.0,939.0,957.0,928.0,933.0,923.0,993.0,969.0,934.0,985.0,991.0,1000.0,970.0,1022.0,946.0,1023.0,1022.0,956.0,1035.0,1006.0,1002.0,982.0,1021.0,968.0,1018.0,1142.0,1101.0,1136.0,1139.0,1201.0,1127.0,1100.0,1131.0,1144.0,1172.0,1067.0,1122.0,1140.0,1087.0,1098.0,1089.0,1151.0,1060.0,1118.0,1057.0,1011.0,948.0,951.0,955.0,921.0,984.0,933.0,963.0,970.0,974.0,900.0,893.0,905.0,897.0,929.0,892.0,922.0,910.0,875.0,928.0,1121.0,1079.0,1150.0,1106.0,1121.0,1073.0,1131.0,1120.0,1103.0,1130.0,929.0,963.0,937.0,913.0,903.0,881.0,917.0,948.0,915.0,908.0
362,756.0,745.0,738.0,760.0,775.0,755.0,782.0,749.0,756.0,701.0,965.0,1020.0,991.0,978.0,939.0,981.0,965.0,919.0,947.0,985.0,998.0,978.0,1003.0,961.0,939.0,945.0,988.0,1030.0,967.0,929.0,1023.0,1032.0,1002.0,1049.0,1032.0,1025.0,1018.0,1031.0,1051.0,1027.0,1170.0,1148.0,1148.0,1143.0,1136.0,1074.0,1162.0,1143.0,1148.0,1184.0,1041.0,1108.0,1128.0,1095.0,1127.0,1099.0,1088.0,1080.0,1046.0,1035.0,968.0,949.0,945.0,920.0,1020.0,978.0,963.0,998.0,980.0,963.0,902.0,907.0,935.0,911.0,883.0,906.0,908.0,909.0,889.0,926.0,1110.0,1126.0,1062.0,1129.0,1078.0,1096.0,1105.0,1083.0,1124.0,1151.0,888.0,853.0,930.0,915.0,950.0,956.0,867.0,933.0,940.0,924.0
363,734.0,835.0,810.0,778.0,774.0,805.0,764.0,764.0,787.0,778.0,958.0,951.0,949.0,943.0,974.0,967.0,963.0,949.0,927.0,941.0,1020.0,911.0,993.0,988.0,951.0,942.0,999.0,951.0,967.0,982.0,1052.0,988.0,1051.0,993.0,1041.0,1063.0,1015.0,1024.0,1045.0,961.0,1114.0,1142.0,1181.0,1138.0,1155.0,1076.0,1092.0,1123.0,1142.0,1183.0,1055.0,1086.0,1054.0,1105.0,1071.0,1121.0,1150.0,1057.0,1100.0,1087.0,961.0,976.0,906.0,952.0,972.0,937.0,935.0,1012.0,956.0,956.0,853.0,925.0,924.0,889.0,905.0,933.0,897.0,921.0,867.0,910.0,1122.0,1134.0,1116.0,1149.0,1108.0,1080.0,1133.0,1138.0,1114.0,1122.0,951.0,922.0,897.0,926.0,928.0,894.0,898.0,937.0,944.0,905.0
364,730.0,793.0,769.0,785.0,761.0,815.0,730.0,723.0,781.0,818.0,950.0,960.0,976.0,932.0,978.0,934.0,985.0,986.0,1003.0,966.0,1029.0,990.0,968.0,931.0,993.0,969.0,976.0,997.0,996.0,984.0,1012.0,1007.0,956.0,1023.0,1041.0,1063.0,1030.0,984.0,1063.0,1034.0,1151.0,1149.0,1165.0,1110.0,1111.0,1092.0,1120.0,1146.0,1125.0,1091.0,1069.0,1094.0,1072.0,1172.0,1100.0,1034.0,1099.0,1059.0,1039.0,1066.0,950.0,929.0,951.0,973.0,963.0,944.0,936.0,993.0,922.0,975.0,872.0,931.0,929.0,920.0,875.0,948.0,963.0,945.0,895.0,873.0,1112.0,1159.0,1130.0,1078.0,1112.0,1124.0,1085.0,1136.0,1134.0,1149.0,942.0,854.0,965.0,938.0,946.0,899.0,925.0,905.0,891.0,873.0
365,798.0,793.0,750.0,790.0,765.0,769.0,760.0,753.0,780.0,784.0,911.0,933.0,931.0,979.0,965.0,967.0,905.0,947.0,946.0,962.0,955.0,984.0,999.0,933.0,991.0,999.0,961.0,986.0,1029.0,965.0,1090.0,986.0,1033.0,1035.0,1048.0,1052.0,1049.0,1032.0,1040.0,976.0,1108.0,1091.0,1128.0,1155.0,1175.0,1111.0,1128.0,1210.0,1106.0,1119.0,1104.0,1108.0,1179.0,1090.0,1099.0,1073.0,1112.0,1104.0,1088.0,1051.0,895.0,967.0,940.0,960.0,933.0,928.0,942.0,953.0,965.0,1009.0,895.0,875.0,917.0,940.0,886.0,900.0,907.0,819.0,876.0,912.0,1149.0,1207.0,1102.0,1082.0,1093.0,1098.0,1148.0,1154.0,1123.0,1091.0,911.0,920.0,897.0,899.0,923.0,926.0,934.0,908.0,898.0,966.0
366,744.0,780.0,749.0,809.0,793.0,744.0,814.0,798.0,745.0,793.0,998.0,953.0,963.0,986.0,929.0,994.0,942.0,939.0,990.0,970.0,979.0,974.0,1004.0,943.0,1011.0,1009.0,956.0,991.0,967.0,999.0,1059.0,1035.0,1070.0,1026.0,1022.0,997.0,1043.0,1020.0,1042.0,1047.0,1137.0,1212.0,1169.0,1090.0,1163.0,1056.0,1125.0,1109.0,1128.0,1079.0,1059.0,1045.0,1116.0,1063.0,1100.0,1162.0,1081.0,1102.0,1083.0,1087.0,943.0,896.0,933.0,999.0,940.0,916.0,978.0,1005.0,969.0,937.0,930.0,889.0,909.0,865.0,870.0,901.0,871.0,890.0,939.0,875.0,1109.0,1125.0,1105.0,1130.0,1142.0,1131.0,1121.0,1111.0,1105.0,1144.0,860.0,952.0,854.0,957.0,905.0,910.0,918.0,904.0,884.0,905.0
367,737.0,758.0,806.0,787.0,763.0,715.0,748.0,774.0,777.0,754.0,946.0,983.0,948.0,960.0,914.0,972.0,909.0,988.0,931.0,930.0,967.0,996.0,991.0,953.0,992.0,971.0,972.0,1000.0,994.0,935.0,960.0,1014.0,1070.0,1045.0,1035.0,1009.0,1025.0,1069.0,1001.0,1018.0,1188.0,1146.0,1208.0,1104.0,1115.0,1138.0,1143.0,1131.0,1157.0,1159.0,1117.0,1077.0,1055.0,1132.0,1113.0,1101.0,1097.0,1088.0,1084.0,1124.0,954.0,972.0,935.0,958.0,993.0,973.0,956.0,958.0,941.0,953.0,866.0,874.0,879.0,877.0,916.0,923.0,929.0,874.0,947.0,906.0,1134.0,1122.0,1081.0,1107.0,1125.0,1103.0,1135.0,1136.0,1126.0,1158.0,943.0,920.0,899.0,947.0,909.0,912.0,934.0,849.0,895.0,894.0
368,766.0,776.0,804.0,791.0,790.0,784.0,775.0,778.0,751.0,765.0,931.0,947.0,974.0,951.0,929.0,991.0,959.0,903.0,954.0,945.0,1007.0,954.0,990.0,905.0,1001.0,992.0,1015.0,949.0,945.0,1036.0,1041.0,1030.0,1039.0,1030.0,1021.0,1012.0,1026.0,1025.0,1022.0,1037.0,1175.0,1174.0,1139.0,1134.0,1121.0,1114.0,1120.0,1135.0,1194.0,1101.0,1097.0,1108.0,1113.0,1116.0,1104.0,1043.0,1093.0,1080.0,1043.0,1041.0,947.0,1012.0,942.0,933.0,953.0,971.0,973.0,991.0,984.0,950.0,885.0,879.0,904.0,918.0,899.0,898.0,893.0,934.0,904.0,911.0,1093.0,1043.0,1082.0,1168.0,1172.0,1130.0,1094.0,1151.0,1136.0,1146.0,869.0,940.0,887.0,922.0,883.0,884.0,901.0,922.0,918.0,902.0
369,805.0,745.0,782.0,776.0,758.0,774.0,764.0,779.0,762.0,786.0,963.0,1006.0,984.0,922.0,944.0,990.0,967.0,1005.0,963.0,968.0,958.0,1018.0,950.0,962.0,961.0,959.0,1002.0,988.0,947.0,1015.0,1035.0,1015.0,1058.0,997.0,1028.0,1070.0,995.0,1026.0,1039.0,1001.0,1081.0,1122.0,1102.0,1122.0,1149.0,1095.0,1142.0,1093.0,1127.0,1118.0,1096.0,1134.0,1114.0,1073.0,1165.0,1041.0,1042.0,1097.0,1064.0,1070.0,934.0,932.0,1002.0,973.0,946.0,981.0,966.0,934.0,1025.0,946.0,899.0,927.0,887.0,908.0,895.0,886.0,918.0,931.0,937.0,922.0,1135.0,1080.0,1110.0,1178.0,1120.0,1125.0,1107.0,1154.0,1106.0,1100.0,910.0,882.0,885.0,957.0,903.0,899.0,948.0,861.0,882.0,913.0
370,798.0,749.0,752.0,778.0,793.0,798.0,768.0,765.0,769.0,718.0,952.0,977.0,973.0,950.0,955.0,941.0,973.0,954.0,965.0,958.0,1001.0,967.0,932.0,992.0,985.0,985.0,1004.0,936.0,945.0,990.0,993.0,1066.0,1052.0,997.0,1054.0,1055.0,963.0,1008.0,1027.0,1021.0,1175.0,1160.0,1108.0,1194.0,1122.0,1123.0,1190.0,1168.0,1178.0,1119.0,1069.0,1092.0,1085.0,1066.0,1098.0,1058.0,1070.0,1123.0,1065.0,1104.0,954.0,978.0,1007.0,955.0,928.0,883.0,942.0,945.0,974.0,960.0,893.0,923.0,902.0,882.0,898.0,898.0,890.0,966.0,907.0,911.0,1104.0,1066.0,1126.0,1131.0,1147.0,1111.0,1127.0,1115.0,1093.0,1120.0,877.0,884.0,939.0,919.0,891.0,970.0,922.0,888.0,931.0,935.0
371,747.0,818.0,807.0,767.0,787.0,713.0,751.0,777.0,728.0,755.0,952.0,988.0,946.0,964.0,967.0,951.0,958.0,936.0,949.0,964.0,1028.0,909.0,1011.0,983.0,992.0,993.0,995.0,969.0,976.0,945.0,1042.0,981.0,1019.0,989.0,1062.0,1018.0,982.0,1060.0,1055.0,1053.0,1087.0,1122.0,1136.0,1128.0,1100.0,1141.0,1149.0,1122.0,1155.0,1129.0,1120.0,1084.0,1115.0,1111.0,1048.0,1099.0,1128.0,1042.0,1081.0,1038.0,951.0,980.0,918.0,947.0,949.0,951.0,999.0,983.0,946.0,976.0,909.0,916.0,862.0,949.0,921.0,932.0,896.0,919.0,919.0,926.0,1098.0,1129.0,1122.0,1114.0,1147.0,1085.0,1115.0,1163.0,1107.0,1147.0,883.0,938.0,941.0,914.0,902.0,937.0,872.0,897.0,937.0,902.0
372,769.0,744.0,756.0,805.0,787.0,812.0,743.0,744.0,782.0,783.0,924.0,978.0,918.0,957.0,920.0,985.0,982.0,913.0,996.0,942.0,980.0,938.0,969.0,921.0,970.0,966.0,1012.0,998.0,964.0,951.0,1025.0,1040.0,1033.0,997.0,1051.0,967.0,990.0,1063.0,1038.0,1074.0,1163.0,1157.0,1115.0,1113.0,1171.0,1081.0,1107.0,1139.0,1142.0,1212.0,1044.0,1085.0,1116.0,1123.0,1025.0,1079.0,1039.0,1075.0,1074.0,1024.0,1001.0,940.0,986.0,927.0,965.0,959.0,1046.0,952.0,948.0,940.0,914.0,905.0,877.0,963.0,915.0,918.0,870.0,921.0,869.0,885.0,1135.0,1122.0,1169.0,1120.0,1146.0,1145.0,1147.0,1108.0,1134.0,1127.0,862.0,956.0,935.0,943.0,924.0,911.0,909.0,955.0,906.0,894.0
373,802.0,767.0,789.0,756.0,781.0,725.0,720.0,735.0,757.0,754.0,948.0,969.0,947.0,950.0,931.0,974.0,1007.0,951.0,950.0,966.0,936.0,997.0,1012.0,968.0,1003.0,922.0,955.0,1045.0,1013.0,977.0,1031.0,1009.0,970.0,1043.0,1069.0,1049.0,1018.0,1024.0,1005.0,1004.0,1177.0,1124.0,1216.0,1090.0,1073.0,1148.0,1212.0,1170.0,1144.0,1129.0,1071.0,1106.0,1067.0,1126.0,1124.0,1090.0,1034.0,1087.0,1094.0,1060.0,966.0,953.0,947.0,968.0,964.0,990.0,958.0,941.0,962.0,958.0,888.0,905.0,930.0,893.0,898.0,901.0,920.0,938.0,924.0,902.0,1098.0,1107.0,1116.0,1149.0,1117.0,1118.0,1124.0,1098.0,1074.0,1107.0,900.0,930.0,879.0,925.0,914.0,901.0,892.0,876.0,930.0,976.0
374,754.0,774.0,793.0,784.0,771.0,763.0,728.0,807.0,780.0,754.0,946.0,943.0,930.0,933.0,951.0,934.0,999.0,960.0,945.0,981.0,933.0,1024.0,911.0,956.0,991.0,930.0,959.0,971.0,1017.0,981.0,1001.0,1001.0,1012.0,1079.0,1040.0,1012.0,995.0,1026.0,990.0,1020.0,1126.0,1142.0,1158.0,1140.0,1106.0,1129.0,1116.0,1143.0,1114.0,1106.0,1112.0,1109.0,1116.0,1050.0,1110.0,1084.0,1068.0,1116.0,1073.0,1087.0,975.0,979.0,998.0,916.0,966.0,988.0,986.0,924.0,978.0,978.0,956.0,891.0,878.0,946.0,915.0,895.0,934.0,894.0,903.0,890.0,1129.0,1125.0,1141.0,1105.0,1143.0,1152.0,1171.0,1106.0,1131.0,1119.0,883.0,878.0,934.0,962.0,881.0,930.0,883.0,919.0,924.0,917.0
375,754.0,796.0,729.0,786.0,806.0,826.0,761.0,753.0,791.0,776.0,924.0,980.0,927.0,951.0,997.0,966.0,960.0,985.0,908.0,950.0,915.0,1017.0,980.0,1007.0,947.0,959.0,974.0,965.0,988.0,981.0,1034.0,1028.0,1016.0,1046.0,1044.0,1043.0,1052.0,1056.0,1058.0,1036.0,1139.0,1158.0,1193.0,1123.0,1165.0,1139.0,1117.0,1111.0,1171.0,1116.0,1090.0,1062.0,1103.0,1056.0,1074.0,1081.0,1082.0,1092.0,1079.0,1066.0,952.0,941.0,990.0,949.0,954.0,957.0,993.0,922.0,952.0,975.0,937.0,893.0,874.0,938.0,849.0,872.0,874.0,943.0,868.0,895.0,1126.0,1098.0,1118.0,1083.0,1145.0,1041.0,1153.0,1104.0,1069.0,1114.0,943.0,893.0,936.0,936.0,892.0,936.0,873.0,938.0,971.0,927.0
376,761.0,789.0,744.0,806.0,791.0,715.0,766.0,775.0,763.0,816.0,885.0,948.0,950.0,910.0,1000.0,897.0,945.0,952.0,918.0,977.0,955.0,981.0,1038.0,1015.0,971.0,1008.0,960.0,987.0,958.0,975.0,1050.0,1059.0,1053.0,1050.0,1005.0,1037.0,1020.0,1011.0,1082.0,987.0,1112.0,1130.0,1105.0,1183.0,1105.0,1130.0,1134.0,1155.0,1081.0,1164.0,1093.0,1097.0,1066.0,1081.0,1109.0,1102.0,1114.0,1039.0,1100.0,1060.0,987.0,921.0,999.0,943.0,971.0,966.0,967.0,983.0,960.0,903.0,922.0,904.0,882.0,893.0,917.0,968.0,897.0,899.0,930.0,956.0,1145.0,1119.0,1133.0,1087.0,1093.0,1077.0,1122.0,1143.0,1140.0,1102.0,903.0,919.0,894.0,905.0,914.0,919.0,915.0,927.0,923.0,899.0
377,773.0,809.0,785.0,730.0,774.0,730.0,798.0,795.0,766.0,742.0,899.0,947.0,969.0,991.0,907.0,934.0,978.0,904.0,961.0,959.0,993.0,1017.0,959.0,995.0,955.0,1019.0,1019.0,949.0,995.0,982.0,1010.0,1018.0,1008.0,984.0,1041.0,1017.0,1005.0,1043.0,999.0,1049.0,1159.0,1128.0,1133.0,1204.0,1147.0,1115.0,1094.0,1129.0,1108.0,1159.0,1121.0,1109.0,1163.0,1028.0,1141.0,1081.0,1093.0,1105.0,1113.0,1063.0,980.0,970.0,1017.0,956.0,977.0,995.0,943.0,951.0,958.0,951.0,921.0,834.0,865.0,922.0,915.0,922.0,903.0,932.0,891.0,897.0,1084.0,1137.0,1094.0,1151.0,1136.0,1074.0,1114.0,1157.0,1162.0,1091.0,873.0,897.0,870.0,908.0,880.0,932.0,895.0,905.0,900.0,946.0
378,747.0,786.0,786.0,773.0,744.0,784.0,769.0,761.0,791.0,798.0,929.0,972.0,949.0,928.0,949.0,921.0,992.0,927.0,958.0,983.0,983.0,978.0,969.0,953.0,980.0,994.0,932.0,976.0,941.0,972.0,1033.0,1036.0,989.0,1016.0,1072.0,1019.0,1026.0,1009.0,1018.0,1008.0,1171.0,1180.0,1188.0,1138.0,1134.0,1169.0,1124.0,1175.0,1165.0,1162.0,1033.0,1057.0,1104.0,1108.0,1086.0,1124.0,1090.0,1049.0,1114.0,1013.0,1001.0,935.0,981.0,995.0,982.0,933.0,969.0,980.0,957.0,949.0,925.0,914.0,912.0,918.0,913.0,868.0,893.0,957.0,901.0,902.0,1097.0,1142.0,1091.0,1107.0,1118.0,1092.0,1124.0,1145.0,1132.0,1121.0,894.0,865.0,895.0,933.0,893.0,912.0,925.0,889.0,875.0,934.0
379,799.0,770.0,762.0,779.0,762.0,795.0,776.0,746.0,790.0,797.0,950.0,968.0,936.0,948.0,976.0,909.0,986.0,988.0,955.0,999.0,954.0,977.0,997.0,968.0,1000.0,1003.0,949.0,980.0,952.0,1004.0,1061.0,1023.0,1009.0,987.0,1040.0,1008.0,994.0,989.0,1036.0,1062.0,1119.0,1156.0,1113.0,1144.0,1174.0,1123.0,1123.0,1156.0,1117.0,1190.0,1046.0,1069.0,1073.0,1089.0,1083.0,1088.0,1139.0,1103.0,1078.0,994.0,942.0,952.0,1021.0,965.0,934.0,962.0,947.0,956.0,977.0,902.0,928.0,921.0,931.0,902.0,940.0,924.0,895.0,910.0,936.0,895.0,1121.0,1118.0,1122.0,1136.0,1100.0,1108.0,1134.0,1149.0,1114.0,1066.0,897.0,912.0,903.0,953.0,861.0,899.0,901.0,886.0,901.0,934.0
380,732.0,728.0,796.0,792.0,751.0,851.0,708.0,764.0,795.0,740.0,980.0,965.0,910.0,937.0,943.0,937.0,984.0,942.0,973.0,986.0,962.0,938.0,957.0,946.0,988.0,958.0,960.0,970.0,1018.0,975.0,977.0,1064.0,984.0,1042.0,997.0,986.0,995.0,1034.0,998.0,1044.0,1124.0,1138.0,1140.0,1087.0,1193.0,1187.0,1129.0,1158.0,1147.0,1098.0,1096.0,1090.0,1075.0,1099.0,1054.0,1058.0,1080.0,1077.0,1093.0,1101.0,987.0,1004.0,959.0,959.0,978.0,938.0,996.0,990.0,941.0,975.0,909.0,897.0,969.0,936.0,914.0,937.0,949.0,910.0,863.0,884.0,1124.0,1102.0,1101.0,1138.0,1136.0,1107.0,1120.0,1120.0,1141.0,1095.0,927.0,939.0,981.0,938.0,916.0,861.0,923.0,897.0,887.0,946.0
381,792.0,794.0,790.0,823.0,771.0,783.0,791.0,786.0,784.0,739.0,965.0,953.0,928.0,927.0,960.0,943.0,910.0,986.0,968.0,966.0,939.0,959.0,998.0,988.0,952.0,983.0,957.0,902.0,973.0,975.0,1004.0,1055.0,1021.0,1072.0,1027.0,1055.0,1057.0,1019.0,1021.0,1012.0,1088.0,1136.0,1133.0,1132.0,1137.0,1095.0,1118.0,1106.0,1121.0,1157.0,1075.0,1042.0,1068.0,1048.0,1094.0,1089.0,1079.0,1063.0,1078.0,1074.0,987.0,954.0,981.0,962.0,947.0,986.0,988.0,1008.0,962.0,973.0,843.0,894.0,926.0,912.0,905.0,939.0,895.0,931.0,940.0,919.0,1186.0,1158.0,1116.0,1113.0,1151.0,1099.0,1132.0,1145.0,1113.0,1100.0,938.0,921.0,914.0,900.0,926.0,848.0,918.0,919.0,900.0,927.0
382,771.0,806.0,801.0,751.0,812.0,769.0,761.0,785.0,793.0,758.0,964.0,946.0,928.0,978.0,907.0,973.0,993.0,893.0,948.0,986.0,949.0,957.0,932.0,993.0,999.0,1010.0,995.0,1010.0,1007.0,991.0,1035.0,1053.0,1099.0,1001.0,986.0,1045.0,1004.0,1019.0,1019.0,1022.0,1100.0,1134.0,1135.0,1149.0,1135.0,1095.0,1115.0,1133.0,1144.0,1115.0,1131.0,1109.0,1066.0,1098.0,1121.0,1042.0,1069.0,1090.0,1068.0,1100.0,888.0,906.0,961.0,967.0,970.0,944.0,979.0,978.0,920.0,984.0,930.0,931.0,910.0,938.0,917.0,935.0,938.0,943.0,885.0,887.0,1127.0,1098.0,1168.0,1116.0,1095.0,1110.0,1080.0,1098.0,1153.0,1097.0,922.0,928.0,873.0,886.0,930.0,898.0,914.0,919.0,922.0,902.0
383,783.0,803.0,776.0,727.0,709.0,737.0,722.0,799.0,749.0,804.0,928.0,938.0,933.0,963.0,941.0,987.0,939.0,964.0,944.0,961.0,955.0,998.0,984.0,1030.0,956.0,988.0,972.0,1000.0,974.0,971.0,992.0,995.0,1030.0,1039.0,1057.0,996.0,1052.0,1038.0,1050.0,975.0,1140.0,1151.0,1097.0,1129.0,1117.0,1091.0,1124.0,1085.0,1131.0,1162.0,1099.0,1116.0,1126.0,1085.0,1120.0,1094.0,1076.0,1110.0,1055.0,1095.0,930.0,945.0,933.0,977.0,1023.0,968.0,991.0,960.0,942.0,995.0,894.0,949.0,893.0,917.0,963.0,902.0,881.0,909.0,933.0,917.0,1131.0,1121.0,1176.0,1142.0,1080.0,1141.0,1177.0,1124.0,1155.0,1052.0,965.0,853.0,923.0,866.0,904.0,916.0,910.0,881.0,926.0,913.0
384,786.0,806.0,790.0,755.0,776.0,764.0,804.0,789.0,795.0,777.0,929.0,981.0,970.0,979.0,929.0,929.0,939.0,964.0,941.0,983.0,973.0,935.0,982.0,959.0,1012.0,945.0,969.0,980.0,955.0,966.0,967.0,1010.0,1046.0,1006.0,976.0,991.0,1054.0,1057.0,1030.0,967.0,1152.0,1165.0,1118.0,1163.0,1097.0,1162.0,1137.0,1152.0,1170.0,1174.0,1059.0,1067.0,1090.0,1149.0,1103.0,1090.0,1062.0,1069.0,1021.0,1095.0,1004.0,982.0,928.0,946.0,986.0,993.0,966.0,961.0,973.0,935.0,917.0,890.0,919.0,878.0,944.0,916.0,880.0,886.0,935.0,901.0,1110.0,1127.0,1139.0,1129.0,1140.0,1123.0,1140.0,1104.0,1148.0,1111.0,922.0,907.0,890.0,905.0,908.0,905.0,894.0,909.0,891.0,935.0
385,780.0,784.0,818.0,806.0,767.0,787.0,756.0,735.0,782.0,778.0,944.0,928.0,924.0,1005.0,959.0,927.0,934.0,956.0,911.0,953.0,931.0,1003.0,949.0,1005.0,1009.0,994.0,973.0,999.0,939.0,984.0,1059.0,992.0,1048.0,1023.0,1008.0,987.0,1024.0,1065.0,1070.0,1010.0,1115.0,1146.0,1157.0,1104.0,1152.0,1155.0,1172.0,1142.0,1057.0,1123.0,1049.0,1102.0,1080.0,1095.0,1095.0,1055.0,1078.0,1113.0,1055.0,1086.0,1008.0,947.0,900.0,928.0,1001.0,953.0,953.0,928.0,1013.0,999.0,952.0,902.0,943.0,931.0,941.0,933.0,961.0,903.0,911.0,906.0,1081.0,1120.0,1130.0,1118.0,1041.0,1075.0,1085.0,1108.0,1168.0,1113.0,905.0,948.0,925.0,855.0,899.0,955.0,910.0,920.0,954.0,894.0
386,788.0,816.0,811.0,750.0,779.0,800.0,757.0,767.0,784.0,773.0,1000.0,954.0,965.0,915.0,980.0,949.0,976.0,973.0,943.0,954.0,985.0,929.0,979.0,980.0,984.0,971.0,967.0,1011.0,937.0,953.0,1037.0,1027.0,1036.0,966.0,1021.0,1021.0,989.0,1055.0,1038.0,1029.0,1115.0,1163.0,1179.0,1161.0,1103.0,1146.0,1079.0,1156.0,1122.0,1140.0,1053.0,1105.0,1062.0,1128.0,1069.0,1096.0,1061.0,1056.0,1089.0,1076.0,994.0,897.0,969.0,988.0,1001.0,944.0,995.0,947.0,947.0,956.0,888.0,939.0,908.0,929.0,949.0,910.0,940.0,907.0,926.0,915.0,1124.0,1103.0,1082.0,1132.0,1079.0,1069.0,1160.0,1109.0,1122.0,1132.0,839.0,938.0,884.0,918.0,912.0,917.0,926.0,889.0,955.0,916.0
387,750.0,817.0,752.0,742.0,818.0,791.0,821.0,793.0,778.0,751.0,932.0,987.0,943.0,981.0,944.0,963.0,947.0,932.0,905.0,970.0,945.0,979.0,1010.0,1016.0,1001.0,949.0,958.0,945.0,938.0,938.0,1082.0,1035.0,1030.0,1021.0,1020.0,1023.0,1000.0,1037.0,1077.0,994.0,1120.0,1110.0,1178.0,1149.0,1150.0,1155.0,1136.0,1137.0,1158.0,1092.0,1078.0,1085.0,1044.0,1089.0,1118.0,1107.0,1108.0,1078.0,1061.0,1128.0,974.0,926.0,983.0,948.0,965.0,945.0,935.0,981.0,948.0,993.0,922.0,931.0,932.0,959.0,912.0,887.0,918.0,923.0,939.0,916.0,1166.0,1094.0,1102.0,1103.0,1061.0,1069.0,1119.0,1122.0,1124.0,1126.0,850.0,911.0,900.0,856.0,890.0,933.0,910.0,925.0,933.0,935.0
388,753.0,757.0,785.0,760.0,786.0,771.0,764.0,794.0,795.0,754.0,954.0,934.0,944.0,974.0,938.0,934.0,914.0,946.0,945.0,1002.0,1003.0,1012.0,1016.0,956.0,973.0,970.0,974.0,990.0,1028.0,952.0,1004.0,1022.0,1052.0,1069.0,1027.0,1075.0,1009.0,1020.0,1036.0,995.0,1072.0,1133.0,1157.0,1142.0,1150.0,1102.0,1112.0,1115.0,1087.0,1118.0,1096.0,1119.0,1060.0,1040.0,1081.0,1070.0,1106.0,1054.0,1062.0,1109.0,921.0,964.0,970.0,971.0,972.0,959.0,967.0,1021.0,987.0,951.0,958.0,927.0,908.0,903.0,916.0,936.0,938.0,891.0,870.0,927.0,1136.0,1089.0,1073.0,1131.0,1136.0,1091.0,1156.0,1143.0,1121.0,1119.0,922.0,918.0,910.0,919.0,900.0,915.0,911.0,901.0,933.0,915.0
389,773.0,776.0,739.0,745.0,819.0,770.0,769.0,774.0,775.0,739.0,975.0,1001.0,998.0,938.0,922.0,956.0,912.0,922.0,965.0,972.0,972.0,1002.0,1010.0,988.0,1001.0,950.0,983.0,997.0,952.0,964.0,1010.0,1033.0,1020.0,1019.0,1007.0,1072.0,1029.0,1030.0,998.0,1029.0,1176.0,1130.0,1185.0,1192.0,1125.0,1115.0,1159.0,1175.0,1123.0,1128.0,1068.0,1068.0,1097.0,1062.0,1068.0,1041.0,1064.0,1044.0,1162.0,1065.0,952.0,942.0,949.0,969.0,959.0,980.0,979.0,1006.0,942.0,988.0,906.0,956.0,928.0,933.0,930.0,898.0,913.0,888.0,872.0,906.0,1113.0,1072.0,1086.0,1090.0,1134.0,1125.0,1139.0,1112.0,1130.0,1153.0,874.0,896.0,859.0,928.0,917.0,917.0,904.0,927.0,941.0,896.0
390,793.0,795.0,794.0,762.0,757.0,769.0,806.0,778.0,795.0,769.0,940.0,927.0,956.0,934.0,949.0,971.0,989.0,897.0,964.0,966.0,958.0,986.0,984.0,982.0,929.0,930.0,959.0,995.0,934.0,979.0,969.0,1030.0,1009.0,995.0,1041.0,991.0,1034.0,1090.0,1041.0,1000.0,1122.0,1149.0,1150.0,1151.0,1141.0,1137.0,1148.0,1141.0,1145.0,1140.0,1102.0,1087.0,1058.0,1119.0,1107.0,1112.0,1050.0,1074.0,1126.0,1126.0,960.0,1005.0,920.0,953.0,914.0,940.0,980.0,949.0,966.0,909.0,899.0,948.0,912.0,941.0,929.0,899.0,873.0,910.0,936.0,866.0,1157.0,1073.0,1153.0,1124.0,1154.0,1120.0,1133.0,1140.0,1045.0,1126.0,921.0,879.0,935.0,902.0,957.0,954.0,879.0,898.0,911.0,956.0
391,758.0,798.0,709.0,737.0,761.0,732.0,789.0,786.0,787.0,754.0,958.0,938.0,965.0,935.0,938.0,1000.0,931.0,906.0,993.0,984.0,941.0,939.0,963.0,962.0,1008.0,973.0,967.0,987.0,1008.0,1001.0,1018.0,1031.0,1027.0,1033.0,1010.0,1038.0,1069.0,1052.0,1007.0,1022.0,1160.0,1175.0,1197.0,1157.0,1151.0,1154.0,1104.0,1159.0,1088.0,1130.0,1100.0,1069.0,1103.0,1126.0,1061.0,1074.0,1082.0,1084.0,1070.0,1089.0,966.0,960.0,915.0,1015.0,995.0,921.0,981.0,946.0,968.0,962.0,948.0,932.0,905.0,905.0,896.0,880.0,891.0,905.0,933.0,904.0,1075.0,1130.0,1161.0,1089.0,1088.0,1122.0,1122.0,1118.0,1108.0,1092.0,897.0,905.0,919.0,901.0,970.0,926.0,917.0,929.0,904.0,900.0
392,734.0,759.0,765.0,757.0,781.0,750.0,786.0,780.0,740.0,761.0,985.0,967.0,950.0,981.0,972.0,979.0,992.0,931.0,947.0,940.0,951.0,954.0,995.0,989.0,1003.0,977.0,986.0,987.0,986.0,983.0,1010.0,973.0,1028.0,1058.0,1045.0,1028.0,1064.0,1032.0,980.0,1001.0,1128.0,1175.0,1102.0,1165.0,1146.0,1135.0,1145.0,1137.0,1132.0,1139.0,1098.0,1089.0,1066.0,1083.0,1060.0,1079.0,1107.0,1094.0,1055.0,1097.0,966.0,1001.0,993.0,948.0,999.0,1013.0,902.0,939.0,969.0,975.0,920.0,907.0,935.0,860.0,889.0,897.0,844.0,908.0,950.0,889.0,1111.0,1138.0,1134.0,1116.0,1080.0,1103.0,1092.0,1134.0,1120.0,1126.0,916.0,910.0,900.0,899.0,904.0,858.0,933.0,930.0,986.0,929.0
393,797.0,764.0,774.0,751.0,772.0,769.0,793.0,783.0,812.0,787.0,915.0,940.0,916.0,988.0,943.0,941.0,921.0,983.0,1001.0,967.0,979.0,964.0,920.0,979.0,979.0,997.0,1012.0,986.0,976.0,946.0,1055.0,983.0,1075.0,1040.0,1072.0,993.0,1046.0,991.0,1011.0,1037.0,1122.0,1181.0,1133.0,1139.0,1174.0,1167.0,1091.0,1150.0,1125.0,1136.0,1040.0,1100.0,1109.0,1029.0,1028.0,1079.0,1035.0,1056.0,1080.0,1095.0,1015.0,962.0,1001.0,983.0,983.0,974.0,969.0,970.0,918.0,943.0,894.0,939.0,930.0,938.0,887.0,940.0,966.0,921.0,890.0,892.0,1102.0,1138.0,1117.0,1107.0,1078.0,1063.0,1109.0,1126.0,1109.0,1123.0,903.0,898.0,893.0,905.0,964.0,897.0,914.0,907.0,946.0,914.0
394,811.0,794.0,725.0,767.0,790.0,789.0,802.0,764.0,772.0,804.0,915.0,934.0,946.0,970.0,917.0,926.0,894.0,957.0,997.0,966.0,977.0,967.0,980.0,988.0,978.0,952.0,967.0,964.0,981.0,921.0,1032.0,1035.0,1025.0,1014.0,1069.0,1018.0,1064.0,1029.0,1018.0,1061.0,1103.0,1210.0,1144.0,1128.0,1127.0,1144.0,1107.0,1124.0,1159.0,1147.0,1091.0,1065.0,1099.0,1087.0,1102.0,1069.0,1046.0,1156.0,1063.0,1071.0,963.0,981.0,974.0,969.0,949.0,1007.0,986.0,967.0,983.0,989.0,907.0,863.0,935.0,948.0,937.0,890.0,896.0,910.0,907.0,864.0,1082.0,1111.0,1116.0,1094.0,1087.0,1097.0,1179.0,1109.0,1070.0,1145.0,944.0,905.0,922.0,896.0,928.0,929.0,914.0,892.0,920.0,871.0
395,778.0,768.0,774.0,766.0,776.0,744.0,763.0,750.0,804.0,742.0,933.0,963.0,967.0,966.0,976.0,931.0,897.0,928.0,970.0,949.0,936.0,990.0,1017.0,1005.0,1020.0,1022.0,987.0,974.0,947.0,954.0,1010.0,1046.0,1008.0,1021.0,966.0,982.0,1063.0,1040.0,1024.0,1024.0,1123.0,1113.0,1130.0,1157.0,1153.0,1161.0,1182.0,1175.0,1149.0,1163.0,1104.0,1083.0,1085.0,1088.0,1053.0,1102.0,1071.0,1078.0,1106.0,1091.0,959.0,988.0,973.0,973.0,922.0,977.0,901.0,982.0,954.0,1002.0,929.0,846.0,895.0,918.0,939.0,895.0,931.0,922.0,915.0,915.0,1163.0,1157.0,1110.0,1063.0,1146.0,1081.0,1141.0,1130.0,1122.0,1060.0,888.0,910.0,910.0,906.0,933.0,925.0,914.0,891.0,879.0,939.0
396,760.0,796.0,733.0,738.0,711.0,754.0,747.0,768.0,802.0,788.0,964.0,957.0,937.0,989.0,969.0,983.0,916.0,975.0,947.0,935.0,956.0,1002.0,956.0,971.0,987.0,932.0,972.0,948.0,970.0,1012.0,990.0,1015.0,1041.0,1019.0,1030.0,971.0,1052.0,1006.0,1013.0,995.0,1153.0,1169.0,1103.0,1157.0,1132.0,1131.0,1140.0,1198.0,1141.0,1165.0,1123.0,1110.0,1065.0,1089.0,1071.0,1107.0,1069.0,1075.0,1117.0,1099.0,969.0,977.0,992.0,955.0,1027.0,942.0,978.0,975.0,999.0,946.0,862.0,868.0,933.0,944.0,924.0,977.0,914.0,875.0,906.0,902.0,1146.0,1122.0,1150.0,1122.0,1116.0,1090.0,1151.0,1135.0,1082.0,1104.0,895.0,844.0,960.0,877.0,915.0,933.0,910.0,914.0,893.0,891.0
397,777.0,789.0,713.0,780.0,774.0,761.0,749.0,754.0,774.0,769.0,933.0,979.0,949.0,904.0,969.0,919.0,934.0,994.0,995.0,962.0,978.0,970.0,983.0,971.0,997.0,958.0,946.0,983.0,974.0,937.0,1018.0,973.0,1016.0,1096.0,989.0,1036.0,1077.0,1037.0,996.0,1051.0,1133.0,1185.0,1154.0,1134.0,1211.0,1129.0,1102.0,1136.0,1093.0,1177.0,1066.0,1080.0,1133.0,1087.0,1093.0,1068.0,1070.0,1091.0,1074.0,1098.0,953.0,945.0,944.0,962.0,959.0,981.0,965.0,947.0,974.0,951.0,913.0,938.0,939.0,889.0,884.0,954.0,922.0,885.0,884.0,903.0,1118.0,1127.0,1121.0,1152.0,1096.0,1111.0,1134.0,1151.0,1150.0,1099.0,931.0,873.0,913.0,883.0,906.0,903.0,951.0,890.0,957.0,888.0
398,742.0,809.0,778.0,750.0,787.0,779.0,757.0,756.0,792.0,756.0,952.0,936.0,894.0,963.0,979.0,932.0,941.0,949.0,951.0,930.0,986.0,958.0,998.0,1003.0,980.0,972.0,962.0,1026.0,988.0,968.0,1053.0,1048.0,985.0,994.0,1003.0,1059.0,1042.0,977.0,968.0,1043.0,1094.0,1181.0,1156.0,1162.0,1131.0,1112.0,1156.0,1147.0,1142.0,1142.0,1157.0,1102.0,1057.0,1085.0,1083.0,1066.0,1055.0,1109.0,1117.0,1102.0,963.0,979.0,1009.0,928.0,997.0,1007.0,948.0,936.0,966.0,969.0,868.0,871.0,919.0,918.0,919.0,907.0,911.0,949.0,890.0,894.0,1128.0,1053.0,1155.0,1164.0,1109.0,1095.0,1138.0,1082.0,1151.0,1135.0,874.0,923.0,915.0,888.0,891.0,894.0,938.0,938.0,903.0,893.0
399,714.0,800.0,798.0,801.0,781.0,774.0,770.0,794.0,734.0,776.0,972.0,986.0,919.0,959.0,942.0,937.0,945.0,959.0,921.0,961.0,962.0,989.0,965.0,959.0,954.0,1011.0,1013.0,988.0,1024.0,991.0,1082.0,1002.0,1049.0,982.0,1018.0,980.0,1004.0,1049.0,1030.0,1017.0,1162.0,1165.0,1091.0,1146.0,1214.0,1152.0,1148.0,1101.0,1149.0,1192.0,1066.0,1072.0,1104.0,1060.0,1076.0,1039.0,1057.0,1089.0,1084.0,1068.0,977.0,960.0,964.0,963.0,983.0,937.0,978.0,924.0,978.0,935.0,893.0,861.0,928.0,934.0,883.0,953.0,900.0,931.0,948.0,917.0,1113.0,1101.0,1126.0,1120.0,1098.0,1127.0,1156.0,1126.0,1131.0,1078.0,873.0,926.0,925.0,937.0,927.0,913.0,876.0,910.0,864.0,897.0
400,788.0,778.0,793.0,773.0,800.0,770.0,761.0,777.0,774.0,748.0,945.0,956.0,950.0,997.0,1006.0,973.0,925.0,956.0,935.0,918.0,972.0,1040.0,963.0,990.0,987.0,996.0,961.0,1006.0,1000.0,1008.0,1004.0,1043.0,1033.0,990.0,979.0,986.0,1010.0,1069.0,1018.0,1029.0,1164.0,1106.0,1144.0,1155.0,1169.0,1113.0,1189.0,1150.0,1191.0,1114.0,1050.0,1085.0,1102.0,1057.0,1120.0,1107.0,1062.0,1059.0,1055.0,1101.0,932.0,954.0,949.0,965.0,934.0,968.0,968.0,908.0,962.0,985.0,893.0,870.0,959.0,894.0,884.0,875.0,923.0,886.0,895.0,944.0,1131.0,1095.0,1078.0,1108.0,1116.0,1131.0,1148.0,1114.0,1094.0,1071.0,935.0,938.0,902.0,933.0,880.0,902.0,897.0,946.0,937.0,916.0
401,826.0,756.0,767.0,793.0,794.0,765.0,792.0,752.0,767.0,718.0,958.0,997.0,950.0,974.0,971.0,906.0,924.0,966.0,959.0,953.0,936.0,978.0,1002.0,950.0,979.0,991.0,997.0,939.0,973.0,1020.0,1036.0,1013.0,1075.0,1005.0,984.0,1052.0,1009.0,1053.0,1054.0,1011.0,1101.0,1163.0,1158.0,1141.0,1120.0,1194.0,1127.0,1136.0,1119.0,1185.0,1082.0,1057.0,1053.0,1064.0,1071.0,1048.0,1078.0,1069.0,1087.0,1046.0,974.0,921.0,987.0,960.0,1004.0,962.0,995.0,943.0,945.0,942.0,867.0,915.0,847.0,925.0,891.0,895.0,927.0,958.0,938.0,888.0,1142.0,1097.0,1150.0,1122.0,1119.0,1110.0,1102.0,1109.0,1132.0,1173.0,893.0,969.0,880.0,932.0,947.0,895.0,895.0,948.0,887.0,892.0
402,754.0,791.0,801.0,767.0,756.0,760.0,728.0,801.0,775.0,782.0,953.0,960.0,949.0,978.0,954.0,980.0,936.0,959.0,994.0,931.0,985.0,996.0,992.0,974.0,939.0,991.0,1044.0,985.0,1025.0,936.0,996.0,1043.0,1009.0,1050.0,1036.0,1110.0,1057.0,1049.0,990.0,1014.0,1152.0,1128.0,1156.0,1168.0,1123.0,1181.0,1177.0,1151.0,1121.0,1112.0,1111.0,1064.0,1042.0,1095.0,1106.0,1018.0,1068.0,1087.0,1100.0,1102.0,945.0,947.0,882.0,929.0,955.0,954.0,995.0,967.0,937.0,939.0,863.0,896.0,947.0,867.0,921.0,884.0,911.0,866.0,876.0,890.0,1110.0,1118.0,1152.0,1142.0,1147.0,1073.0,1080.0,1083.0,1118.0,1213.0,944.0,927.0,939.0,893.0,941.0,863.0,848.0,928.0,926.0,907.0
403,733.0,775.0,814.0,723.0,756.0,762.0,762.0,782.0,747.0,773.0,949.0,965.0,940.0,949.0,976.0,979.0,957.0,960.0,929.0,935.0,982.0,971.0,1014.0,948.0,1015.0,998.0,998.0,1017.0,947.0,980.0,1010.0,1044.0,1048.0,1016.0,1015.0,984.0,1037.0,1007.0,1010.0,992.0,1151.0,1107.0,1149.0,1117.0,1132.0,1106.0,1147.0,1135.0,1122.0,1163.0,1084.0,1072.0,1104.0,1138.0,1097.0,1118.0,1033.0,1076.0,1117.0,1072.0,987.0,967.0,941.0,977.0,967.0,932.0,994.0,967.0,951.0,1012.0,893.0,917.0,910.0,916.0,899.0,933.0,898.0,910.0,921.0,896.0,1116.0,1105.0,1071.0,1151.0,1129.0,1106.0,1078.0,1119.0,1148.0,1076.0,907.0,949.0,881.0,923.0,892.0,896.0,944.0,904.0,967.0,930.0
404,743.0,812.0,736.0,735.0,815.0,780.0,777.0,757.0,813.0,763.0,927.0,957.0,979.0,924.0,967.0,965.0,928.0,950.0,965.0,969.0,995.0,964.0,971.0,978.0,1011.0,957.0,1021.0,984.0,932.0,987.0,996.0,1039.0,1025.0,1029.0,1013.0,1017.0,1047.0,1055.0,991.0,1025.0,1085.0,1188.0,1110.0,1156.0,1141.0,1148.0,1105.0,1128.0,1135.0,1109.0,1101.0,1066.0,1141.0,1087.0,1056.0,1054.0,1059.0,1075.0,1079.0,1051.0,974.0,926.0,950.0,1000.0,956.0,956.0,926.0,970.0,911.0,1039.0,953.0,874.0,941.0,909.0,907.0,922.0,915.0,908.0,929.0,858.0,1143.0,1135.0,1093.0,1154.0,1120.0,1088.0,1141.0,1139.0,1154.0,1135.0,897.0,910.0,924.0,884.0,895.0,931.0,931.0,909.0,951.0,893.0
405,782.0,793.0,780.0,741.0,752.0,814.0,779.0,791.0,773.0,736.0,969.0,951.0,946.0,928.0,982.0,919.0,932.0,978.0,946.0,936.0,931.0,978.0,960.0,977.0,937.0,960.0,983.0,1005.0,943.0,985.0,1043.0,1016.0,1036.0,998.0,1036.0,1009.0,1039.0,986.0,1035.0,1028.0,1134.0,1079.0,1137.0,1141.0,1168.0,1159.0,1126.0,1124.0,1100.0,1130.0,1093.0,1070.0,1070.0,1099.0,1074.0,1092.0,1055.0,1087.0,1106.0,1073.0,963.0,982.0,960.0,1023.0,964.0,935.0,975.0,955.0,964.0,975.0,886.0,944.0,969.0,885.0,872.0,930.0,932.0,907.0,957.0,886.0,1108.0,1116.0,1130.0,1149.0,1176.0,1116.0,1114.0,1142.0,1123.0,1144.0,908.0,947.0,883.0,912.0,915.0,886.0,918.0,902.0,915.0,936.0
406,789.0,733.0,805.0,737.0,755.0,776.0,785.0,775.0,792.0,784.0,946.0,939.0,910.0,995.0,928.0,958.0,954.0,916.0,926.0,940.0,969.0,1011.0,979.0,994.0,959.0,1027.0,984.0,974.0,985.0,1020.0,999.0,1021.0,1024.0,984.0,1020.0,1034.0,1007.0,1014.0,1047.0,1038.0,1080.0,1115.0,1190.0,1119.0,1178.0,1053.0,1098.0,1168.0,1163.0,1136.0,1091.0,1094.0,1089.0,1096.0,1106.0,1067.0,1085.0,1100.0,1054.0,1098.0,1044.0,959.0,974.0,971.0,977.0,958.0,1000.0,977.0,975.0,934.0,884.0,936.0,927.0,893.0,892.0,913.0,916.0,903.0,866.0,856.0,1089.0,1120.0,1078.0,1169.0,1115.0,1121.0,1127.0,1092.0,1118.0,1121.0,929.0,948.0,896.0,893.0,946.0,914.0,899.0,960.0,937.0,902.0
407,758.0,776.0,731.0,725.0,744.0,797.0,766.0,798.0,714.0,789.0,966.0,914.0,988.0,905.0,1019.0,955.0,938.0,949.0,954.0,970.0,968.0,1003.0,990.0,987.0,1033.0,1023.0,988.0,969.0,968.0,981.0,1015.0,1023.0,985.0,983.0,1013.0,1040.0,1025.0,1007.0,1034.0,1038.0,1161.0,1173.0,1184.0,1187.0,1140.0,1072.0,1094.0,1146.0,1172.0,1167.0,1082.0,1033.0,1053.0,1118.0,1059.0,1073.0,1101.0,1143.0,1092.0,1069.0,895.0,997.0,1003.0,995.0,917.0,929.0,961.0,931.0,997.0,886.0,946.0,915.0,899.0,927.0,958.0,943.0,929.0,898.0,901.0,932.0,1106.0,1129.0,1095.0,1097.0,1076.0,1110.0,1173.0,1130.0,1112.0,1062.0,922.0,911.0,942.0,927.0,917.0,883.0,878.0,905.0,915.0,938.0
408,771.0,772.0,810.0,793.0,807.0,804.0,778.0,784.0,765.0,783.0,992.0,941.0,939.0,942.0,960.0,915.0,949.0,906.0,967.0,985.0,946.0,967.0,960.0,974.0,988.0,987.0,930.0,963.0,926.0,984.0,1006.0,1027.0,1040.0,1054.0,1029.0,1042.0,1050.0,1012.0,1025.0,1035.0,1157.0,1161.0,1151.0,1164.0,1104.0,1138.0,1119.0,1175.0,1157.0,1122.0,1039.0,1069.0,1064.0,1088.0,1046.0,1082.0,1121.0,1128.0,1069.0,1091.0,918.0,1023.0,947.0,917.0,973.0,892.0,966.0,959.0,994.0,914.0,936.0,903.0,932.0,917.0,915.0,970.0,936.0,934.0,895.0,904.0,1128.0,1098.0,1118.0,1119.0,1130.0,1058.0,1130.0,1138.0,1167.0,1126.0,926.0,914.0,912.0,883.0,928.0,939.0,873.0,873.0,890.0,889.0
409,764.0,742.0,782.0,756.0,810.0,810.0,787.0,784.0,803.0,785.0,962.0,967.0,933.0,929.0,899.0,954.0,987.0,954.0,994.0,985.0,921.0,1017.0,969.0,1007.0,982.0,988.0,975.0,978.0,967.0,982.0,1028.0,998.0,979.0,1039.0,1031.0,1024.0,1019.0,1042.0,1056.0,1020.0,1169.0,1151.0,1164.0,1138.0,1145.0,1100.0,1132.0,1091.0,1176.0,1165.0,1039.0,1040.0,1104.0,1083.0,1060.0,1086.0,1030.0,1112.0,1054.0,1057.0,1014.0,968.0,935.0,940.0,979.0,989.0,933.0,967.0,968.0,922.0,865.0,941.0,916.0,900.0,906.0,890.0,960.0,917.0,883.0,844.0,1115.0,1145.0,1148.0,1168.0,1125.0,1086.0,1120.0,1149.0,1070.0,1151.0,942.0,905.0,942.0,888.0,943.0,903.0,913.0,880.0,886.0,920.0
410,752.0,749.0,781.0,737.0,759.0,760.0,750.0,726.0,749.0,729.0,974.0,957.0,925.0,922.0,972.0,967.0,983.0,985.0,947.0,947.0,986.0,949.0,988.0,1020.0,962.0,975.0,932.0,978.0,960.0,921.0,1011.0,1016.0,1026.0,1055.0,1019.0,1023.0,1030.0,1029.0,1057.0,1066.0,1138.0,1152.0,1144.0,1143.0,1139.0,1140.0,1147.0,1147.0,1128.0,1151.0,1085.0,1095.0,1064.0,1058.0,1057.0,1058.0,1084.0,1046.0,1124.0,1095.0,973.0,978.0,959.0,961.0,988.0,1001.0,960.0,975.0,976.0,986.0,900.0,924.0,907.0,922.0,919.0,903.0,872.0,935.0,908.0,885.0,1103.0,1160.0,1155.0,1122.0,1175.0,1107.0,1150.0,1121.0,1084.0,1149.0,895.0,890.0,924.0,907.0,887.0,895.0,947.0,933.0,923.0,898.0
411,768.0,721.0,825.0,719.0,804.0,808.0,774.0,766.0,726.0,781.0,959.0,957.0,924.0,979.0,932.0,944.0,957.0,960.0,978.0,930.0,931.0,957.0,943.0,1006.0,948.0,962.0,972.0,965.0,958.0,989.0,1006.0,1048.0,1027.0,1051.0,1025.0,1017.0,1029.0,1009.0,987.0,1021.0,1144.0,1085.0,1129.0,1122.0,1169.0,1124.0,1087.0,1188.0,1171.0,1146.0,1043.0,1087.0,1108.0,1036.0,1019.0,1095.0,1130.0,1072.0,1090.0,1080.0,992.0,964.0,981.0,974.0,1006.0,947.0,903.0,954.0,948.0,954.0,924.0,944.0,879.0,941.0,946.0,914.0,959.0,893.0,929.0,897.0,1161.0,1136.0,1163.0,1091.0,1141.0,1098.0,1132.0,1143.0,1134.0,1137.0,888.0,972.0,895.0,931.0,889.0,922.0,913.0,921.0,931.0,892.0
412,740.0,784.0,797.0,791.0,749.0,718.0,783.0,773.0,762.0,772.0,937.0,927.0,923.0,1011.0,920.0,987.0,981.0,957.0,944.0,931.0,987.0,954.0,971.0,947.0,956.0,1035.0,995.0,996.0,956.0,971.0,993.0,957.0,1007.0,1024.0,1041.0,1011.0,1034.0,1012.0,988.0,1029.0,1156.0,1187.0,1134.0,1119.0,1181.0,1153.0,1138.0,1134.0,1181.0,1069.0,1051.0,1091.0,1061.0,1079.0,1067.0,1052.0,1099.0,1042.0,1124.0,1036.0,973.0,1005.0,970.0,1027.0,974.0,973.0,917.0,947.0,956.0,992.0,938.0,917.0,896.0,901.0,979.0,888.0,919.0,940.0,960.0,897.0,1119.0,1092.0,1169.0,1076.0,1090.0,1119.0,1097.0,1147.0,1076.0,1178.0,922.0,958.0,947.0,880.0,921.0,889.0,893.0,926.0,904.0,956.0
413,768.0,767.0,746.0,797.0,752.0,784.0,795.0,784.0,774.0,792.0,996.0,962.0,974.0,978.0,956.0,965.0,946.0,945.0,1007.0,983.0,983.0,994.0,1007.0,948.0,961.0,968.0,925.0,957.0,945.0,998.0,1007.0,1009.0,986.0,1028.0,1015.0,1009.0,1028.0,972.0,1020.0,1012.0,1139.0,1139.0,1164.0,1173.0,1107.0,1130.0,1091.0,1203.0,1167.0,1186.0,1073.0,1098.0,1081.0,1087.0,1106.0,1097.0,1085.0,1116.0,1092.0,1023.0,937.0,949.0,971.0,968.0,990.0,1000.0,1014.0,965.0,957.0,924.0,911.0,922.0,881.0,915.0,948.0,872.0,903.0,891.0,880.0,910.0,1089.0,1112.0,1117.0,1072.0,1138.0,1099.0,1135.0,1088.0,1100.0,1080.0,915.0,920.0,945.0,893.0,905.0,901.0,936.0,951.0,909.0,926.0
414,755.0,775.0,769.0,785.0,777.0,774.0,773.0,775.0,786.0,788.0,975.0,917.0,979.0,927.0,934.0,958.0,932.0,964.0,954.0,994.0,961.0,1011.0,971.0,969.0,968.0,972.0,925.0,946.0,989.0,1021.0,1028.0,1031.0,1032.0,1058.0,1033.0,1016.0,1011.0,1046.0,1062.0,974.0,1105.0,1106.0,1160.0,1163.0,1159.0,1143.0,1157.0,1110.0,1152.0,1119.0,1124.0,1101.0,1073.0,1071.0,1088.0,1109.0,1095.0,1065.0,1078.0,1049.0,994.0,992.0,939.0,955.0,1017.0,950.0,998.0,1000.0,924.0,934.0,932.0,893.0,900.0,956.0,902.0,917.0,906.0,886.0,885.0,877.0,1067.0,1125.0,1122.0,1100.0,1121.0,1124.0,1127.0,1137.0,1112.0,1173.0,878.0,923.0,928.0,877.0,877.0,860.0,932.0,945.0,910.0,906.0
415,752.0,762.0,765.0,768.0,788.0,761.0,756.0,726.0,755.0,758.0,972.0,963.0,912.0,1003.0,933.0,946.0,914.0,939.0,986.0,946.0,971.0,950.0,969.0,999.0,961.0,999.0,1007.0,1008.0,969.0,1011.0,1031.0,1059.0,1055.0,1020.0,1032.0,1002.0,1031.0,1028.0,1043.0,1000.0,1093.0,1127.0,1122.0,1123.0,1163.0,1096.0,1166.0,1153.0,1115.0,1193.0,1056.0,1048.0,1090.0,1052.0,1082.0,1073.0,1078.0,1072.0,1094.0,1062.0,970.0,987.0,1000.0,986.0,979.0,1029.0,963.0,973.0,968.0,906.0,944.0,970.0,901.0,927.0,941.0,901.0,936.0,940.0,893.0,928.0,1141.0,1128.0,1123.0,1110.0,1113.0,1149.0,1094.0,1118.0,1102.0,1084.0,890.0,880.0,938.0,876.0,883.0,865.0,909.0,914.0,926.0,946.0
416,790.0,790.0,763.0,775.0,817.0,767.0,733.0,765.0,823.0,769.0,966.0,936.0,948.0,875.0,943.0,920.0,967.0,986.0,959.0,884.0,935.0,993.0,958.0,986.0,992.0,933.0,998.0,992.0,1016.0,982.0,1018.0,1012.0,1020.0,1028.0,1027.0,1044.0,1040.0,982.0,1014.0,1053.0,1136.0,1129.0,1136.0,1180.0,1140.0,1144.0,1180.0,1141.0,1098.0,1109.0,1018.0,1078.0,1090.0,1074.0,1082.0,1081.0,1069.0,1052.0,1053.0,1105.0,970.0,991.0,988.0,975.0,939.0,970.0,976.0,968.0,926.0,985.0,911.0,874.0,933.0,893.0,909.0,901.0,924.0,864.0,917.0,903.0,1170.0,1154.0,1128.0,1194.0,1115.0,1162.0,1105.0,1193.0,1121.0,1124.0,905.0,917.0,913.0,879.0,913.0,895.0,858.0,927.0,930.0,920.0
417,793.0,752.0,826.0,791.0,771.0,747.0,768.0,755.0,759.0,819.0,924.0,937.0,969.0,931.0,957.0,943.0,958.0,954.0,969.0,979.0,963.0,974.0,942.0,990.0,1006.0,1006.0,995.0,1020.0,998.0,955.0,1058.0,992.0,1022.0,959.0,991.0,990.0,980.0,1005.0,1037.0,1013.0,1092.0,1159.0,1141.0,1154.0,1156.0,1160.0,1127.0,1150.0,1166.0,1135.0,1101.0,1040.0,1083.0,1116.0,1038.0,1051.0,1054.0,1080.0,1102.0,1053.0,965.0,991.0,959.0,989.0,995.0,936.0,965.0,941.0,972.0,931.0,911.0,977.0,919.0,927.0,903.0,891.0,930.0,862.0,876.0,901.0,1097.0,1137.0,1129.0,1085.0,1117.0,1131.0,1172.0,1182.0,1066.0,1122.0,917.0,915.0,889.0,918.0,945.0,960.0,901.0,917.0,911.0,931.0
418,761.0,790.0,819.0,786.0,818.0,747.0,796.0,720.0,770.0,723.0,924.0,967.0,969.0,909.0,941.0,962.0,981.0,978.0,971.0,960.0,1002.0,942.0,1022.0,965.0,922.0,1015.0,915.0,989.0,999.0,956.0,1061.0,1017.0,1003.0,1036.0,1012.0,1001.0,1002.0,987.0,1039.0,1019.0,1146.0,1153.0,1120.0,1097.0,1129.0,1141.0,1118.0,1175.0,1158.0,1109.0,1068.0,1046.0,1125.0,1063.0,1099.0,1068.0,1058.0,1106.0,1078.0,1119.0,975.0,972.0,951.0,984.0,963.0,940.0,1003.0,968.0,941.0,980.0,875.0,900.0,884.0,960.0,975.0,916.0,950.0,914.0,881.0,938.0,1129.0,1168.0,1121.0,1138.0,1099.0,1102.0,1154.0,1110.0,1126.0,1099.0,876.0,919.0,865.0,926.0,925.0,924.0,875.0,917.0,892.0,935.0
419,764.0,791.0,807.0,772.0,711.0,730.0,774.0,753.0,803.0,780.0,914.0,955.0,967.0,941.0,958.0,932.0,956.0,911.0,974.0,969.0,976.0,984.0,949.0,952.0,979.0,1008.0,933.0,987.0,969.0,972.0,1035.0,1041.0,1063.0,986.0,1054.0,994.0,1020.0,1006.0,1030.0,1018.0,1172.0,1147.0,1123.0,1177.0,1135.0,1130.0,1121.0,1141.0,1184.0,1140.0,1109.0,1073.0,1102.0,1072.0,1105.0,1090.0,1075.0,1104.0,1030.0,1072.0,936.0,942.0,967.0,1026.0,981.0,996.0,977.0,967.0,947.0,995.0,897.0,894.0,892.0,886.0,909.0,888.0,955.0,946.0,895.0,879.0,1118.0,1116.0,1135.0,1112.0,1104.0,1102.0,1114.0,1125.0,1156.0,1097.0,893.0,932.0,877.0,939.0,943.0,943.0,931.0,926.0,866.0,917.0
420,820.0,765.0,758.0,783.0,764.0,740.0,776.0,791.0,742.0,751.0,951.0,968.0,921.0,970.0,981.0,955.0,982.0,964.0,1013.0,962.0,950.0,969.0,948.0,969.0,1012.0,974.0,957.0,963.0,977.0,957.0,1068.0,1015.0,1066.0,1016.0,976.0,1035.0,1017.0,1055.0,995.0,991.0,1090.0,1102.0,1214.0,1168.0,1187.0,1147.0,1106.0,1131.0,1160.0,1139.0,1054.0,1108.0,1103.0,1081.0,1082.0,1098.0,1091.0,1060.0,1098.0,1084.0,968.0,973.0,970.0,938.0,980.0,925.0,984.0,988.0,967.0,976.0,894.0,915.0,863.0,864.0,893.0,887.0,936.0,874.0,891.0,921.0,1098.0,1124.0,1123.0,1129.0,1105.0,1140.0,1119.0,1143.0,1100.0,1151.0,926.0,937.0,907.0,946.0,895.0,907.0,891.0,898.0,910.0,905.0
421,748.0,775.0,785.0,823.0,799.0,728.0,793.0,790.0,749.0,774.0,970.0,1012.0,948.0,937.0,1008.0,953.0,964.0,920.0,959.0,903.0,986.0,973.0,995.0,956.0,963.0,973.0,999.0,965.0,978.0,973.0,1047.0,1016.0,1025.0,1030.0,995.0,1073.0,1013.0,1057.0,1039.0,988.0,1153.0,1157.0,1173.0,1072.0,1138.0,1102.0,1149.0,1090.0,1055.0,1193.0,1040.0,1085.0,1060.0,1104.0,1109.0,1047.0,1040.0,1145.0,1104.0,1095.0,906.0,954.0,979.0,992.0,1001.0,999.0,947.0,982.0,1002.0,953.0,922.0,937.0,891.0,888.0,848.0,912.0,944.0,912.0,907.0,939.0,1129.0,1072.0,1096.0,1110.0,1103.0,1104.0,1078.0,1079.0,1114.0,1113.0,918.0,897.0,923.0,958.0,910.0,918.0,934.0,930.0,947.0,903.0
422,757.0,801.0,794.0,758.0,778.0,814.0,774.0,774.0,728.0,749.0,924.0,988.0,930.0,950.0,941.0,890.0,986.0,1025.0,1015.0,952.0,999.0,986.0,950.0,988.0,993.0,991.0,986.0,954.0,957.0,971.0,1037.0,1013.0,1026.0,1011.0,1032.0,1105.0,1055.0,998.0,1023.0,1000.0,1114.0,1115.0,1132.0,1106.0,1182.0,1089.0,1127.0,1151.0,1179.0,1165.0,1127.0,1102.0,1061.0,1113.0,1048.0,1054.0,1059.0,1088.0,1049.0,1113.0,937.0,997.0,1010.0,976.0,966.0,955.0,949.0,937.0,957.0,941.0,906.0,896.0,909.0,932.0,910.0,863.0,893.0,955.0,930.0,936.0,1105.0,1086.0,1130.0,1084.0,1150.0,1151.0,1097.0,1076.0,1125.0,1097.0,911.0,897.0,934.0,954.0,872.0,895.0,936.0,915.0,887.0,910.0
423,764.0,766.0,776.0,751.0,776.0,733.0,771.0,785.0,780.0,765.0,937.0,959.0,934.0,934.0,966.0,934.0,965.0,923.0,934.0,959.0,980.0,959.0,1014.0,994.0,992.0,1023.0,981.0,997.0,996.0,954.0,1045.0,1030.0,984.0,984.0,1014.0,986.0,1055.0,1015.0,1075.0,991.0,1158.0,1153.0,1171.0,1137.0,1208.0,1149.0,1133.0,1176.0,1119.0,1105.0,1023.0,1065.0,1120.0,1120.0,1058.0,1090.0,1061.0,1038.0,1041.0,1108.0,966.0,962.0,967.0,971.0,955.0,952.0,965.0,959.0,970.0,962.0,917.0,924.0,860.0,909.0,902.0,881.0,891.0,882.0,917.0,949.0,1121.0,1148.0,1145.0,1161.0,1110.0,1162.0,1130.0,1142.0,1077.0,1118.0,906.0,913.0,901.0,908.0,890.0,893.0,911.0,955.0,946.0,925.0
424,772.0,751.0,792.0,766.0,738.0,769.0,796.0,826.0,707.0,778.0,952.0,998.0,916.0,934.0,947.0,949.0,967.0,938.0,948.0,975.0,956.0,971.0,943.0,1018.0,959.0,935.0,986.0,951.0,1039.0,975.0,1029.0,1036.0,1019.0,987.0,1049.0,1003.0,1047.0,999.0,1055.0,1019.0,1124.0,1138.0,1137.0,1108.0,1147.0,1083.0,1105.0,1127.0,1147.0,1097.0,1069.0,1105.0,1144.0,1084.0,1099.0,1082.0,1097.0,1113.0,1086.0,1077.0,977.0,948.0,993.0,963.0,1026.0,974.0,951.0,939.0,963.0,952.0,929.0,881.0,913.0,916.0,886.0,902.0,907.0,884.0,918.0,907.0,1111.0,1121.0,1124.0,1165.0,1135.0,1156.0,1116.0,1172.0,1139.0,1146.0,900.0,927.0,891.0,929.0,881.0,951.0,892.0,923.0,847.0,913.0
425,748.0,783.0,761.0,767.0,760.0,753.0,791.0,792.0,777.0,793.0,904.0,940.0,922.0,942.0,987.0,909.0,934.0,928.0,935.0,930.0,989.0,970.0,997.0,988.0,989.0,934.0,976.0,1019.0,986.0,1014.0,1034.0,1025.0,1052.0,1046.0,995.0,1010.0,1038.0,1032.0,998.0,1035.0,1101.0,1177.0,1154.0,1173.0,1181.0,1157.0,1128.0,1129.0,1186.0,1101.0,1097.0,1034.0,1102.0,1129.0,1036.0,1128.0,1085.0,1080.0,1079.0,1056.0,940.0,953.0,979.0,902.0,961.0,991.0,967.0,966.0,979.0,971.0,952.0,947.0,936.0,939.0,895.0,910.0,859.0,893.0,896.0,893.0,1134.0,1127.0,1102.0,1128.0,1159.0,1105.0,1152.0,1156.0,1114.0,1127.0,922.0,919.0,868.0,853.0,902.0,905.0,933.0,876.0,898.0,921.0
426,729.0,787.0,773.0,780.0,766.0,803.0,769.0,735.0,784.0,723.0,911.0,922.0,927.0,931.0,957.0,931.0,963.0,945.0,998.0,962.0,983.0,988.0,1036.0,952.0,1001.0,985.0,961.0,1005.0,977.0,956.0,1029.0,1035.0,1033.0,1013.0,1024.0,1056.0,1004.0,1024.0,984.0,1035.0,1131.0,1120.0,1185.0,1137.0,1188.0,1084.0,1163.0,1142.0,1135.0,1151.0,1072.0,1148.0,1153.0,1063.0,1021.0,1070.0,1088.0,1054.0,1055.0,1121.0,1000.0,978.0,937.0,975.0,1000.0,1002.0,966.0,993.0,967.0,938.0,940.0,883.0,857.0,938.0,870.0,903.0,911.0,896.0,915.0,903.0,1137.0,1115.0,1102.0,1121.0,1107.0,1106.0,1113.0,1149.0,1101.0,1151.0,888.0,898.0,865.0,960.0,931.0,866.0,926.0,927.0,936.0,896.0
427,769.0,746.0,741.0,781.0,763.0,759.0,800.0,780.0,741.0,752.0,914.0,981.0,997.0,978.0,954.0,910.0,965.0,1001.0,957.0,906.0,977.0,950.0,980.0,990.0,998.0,986.0,952.0,988.0,939.0,976.0,1008.0,1088.0,1002.0,1023.0,1040.0,1039.0,1023.0,983.0,1049.0,1017.0,1125.0,1108.0,1163.0,1169.0,1136.0,1110.0,1179.0,1145.0,1113.0,1171.0,1080.0,1085.0,1034.0,1046.0,1079.0,1080.0,1049.0,1087.0,1135.0,1077.0,979.0,957.0,974.0,959.0,959.0,970.0,939.0,941.0,933.0,1016.0,908.0,930.0,892.0,883.0,871.0,903.0,858.0,916.0,910.0,893.0,1156.0,1120.0,1174.0,1092.0,1106.0,1138.0,1148.0,1121.0,1107.0,1083.0,904.0,907.0,909.0,950.0,960.0,911.0,948.0,909.0,967.0,945.0
428,764.0,778.0,773.0,803.0,793.0,777.0,807.0,756.0,806.0,772.0,950.0,962.0,946.0,967.0,969.0,963.0,956.0,984.0,961.0,898.0,951.0,946.0,954.0,975.0,1008.0,988.0,957.0,969.0,985.0,1009.0,1010.0,1056.0,1049.0,988.0,1029.0,1000.0,1046.0,1051.0,1027.0,1043.0,1116.0,1164.0,1142.0,1090.0,1103.0,1143.0,1139.0,1143.0,1102.0,1131.0,1086.0,1093.0,1081.0,1101.0,1086.0,1075.0,1141.0,1096.0,1114.0,1050.0,981.0,987.0,999.0,951.0,937.0,980.0,940.0,947.0,961.0,963.0,883.0,921.0,935.0,947.0,937.0,927.0,890.0,898.0,888.0,916.0,1188.0,1095.0,1104.0,1113.0,1102.0,1095.0,1083.0,1152.0,1131.0,1137.0,890.0,868.0,885.0,941.0,906.0,860.0,904.0,871.0,879.0,918.0
429,774.0,781.0,754.0,768.0,762.0,727.0,738.0,819.0,757.0,774.0,917.0,956.0,983.0,939.0,926.0,953.0,933.0,973.0,940.0,949.0,975.0,974.0,968.0,968.0,1037.0,953.0,1009.0,973.0,979.0,993.0,1041.0,960.0,1036.0,1005.0,1001.0,1061.0,1004.0,988.0,1007.0,1016.0,1103.0,1155.0,1148.0,1182.0,1156.0,1163.0,1129.0,1128.0,1134.0,1155.0,1127.0,1083.0,1057.0,1115.0,1116.0,1081.0,1117.0,1070.0,1097.0,1075.0,995.0,1032.0,977.0,949.0,961.0,1011.0,1013.0,916.0,1023.0,946.0,900.0,905.0,914.0,936.0,901.0,885.0,900.0,872.0,891.0,931.0,1104.0,1083.0,1102.0,1124.0,1121.0,1116.0,1123.0,1149.0,1140.0,1109.0,882.0,943.0,932.0,887.0,887.0,853.0,892.0,983.0,883.0,890.0
430,736.0,783.0,798.0,771.0,758.0,752.0,779.0,758.0,775.0,742.0,947.0,942.0,929.0,947.0,936.0,978.0,947.0,928.0,941.0,937.0,1013.0,996.0,929.0,1007.0,1001.0,949.0,1008.0,1026.0,1014.0,975.0,1038.0,1030.0,1036.0,996.0,990.0,985.0,1013.0,1019.0,1018.0,1020.0,1144.0,1105.0,1139.0,1186.0,1144.0,1199.0,1117.0,1202.0,1147.0,1133.0,1049.0,1117.0,1151.0,1057.0,1087.0,1056.0,1107.0,1086.0,1059.0,1044.0,1006.0,909.0,921.0,940.0,993.0,953.0,960.0,936.0,980.0,959.0,871.0,912.0,928.0,948.0,898.0,874.0,906.0,923.0,917.0,949.0,1135.0,1168.0,1105.0,1133.0,1112.0,1125.0,1155.0,1117.0,1102.0,1154.0,875.0,908.0,934.0,886.0,949.0,928.0,862.0,871.0,899.0,924.0
431,763.0,747.0,763.0,751.0,784.0,814.0,780.0,796.0,767.0,789.0,937.0,965.0,915.0,983.0,981.0,980.0,953.0,938.0,982.0,981.0,964.0,991.0,1033.0,985.0,995.0,921.0,985.0,1024.0,1014.0,942.0,1027.0,1028.0,1075.0,1041.0,1035.0,1049.0,1018.0,1072.0,1019.0,1000.0,1150.0,1143.0,1091.0,1095.0,1096.0,1124.0,1121.0,1116.0,1116.0,1146.0,1083.0,1101.0,1034.0,1102.0,1115.0,1045.0,1096.0,1019.0,1121.0,1105.0,964.0,937.0,935.0,964.0,969.0,954.0,959.0,949.0,917.0,994.0,901.0,902.0,958.0,921.0,923.0,899.0,913.0,887.0,895.0,936.0,1140.0,1118.0,1164.0,1162.0,1124.0,1116.0,1122.0,1174.0,1152.0,1080.0,882.0,938.0,902.0,864.0,846.0,901.0,909.0,891.0,866.0,866.0
432,761.0,735.0,718.0,757.0,794.0,748.0,773.0,759.0,751.0,774.0,983.0,975.0,920.0,929.0,957.0,1008.0,931.0,918.0,1007.0,920.0,934.0,1010.0,944.0,988.0,988.0,987.0,966.0,978.0,1004.0,955.0,1019.0,1047.0,1054.0,1062.0,1041.0,973.0,1009.0,1024.0,1013.0,1005.0,1146.0,1134.0,1192.0,1099.0,1113.0,1177.0,1133.0,1157.0,1122.0,1153.0,1097.0,1079.0,1087.0,1054.0,1107.0,1078.0,1058.0,1099.0,1083.0,1086.0,960.0,969.0,920.0,975.0,939.0,958.0,995.0,1004.0,941.0,982.0,898.0,870.0,949.0,927.0,907.0,922.0,929.0,850.0,899.0,907.0,1130.0,1113.0,1107.0,1154.0,1114.0,1077.0,1124.0,1175.0,1136.0,1099.0,883.0,938.0,976.0,924.0,911.0,874.0,939.0,897.0,892.0,958.0
433,750.0,788.0,757.0,787.0,782.0,760.0,810.0,784.0,775.0,735.0,956.0,1008.0,974.0,927.0,916.0,966.0,985.0,943.0,923.0,929.0,975.0,988.0,1011.0,1021.0,962.0,962.0,960.0,997.0,1032.0,961.0,1031.0,1007.0,1017.0,1047.0,1031.0,1043.0,1004.0,1042.0,986.0,1068.0,1134.0,1096.0,1106.0,1091.0,1140.0,1109.0,1167.0,1184.0,1167.0,1182.0,1097.0,1036.0,1052.0,1048.0,1074.0,1088.0,1063.0,1116.0,1071.0,1044.0,942.0,938.0,1010.0,991.0,970.0,935.0,972.0,927.0,960.0,985.0,933.0,931.0,908.0,892.0,947.0,929.0,885.0,899.0,864.0,903.0,1093.0,1164.0,1148.0,1185.0,1160.0,1088.0,1114.0,1089.0,1118.0,1132.0,900.0,916.0,884.0,881.0,889.0,927.0,898.0,879.0,952.0,897.0
434,777.0,734.0,736.0,727.0,738.0,743.0,784.0,747.0,734.0,762.0,952.0,978.0,932.0,935.0,960.0,948.0,1007.0,949.0,942.0,966.0,1036.0,1020.0,970.0,995.0,969.0,932.0,979.0,997.0,954.0,984.0,985.0,1030.0,1049.0,1014.0,1001.0,1052.0,1004.0,1063.0,997.0,1037.0,1121.0,1119.0,1146.0,1124.0,1173.0,1130.0,1145.0,1147.0,1161.0,1138.0,1078.0,1098.0,1116.0,1184.0,1091.0,1156.0,1080.0,1067.0,1153.0,1070.0,967.0,998.0,962.0,967.0,910.0,914.0,967.0,939.0,1000.0,956.0,903.0,898.0,934.0,883.0,927.0,939.0,851.0,901.0,939.0,924.0,1077.0,1121.0,1101.0,1136.0,1160.0,1109.0,1125.0,1129.0,1062.0,1112.0,918.0,874.0,919.0,899.0,939.0,880.0,914.0,922.0,903.0,888.0
435,776.0,783.0,814.0,789.0,764.0,796.0,785.0,785.0,754.0,761.0,987.0,950.0,977.0,935.0,969.0,978.0,983.0,932.0,969.0,992.0,983.0,959.0,960.0,982.0,958.0,950.0,978.0,990.0,1004.0,979.0,945.0,1059.0,1012.0,1065.0,1066.0,985.0,1012.0,1025.0,1067.0,1045.0,1117.0,1087.0,1134.0,1099.0,1126.0,1164.0,1148.0,1157.0,1154.0,1133.0,1083.0,1111.0,1099.0,1056.0,1051.0,1058.0,1061.0,1109.0,1056.0,1112.0,969.0,988.0,940.0,952.0,1004.0,955.0,968.0,932.0,939.0,915.0,939.0,931.0,916.0,963.0,898.0,887.0,888.0,905.0,911.0,884.0,1118.0,1118.0,1150.0,1155.0,1097.0,1132.0,1112.0,1101.0,1088.0,1093.0,900.0,884.0,865.0,869.0,937.0,899.0,923.0,925.0,904.0,923.0
436,720.0,798.0,747.0,769.0,758.0,726.0,761.0,766.0,742.0,815.0,1001.0,971.0,984.0,899.0,992.0,978.0,932.0,922.0,985.0,1003.0,930.0,1033.0,971.0,997.0,989.0,966.0,1026.0,1002.0,974.0,966.0,1063.0,983.0,1022.0,1020.0,1016.0,1026.0,1030.0,1041.0,1055.0,1010.0,1134.0,1161.0,1092.0,1223.0,1147.0,1212.0,1096.0,1168.0,1107.0,1127.0,1052.0,1090.0,1102.0,1042.0,1059.0,1041.0,1121.0,1067.0,1055.0,1067.0,981.0,938.0,973.0,948.0,928.0,921.0,944.0,984.0,943.0,931.0,899.0,876.0,964.0,875.0,893.0,918.0,895.0,943.0,945.0,913.0,1151.0,1130.0,1123.0,1155.0,1137.0,1150.0,1144.0,1083.0,1100.0,1094.0,882.0,889.0,892.0,931.0,949.0,859.0,907.0,885.0,943.0,915.0
437,760.0,772.0,823.0,766.0,770.0,749.0,774.0,761.0,796.0,805.0,942.0,969.0,932.0,928.0,974.0,963.0,945.0,936.0,980.0,982.0,968.0,988.0,934.0,957.0,1017.0,950.0,991.0,929.0,1001.0,1006.0,1050.0,1012.0,1036.0,1067.0,1040.0,992.0,1016.0,1048.0,994.0,963.0,1121.0,1160.0,1155.0,1165.0,1140.0,1146.0,1149.0,1126.0,1145.0,1142.0,1071.0,1088.0,1107.0,1025.0,1067.0,1080.0,1100.0,1095.0,1083.0,1076.0,953.0,927.0,940.0,959.0,936.0,933.0,969.0,996.0,958.0,981.0,862.0,928.0,897.0,940.0,917.0,905.0,851.0,926.0,922.0,946.0,1144.0,1105.0,1123.0,1123.0,1080.0,1174.0,1123.0,1072.0,1078.0,1060.0,943.0,921.0,925.0,929.0,930.0,903.0,936.0,976.0,895.0,885.0
438,761.0,756.0,790.0,776.0,751.0,745.0,742.0,765.0,784.0,801.0,908.0,970.0,992.0,946.0,968.0,932.0,959.0,989.0,972.0,974.0,950.0,949.0,979.0,975.0,983.0,1016.0,992.0,939.0,1003.0,945.0,1006.0,1014.0,970.0,1065.0,1033.0,1027.0,1054.0,1034.0,1039.0,1017.0,1144.0,1122.0,1148.0,1108.0,1115.0,1088.0,1101.0,1102.0,1116.0,1154.0,1088.0,1072.0,1112.0,1050.0,1055.0,1080.0,1076.0,1119.0,1074.0,1088.0,976.0,1010.0,944.0,986.0,920.0,913.0,951.0,969.0,974.0,927.0,954.0,943.0,921.0,899.0,964.0,917.0,903.0,953.0,889.0,950.0,1125.0,1097.0,1109.0,1125.0,1150.0,1140.0,1117.0,1116.0,1101.0,1110.0,902.0,939.0,910.0,931.0,934.0,938.0,959.0,880.0,903.0,881.0
439,812.0,762.0,784.0,823.0,763.0,757.0,787.0,793.0,777.0,763.0,949.0,929.0,974.0,990.0,923.0,951.0,913.0,923.0,974.0,1000.0,999.0,975.0,964.0,957.0,992.0,1005.0,977.0,967.0,996.0,1012.0,996.0,985.0,1022.0,988.0,1024.0,1012.0,1047.0,1004.0,1004.0,1031.0,1165.0,1139.0,1150.0,1128.0,1199.0,1143.0,1119.0,1125.0,1146.0,1100.0,1035.0,1124.0,1066.0,1083.0,1068.0,1014.0,1065.0,1088.0,1060.0,1071.0,944.0,937.0,1000.0,997.0,899.0,948.0,962.0,931.0,972.0,982.0,884.0,930.0,877.0,886.0,907.0,910.0,872.0,901.0,879.0,858.0,1134.0,1180.0,1137.0,1140.0,1162.0,1130.0,1135.0,1192.0,1130.0,1108.0,897.0,907.0,901.0,872.0,931.0,929.0,977.0,942.0,918.0,922.0
440,800.0,760.0,861.0,781.0,782.0,718.0,747.0,777.0,756.0,758.0,940.0,936.0,959.0,948.0,897.0,959.0,920.0,998.0,927.0,947.0,976.0,970.0,972.0,911.0,1001.0,973.0,1017.0,1001.0,984.0,1014.0,1078.0,1006.0,963.0,995.0,1049.0,1043.0,1047.0,973.0,957.0,998.0,1140.0,1154.0,1087.0,1114.0,1153.0,1125.0,1160.0,1093.0,1197.0,1180.0,1034.0,1136.0,1035.0,1133.0,1076.0,1053.0,1101.0,1071.0,1123.0,1104.0,972.0,952.0,993.0,1000.0,975.0,975.0,960.0,973.0,937.0,970.0,890.0,858.0,926.0,927.0,894.0,885.0,903.0,941.0,925.0,894.0,1072.0,1171.0,1109.0,1136.0,1092.0,1149.0,1107.0,1150.0,1136.0,1090.0,917.0,919.0,979.0,919.0,949.0,919.0,890.0,891.0,909.0,889.0
441,769.0,757.0,772.0,764.0,793.0,785.0,763.0,756.0,805.0,759.0,910.0,906.0,959.0,949.0,984.0,987.0,995.0,981.0,992.0,963.0,976.0,962.0,1005.0,1023.0,1013.0,972.0,986.0,923.0,943.0,988.0,1009.0,1028.0,1003.0,992.0,1019.0,1007.0,1044.0,972.0,1055.0,1052.0,1174.0,1181.0,1105.0,1149.0,1138.0,1179.0,1151.0,1135.0,1121.0,1138.0,1059.0,1093.0,1094.0,1083.0,1072.0,1065.0,1020.0,1136.0,1085.0,1027.0,1003.0,982.0,977.0,947.0,934.0,939.0,916.0,947.0,946.0,925.0,920.0,896.0,948.0,941.0,918.0,900.0,930.0,917.0,902.0,944.0,1083.0,1167.0,1104.0,1122.0,1112.0,1106.0,1139.0,1119.0,1080.0,1121.0,918.0,884.0,920.0,894.0,887.0,860.0,908.0,982.0,926.0,928.0
442,828.0,821.0,747.0,729.0,788.0,756.0,734.0,750.0,750.0,748.0,985.0,905.0,965.0,948.0,962.0,947.0,963.0,1000.0,954.0,953.0,973.0,1007.0,972.0,1004.0,929.0,934.0,939.0,1019.0,982.0,995.0,992.0,1038.0,1025.0,1060.0,994.0,1015.0,1047.0,989.0,1047.0,1023.0,1127.0,1143.0,1176.0,1123.0,1125.0,1172.0,1143.0,1170.0,1162.0,1140.0,1041.0,1060.0,1041.0,1079.0,1103.0,1085.0,1054.0,1088.0,1041.0,1112.0,964.0,941.0,961.0,959.0,987.0,951.0,1037.0,991.0,961.0,956.0,887.0,901.0,949.0,887.0,910.0,905.0,866.0,865.0,903.0,919.0,1113.0,1142.0,1145.0,1196.0,1199.0,1107.0,1135.0,1106.0,1119.0,1121.0,915.0,901.0,903.0,874.0,869.0,928.0,930.0,887.0,936.0,876.0
443,723.0,770.0,768.0,787.0,783.0,787.0,829.0,761.0,757.0,773.0,927.0,916.0,930.0,947.0,925.0,981.0,972.0,957.0,932.0,946.0,980.0,991.0,934.0,985.0,995.0,959.0,908.0,917.0,953.0,949.0,1047.0,1044.0,1035.0,1008.0,980.0,1018.0,1002.0,1039.0,1003.0,1019.0,1110.0,1147.0,1151.0,1183.0,1117.0,1156.0,1123.0,1152.0,1157.0,1139.0,1079.0,1063.0,1111.0,1117.0,1114.0,1088.0,1083.0,1077.0,1063.0,1083.0,944.0,948.0,994.0,943.0,955.0,941.0,995.0,957.0,977.0,979.0,913.0,927.0,932.0,863.0,952.0,895.0,903.0,931.0,920.0,942.0,1151.0,1093.0,1139.0,1113.0,1155.0,1075.0,1111.0,1156.0,1148.0,1143.0,950.0,963.0,886.0,912.0,891.0,904.0,926.0,917.0,946.0,869.0
444,772.0,790.0,759.0,798.0,836.0,750.0,705.0,786.0,739.0,742.0,956.0,969.0,1048.0,969.0,982.0,964.0,994.0,963.0,980.0,970.0,972.0,975.0,1005.0,936.0,942.0,964.0,955.0,924.0,985.0,1001.0,1043.0,1054.0,981.0,1006.0,1010.0,1020.0,1025.0,969.0,1002.0,979.0,1166.0,1083.0,1135.0,1152.0,1099.0,1120.0,1137.0,1170.0,1155.0,1136.0,1098.0,1045.0,1047.0,1074.0,1116.0,1114.0,1080.0,1072.0,1089.0,1044.0,935.0,978.0,945.0,982.0,973.0,929.0,1010.0,958.0,956.0,1014.0,896.0,903.0,853.0,880.0,931.0,910.0,943.0,924.0,962.0,956.0,1080.0,1116.0,1151.0,1147.0,1090.0,1088.0,1158.0,1172.0,1092.0,1109.0,905.0,956.0,955.0,915.0,893.0,946.0,840.0,926.0,896.0,892.0
445,769.0,786.0,793.0,756.0,801.0,715.0,786.0,795.0,824.0,729.0,944.0,987.0,939.0,979.0,936.0,956.0,944.0,965.0,905.0,951.0,973.0,976.0,979.0,1017.0,966.0,943.0,961.0,927.0,996.0,950.0,1020.0,1045.0,998.0,1015.0,1084.0,1013.0,986.0,1012.0,1041.0,1047.0,1147.0,1104.0,1157.0,1108.0,1136.0,1192.0,1150.0,1137.0,1140.0,1117.0,1099.0,1070.0,1121.0,1075.0,1066.0,1091.0,1079.0,1095.0,1062.0,1093.0,947.0,974.0,987.0,971.0,959.0,929.0,950.0,995.0,992.0,957.0,923.0,903.0,871.0,928.0,929.0,903.0,960.0,925.0,886.0,970.0,1052.0,1105.0,1082.0,1131.0,1110.0,1137.0,1106.0,1110.0,1110.0,1126.0,950.0,924.0,954.0,880.0,886.0,921.0,928.0,906.0,902.0,902.0
446,731.0,777.0,800.0,769.0,778.0,756.0,775.0,775.0,775.0,796.0,953.0,957.0,974.0,953.0,952.0,949.0,988.0,970.0,967.0,939.0,1002.0,954.0,1027.0,1032.0,971.0,957.0,997.0,977.0,1022.0,970.0,1011.0,1040.0,1020.0,1022.0,986.0,1012.0,993.0,1012.0,1011.0,994.0,1135.0,1147.0,1112.0,1192.0,1153.0,1142.0,1122.0,1179.0,1158.0,1122.0,1084.0,1057.0,1108.0,1044.0,1102.0,1063.0,1030.0,1094.0,1055.0,1093.0,987.0,958.0,936.0,931.0,962.0,982.0,954.0,925.0,970.0,942.0,877.0,939.0,910.0,916.0,939.0,915.0,916.0,908.0,896.0,897.0,1102.0,1119.0,1089.0,1115.0,1140.0,1131.0,1115.0,1091.0,1110.0,1181.0,940.0,927.0,907.0,885.0,889.0,894.0,963.0,937.0,895.0,907.0
447,750.0,752.0,760.0,795.0,789.0,798.0,736.0,767.0,756.0,787.0,936.0,971.0,979.0,938.0,905.0,948.0,967.0,969.0,949.0,965.0,982.0,977.0,1011.0,991.0,975.0,991.0,970.0,969.0,972.0,939.0,1060.0,1024.0,1015.0,1048.0,1021.0,1001.0,1016.0,1030.0,1015.0,1018.0,1143.0,1115.0,1135.0,1186.0,1150.0,1146.0,1150.0,1114.0,1210.0,1120.0,1075.0,1074.0,1086.0,1063.0,1109.0,1035.0,1090.0,1100.0,1086.0,1124.0,970.0,936.0,930.0,924.0,984.0,991.0,982.0,984.0,997.0,917.0,899.0,950.0,907.0,910.0,910.0,887.0,925.0,932.0,894.0,946.0,1116.0,1095.0,1150.0,1101.0,1121.0,1075.0,1106.0,1099.0,1092.0,1098.0,889.0,983.0,909.0,903.0,910.0,932.0,910.0,908.0,882.0,928.0
448,782.0,798.0,796.0,758.0,781.0,787.0,755.0,775.0,764.0,748.0,913.0,1002.0,974.0,934.0,882.0,936.0,946.0,946.0,990.0,960.0,944.0,1010.0,946.0,994.0,953.0,932.0,950.0,969.0,1047.0,977.0,1007.0,981.0,1041.0,1015.0,1021.0,1026.0,1003.0,995.0,1005.0,993.0,1132.0,1128.0,1116.0,1165.0,1133.0,1189.0,1156.0,1157.0,1081.0,1114.0,1121.0,1079.0,1123.0,1086.0,1120.0,1088.0,1061.0,1072.0,1080.0,1063.0,994.0,948.0,977.0,955.0,957.0,933.0,964.0,956.0,959.0,1012.0,889.0,938.0,939.0,896.0,965.0,863.0,936.0,908.0,891.0,933.0,1103.0,1097.0,1092.0,1131.0,1114.0,1115.0,1143.0,1129.0,1123.0,1106.0,934.0,899.0,880.0,924.0,949.0,932.0,937.0,966.0,915.0,937.0
449,786.0,812.0,843.0,807.0,805.0,819.0,782.0,827.0,800.0,770.0,967.0,952.0,983.0,997.0,940.0,952.0,914.0,964.0,987.0,960.0,987.0,949.0,930.0,948.0,1003.0,990.0,954.0,974.0,977.0,938.0,1019.0,983.0,1047.0,988.0,1048.0,977.0,1018.0,1007.0,1021.0,1039.0,1108.0,1156.0,1176.0,1119.0,1113.0,1163.0,1167.0,1109.0,1133.0,1108.0,1055.0,1096.0,1102.0,1104.0,1092.0,1079.0,1069.0,1091.0,1078.0,1138.0,923.0,958.0,979.0,967.0,963.0,955.0,988.0,975.0,922.0,973.0,894.0,912.0,857.0,867.0,932.0,882.0,880.0,879.0,877.0,906.0,1135.0,1136.0,1128.0,1119.0,1107.0,1066.0,1131.0,1136.0,1135.0,1101.0,947.0,925.0,834.0,946.0,875.0,923.0,947.0,914.0,927.0,910.0
450,757.0,790.0,801.0,768.0,804.0,776.0,787.0,757.0,795.0,755.0,933.0,966.0,953.0,950.0,921.0,962.0,963.0,962.0,999.0,961.0,995.0,957.0,995.0,942.0,988.0,976.0,955.0,1032.0,981.0,955.0,1038.0,1029.0,1001.0,1040.0,1009.0,1051.0,1057.0,996.0,1030.0,992.0,1132.0,1153.0,1148.0,1139.0,1148.0,1120.0,1158.0,1109.0,1100.0,1131.0,1053.0,1101.0,1077.0,1111.0,1068.0,1033.0,1052.0,1089.0,1051.0,1053.0,952.0,974.0,972.0,1000.0,964.0,941.0,985.0,923.0,982.0,1010.0,905.0,923.0,884.0,909.0,925.0,922.0,906.0,916.0,903.0,940.0,1125.0,1113.0,1124.0,1091.0,1116.0,1110.0,1090.0,1166.0,1161.0,1160.0,930.0,873.0,925.0,912.0,937.0,918.0,900.0,925.0,853.0,885.0
451,767.0,791.0,776.0,772.0,731.0,753.0,773.0,756.0,720.0,757.0,965.0,936.0,917.0,952.0,992.0,953.0,950.0,956.0,926.0,967.0,982.0,978.0,978.0,1001.0,970.0,933.0,1009.0,980.0,986.0,971.0,1034.0,1049.0,1009.0,1024.0,987.0,1087.0,1014.0,1049.0,1039.0,1020.0,1109.0,1126.0,1149.0,1135.0,1097.0,1128.0,1149.0,1151.0,1136.0,1140.0,1070.0,1069.0,1066.0,1094.0,1128.0,1074.0,1102.0,1075.0,1117.0,1031.0,972.0,977.0,949.0,988.0,990.0,991.0,928.0,951.0,971.0,991.0,911.0,912.0,931.0,918.0,975.0,860.0,922.0,956.0,923.0,906.0,1081.0,1124.0,1143.0,1068.0,1142.0,1116.0,1116.0,1094.0,1106.0,1149.0,934.0,918.0,962.0,913.0,866.0,912.0,888.0,908.0,928.0,909.0
452,722.0,781.0,783.0,738.0,750.0,754.0,771.0,806.0,791.0,771.0,989.0,960.0,980.0,979.0,952.0,970.0,949.0,965.0,967.0,970.0,961.0,1017.0,966.0,988.0,989.0,1012.0,995.0,983.0,925.0,988.0,1024.0,1021.0,1004.0,996.0,1020.0,975.0,995.0,1001.0,1063.0,985.0,1186.0,1119.0,1125.0,1169.0,1129.0,1099.0,1114.0,1175.0,1109.0,1125.0,1094.0,1061.0,1065.0,1092.0,1109.0,1072.0,1160.0,1105.0,1063.0,1087.0,939.0,949.0,1016.0,1031.0,984.0,975.0,931.0,923.0,966.0,955.0,904.0,929.0,912.0,899.0,930.0,896.0,899.0,897.0,893.0,887.0,1090.0,1145.0,1124.0,1077.0,1116.0,1145.0,1131.0,1130.0,1123.0,1159.0,912.0,897.0,905.0,895.0,898.0,910.0,903.0,889.0,957.0,913.0
453,768.0,756.0,774.0,780.0,809.0,749.0,749.0,791.0,747.0,775.0,983.0,967.0,982.0,978.0,1011.0,922.0,917.0,988.0,947.0,984.0,998.0,982.0,949.0,986.0,992.0,979.0,962.0,963.0,955.0,1009.0,996.0,1028.0,1008.0,1056.0,1057.0,1026.0,1035.0,1055.0,1014.0,994.0,1167.0,1105.0,1106.0,1127.0,1116.0,1132.0,1125.0,1162.0,1099.0,1142.0,1067.0,1107.0,1124.0,1079.0,1075.0,1116.0,1105.0,1051.0,1147.0,1064.0,959.0,1006.0,974.0,985.0,955.0,971.0,1008.0,957.0,944.0,960.0,915.0,922.0,933.0,914.0,894.0,915.0,930.0,922.0,913.0,922.0,1080.0,1115.0,1127.0,1119.0,1075.0,1084.0,1142.0,1099.0,1117.0,1104.0,888.0,892.0,904.0,840.0,896.0,913.0,873.0,888.0,975.0,889.0
454,804.0,803.0,736.0,776.0,744.0,793.0,749.0,764.0,751.0,787.0,997.0,965.0,936.0,976.0,978.0,970.0,988.0,943.0,984.0,952.0,935.0,1010.0,917.0,980.0,969.0,948.0,990.0,977.0,962.0,954.0,1016.0,1025.0,1041.0,996.0,1059.0,1016.0,987.0,1068.0,1024.0,1002.0,1152.0,1182.0,1136.0,1140.0,1144.0,1107.0,1189.0,1058.0,1100.0,1149.0,1087.0,1087.0,1152.0,1076.0,1104.0,1068.0,1120.0,1075.0,1083.0,1063.0,942.0,905.0,939.0,1002.0,953.0,947.0,925.0,1015.0,987.0,919.0,897.0,888.0,958.0,958.0,946.0,881.0,864.0,959.0,897.0,918.0,1092.0,1115.0,1152.0,1075.0,1114.0,1110.0,1106.0,1127.0,1148.0,1155.0,901.0,897.0,910.0,889.0,866.0,972.0,926.0,892.0,923.0,945.0
455,754.0,818.0,752.0,775.0,776.0,766.0,754.0,798.0,799.0,766.0,961.0,963.0,932.0,978.0,956.0,947.0,975.0,939.0,934.0,978.0,994.0,931.0,1043.0,1005.0,952.0,1017.0,957.0,991.0,937.0,984.0,1031.0,1028.0,1030.0,1029.0,1043.0,1002.0,1039.0,1080.0,1006.0,992.0,1163.0,1165.0,1109.0,1144.0,1111.0,1124.0,1140.0,1146.0,1056.0,1126.0,1059.0,1111.0,1083.0,1113.0,1116.0,1088.0,1091.0,1061.0,1141.0,1068.0,964.0,949.0,950.0,948.0,939.0,889.0,910.0,925.0,967.0,941.0,900.0,920.0,899.0,938.0,938.0,919.0,925.0,893.0,947.0,909.0,1077.0,1087.0,1144.0,1042.0,1123.0,1112.0,1135.0,1150.0,1137.0,1167.0,920.0,905.0,934.0,898.0,923.0,950.0,918.0,893.0,936.0,913.0
456,774.0,763.0,763.0,722.0,728.0,750.0,742.0,763.0,745.0,731.0,937.0,927.0,948.0,969.0,979.0,943.0,968.0,966.0,929.0,979.0,989.0,1024.0,937.0,983.0,1003.0,953.0,944.0,1014.0,905.0,975.0,1023.0,981.0,1059.0,1036.0,1020.0,1043.0,1065.0,1009.0,1018.0,1024.0,1122.0,1129.0,1195.0,1164.0,1161.0,1121.0,1114.0,1092.0,1120.0,1129.0,1084.0,1127.0,1092.0,1093.0,1040.0,1084.0,1067.0,1128.0,1124.0,1133.0,954.0,921.0,934.0,1026.0,969.0,976.0,968.0,958.0,998.0,978.0,958.0,961.0,910.0,871.0,960.0,906.0,894.0,949.0,969.0,924.0,1087.0,1101.0,1130.0,1105.0,1101.0,1140.0,1148.0,1099.0,1148.0,1074.0,897.0,941.0,905.0,896.0,917.0,895.0,933.0,900.0,900.0,896.0
457,750.0,767.0,747.0,744.0,764.0,734.0,734.0,805.0,796.0,790.0,936.0,973.0,980.0,957.0,966.0,919.0,942.0,957.0,952.0,951.0,933.0,973.0,956.0,965.0,1016.0,912.0,978.0,986.0,954.0,985.0,996.0,1040.0,1050.0,1044.0,1049.0,1023.0,1051.0,1002.0,1007.0,1014.0,1165.0,1136.0,1137.0,1091.0,1139.0,1169.0,1179.0,1154.0,1125.0,1125.0,1069.0,1093.0,1106.0,1161.0,1102.0,1100.0,1041.0,1125.0,1123.0,1125.0,983.0,988.0,959.0,943.0,974.0,960.0,973.0,979.0,938.0,946.0,905.0,905.0,874.0,911.0,847.0,926.0,911.0,856.0,951.0,913.0,1142.0,1081.0,1087.0,1155.0,1098.0,1153.0,1115.0,1085.0,1116.0,1105.0,943.0,920.0,978.0,892.0,920.0,910.0,917.0,929.0,894.0,890.0
458,801.0,841.0,784.0,711.0,763.0,747.0,762.0,811.0,733.0,813.0,944.0,972.0,978.0,961.0,945.0,909.0,957.0,961.0,1025.0,955.0,951.0,990.0,1006.0,989.0,973.0,1005.0,945.0,964.0,920.0,988.0,1018.0,1023.0,1003.0,1046.0,1069.0,1027.0,1048.0,1080.0,1028.0,1000.0,1133.0,1146.0,1179.0,1102.0,1185.0,1148.0,1144.0,1108.0,1154.0,1100.0,1062.0,1072.0,1088.0,1131.0,1104.0,1057.0,1052.0,1084.0,1145.0,1111.0,967.0,967.0,964.0,952.0,953.0,995.0,958.0,997.0,944.0,956.0,882.0,903.0,886.0,917.0,855.0,878.0,927.0,857.0,855.0,913.0,1118.0,1099.0,1050.0,1129.0,1113.0,1134.0,1105.0,1143.0,1134.0,1104.0,949.0,866.0,939.0,921.0,910.0,905.0,945.0,871.0,912.0,909.0
459,728.0,798.0,827.0,746.0,787.0,748.0,771.0,752.0,744.0,787.0,971.0,925.0,960.0,931.0,976.0,905.0,1021.0,962.0,977.0,935.0,987.0,959.0,998.0,1003.0,1004.0,1013.0,942.0,949.0,987.0,1039.0,1035.0,1090.0,1004.0,1036.0,1010.0,989.0,1011.0,1053.0,994.0,977.0,1098.0,1076.0,1184.0,1132.0,1078.0,1178.0,1121.0,1143.0,1129.0,1186.0,1114.0,1094.0,1104.0,1070.0,1084.0,1084.0,1062.0,1074.0,1064.0,1126.0,962.0,978.0,927.0,929.0,984.0,949.0,995.0,937.0,931.0,947.0,898.0,917.0,884.0,904.0,905.0,922.0,882.0,889.0,936.0,915.0,1148.0,1116.0,1125.0,1158.0,1141.0,1110.0,1107.0,1185.0,1133.0,1051.0,881.0,927.0,862.0,949.0,905.0,905.0,935.0,928.0,956.0,882.0
460,776.0,768.0,800.0,742.0,821.0,760.0,749.0,769.0,733.0,782.0,910.0,1003.0,919.0,903.0,956.0,950.0,976.0,940.0,1011.0,943.0,1001.0,957.0,1000.0,988.0,979.0,964.0,948.0,956.0,939.0,929.0,1038.0,1032.0,1049.0,1023.0,1016.0,1024.0,998.0,1007.0,1011.0,1038.0,1141.0,1092.0,1148.0,1124.0,1142.0,1144.0,1146.0,1190.0,1108.0,1185.0,1069.0,1084.0,1068.0,1102.0,1074.0,1102.0,1100.0,1113.0,1087.0,1055.0,989.0,975.0,935.0,970.0,991.0,971.0,949.0,996.0,990.0,952.0,907.0,881.0,925.0,907.0,894.0,940.0,878.0,897.0,903.0,956.0,1096.0,1150.0,1122.0,1156.0,1116.0,1061.0,1149.0,1088.0,1145.0,1131.0,896.0,938.0,911.0,939.0,888.0,889.0,953.0,914.0,924.0,872.0
461,821.0,769.0,763.0,757.0,772.0,835.0,779.0,770.0,729.0,837.0,918.0,995.0,961.0,986.0,896.0,921.0,935.0,954.0,961.0,937.0,940.0,1036.0,979.0,1021.0,1036.0,994.0,995.0,974.0,986.0,963.0,1036.0,982.0,973.0,1053.0,1017.0,1015.0,1038.0,1033.0,1022.0,1075.0,1137.0,1091.0,1140.0,1125.0,1130.0,1138.0,1192.0,1146.0,1151.0,1142.0,1047.0,1082.0,1089.0,1026.0,1099.0,1032.0,1050.0,1127.0,1111.0,1049.0,946.0,933.0,970.0,987.0,944.0,951.0,929.0,994.0,1010.0,994.0,935.0,930.0,933.0,880.0,928.0,912.0,863.0,857.0,890.0,915.0,1144.0,1124.0,1157.0,1131.0,1144.0,1087.0,1131.0,1125.0,1070.0,1063.0,899.0,939.0,910.0,889.0,909.0,927.0,931.0,887.0,922.0,872.0
462,735.0,760.0,800.0,766.0,793.0,761.0,782.0,759.0,765.0,794.0,952.0,962.0,997.0,996.0,943.0,961.0,939.0,937.0,930.0,953.0,995.0,941.0,931.0,1002.0,971.0,978.0,962.0,956.0,956.0,1015.0,1020.0,1032.0,1016.0,1022.0,997.0,1018.0,1030.0,1024.0,1067.0,999.0,1160.0,1150.0,1132.0,1094.0,1106.0,1143.0,1141.0,1123.0,1144.0,1116.0,1104.0,1090.0,1042.0,1064.0,1098.0,1033.0,1078.0,1135.0,1121.0,1083.0,957.0,965.0,979.0,984.0,954.0,1007.0,1000.0,921.0,971.0,948.0,871.0,919.0,949.0,916.0,952.0,883.0,848.0,965.0,919.0,921.0,1108.0,1146.0,1089.0,1123.0,1126.0,1119.0,1172.0,1123.0,1110.0,1126.0,917.0,913.0,946.0,893.0,938.0,911.0,889.0,925.0,867.0,894.0
463,692.0,765.0,756.0,757.0,817.0,745.0,739.0,728.0,772.0,749.0,955.0,920.0,949.0,948.0,969.0,929.0,961.0,942.0,941.0,947.0,983.0,951.0,964.0,1023.0,967.0,954.0,995.0,988.0,1009.0,988.0,1053.0,984.0,1015.0,1042.0,1057.0,1042.0,1022.0,1041.0,993.0,1021.0,1117.0,1151.0,1101.0,1084.0,1189.0,1144.0,1167.0,1159.0,1195.0,1085.0,1087.0,1161.0,1102.0,1048.0,1074.0,1033.0,1066.0,1107.0,1117.0,1083.0,990.0,954.0,963.0,974.0,888.0,1016.0,978.0,952.0,901.0,945.0,863.0,905.0,946.0,895.0,914.0,884.0,892.0,911.0,888.0,959.0,1126.0,1158.0,1182.0,1131.0,1093.0,1114.0,1139.0,1141.0,1131.0,1145.0,948.0,924.0,903.0,960.0,911.0,953.0,879.0,894.0,900.0,927.0
464,731.0,805.0,772.0,772.0,796.0,783.0,777.0,761.0,770.0,744.0,1003.0,966.0,977.0,955.0,958.0,951.0,948.0,964.0,948.0,958.0,1008.0,993.0,974.0,980.0,1061.0,1012.0,968.0,997.0,947.0,969.0,983.0,1033.0,994.0,1076.0,1050.0,969.0,995.0,1060.0,1014.0,1007.0,1118.0,1115.0,1135.0,1129.0,1175.0,1132.0,1145.0,1129.0,1093.0,1162.0,1034.0,1090.0,1046.0,1109.0,1031.0,1111.0,1030.0,1036.0,1096.0,1061.0,963.0,933.0,968.0,992.0,914.0,967.0,971.0,959.0,1028.0,999.0,893.0,939.0,943.0,920.0,931.0,877.0,924.0,872.0,896.0,955.0,1131.0,1115.0,1117.0,1082.0,1050.0,1108.0,1165.0,1150.0,1088.0,1106.0,952.0,886.0,959.0,847.0,915.0,904.0,916.0,935.0,970.0,888.0
465,770.0,735.0,770.0,767.0,786.0,766.0,738.0,767.0,732.0,757.0,949.0,936.0,987.0,957.0,974.0,991.0,928.0,962.0,947.0,1028.0,1052.0,969.0,998.0,951.0,956.0,1004.0,941.0,1017.0,979.0,999.0,947.0,997.0,987.0,1040.0,1071.0,1046.0,1013.0,1042.0,1041.0,928.0,1098.0,1116.0,1148.0,1181.0,1099.0,1123.0,1127.0,1099.0,1158.0,1129.0,1132.0,1085.0,1105.0,1076.0,1102.0,1059.0,1037.0,1089.0,1121.0,1107.0,978.0,936.0,946.0,949.0,953.0,924.0,1053.0,961.0,975.0,953.0,881.0,958.0,932.0,903.0,911.0,909.0,955.0,895.0,891.0,924.0,1112.0,1198.0,1092.0,1136.0,1149.0,1101.0,1185.0,1174.0,1107.0,1135.0,895.0,942.0,922.0,900.0,881.0,893.0,860.0,855.0,896.0,886.0
466,754.0,744.0,763.0,769.0,780.0,725.0,744.0,763.0,740.0,742.0,934.0,937.0,976.0,1003.0,904.0,982.0,900.0,939.0,940.0,982.0,965.0,1065.0,964.0,976.0,981.0,973.0,977.0,1010.0,961.0,1004.0,1022.0,1031.0,1024.0,997.0,1039.0,1067.0,991.0,1017.0,1047.0,1005.0,1170.0,1129.0,1160.0,1121.0,1107.0,1132.0,1208.0,1123.0,1190.0,1117.0,1085.0,1075.0,1090.0,1027.0,1126.0,1081.0,1098.0,1099.0,1084.0,1114.0,964.0,944.0,962.0,975.0,978.0,918.0,979.0,967.0,961.0,994.0,942.0,888.0,923.0,912.0,937.0,898.0,898.0,911.0,913.0,865.0,1082.0,1106.0,1128.0,1119.0,1123.0,1103.0,1109.0,1125.0,1134.0,1119.0,895.0,953.0,895.0,967.0,907.0,936.0,930.0,907.0,873.0,901.0
467,718.0,793.0,788.0,779.0,792.0,700.0,761.0,752.0,813.0,782.0,962.0,969.0,949.0,959.0,940.0,986.0,951.0,935.0,961.0,901.0,994.0,1006.0,973.0,963.0,959.0,985.0,987.0,975.0,983.0,989.0,1006.0,1042.0,1028.0,1064.0,1023.0,1018.0,1006.0,1054.0,997.0,990.0,1172.0,1164.0,1163.0,1156.0,1090.0,1135.0,1094.0,1136.0,1098.0,1133.0,1092.0,1081.0,1067.0,1070.0,1082.0,1104.0,1093.0,1097.0,1070.0,1125.0,988.0,976.0,973.0,961.0,982.0,948.0,1008.0,939.0,956.0,945.0,864.0,825.0,874.0,846.0,905.0,910.0,874.0,930.0,957.0,956.0,1127.0,1101.0,1134.0,1151.0,1162.0,1121.0,1171.0,1144.0,1136.0,1131.0,885.0,916.0,935.0,913.0,948.0,905.0,888.0,899.0,876.0,890.0
468,771.0,753.0,764.0,801.0,743.0,755.0,779.0,764.0,749.0,746.0,940.0,926.0,982.0,922.0,1005.0,953.0,948.0,957.0,969.0,942.0,970.0,997.0,1007.0,1016.0,1012.0,970.0,968.0,939.0,966.0,965.0,1036.0,1074.0,1015.0,1021.0,1036.0,1012.0,1013.0,997.0,1032.0,1031.0,1106.0,1125.0,1098.0,1129.0,1162.0,1191.0,1155.0,1145.0,1160.0,1094.0,1076.0,1050.0,1068.0,1100.0,1102.0,1074.0,1075.0,1111.0,1047.0,1101.0,982.0,969.0,988.0,925.0,903.0,958.0,927.0,957.0,955.0,969.0,913.0,912.0,922.0,882.0,913.0,891.0,923.0,960.0,898.0,903.0,1110.0,1149.0,1124.0,1124.0,1115.0,1126.0,1130.0,1141.0,1161.0,1170.0,906.0,916.0,917.0,943.0,890.0,878.0,916.0,890.0,907.0,918.0
469,743.0,759.0,805.0,768.0,742.0,780.0,721.0,771.0,749.0,754.0,968.0,950.0,964.0,978.0,1008.0,981.0,1002.0,946.0,902.0,966.0,947.0,970.0,933.0,982.0,997.0,960.0,959.0,995.0,1073.0,961.0,1026.0,1021.0,1040.0,996.0,1044.0,998.0,1045.0,958.0,1030.0,948.0,1125.0,1136.0,1121.0,1088.0,1146.0,1151.0,1127.0,1160.0,1125.0,1184.0,1085.0,1036.0,1107.0,1100.0,1099.0,993.0,1102.0,1106.0,1081.0,1061.0,985.0,1013.0,947.0,952.0,949.0,989.0,948.0,991.0,982.0,935.0,953.0,951.0,896.0,939.0,929.0,941.0,875.0,923.0,881.0,928.0,1077.0,1125.0,1148.0,1154.0,1079.0,1076.0,1124.0,1120.0,1121.0,1171.0,903.0,911.0,925.0,908.0,887.0,944.0,930.0,893.0,899.0,928.0
470,814.0,738.0,773.0,776.0,765.0,792.0,788.0,756.0,753.0,807.0,930.0,904.0,925.0,901.0,905.0,950.0,947.0,959.0,930.0,906.0,941.0,1010.0,1029.0,945.0,1031.0,1014.0,986.0,934.0,985.0,990.0,1005.0,982.0,1057.0,1040.0,1010.0,1009.0,984.0,1002.0,1026.0,1002.0,1113.0,1162.0,1155.0,1121.0,1187.0,1130.0,1115.0,1141.0,1161.0,1160.0,1051.0,1107.0,1091.0,1105.0,1122.0,1060.0,1108.0,1093.0,1093.0,1088.0,962.0,976.0,941.0,978.0,961.0,967.0,985.0,976.0,971.0,966.0,966.0,916.0,929.0,870.0,893.0,909.0,873.0,957.0,886.0,897.0,1120.0,1155.0,1081.0,1192.0,1100.0,1070.0,1152.0,1123.0,1142.0,1113.0,916.0,919.0,905.0,934.0,902.0,916.0,896.0,924.0,894.0,907.0
471,803.0,746.0,766.0,791.0,787.0,772.0,800.0,793.0,765.0,758.0,920.0,950.0,994.0,888.0,939.0,941.0,951.0,907.0,947.0,964.0,934.0,995.0,987.0,997.0,1014.0,956.0,957.0,984.0,953.0,995.0,1005.0,1020.0,1023.0,992.0,1026.0,1029.0,1040.0,1012.0,1022.0,1009.0,1122.0,1136.0,1122.0,1159.0,1188.0,1162.0,1121.0,1111.0,1127.0,1152.0,1081.0,1072.0,1096.0,1103.0,1101.0,1074.0,1097.0,1119.0,1039.0,1077.0,977.0,981.0,982.0,945.0,947.0,921.0,967.0,968.0,993.0,936.0,911.0,927.0,912.0,893.0,905.0,888.0,866.0,945.0,941.0,880.0,1171.0,1118.0,1090.0,1142.0,1100.0,1165.0,1093.0,1097.0,1123.0,1138.0,895.0,923.0,916.0,951.0,867.0,906.0,946.0,932.0,935.0,924.0
472,766.0,765.0,779.0,800.0,788.0,764.0,771.0,786.0,805.0,746.0,977.0,939.0,953.0,959.0,941.0,950.0,1013.0,940.0,948.0,945.0,934.0,983.0,946.0,976.0,1006.0,939.0,947.0,997.0,940.0,1003.0,1003.0,1027.0,1051.0,1056.0,1072.0,1063.0,1037.0,1041.0,1008.0,1013.0,1133.0,1167.0,1149.0,1174.0,1076.0,1167.0,1094.0,1102.0,1162.0,1094.0,1106.0,1091.0,1081.0,1039.0,1103.0,1066.0,1103.0,1080.0,1065.0,1097.0,983.0,937.0,986.0,914.0,963.0,952.0,972.0,987.0,977.0,952.0,922.0,875.0,912.0,905.0,857.0,851.0,940.0,959.0,903.0,932.0,1088.0,1145.0,1139.0,1119.0,1103.0,1137.0,1081.0,1088.0,1104.0,1152.0,907.0,937.0,890.0,922.0,966.0,923.0,884.0,891.0,936.0,901.0
473,795.0,775.0,755.0,773.0,778.0,755.0,762.0,777.0,753.0,771.0,977.0,969.0,971.0,995.0,937.0,894.0,956.0,956.0,949.0,950.0,965.0,1022.0,975.0,943.0,1005.0,1021.0,965.0,951.0,1005.0,965.0,1009.0,1026.0,1036.0,1009.0,987.0,1032.0,1059.0,1032.0,1015.0,1028.0,1134.0,1096.0,1146.0,1117.0,1150.0,1131.0,1181.0,1139.0,1118.0,1163.0,1109.0,1083.0,1095.0,1120.0,1107.0,1090.0,1062.0,1090.0,1076.0,1033.0,953.0,1012.0,965.0,988.0,964.0,973.0,932.0,975.0,936.0,962.0,919.0,876.0,951.0,950.0,945.0,887.0,930.0,888.0,961.0,934.0,1090.0,1102.0,1077.0,1066.0,1080.0,1131.0,1137.0,1143.0,1118.0,1110.0,870.0,908.0,916.0,906.0,925.0,896.0,855.0,919.0,919.0,922.0
474,815.0,791.0,823.0,773.0,774.0,760.0,705.0,762.0,781.0,716.0,925.0,949.0,941.0,977.0,921.0,898.0,978.0,980.0,934.0,943.0,949.0,1006.0,973.0,979.0,944.0,972.0,948.0,1011.0,958.0,994.0,984.0,1020.0,1029.0,983.0,1016.0,973.0,1045.0,1039.0,1026.0,1049.0,1141.0,1130.0,1155.0,1080.0,1128.0,1203.0,1170.0,1167.0,1135.0,1109.0,1116.0,1076.0,1125.0,1097.0,1126.0,1045.0,1107.0,1057.0,1083.0,1080.0,936.0,938.0,933.0,1031.0,935.0,958.0,977.0,943.0,960.0,988.0,899.0,918.0,909.0,974.0,973.0,987.0,886.0,905.0,944.0,944.0,1166.0,1129.0,1080.0,1041.0,1139.0,1099.0,1118.0,1119.0,1145.0,1119.0,888.0,915.0,920.0,938.0,921.0,914.0,900.0,886.0,884.0,895.0
475,792.0,741.0,821.0,771.0,794.0,781.0,760.0,796.0,774.0,742.0,913.0,945.0,946.0,996.0,939.0,954.0,955.0,1009.0,892.0,963.0,975.0,973.0,988.0,984.0,963.0,956.0,919.0,966.0,932.0,968.0,1036.0,1032.0,1040.0,1001.0,1035.0,994.0,1069.0,1014.0,1026.0,1061.0,1092.0,1129.0,1139.0,1134.0,1163.0,1127.0,1176.0,1145.0,1190.0,1159.0,1144.0,1144.0,1074.0,1069.0,1087.0,1077.0,1102.0,1075.0,1078.0,1069.0,942.0,995.0,973.0,981.0,976.0,962.0,947.0,951.0,959.0,1007.0,910.0,885.0,926.0,942.0,905.0,917.0,843.0,875.0,912.0,899.0,1128.0,1118.0,1052.0,1072.0,1087.0,1109.0,1145.0,1142.0,1135.0,1112.0,886.0,905.0,934.0,927.0,928.0,935.0,915.0,896.0,949.0,854.0
476,748.0,833.0,757.0,778.0,769.0,784.0,754.0,777.0,761.0,791.0,947.0,963.0,949.0,959.0,972.0,953.0,973.0,922.0,972.0,914.0,1005.0,977.0,979.0,982.0,982.0,961.0,973.0,965.0,995.0,916.0,1005.0,1037.0,993.0,1006.0,1034.0,1046.0,1013.0,1019.0,1026.0,1054.0,1106.0,1119.0,1156.0,1158.0,1159.0,1095.0,1111.0,1131.0,1097.0,1170.0,1092.0,1050.0,1114.0,1046.0,1043.0,1059.0,1098.0,1117.0,1107.0,1030.0,968.0,936.0,993.0,948.0,966.0,971.0,962.0,957.0,998.0,996.0,911.0,915.0,952.0,974.0,893.0,894.0,916.0,916.0,883.0,932.0,1111.0,1098.0,1087.0,1106.0,1121.0,1146.0,1069.0,1109.0,1100.0,1126.0,927.0,946.0,912.0,921.0,939.0,905.0,967.0,957.0,910.0,903.0
477,759.0,733.0,802.0,734.0,821.0,787.0,796.0,793.0,754.0,757.0,1019.0,917.0,946.0,987.0,942.0,942.0,976.0,999.0,952.0,939.0,940.0,976.0,948.0,959.0,969.0,1031.0,978.0,975.0,1039.0,1027.0,1013.0,1042.0,1016.0,992.0,1096.0,1058.0,1033.0,970.0,1055.0,980.0,1114.0,1133.0,1152.0,1159.0,1181.0,1109.0,1134.0,1123.0,1141.0,1156.0,1098.0,1115.0,1101.0,1094.0,1068.0,1102.0,1069.0,1121.0,1086.0,1073.0,933.0,985.0,988.0,979.0,940.0,928.0,961.0,977.0,1000.0,989.0,916.0,927.0,915.0,948.0,914.0,869.0,911.0,925.0,870.0,887.0,1151.0,1121.0,1128.0,1094.0,1065.0,1109.0,1097.0,1124.0,1073.0,1161.0,876.0,924.0,897.0,933.0,881.0,879.0,885.0,865.0,878.0,860.0
478,719.0,754.0,809.0,787.0,795.0,743.0,749.0,744.0,760.0,804.0,948.0,927.0,909.0,945.0,998.0,926.0,947.0,970.0,969.0,976.0,979.0,1005.0,1010.0,1025.0,1032.0,1010.0,963.0,997.0,1022.0,923.0,987.0,1044.0,1055.0,1073.0,1002.0,1042.0,1023.0,1139.0,1028.0,962.0,1074.0,1127.0,1143.0,1171.0,1145.0,1119.0,1059.0,1124.0,1071.0,1164.0,1080.0,1122.0,1043.0,1071.0,1084.0,1055.0,1097.0,1105.0,1084.0,1113.0,963.0,941.0,959.0,961.0,918.0,958.0,1005.0,964.0,969.0,989.0,974.0,861.0,881.0,896.0,914.0,889.0,907.0,875.0,947.0,886.0,1165.0,1114.0,1147.0,1029.0,1143.0,1131.0,1148.0,1080.0,1095.0,1091.0,930.0,976.0,937.0,921.0,843.0,940.0,943.0,869.0,906.0,924.0
479,779.0,764.0,734.0,774.0,765.0,786.0,750.0,762.0,745.0,832.0,887.0,961.0,939.0,997.0,912.0,945.0,944.0,931.0,964.0,1003.0,958.0,1006.0,960.0,998.0,969.0,995.0,948.0,1009.0,1005.0,972.0,1044.0,1038.0,1044.0,1044.0,977.0,1015.0,1035.0,1046.0,1023.0,1041.0,1116.0,1122.0,1152.0,1107.0,1127.0,1111.0,1154.0,1109.0,1109.0,1139.0,1126.0,1086.0,1062.0,1071.0,1134.0,1032.0,1105.0,1071.0,1087.0,1052.0,942.0,984.0,978.0,973.0,956.0,975.0,947.0,959.0,952.0,958.0,937.0,914.0,942.0,884.0,932.0,872.0,905.0,925.0,903.0,898.0,1120.0,1109.0,1144.0,1115.0,1164.0,1157.0,1152.0,1136.0,1158.0,1074.0,910.0,890.0,936.0,918.0,936.0,926.0,900.0,921.0,903.0,869.0
480,773.0,794.0,785.0,745.0,749.0,774.0,750.0,726.0,743.0,776.0,943.0,983.0,973.0,968.0,970.0,944.0,942.0,922.0,930.0,956.0,958.0,964.0,960.0,923.0,1008.0,943.0,981.0,986.0,986.0,963.0,1057.0,1011.0,1033.0,1014.0,1025.0,982.0,1098.0,1024.0,1046.0,1048.0,1100.0,1154.0,1146.0,1177.0,1147.0,1105.0,1117.0,1162.0,1144.0,1098.0,1107.0,1053.0,1092.0,1080.0,1072.0,1126.0,1074.0,1116.0,1088.0,1080.0,978.0,962.0,960.0,959.0,953.0,917.0,952.0,973.0,951.0,977.0,899.0,897.0,907.0,938.0,945.0,917.0,934.0,901.0,899.0,902.0,1106.0,1145.0,1150.0,1142.0,1127.0,1159.0,1084.0,1153.0,1121.0,1122.0,900.0,911.0,881.0,932.0,875.0,944.0,911.0,901.0,939.0,918.0
481,805.0,785.0,746.0,772.0,755.0,755.0,782.0,790.0,788.0,756.0,933.0,918.0,1001.0,991.0,950.0,957.0,957.0,972.0,990.0,932.0,969.0,983.0,939.0,984.0,982.0,928.0,952.0,959.0,972.0,970.0,1016.0,1058.0,993.0,987.0,1002.0,1009.0,1055.0,1029.0,1008.0,996.0,1143.0,1128.0,1140.0,1168.0,1199.0,1155.0,1147.0,1136.0,1121.0,1176.0,1075.0,1087.0,1094.0,1058.0,1075.0,1113.0,1062.0,1130.0,1088.0,1080.0,981.0,947.0,1007.0,949.0,974.0,973.0,967.0,980.0,900.0,955.0,878.0,920.0,890.0,897.0,915.0,910.0,891.0,914.0,908.0,931.0,1122.0,1129.0,1141.0,1136.0,1095.0,1121.0,1132.0,1075.0,1144.0,1126.0,900.0,918.0,934.0,935.0,923.0,887.0,900.0,881.0,929.0,917.0
482,788.0,802.0,766.0,776.0,760.0,814.0,798.0,764.0,730.0,781.0,954.0,951.0,949.0,962.0,935.0,949.0,957.0,965.0,942.0,951.0,992.0,974.0,961.0,958.0,971.0,977.0,984.0,966.0,978.0,982.0,1002.0,991.0,1078.0,1053.0,975.0,1021.0,995.0,1037.0,1020.0,985.0,1165.0,1171.0,1162.0,1162.0,1137.0,1058.0,1151.0,1120.0,1149.0,1099.0,1021.0,1046.0,1084.0,1138.0,1097.0,1075.0,1077.0,1073.0,1125.0,1114.0,945.0,944.0,953.0,971.0,1031.0,984.0,943.0,1008.0,942.0,947.0,887.0,927.0,869.0,878.0,953.0,892.0,894.0,949.0,887.0,929.0,1131.0,1118.0,1168.0,1045.0,1104.0,1119.0,1122.0,1091.0,1140.0,1138.0,936.0,950.0,891.0,932.0,907.0,923.0,926.0,895.0,932.0,913.0
483,764.0,767.0,769.0,796.0,757.0,779.0,785.0,783.0,766.0,728.0,982.0,966.0,939.0,992.0,906.0,978.0,903.0,995.0,930.0,1021.0,1001.0,997.0,937.0,991.0,988.0,931.0,952.0,947.0,993.0,1041.0,1052.0,986.0,1046.0,1026.0,1016.0,992.0,1075.0,1040.0,1061.0,992.0,1154.0,1181.0,1190.0,1115.0,1122.0,1143.0,1165.0,1161.0,1137.0,1114.0,1089.0,1072.0,1075.0,1045.0,1130.0,1124.0,1108.0,1038.0,1117.0,1060.0,906.0,968.0,998.0,959.0,975.0,950.0,945.0,978.0,932.0,936.0,880.0,961.0,885.0,880.0,915.0,899.0,914.0,907.0,901.0,982.0,1101.0,1055.0,1130.0,1163.0,1142.0,1116.0,1094.0,1116.0,1066.0,1070.0,890.0,923.0,909.0,907.0,917.0,900.0,905.0,906.0,944.0,896.0
484,746.0,761.0,792.0,756.0,798.0,759.0,708.0,743.0,751.0,793.0,936.0,905.0,944.0,965.0,922.0,972.0,932.0,922.0,1006.0,935.0,981.0,988.0,1000.0,987.0,997.0,1013.0,1001.0,986.0,1029.0,958.0,1053.0,1012.0,998.0,995.0,1004.0,991.0,1008.0,1067.0,1015.0,1045.0,1154.0,1109.0,1184.0,1129.0,1171.0,1146.0,1128.0,1148.0,1137.0,1180.0,1084.0,1139.0,1073.0,1130.0,1107.0,1098.0,1096.0,1081.0,1070.0,1107.0,981.0,975.0,960.0,970.0,963.0,947.0,995.0,964.0,961.0,939.0,854.0,916.0,874.0,907.0,886.0,895.0,937.0,925.0,893.0,874.0,1108.0,1128.0,1143.0,1141.0,1130.0,1079.0,1164.0,1130.0,1097.0,1115.0,920.0,942.0,906.0,892.0,890.0,913.0,871.0,903.0,888.0,890.0
485,731.0,769.0,794.0,800.0,820.0,793.0,775.0,776.0,773.0,773.0,976.0,942.0,983.0,959.0,933.0,905.0,964.0,1013.0,978.0,951.0,1025.0,997.0,952.0,969.0,996.0,923.0,937.0,995.0,989.0,964.0,1031.0,1022.0,1050.0,1044.0,1028.0,1010.0,994.0,1001.0,988.0,1000.0,1166.0,1163.0,1150.0,1140.0,1099.0,1163.0,1110.0,1169.0,1145.0,1104.0,1051.0,1094.0,1102.0,1088.0,1060.0,1100.0,1067.0,1094.0,1070.0,1119.0,975.0,938.0,955.0,965.0,977.0,987.0,957.0,947.0,979.0,978.0,872.0,895.0,881.0,868.0,918.0,931.0,930.0,881.0,903.0,901.0,1090.0,1119.0,1107.0,1131.0,1132.0,1103.0,1196.0,1091.0,1081.0,1125.0,897.0,934.0,899.0,906.0,910.0,898.0,910.0,904.0,944.0,924.0
486,801.0,811.0,812.0,807.0,774.0,809.0,751.0,792.0,820.0,742.0,927.0,953.0,889.0,910.0,949.0,920.0,949.0,946.0,1006.0,960.0,1033.0,993.0,1004.0,977.0,948.0,985.0,968.0,1005.0,958.0,984.0,1052.0,1001.0,1024.0,1015.0,979.0,1026.0,982.0,1037.0,989.0,1040.0,1109.0,1130.0,1106.0,1158.0,1172.0,1147.0,1173.0,1102.0,1113.0,1115.0,1050.0,1085.0,1059.0,1098.0,1089.0,1113.0,1070.0,1089.0,1119.0,1010.0,981.0,956.0,945.0,944.0,945.0,946.0,968.0,999.0,890.0,977.0,917.0,904.0,951.0,905.0,903.0,912.0,937.0,906.0,866.0,925.0,1069.0,1121.0,1148.0,1131.0,1189.0,1073.0,1136.0,1102.0,1131.0,1155.0,881.0,922.0,939.0,926.0,923.0,883.0,904.0,896.0,959.0,931.0
487,775.0,753.0,751.0,763.0,777.0,749.0,757.0,787.0,761.0,816.0,935.0,998.0,958.0,881.0,972.0,926.0,961.0,946.0,986.0,902.0,951.0,964.0,946.0,947.0,959.0,977.0,966.0,973.0,980.0,967.0,994.0,1013.0,1021.0,1060.0,1005.0,1015.0,1039.0,1006.0,1005.0,975.0,1188.0,1158.0,1139.0,1145.0,1134.0,1147.0,1203.0,1125.0,1130.0,1126.0,1058.0,1130.0,1059.0,1135.0,1067.0,1104.0,1110.0,1052.0,1118.0,1067.0,912.0,937.0,959.0,964.0,963.0,982.0,924.0,1006.0,958.0,927.0,948.0,886.0,952.0,903.0,902.0,905.0,896.0,927.0,897.0,954.0,1109.0,1124.0,1130.0,1130.0,1169.0,1127.0,1111.0,1136.0,1057.0,1151.0,949.0,909.0,964.0,939.0,923.0,879.0,867.0,919.0,960.0,956.0
488,777.0,746.0,746.0,771.0,770.0,769.0,738.0,776.0,745.0,740.0,973.0,969.0,993.0,952.0,928.0,932.0,944.0,926.0,989.0,970.0,920.0,979.0,1017.0,941.0,952.0,953.0,978.0,988.0,1037.0,949.0,1039.0,1032.0,1057.0,1005.0,1011.0,1015.0,1027.0,1021.0,1012.0,1029.0,1142.0,1125.0,1115.0,1163.0,1173.0,1102.0,1128.0,1129.0,1121.0,1161.0,1042.0,1074.0,1087.0,1079.0,1060.0,1053.0,1137.0,1060.0,1065.0,1106.0,965.0,974.0,904.0,988.0,983.0,1008.0,943.0,1019.0,915.0,962.0,862.0,931.0,919.0,944.0,938.0,919.0,900.0,931.0,964.0,909.0,1144.0,1131.0,1151.0,1104.0,1089.0,1136.0,1090.0,1108.0,1125.0,1106.0,956.0,910.0,887.0,920.0,969.0,928.0,949.0,921.0,879.0,907.0
489,775.0,792.0,801.0,789.0,770.0,798.0,801.0,761.0,755.0,747.0,977.0,947.0,930.0,972.0,956.0,936.0,899.0,960.0,901.0,925.0,907.0,983.0,1012.0,966.0,1000.0,991.0,1000.0,966.0,1039.0,988.0,1059.0,1015.0,1039.0,1005.0,986.0,984.0,1006.0,992.0,1072.0,1032.0,1138.0,1156.0,1102.0,1142.0,1108.0,1162.0,1118.0,1162.0,1106.0,1151.0,1118.0,1088.0,1093.0,1119.0,1067.0,1017.0,1107.0,1140.0,1128.0,1102.0,928.0,969.0,969.0,1005.0,1002.0,940.0,964.0,968.0,972.0,994.0,870.0,868.0,900.0,930.0,963.0,952.0,929.0,901.0,920.0,870.0,1115.0,1108.0,1123.0,1047.0,1161.0,1104.0,1100.0,1143.0,1119.0,1140.0,932.0,947.0,911.0,896.0,861.0,933.0,914.0,881.0,837.0,886.0
490,763.0,762.0,741.0,764.0,782.0,767.0,765.0,766.0,756.0,768.0,916.0,962.0,976.0,1018.0,939.0,943.0,953.0,951.0,938.0,900.0,965.0,928.0,949.0,971.0,989.0,958.0,977.0,988.0,987.0,1006.0,1037.0,1055.0,1065.0,1032.0,1033.0,990.0,1010.0,987.0,1038.0,1030.0,1144.0,1197.0,1121.0,1083.0,1077.0,1154.0,1116.0,1187.0,1164.0,1174.0,1087.0,1063.0,1110.0,1110.0,1087.0,1112.0,1095.0,1131.0,1028.0,1055.0,981.0,949.0,988.0,973.0,1002.0,973.0,1012.0,974.0,986.0,996.0,920.0,921.0,926.0,915.0,932.0,898.0,925.0,891.0,945.0,852.0,1095.0,1110.0,1147.0,1094.0,1112.0,1126.0,1120.0,1124.0,1139.0,1091.0,912.0,924.0,854.0,914.0,924.0,896.0,868.0,870.0,866.0,962.0
491,763.0,774.0,793.0,749.0,791.0,801.0,778.0,789.0,750.0,776.0,984.0,978.0,921.0,948.0,930.0,986.0,910.0,928.0,989.0,998.0,923.0,966.0,965.0,956.0,971.0,935.0,970.0,949.0,1008.0,922.0,1009.0,1056.0,1019.0,1037.0,1006.0,991.0,998.0,1003.0,1044.0,1026.0,1157.0,1125.0,1143.0,1125.0,1175.0,1157.0,1144.0,1135.0,1141.0,1145.0,1046.0,1101.0,1070.0,1129.0,1094.0,1081.0,1087.0,1093.0,1041.0,1054.0,923.0,928.0,969.0,942.0,953.0,1006.0,977.0,964.0,930.0,985.0,948.0,873.0,932.0,920.0,917.0,888.0,942.0,913.0,916.0,920.0,1121.0,1146.0,1163.0,1163.0,1156.0,1082.0,1129.0,1193.0,1141.0,1099.0,945.0,921.0,903.0,901.0,881.0,890.0,907.0,901.0,885.0,911.0
492,720.0,775.0,738.0,777.0,767.0,780.0,755.0,795.0,812.0,734.0,919.0,977.0,971.0,961.0,926.0,922.0,1008.0,993.0,891.0,904.0,979.0,992.0,929.0,980.0,970.0,915.0,925.0,933.0,959.0,947.0,1045.0,1056.0,1066.0,1013.0,1043.0,1042.0,1017.0,1003.0,1018.0,1101.0,1138.0,1110.0,1141.0,1162.0,1181.0,1153.0,1107.0,1129.0,1151.0,1146.0,1065.0,1140.0,1076.0,1079.0,1063.0,1079.0,1100.0,1097.0,1104.0,1051.0,971.0,920.0,959.0,956.0,967.0,989.0,974.0,944.0,980.0,987.0,896.0,894.0,949.0,895.0,918.0,878.0,948.0,926.0,902.0,887.0,1135.0,1114.0,1142.0,1143.0,1148.0,1142.0,1099.0,1111.0,1126.0,1119.0,950.0,890.0,905.0,902.0,889.0,915.0,911.0,940.0,903.0,956.0
493,744.0,739.0,782.0,765.0,762.0,835.0,732.0,793.0,770.0,801.0,944.0,962.0,884.0,959.0,952.0,935.0,954.0,943.0,948.0,969.0,968.0,981.0,988.0,1000.0,959.0,993.0,947.0,990.0,931.0,978.0,1009.0,1023.0,1011.0,1017.0,1035.0,1047.0,1046.0,989.0,1022.0,1004.0,1156.0,1114.0,1163.0,1163.0,1179.0,1147.0,1116.0,1147.0,1138.0,1157.0,1094.0,1082.0,1111.0,1094.0,1087.0,1080.0,1114.0,1112.0,1083.0,1046.0,957.0,980.0,958.0,944.0,930.0,943.0,1011.0,965.0,953.0,948.0,916.0,945.0,926.0,898.0,982.0,847.0,918.0,931.0,967.0,908.0,1116.0,1126.0,1107.0,1131.0,1131.0,1091.0,1126.0,1112.0,1141.0,1135.0,913.0,916.0,947.0,894.0,852.0,899.0,879.0,890.0,893.0,887.0
494,779.0,790.0,736.0,797.0,777.0,741.0,814.0,775.0,723.0,724.0,957.0,974.0,970.0,943.0,919.0,968.0,916.0,959.0,920.0,925.0,1001.0,948.0,1015.0,986.0,947.0,982.0,987.0,960.0,940.0,966.0,979.0,977.0,1028.0,1018.0,1060.0,1026.0,1026.0,1026.0,1010.0,1017.0,1108.0,1179.0,1119.0,1137.0,1130.0,1094.0,1135.0,1179.0,1163.0,1147.0,1054.0,1056.0,1060.0,1040.0,1065.0,1070.0,1083.0,1048.0,1107.0,1059.0,964.0,959.0,945.0,979.0,986.0,963.0,973.0,986.0,1000.0,929.0,891.0,941.0,899.0,939.0,969.0,902.0,866.0,911.0,920.0,929.0,1159.0,1115.0,1164.0,1169.0,1109.0,1141.0,1081.0,1094.0,1167.0,1169.0,927.0,933.0,938.0,855.0,910.0,932.0,965.0,936.0,891.0,965.0
495,750.0,799.0,755.0,777.0,706.0,765.0,756.0,792.0,796.0,768.0,956.0,914.0,968.0,902.0,928.0,958.0,963.0,972.0,974.0,903.0,991.0,984.0,974.0,943.0,948.0,1011.0,997.0,984.0,948.0,963.0,1010.0,1060.0,1035.0,988.0,1106.0,1029.0,1004.0,1022.0,1036.0,1037.0,1099.0,1108.0,1128.0,1171.0,1166.0,1118.0,1097.0,1148.0,1146.0,1147.0,1102.0,1091.0,1131.0,1119.0,1072.0,1100.0,1100.0,1105.0,1090.0,1071.0,934.0,913.0,978.0,985.0,966.0,956.0,979.0,923.0,930.0,970.0,894.0,937.0,877.0,949.0,948.0,931.0,894.0,916.0,941.0,923.0,1128.0,1147.0,1107.0,1096.0,1131.0,1059.0,1112.0,1103.0,1114.0,1149.0,956.0,921.0,921.0,932.0,896.0,893.0,945.0,910.0,867.0,898.0
496,745.0,726.0,793.0,774.0,781.0,773.0,736.0,795.0,733.0,790.0,949.0,949.0,936.0,895.0,983.0,946.0,983.0,954.0,970.0,917.0,982.0,973.0,983.0,941.0,975.0,956.0,928.0,983.0,954.0,989.0,1039.0,980.0,1056.0,1008.0,964.0,1035.0,1019.0,984.0,1010.0,1031.0,1159.0,1162.0,1118.0,1150.0,1171.0,1165.0,1187.0,1149.0,1145.0,1203.0,1112.0,1135.0,1081.0,1109.0,1079.0,1071.0,1099.0,1109.0,1078.0,1095.0,928.0,948.0,982.0,1009.0,994.0,944.0,926.0,1001.0,1001.0,946.0,891.0,896.0,925.0,917.0,947.0,918.0,920.0,914.0,890.0,862.0,1096.0,1163.0,1134.0,1130.0,1106.0,1134.0,1103.0,1068.0,1151.0,1107.0,916.0,936.0,868.0,927.0,868.0,875.0,944.0,920.0,908.0,886.0
497,750.0,763.0,799.0,733.0,768.0,727.0,772.0,785.0,774.0,775.0,902.0,959.0,957.0,950.0,973.0,958.0,939.0,961.0,941.0,955.0,1001.0,1015.0,964.0,949.0,984.0,991.0,1009.0,969.0,966.0,949.0,1005.0,1016.0,1021.0,997.0,1047.0,984.0,989.0,1040.0,1024.0,979.0,1194.0,1120.0,1144.0,1202.0,1138.0,1157.0,1142.0,1159.0,1100.0,1133.0,1072.0,1109.0,1048.0,1113.0,1069.0,1073.0,1070.0,1065.0,1127.0,1091.0,953.0,959.0,986.0,934.0,947.0,958.0,980.0,949.0,986.0,1004.0,939.0,916.0,943.0,945.0,939.0,924.0,877.0,881.0,912.0,932.0,1125.0,1116.0,1123.0,1134.0,1091.0,1165.0,1136.0,1102.0,1092.0,1097.0,872.0,894.0,894.0,898.0,916.0,874.0,931.0,967.0,923.0,914.0
498,794.0,728.0,796.0,763.0,789.0,775.0,828.0,768.0,820.0,812.0,954.0,951.0,923.0,978.0,923.0,968.0,936.0,971.0,904.0,934.0,933.0,993.0,955.0,983.0,969.0,962.0,1022.0,1030.0,992.0,999.0,1042.0,1018.0,1078.0,1014.0,1037.0,1025.0,1019.0,1013.0,1017.0,1051.0,1130.0,1149.0,1155.0,1112.0,1135.0,1130.0,1080.0,1155.0,1163.0,1098.0,1051.0,1047.0,1026.0,1071.0,1094.0,1095.0,1072.0,1086.0,1055.0,1128.0,964.0,959.0,979.0,990.0,949.0,861.0,954.0,930.0,956.0,924.0,911.0,925.0,938.0,908.0,914.0,910.0,891.0,901.0,934.0,901.0,1136.0,1135.0,1114.0,1127.0,1115.0,1147.0,1116.0,1136.0,1104.0,1105.0,902.0,962.0,917.0,913.0,950.0,936.0,932.0,887.0,904.0,880.0
499,745.0,753.0,788.0,766.0,795.0,759.0,749.0,734.0,784.0,774.0,966.0,959.0,986.0,954.0,942.0,981.0,977.0,973.0,960.0,949.0,1001.0,974.0,956.0,975.0,997.0,973.0,968.0,975.0,991.0,994.0,1030.0,1025.0,1053.0,1075.0,1023.0,1008.0,1022.0,1014.0,980.0,998.0,1138.0,1204.0,1162.0,1199.0,1119.0,1133.0,1107.0,1136.0,1131.0,1083.0,1092.0,1046.0,1085.0,1057.0,1080.0,1086.0,1088.0,1073.0,1102.0,1077.0,981.0,927.0,922.0,912.0,967.0,941.0,1003.0,990.0,1000.0,976.0,854.0,909.0,934.0,905.0,920.0,911.0,889.0,966.0,936.0,935.0,1082.0,1111.0,1083.0,1118.0,1140.0,1103.0,1102.0,1146.0,1073.0,1161.0,929.0,958.0,914.0,894.0,894.0,915.0,947.0,868.0,894.0,887.0
500,769.0,781.0,790.0,734.0,767.0,765.0,758.0,798.0,730.0,741.0,970.0,1008.0,945.0,969.0,960.0,925.0,953.0,911.0,975.0,930.0,959.0,905.0,951.0,1007.0,952.0,933.0,1003.0,969.0,986.0,965.0,1011.0,1031.0,1071.0,1026.0,1038.0,1059.0,1019.0,1012.0,1007.0,1038.0,1143.0,1161.0,1156.0,1152.0,1179.0,1141.0,1145.0,1188.0,1121.0,1116.0,1089.0,1040.0,1038.0,1070.0,1064.0,1072.0,1101.0,1094.0,1149.0,1113.0,987.0,986.0,914.0,985.0,977.0,989.0,978.0,950.0,993.0,958.0,888.0,885.0,937.0,924.0,895.0,914.0,915.0,893.0,900.0,927.0,1123.0,1143.0,1125.0,1090.0,1136.0,1105.0,1098.0,1156.0,1100.0,1143.0,879.0,926.0,957.0,898.0,907.0,908.0,881.0,900.0,888.0,901.0
501,813.0,854.0,757.0,786.0,822.0,755.0,760.0,790.0,791.0,805.0,946.0,980.0,1006.0,926.0,995.0,943.0,955.0,958.0,864.0,919.0,961.0,955.0,968.0,993.0,1021.0,957.0,982.0,953.0,998.0,933.0,1043.0,1008.0,1030.0,1028.0,983.0,1002.0,1029.0,1032.0,1006.0,985.0,1127.0,1124.0,1108.0,1120.0,1116.0,1141.0,1131.0,1149.0,1156.0,1128.0,1117.0,1045.0,1081.0,1100.0,1107.0,1093.0,1096.0,1074.0,1085.0,1105.0,931.0,976.0,971.0,1015.0,929.0,999.0,957.0,988.0,946.0,998.0,892.0,921.0,927.0,901.0,912.0,910.0,919.0,871.0,937.0,979.0,1089.0,1095.0,1134.0,1128.0,1109.0,1108.0,1110.0,1155.0,1117.0,1131.0,901.0,914.0,904.0,860.0,884.0,903.0,913.0,900.0,950.0,851.0
502,741.0,749.0,759.0,821.0,766.0,754.0,793.0,776.0,817.0,756.0,983.0,936.0,922.0,974.0,964.0,922.0,955.0,924.0,936.0,912.0,998.0,1017.0,956.0,1005.0,967.0,967.0,916.0,974.0,1005.0,976.0,993.0,981.0,1075.0,980.0,976.0,1034.0,1079.0,996.0,1025.0,1037.0,1101.0,1132.0,1199.0,1145.0,1195.0,1116.0,1179.0,1166.0,1106.0,1212.0,1077.0,1135.0,1085.0,1048.0,1071.0,1131.0,1055.0,1077.0,1073.0,1056.0,996.0,981.0,958.0,986.0,984.0,931.0,958.0,1017.0,931.0,951.0,921.0,906.0,882.0,909.0,959.0,932.0,889.0,883.0,949.0,945.0,1107.0,1110.0,1135.0,1141.0,1085.0,1134.0,1104.0,1084.0,1119.0,1107.0,905.0,923.0,908.0,852.0,912.0,888.0,922.0,974.0,893.0,879.0
503,768.0,798.0,775.0,796.0,786.0,755.0,801.0,755.0,771.0,744.0,953.0,974.0,969.0,924.0,943.0,973.0,986.0,992.0,951.0,975.0,996.0,933.0,1003.0,938.0,957.0,976.0,955.0,986.0,1005.0,985.0,1051.0,1017.0,1036.0,1022.0,997.0,1000.0,1022.0,1014.0,978.0,997.0,1151.0,1158.0,1150.0,1156.0,1140.0,1160.0,1136.0,1139.0,1162.0,1131.0,1047.0,1094.0,1036.0,1094.0,1134.0,1066.0,1076.0,1065.0,1059.0,1083.0,941.0,988.0,952.0,975.0,940.0,930.0,968.0,985.0,986.0,995.0,930.0,898.0,894.0,916.0,916.0,895.0,906.0,936.0,921.0,883.0,1089.0,1111.0,1162.0,1071.0,1137.0,1100.0,1114.0,1109.0,1151.0,1145.0,898.0,899.0,901.0,972.0,928.0,954.0,888.0,892.0,868.0,891.0
504,782.0,748.0,787.0,794.0,756.0,775.0,773.0,752.0,783.0,785.0,987.0,991.0,940.0,968.0,967.0,982.0,968.0,994.0,932.0,956.0,941.0,996.0,994.0,960.0,958.0,963.0,980.0,968.0,1014.0,991.0,1072.0,1070.0,1058.0,997.0,1004.0,1017.0,1056.0,1034.0,1062.0,1001.0,1106.0,1139.0,1175.0,1155.0,1186.0,1149.0,1128.0,1143.0,1153.0,1137.0,1082.0,1057.0,1022.0,1111.0,1060.0,1104.0,1030.0,1067.0,1056.0,1089.0,956.0,939.0,955.0,959.0,939.0,957.0,957.0,962.0,982.0,950.0,869.0,904.0,891.0,928.0,903.0,863.0,887.0,946.0,895.0,902.0,1129.0,1129.0,1150.0,1073.0,1152.0,1091.0,1136.0,1110.0,1080.0,1091.0,900.0,895.0,905.0,921.0,952.0,907.0,936.0,898.0,896.0,932.0
505,780.0,766.0,770.0,821.0,807.0,786.0,777.0,765.0,782.0,778.0,978.0,1015.0,947.0,994.0,979.0,949.0,951.0,1002.0,993.0,976.0,970.0,908.0,1014.0,921.0,959.0,921.0,973.0,974.0,987.0,984.0,1039.0,1006.0,998.0,1043.0,998.0,1082.0,1048.0,1050.0,1017.0,1043.0,1144.0,1178.0,1148.0,1152.0,1193.0,1101.0,1109.0,1125.0,1158.0,1140.0,1073.0,1117.0,1041.0,1014.0,1059.0,1100.0,1084.0,1078.0,1065.0,1059.0,935.0,979.0,1015.0,1017.0,911.0,943.0,926.0,959.0,967.0,958.0,832.0,862.0,893.0,902.0,909.0,918.0,964.0,882.0,915.0,903.0,1145.0,1096.0,1109.0,1123.0,1155.0,1092.0,1099.0,1151.0,1078.0,1078.0,925.0,938.0,946.0,881.0,907.0,918.0,923.0,886.0,893.0,917.0
506,751.0,723.0,786.0,785.0,778.0,793.0,769.0,803.0,808.0,753.0,961.0,972.0,969.0,978.0,948.0,944.0,957.0,941.0,891.0,992.0,981.0,981.0,1021.0,952.0,967.0,968.0,994.0,974.0,962.0,966.0,1035.0,1056.0,1024.0,1025.0,1022.0,1037.0,1063.0,1074.0,1025.0,1029.0,1126.0,1132.0,1112.0,1145.0,1153.0,1112.0,1074.0,1160.0,1141.0,1152.0,1087.0,1086.0,1056.0,1087.0,1118.0,1057.0,1127.0,1045.0,1103.0,1085.0,983.0,983.0,902.0,916.0,999.0,979.0,937.0,988.0,991.0,935.0,926.0,897.0,938.0,940.0,898.0,873.0,920.0,871.0,894.0,940.0,1116.0,1089.0,1118.0,1122.0,1106.0,1143.0,1128.0,1121.0,1090.0,1090.0,854.0,946.0,958.0,919.0,887.0,906.0,885.0,894.0,953.0,894.0
507,772.0,736.0,732.0,770.0,767.0,845.0,757.0,776.0,767.0,814.0,928.0,951.0,925.0,992.0,955.0,965.0,925.0,918.0,947.0,956.0,965.0,1010.0,992.0,1030.0,948.0,988.0,1039.0,985.0,957.0,947.0,987.0,1030.0,1008.0,1032.0,1020.0,997.0,1041.0,1028.0,1027.0,1089.0,1157.0,1148.0,1201.0,1085.0,1166.0,1106.0,1151.0,1068.0,1185.0,1116.0,1056.0,1119.0,1043.0,1052.0,1104.0,1083.0,1074.0,1095.0,1087.0,1069.0,991.0,941.0,989.0,969.0,938.0,918.0,937.0,1001.0,932.0,946.0,948.0,898.0,942.0,938.0,935.0,897.0,939.0,927.0,913.0,936.0,1112.0,1109.0,1125.0,1099.0,1145.0,1095.0,1098.0,1151.0,1101.0,1111.0,904.0,920.0,922.0,906.0,896.0,924.0,891.0,924.0,939.0,854.0
508,781.0,695.0,799.0,754.0,750.0,725.0,777.0,770.0,776.0,770.0,958.0,909.0,993.0,1009.0,977.0,968.0,949.0,961.0,984.0,961.0,940.0,1018.0,970.0,986.0,975.0,1037.0,1020.0,988.0,980.0,998.0,987.0,1072.0,988.0,995.0,1044.0,1018.0,1009.0,1052.0,1025.0,1029.0,1091.0,1124.0,1113.0,1187.0,1173.0,1120.0,1141.0,1126.0,1112.0,1129.0,1121.0,1051.0,1090.0,1071.0,1093.0,1059.0,1068.0,1054.0,1104.0,1040.0,992.0,975.0,921.0,921.0,938.0,973.0,963.0,986.0,975.0,948.0,919.0,948.0,941.0,953.0,961.0,920.0,876.0,845.0,915.0,895.0,1096.0,1123.0,1175.0,1109.0,1094.0,1082.0,1137.0,1136.0,1061.0,1140.0,937.0,945.0,888.0,886.0,868.0,916.0,913.0,956.0,926.0,929.0
509,768.0,776.0,762.0,782.0,794.0,767.0,775.0,774.0,777.0,763.0,1060.0,942.0,980.0,957.0,952.0,970.0,980.0,942.0,953.0,978.0,966.0,988.0,988.0,975.0,957.0,988.0,972.0,999.0,996.0,1015.0,983.0,1051.0,1034.0,993.0,1001.0,983.0,993.0,1044.0,1011.0,1009.0,1081.0,1189.0,1090.0,1137.0,1157.0,1139.0,1128.0,1149.0,1142.0,1139.0,1103.0,1086.0,1130.0,1151.0,1115.0,1066.0,1055.0,1074.0,1073.0,1062.0,948.0,915.0,1001.0,961.0,980.0,949.0,950.0,924.0,949.0,945.0,919.0,867.0,906.0,916.0,900.0,933.0,918.0,908.0,879.0,903.0,1091.0,1134.0,1063.0,1114.0,1106.0,1117.0,1142.0,1135.0,1140.0,1143.0,907.0,909.0,924.0,884.0,911.0,906.0,940.0,924.0,937.0,880.0
510,711.0,725.0,784.0,757.0,776.0,748.0,746.0,794.0,766.0,823.0,983.0,980.0,927.0,970.0,954.0,952.0,968.0,961.0,1017.0,991.0,980.0,940.0,970.0,971.0,995.0,942.0,992.0,977.0,1018.0,937.0,1034.0,1083.0,1007.0,1047.0,994.0,1035.0,1000.0,1031.0,986.0,992.0,1078.0,1150.0,1203.0,1114.0,1111.0,1138.0,1168.0,1139.0,1200.0,1110.0,1128.0,1149.0,1107.0,1090.0,1109.0,1057.0,1084.0,1084.0,1036.0,1104.0,957.0,980.0,956.0,1003.0,984.0,985.0,966.0,969.0,956.0,966.0,914.0,860.0,945.0,868.0,915.0,909.0,914.0,890.0,920.0,913.0,1124.0,1053.0,1080.0,1130.0,1123.0,1133.0,1106.0,1137.0,1078.0,1079.0,913.0,932.0,899.0,919.0,915.0,919.0,909.0,892.0,879.0,928.0
511,734.0,790.0,743.0,795.0,744.0,781.0,807.0,776.0,801.0,821.0,968.0,944.0,928.0,936.0,966.0,962.0,933.0,952.0,957.0,973.0,961.0,964.0,964.0,1006.0,954.0,991.0,977.0,989.0,979.0,994.0,1017.0,1085.0,1028.0,1002.0,1039.0,1035.0,1037.0,1040.0,1013.0,1012.0,1138.0,1094.0,1202.0,1099.0,1195.0,1162.0,1115.0,1129.0,1155.0,1124.0,1100.0,1102.0,1070.0,1064.0,1055.0,1005.0,1071.0,1084.0,1070.0,1045.0,991.0,934.0,970.0,989.0,900.0,976.0,968.0,955.0,920.0,892.0,917.0,949.0,918.0,924.0,958.0,922.0,916.0,900.0,878.0,927.0,1086.0,1097.0,1145.0,1124.0,1130.0,1095.0,1132.0,1132.0,1148.0,1142.0,911.0,897.0,906.0,933.0,933.0,891.0,900.0,917.0,935.0,915.0
512,753.0,705.0,813.0,756.0,755.0,814.0,726.0,791.0,791.0,800.0,985.0,991.0,975.0,940.0,987.0,913.0,966.0,924.0,981.0,941.0,938.0,975.0,966.0,1017.0,919.0,971.0,1008.0,1008.0,1006.0,1001.0,998.0,1042.0,1011.0,998.0,1056.0,1058.0,1001.0,980.0,991.0,1022.0,1157.0,1131.0,1157.0,1132.0,1155.0,1124.0,1173.0,1153.0,1102.0,1099.0,1068.0,999.0,1097.0,1087.0,1086.0,1068.0,1088.0,1049.0,1040.0,1057.0,978.0,1004.0,970.0,959.0,967.0,926.0,1016.0,979.0,942.0,926.0,893.0,938.0,905.0,921.0,888.0,982.0,881.0,889.0,938.0,943.0,1138.0,1136.0,1117.0,1132.0,1123.0,1059.0,1133.0,1156.0,1167.0,1140.0,912.0,935.0,862.0,929.0,938.0,909.0,858.0,945.0,900.0,918.0
513,772.0,785.0,787.0,745.0,767.0,812.0,764.0,802.0,791.0,765.0,936.0,976.0,938.0,926.0,990.0,899.0,914.0,904.0,920.0,901.0,992.0,992.0,963.0,1002.0,971.0,982.0,1015.0,970.0,957.0,998.0,1047.0,977.0,1000.0,1022.0,1024.0,1041.0,1042.0,1031.0,1044.0,1018.0,1195.0,1159.0,1146.0,1175.0,1123.0,1130.0,1163.0,1197.0,1143.0,1146.0,1051.0,1063.0,1068.0,1083.0,1094.0,1085.0,1105.0,1057.0,1088.0,1080.0,979.0,981.0,1000.0,959.0,973.0,958.0,923.0,972.0,960.0,996.0,863.0,894.0,928.0,898.0,944.0,898.0,928.0,894.0,972.0,895.0,1107.0,1122.0,1098.0,1127.0,1047.0,1131.0,1104.0,1094.0,1108.0,1113.0,874.0,909.0,949.0,932.0,946.0,889.0,890.0,952.0,876.0,933.0
514,763.0,775.0,803.0,792.0,748.0,743.0,792.0,802.0,772.0,795.0,947.0,960.0,968.0,963.0,983.0,948.0,922.0,988.0,1011.0,970.0,1026.0,1006.0,1046.0,1043.0,983.0,984.0,922.0,980.0,962.0,993.0,1015.0,1065.0,974.0,997.0,1028.0,985.0,1006.0,988.0,1044.0,993.0,1110.0,1149.0,1152.0,1129.0,1129.0,1147.0,1185.0,1102.0,1167.0,1165.0,1045.0,1064.0,1104.0,1065.0,1123.0,1041.0,1026.0,1079.0,1023.0,1127.0,958.0,926.0,895.0,929.0,960.0,977.0,1047.0,987.0,960.0,935.0,889.0,907.0,930.0,921.0,940.0,916.0,875.0,913.0,898.0,920.0,1119.0,1094.0,1137.0,1124.0,1095.0,1156.0,1116.0,1154.0,1112.0,1090.0,945.0,913.0,867.0,907.0,889.0,926.0,957.0,883.0,911.0,856.0
515,786.0,730.0,791.0,750.0,757.0,750.0,717.0,726.0,782.0,754.0,964.0,975.0,951.0,986.0,948.0,955.0,964.0,979.0,933.0,1003.0,972.0,980.0,1004.0,941.0,986.0,1021.0,986.0,985.0,961.0,971.0,1022.0,1087.0,1047.0,1027.0,1018.0,1003.0,1033.0,983.0,986.0,981.0,1116.0,1107.0,1155.0,1130.0,1132.0,1161.0,1164.0,1170.0,1173.0,1129.0,1108.0,1087.0,1085.0,1090.0,1125.0,1037.0,1075.0,1097.0,1083.0,1069.0,980.0,949.0,969.0,921.0,962.0,984.0,920.0,910.0,999.0,959.0,921.0,903.0,909.0,939.0,917.0,860.0,892.0,938.0,891.0,940.0,1066.0,1103.0,1095.0,1111.0,1087.0,1110.0,1161.0,1134.0,1130.0,1108.0,888.0,938.0,871.0,975.0,945.0,940.0,930.0,950.0,921.0,931.0
516,793.0,766.0,795.0,755.0,760.0,755.0,749.0,756.0,772.0,778.0,917.0,946.0,970.0,967.0,959.0,910.0,924.0,972.0,937.0,1005.0,1007.0,994.0,967.0,948.0,970.0,994.0,955.0,1021.0,934.0,1007.0,1070.0,1016.0,1056.0,1056.0,1021.0,1020.0,1038.0,1041.0,1014.0,994.0,1110.0,1192.0,1072.0,1143.0,1172.0,1180.0,1165.0,1123.0,1164.0,1153.0,1026.0,1095.0,1068.0,1122.0,1099.0,1075.0,1134.0,1093.0,1065.0,1012.0,947.0,919.0,992.0,1006.0,951.0,938.0,985.0,890.0,996.0,982.0,944.0,870.0,917.0,873.0,932.0,856.0,856.0,888.0,942.0,911.0,1131.0,1117.0,1151.0,1117.0,1107.0,1171.0,1119.0,1141.0,1108.0,1100.0,878.0,941.0,891.0,880.0,904.0,914.0,915.0,948.0,928.0,904.0
517,766.0,755.0,767.0,798.0,757.0,785.0,799.0,699.0,796.0,737.0,953.0,937.0,894.0,997.0,976.0,908.0,934.0,965.0,978.0,987.0,964.0,1026.0,924.0,952.0,995.0,991.0,977.0,988.0,934.0,1030.0,1015.0,992.0,1098.0,1011.0,1039.0,1015.0,997.0,1021.0,1018.0,1026.0,1122.0,1183.0,1176.0,1135.0,1122.0,1121.0,1094.0,1125.0,1165.0,1148.0,1109.0,1069.0,1087.0,1096.0,1080.0,1139.0,1107.0,1075.0,1063.0,1053.0,963.0,962.0,951.0,938.0,978.0,943.0,933.0,999.0,983.0,974.0,875.0,918.0,908.0,904.0,899.0,881.0,957.0,940.0,899.0,908.0,1124.0,1064.0,1120.0,1131.0,1115.0,1128.0,1134.0,1106.0,1127.0,1083.0,933.0,951.0,950.0,907.0,916.0,900.0,912.0,953.0,898.0,899.0
518,786.0,783.0,784.0,785.0,798.0,781.0,800.0,711.0,792.0,783.0,973.0,916.0,989.0,982.0,940.0,922.0,957.0,969.0,926.0,978.0,919.0,993.0,1008.0,964.0,1007.0,956.0,999.0,949.0,968.0,984.0,968.0,1006.0,1018.0,1050.0,1015.0,1068.0,1057.0,1055.0,999.0,987.0,1140.0,1156.0,1123.0,1127.0,1113.0,1163.0,1116.0,1148.0,1127.0,1136.0,1086.0,1127.0,1104.0,1095.0,1112.0,1100.0,1072.0,1136.0,1117.0,1116.0,958.0,954.0,934.0,954.0,957.0,953.0,936.0,967.0,967.0,1001.0,846.0,901.0,886.0,918.0,925.0,903.0,903.0,910.0,952.0,856.0,1182.0,1135.0,1092.0,1069.0,1130.0,1070.0,1099.0,1109.0,1120.0,1106.0,964.0,886.0,938.0,927.0,881.0,895.0,908.0,914.0,894.0,897.0
519,741.0,768.0,744.0,735.0,762.0,761.0,747.0,756.0,788.0,764.0,926.0,970.0,928.0,991.0,928.0,968.0,998.0,942.0,964.0,1013.0,979.0,962.0,1033.0,955.0,958.0,1007.0,1017.0,987.0,974.0,927.0,1087.0,995.0,1061.0,1042.0,1050.0,1003.0,1004.0,1082.0,1018.0,1019.0,1138.0,1149.0,1141.0,1165.0,1121.0,1140.0,1132.0,1095.0,1146.0,1162.0,1064.0,1114.0,1116.0,1075.0,1109.0,1018.0,1134.0,1102.0,1107.0,1097.0,991.0,943.0,989.0,921.0,966.0,969.0,943.0,958.0,888.0,901.0,909.0,918.0,882.0,920.0,883.0,929.0,891.0,938.0,977.0,913.0,1054.0,1142.0,1073.0,1110.0,1148.0,1134.0,1070.0,1109.0,1081.0,1112.0,933.0,896.0,906.0,954.0,952.0,883.0,912.0,901.0,922.0,934.0
520,765.0,724.0,736.0,819.0,770.0,757.0,732.0,803.0,794.0,770.0,987.0,969.0,945.0,961.0,931.0,978.0,954.0,939.0,972.0,937.0,954.0,967.0,961.0,990.0,1007.0,964.0,983.0,960.0,971.0,967.0,1027.0,958.0,1055.0,1000.0,1030.0,1021.0,1087.0,1080.0,1059.0,1030.0,1109.0,1113.0,1184.0,1129.0,1149.0,1150.0,1140.0,1175.0,1137.0,1126.0,1071.0,1105.0,1102.0,1064.0,1087.0,1100.0,1060.0,1019.0,1107.0,1080.0,959.0,1011.0,958.0,988.0,966.0,935.0,936.0,980.0,909.0,920.0,888.0,898.0,928.0,884.0,885.0,895.0,920.0,914.0,915.0,915.0,1123.0,1156.0,1114.0,1110.0,1146.0,1084.0,1156.0,1078.0,1109.0,1146.0,943.0,956.0,887.0,927.0,904.0,927.0,876.0,924.0,891.0,950.0
521,759.0,788.0,798.0,780.0,810.0,773.0,720.0,782.0,786.0,738.0,980.0,945.0,954.0,960.0,931.0,907.0,959.0,936.0,937.0,938.0,982.0,959.0,962.0,963.0,949.0,932.0,995.0,997.0,996.0,985.0,992.0,1026.0,1049.0,991.0,1000.0,1080.0,1007.0,1036.0,1049.0,1054.0,1178.0,1112.0,1150.0,1161.0,1156.0,1116.0,1151.0,1142.0,1096.0,1139.0,1113.0,1104.0,1056.0,1115.0,1084.0,1114.0,1119.0,1096.0,1083.0,1097.0,1014.0,938.0,934.0,960.0,978.0,939.0,938.0,993.0,977.0,998.0,843.0,893.0,939.0,932.0,904.0,919.0,933.0,874.0,891.0,890.0,1072.0,1168.0,1147.0,1136.0,1139.0,1132.0,1100.0,1080.0,1138.0,1057.0,889.0,926.0,881.0,870.0,925.0,898.0,920.0,938.0,913.0,945.0
522,787.0,726.0,832.0,758.0,742.0,785.0,754.0,809.0,810.0,741.0,976.0,971.0,977.0,928.0,995.0,938.0,981.0,921.0,936.0,1003.0,954.0,943.0,976.0,997.0,1038.0,952.0,1000.0,1001.0,970.0,963.0,1046.0,1040.0,1020.0,1021.0,974.0,979.0,1010.0,1048.0,1013.0,1021.0,1143.0,1174.0,1123.0,1142.0,1113.0,1142.0,1191.0,1141.0,1106.0,1111.0,1071.0,1090.0,1082.0,1062.0,1080.0,1099.0,1079.0,1079.0,1074.0,1124.0,965.0,927.0,899.0,989.0,969.0,1011.0,927.0,974.0,959.0,969.0,921.0,909.0,928.0,868.0,922.0,874.0,922.0,893.0,908.0,916.0,1076.0,1159.0,1109.0,1163.0,1110.0,1130.0,1110.0,1111.0,1176.0,1088.0,885.0,916.0,930.0,938.0,935.0,901.0,866.0,899.0,914.0,905.0
523,808.0,782.0,768.0,794.0,704.0,781.0,773.0,774.0,774.0,822.0,932.0,928.0,964.0,979.0,958.0,920.0,950.0,946.0,967.0,936.0,969.0,957.0,969.0,990.0,981.0,953.0,941.0,997.0,959.0,1030.0,1028.0,1006.0,1031.0,996.0,1043.0,982.0,1030.0,1028.0,996.0,995.0,1138.0,1160.0,1169.0,1122.0,1190.0,1119.0,1151.0,1137.0,1159.0,1135.0,1058.0,1079.0,1098.0,1056.0,1039.0,1098.0,1090.0,1073.0,1031.0,1029.0,971.0,934.0,970.0,969.0,1024.0,921.0,969.0,1007.0,989.0,937.0,937.0,957.0,887.0,910.0,918.0,933.0,946.0,910.0,915.0,924.0,1114.0,1137.0,1137.0,1155.0,1133.0,1182.0,1087.0,1131.0,1149.0,1124.0,871.0,916.0,880.0,896.0,882.0,920.0,906.0,871.0,925.0,912.0
524,772.0,748.0,768.0,775.0,768.0,769.0,807.0,802.0,772.0,753.0,923.0,951.0,953.0,938.0,975.0,875.0,932.0,975.0,901.0,928.0,995.0,948.0,960.0,916.0,969.0,987.0,970.0,926.0,958.0,936.0,1030.0,1070.0,1007.0,996.0,1024.0,1014.0,1024.0,1029.0,989.0,1014.0,1172.0,1101.0,1165.0,1175.0,1160.0,1165.0,1100.0,1144.0,1145.0,1180.0,1036.0,1097.0,1102.0,1101.0,1068.0,1037.0,1077.0,1095.0,1092.0,1107.0,968.0,949.0,979.0,995.0,962.0,956.0,961.0,981.0,997.0,1004.0,840.0,950.0,956.0,912.0,889.0,945.0,926.0,890.0,917.0,881.0,1148.0,1144.0,1119.0,1140.0,1151.0,1127.0,1133.0,1121.0,1151.0,1159.0,937.0,899.0,864.0,917.0,905.0,933.0,918.0,912.0,940.0,873.0
525,766.0,753.0,774.0,773.0,766.0,749.0,793.0,788.0,754.0,781.0,941.0,912.0,939.0,950.0,961.0,920.0,992.0,943.0,965.0,961.0,992.0,914.0,989.0,995.0,950.0,975.0,959.0,959.0,944.0,999.0,1010.0,1051.0,1057.0,980.0,1019.0,1033.0,1054.0,1070.0,1013.0,948.0,1125.0,1161.0,1151.0,1092.0,1169.0,1165.0,1115.0,1156.0,1150.0,1131.0,1066.0,1067.0,1072.0,1110.0,1055.0,1110.0,1073.0,1084.0,1085.0,1112.0,912.0,967.0,906.0,962.0,973.0,969.0,952.0,983.0,993.0,965.0,943.0,972.0,978.0,904.0,856.0,876.0,928.0,869.0,914.0,887.0,1163.0,1143.0,1118.0,1201.0,1130.0,1121.0,1098.0,1110.0,1119.0,1095.0,902.0,916.0,888.0,896.0,990.0,887.0,887.0,913.0,924.0,959.0
526,793.0,779.0,760.0,761.0,822.0,809.0,773.0,782.0,775.0,828.0,994.0,997.0,992.0,904.0,961.0,914.0,994.0,980.0,994.0,976.0,1023.0,978.0,990.0,929.0,990.0,1001.0,1024.0,955.0,914.0,985.0,999.0,1019.0,1036.0,1056.0,1037.0,977.0,982.0,999.0,1015.0,1002.0,1096.0,1111.0,1109.0,1142.0,1149.0,1141.0,1163.0,1149.0,1158.0,1110.0,1018.0,1115.0,1074.0,1115.0,1073.0,1062.0,1068.0,1066.0,1104.0,1115.0,970.0,926.0,940.0,983.0,932.0,963.0,945.0,992.0,974.0,933.0,889.0,883.0,914.0,902.0,867.0,890.0,946.0,931.0,886.0,920.0,1144.0,1123.0,1119.0,1171.0,1123.0,1122.0,1076.0,1123.0,1130.0,1086.0,896.0,927.0,939.0,896.0,917.0,929.0,882.0,897.0,909.0,888.0
527,739.0,776.0,788.0,780.0,781.0,769.0,764.0,776.0,789.0,745.0,924.0,985.0,960.0,939.0,955.0,975.0,974.0,1017.0,937.0,947.0,972.0,962.0,957.0,978.0,1004.0,921.0,968.0,947.0,975.0,1005.0,1024.0,1007.0,1025.0,1067.0,1008.0,1017.0,1082.0,1052.0,1026.0,983.0,1160.0,1142.0,1106.0,1152.0,1146.0,1135.0,1107.0,1167.0,1174.0,1146.0,1112.0,1072.0,1116.0,1069.0,1100.0,1099.0,1057.0,1089.0,1083.0,1105.0,944.0,963.0,944.0,930.0,964.0,989.0,967.0,973.0,966.0,966.0,900.0,919.0,928.0,912.0,868.0,907.0,912.0,865.0,871.0,910.0,1128.0,1132.0,1132.0,1143.0,1117.0,1066.0,1138.0,1101.0,1121.0,1126.0,915.0,902.0,918.0,887.0,928.0,933.0,883.0,885.0,915.0,909.0
528,761.0,807.0,760.0,748.0,804.0,768.0,744.0,816.0,826.0,783.0,940.0,1000.0,939.0,987.0,941.0,967.0,935.0,982.0,947.0,975.0,1003.0,984.0,979.0,978.0,949.0,917.0,986.0,941.0,990.0,952.0,1031.0,1053.0,1014.0,1002.0,1032.0,1037.0,1055.0,1071.0,1024.0,1024.0,1151.0,1125.0,1094.0,1139.0,1148.0,1110.0,1180.0,1112.0,1148.0,1121.0,1100.0,1092.0,1134.0,1077.0,1095.0,1080.0,1092.0,1069.0,1097.0,1082.0,939.0,915.0,972.0,990.0,959.0,946.0,942.0,990.0,939.0,973.0,901.0,854.0,915.0,871.0,903.0,925.0,889.0,893.0,903.0,883.0,1078.0,1120.0,1148.0,1125.0,1092.0,1136.0,1164.0,1089.0,1085.0,1115.0,913.0,913.0,919.0,941.0,950.0,925.0,859.0,913.0,899.0,936.0
529,760.0,751.0,786.0,722.0,782.0,783.0,736.0,752.0,758.0,799.0,868.0,984.0,924.0,972.0,976.0,944.0,936.0,969.0,960.0,968.0,987.0,965.0,980.0,977.0,984.0,990.0,995.0,936.0,979.0,1021.0,1042.0,992.0,975.0,1002.0,1047.0,1002.0,1028.0,1005.0,1052.0,1002.0,1134.0,1096.0,1202.0,1143.0,1138.0,1143.0,1200.0,1174.0,1123.0,1123.0,1075.0,1079.0,1068.0,1093.0,1022.0,1101.0,1070.0,1114.0,1105.0,1066.0,977.0,1010.0,969.0,970.0,951.0,933.0,965.0,918.0,939.0,944.0,933.0,922.0,919.0,898.0,921.0,888.0,914.0,946.0,926.0,885.0,1100.0,1137.0,1144.0,1155.0,1117.0,1128.0,1133.0,1161.0,1100.0,1129.0,942.0,928.0,905.0,923.0,938.0,898.0,864.0,898.0,916.0,909.0
530,779.0,779.0,780.0,712.0,748.0,768.0,744.0,763.0,766.0,763.0,913.0,967.0,958.0,976.0,987.0,946.0,929.0,992.0,985.0,965.0,970.0,963.0,954.0,971.0,1024.0,960.0,950.0,978.0,960.0,939.0,984.0,994.0,1004.0,1006.0,1002.0,1020.0,1013.0,994.0,1078.0,1024.0,1131.0,1130.0,1187.0,1181.0,1129.0,1120.0,1147.0,1149.0,1094.0,1161.0,1082.0,1092.0,1096.0,1084.0,1097.0,1102.0,1104.0,1063.0,1100.0,1071.0,969.0,942.0,966.0,944.0,920.0,1033.0,972.0,951.0,985.0,984.0,939.0,938.0,948.0,929.0,890.0,876.0,936.0,906.0,939.0,913.0,1108.0,1134.0,1077.0,1140.0,1142.0,1093.0,1112.0,1090.0,1094.0,1121.0,945.0,927.0,903.0,908.0,936.0,893.0,934.0,989.0,857.0,903.0
531,757.0,736.0,806.0,766.0,802.0,794.0,802.0,769.0,740.0,752.0,973.0,970.0,928.0,916.0,912.0,958.0,915.0,941.0,998.0,945.0,1010.0,988.0,1002.0,980.0,968.0,990.0,997.0,965.0,953.0,955.0,1014.0,1012.0,1034.0,1056.0,1034.0,1023.0,1033.0,1038.0,1021.0,1029.0,1124.0,1199.0,1146.0,1132.0,1194.0,1118.0,1096.0,1136.0,1163.0,1120.0,1100.0,1060.0,1114.0,1072.0,1089.0,1092.0,1098.0,1106.0,1120.0,1071.0,907.0,987.0,938.0,968.0,964.0,967.0,953.0,1004.0,965.0,990.0,898.0,897.0,947.0,927.0,895.0,891.0,900.0,860.0,902.0,912.0,1140.0,1133.0,1068.0,1118.0,1109.0,1112.0,1147.0,1133.0,1127.0,1137.0,895.0,881.0,893.0,917.0,906.0,867.0,903.0,922.0,866.0,934.0
532,741.0,760.0,794.0,756.0,782.0,766.0,725.0,768.0,760.0,771.0,990.0,970.0,922.0,927.0,971.0,938.0,949.0,989.0,902.0,958.0,944.0,965.0,1001.0,949.0,897.0,971.0,1007.0,922.0,983.0,957.0,1019.0,1015.0,992.0,1044.0,1071.0,1031.0,1020.0,1068.0,1000.0,985.0,1133.0,1122.0,1137.0,1174.0,1126.0,1124.0,1167.0,1144.0,1148.0,1141.0,1092.0,1092.0,1047.0,1096.0,1076.0,1063.0,1085.0,1085.0,1078.0,1096.0,925.0,992.0,979.0,1007.0,992.0,941.0,991.0,1031.0,986.0,993.0,930.0,907.0,913.0,903.0,915.0,935.0,907.0,875.0,935.0,908.0,1137.0,1140.0,1168.0,1104.0,1134.0,1130.0,1111.0,1111.0,1116.0,1147.0,907.0,901.0,923.0,891.0,909.0,915.0,879.0,879.0,948.0,888.0
533,738.0,743.0,776.0,797.0,779.0,790.0,737.0,759.0,835.0,742.0,962.0,1005.0,928.0,950.0,943.0,953.0,957.0,980.0,908.0,971.0,993.0,965.0,940.0,989.0,973.0,944.0,926.0,947.0,986.0,932.0,981.0,1058.0,1020.0,997.0,1046.0,1026.0,1015.0,1017.0,985.0,1041.0,1150.0,1136.0,1148.0,1132.0,1109.0,1113.0,1158.0,1166.0,1167.0,1214.0,1098.0,1103.0,1049.0,1056.0,1049.0,1101.0,1073.0,1099.0,1087.0,1093.0,945.0,906.0,974.0,938.0,976.0,971.0,990.0,947.0,1030.0,942.0,917.0,926.0,938.0,941.0,928.0,899.0,924.0,926.0,889.0,903.0,1092.0,1138.0,1175.0,1142.0,1167.0,1116.0,1124.0,1128.0,1089.0,1101.0,942.0,881.0,928.0,914.0,903.0,902.0,936.0,902.0,881.0,899.0
534,726.0,801.0,789.0,792.0,792.0,749.0,780.0,779.0,791.0,746.0,951.0,964.0,944.0,997.0,962.0,1024.0,963.0,979.0,952.0,957.0,997.0,975.0,950.0,974.0,967.0,931.0,964.0,961.0,962.0,970.0,1009.0,1039.0,1047.0,988.0,1015.0,974.0,1016.0,1024.0,1056.0,1061.0,1144.0,1125.0,1109.0,1140.0,1181.0,1133.0,1183.0,1154.0,1191.0,1083.0,1104.0,1080.0,1060.0,1071.0,1049.0,1065.0,1064.0,1084.0,1065.0,1086.0,927.0,940.0,948.0,953.0,893.0,1003.0,942.0,964.0,973.0,1002.0,897.0,889.0,906.0,893.0,969.0,903.0,906.0,914.0,909.0,937.0,1136.0,1092.0,1176.0,1147.0,1143.0,1134.0,1092.0,1167.0,1101.0,1111.0,926.0,960.0,947.0,904.0,905.0,899.0,931.0,842.0,854.0,887.0
535,767.0,769.0,782.0,795.0,757.0,747.0,765.0,791.0,784.0,747.0,961.0,962.0,976.0,928.0,944.0,920.0,985.0,962.0,936.0,937.0,997.0,938.0,1015.0,956.0,969.0,1010.0,982.0,925.0,962.0,958.0,993.0,1029.0,998.0,1022.0,993.0,1017.0,1000.0,1005.0,1029.0,1020.0,1107.0,1105.0,1140.0,1156.0,1149.0,1157.0,1130.0,1193.0,1128.0,1142.0,1104.0,1101.0,1080.0,1136.0,1065.0,1066.0,1098.0,1101.0,1092.0,1072.0,950.0,1007.0,927.0,935.0,1022.0,963.0,911.0,925.0,995.0,926.0,882.0,916.0,926.0,872.0,922.0,879.0,890.0,900.0,938.0,963.0,1134.0,1103.0,1114.0,1168.0,1156.0,1147.0,1114.0,1150.0,1094.0,1105.0,922.0,938.0,921.0,887.0,898.0,905.0,969.0,914.0,898.0,971.0
536,767.0,773.0,784.0,781.0,762.0,760.0,750.0,808.0,757.0,780.0,962.0,973.0,958.0,949.0,943.0,940.0,957.0,949.0,960.0,932.0,907.0,996.0,984.0,948.0,1016.0,975.0,984.0,986.0,981.0,1033.0,1046.0,1053.0,982.0,1019.0,960.0,1057.0,1019.0,1027.0,1005.0,1002.0,1119.0,1124.0,1168.0,1126.0,1172.0,1139.0,1154.0,1159.0,1163.0,1144.0,1093.0,1089.0,1102.0,1091.0,1087.0,1111.0,1065.0,1097.0,1069.0,1021.0,944.0,959.0,972.0,986.0,960.0,941.0,962.0,916.0,957.0,986.0,959.0,868.0,899.0,904.0,914.0,899.0,852.0,885.0,963.0,898.0,1113.0,1135.0,1137.0,1139.0,1141.0,1103.0,1166.0,1116.0,1099.0,1127.0,909.0,899.0,892.0,915.0,917.0,884.0,931.0,924.0,903.0,919.0
537,760.0,774.0,774.0,770.0,758.0,742.0,762.0,776.0,732.0,789.0,955.0,957.0,969.0,910.0,969.0,902.0,940.0,969.0,951.0,952.0,982.0,975.0,975.0,1002.0,985.0,994.0,1000.0,1008.0,958.0,1020.0,1042.0,1036.0,945.0,1027.0,995.0,1062.0,1027.0,1021.0,1085.0,1012.0,1112.0,1107.0,1149.0,1169.0,1126.0,1098.0,1167.0,1161.0,1143.0,1144.0,1051.0,1070.0,1104.0,1083.0,1113.0,1118.0,1066.0,1109.0,1043.0,1073.0,970.0,971.0,988.0,952.0,920.0,948.0,972.0,900.0,1012.0,942.0,928.0,905.0,936.0,891.0,956.0,974.0,869.0,930.0,873.0,921.0,1123.0,1148.0,1098.0,1138.0,1144.0,1117.0,1129.0,1072.0,1124.0,1094.0,898.0,928.0,943.0,915.0,905.0,851.0,906.0,922.0,934.0,898.0
538,744.0,761.0,769.0,793.0,761.0,780.0,751.0,790.0,788.0,768.0,964.0,946.0,921.0,943.0,940.0,919.0,925.0,941.0,958.0,951.0,993.0,1001.0,1007.0,985.0,988.0,980.0,990.0,1015.0,986.0,976.0,1005.0,1043.0,1057.0,1021.0,1024.0,1050.0,1033.0,1016.0,1031.0,1034.0,1129.0,1153.0,1110.0,1144.0,1163.0,1181.0,1136.0,1100.0,1153.0,1152.0,1099.0,1080.0,1044.0,1113.0,1096.0,1048.0,1068.0,1085.0,1110.0,1112.0,964.0,958.0,994.0,942.0,1006.0,994.0,972.0,965.0,954.0,923.0,927.0,914.0,923.0,880.0,885.0,875.0,888.0,927.0,881.0,902.0,1078.0,1095.0,1160.0,1136.0,1111.0,1094.0,1100.0,1094.0,1104.0,1133.0,920.0,920.0,896.0,901.0,893.0,886.0,977.0,939.0,889.0,890.0
539,732.0,754.0,764.0,753.0,780.0,811.0,781.0,802.0,693.0,751.0,1008.0,947.0,978.0,1003.0,1001.0,936.0,925.0,1006.0,976.0,941.0,982.0,988.0,1001.0,953.0,968.0,954.0,965.0,990.0,964.0,1001.0,1021.0,989.0,1035.0,1006.0,928.0,1001.0,1062.0,1020.0,992.0,1053.0,1147.0,1105.0,1150.0,1121.0,1159.0,1173.0,1090.0,1118.0,1165.0,1132.0,1066.0,1079.0,1055.0,1109.0,1078.0,1096.0,1070.0,1080.0,1120.0,1074.0,988.0,995.0,949.0,964.0,1023.0,932.0,940.0,944.0,1014.0,980.0,932.0,943.0,884.0,914.0,865.0,899.0,954.0,917.0,945.0,875.0,1044.0,1152.0,1145.0,1119.0,1174.0,1096.0,1132.0,1114.0,1101.0,1116.0,904.0,920.0,918.0,917.0,890.0,910.0,925.0,884.0,879.0,919.0
540,791.0,787.0,759.0,698.0,775.0,781.0,772.0,764.0,763.0,809.0,958.0,1028.0,1046.0,976.0,1023.0,981.0,909.0,928.0,922.0,922.0,928.0,934.0,976.0,977.0,1024.0,979.0,1001.0,975.0,946.0,985.0,1076.0,972.0,1020.0,1006.0,988.0,993.0,1037.0,1048.0,988.0,1012.0,1109.0,1147.0,1177.0,1152.0,1130.0,1093.0,1170.0,1143.0,1139.0,1138.0,1032.0,1111.0,1098.0,1073.0,1060.0,1088.0,1099.0,1088.0,1135.0,1077.0,928.0,967.0,935.0,928.0,935.0,930.0,961.0,981.0,988.0,930.0,943.0,923.0,911.0,932.0,845.0,898.0,953.0,843.0,907.0,910.0,1115.0,1094.0,1092.0,1178.0,1144.0,1140.0,1079.0,1156.0,1140.0,1126.0,947.0,910.0,862.0,935.0,942.0,929.0,864.0,945.0,919.0,934.0
541,747.0,800.0,814.0,780.0,785.0,814.0,770.0,776.0,789.0,802.0,970.0,972.0,959.0,927.0,952.0,946.0,995.0,969.0,955.0,925.0,952.0,957.0,938.0,970.0,973.0,963.0,1013.0,972.0,941.0,938.0,1000.0,1021.0,1061.0,1013.0,1020.0,1000.0,1002.0,1015.0,1063.0,999.0,1125.0,1125.0,1150.0,1155.0,1177.0,1187.0,1113.0,1139.0,1148.0,1158.0,1047.0,1090.0,1080.0,1069.0,1089.0,1137.0,1047.0,1108.0,1070.0,1096.0,954.0,944.0,930.0,970.0,927.0,916.0,933.0,950.0,975.0,919.0,890.0,915.0,910.0,917.0,931.0,881.0,934.0,875.0,951.0,897.0,1203.0,1089.0,1109.0,1129.0,1134.0,1059.0,1137.0,1151.0,1100.0,1163.0,936.0,964.0,926.0,926.0,877.0,908.0,905.0,915.0,857.0,945.0
542,756.0,772.0,755.0,820.0,799.0,748.0,750.0,775.0,797.0,749.0,962.0,960.0,971.0,959.0,909.0,999.0,958.0,954.0,985.0,975.0,979.0,914.0,950.0,952.0,980.0,966.0,941.0,993.0,976.0,981.0,998.0,1068.0,1016.0,1023.0,1021.0,1064.0,1067.0,1000.0,1005.0,1019.0,1135.0,1139.0,1146.0,1191.0,1111.0,1088.0,1186.0,1075.0,1172.0,1151.0,1132.0,1094.0,1134.0,1030.0,1117.0,1097.0,1087.0,1069.0,1075.0,1134.0,920.0,942.0,921.0,956.0,925.0,910.0,926.0,946.0,957.0,911.0,900.0,939.0,928.0,940.0,942.0,901.0,922.0,944.0,928.0,895.0,1094.0,1145.0,1120.0,1097.0,1136.0,1110.0,1093.0,1157.0,1049.0,1091.0,947.0,902.0,934.0,893.0,927.0,928.0,915.0,960.0,909.0,935.0
543,777.0,761.0,743.0,804.0,791.0,769.0,725.0,802.0,749.0,758.0,919.0,954.0,937.0,924.0,1009.0,968.0,973.0,973.0,991.0,952.0,994.0,941.0,1007.0,974.0,1015.0,988.0,968.0,956.0,1011.0,1001.0,1031.0,1034.0,1073.0,1029.0,984.0,1031.0,1050.0,1019.0,1073.0,980.0,1162.0,1179.0,1175.0,1125.0,1082.0,1093.0,1156.0,1173.0,1107.0,1168.0,1088.0,1071.0,1117.0,1062.0,1111.0,1114.0,1125.0,1065.0,1114.0,1080.0,929.0,921.0,928.0,957.0,979.0,970.0,937.0,973.0,947.0,892.0,928.0,902.0,919.0,948.0,907.0,899.0,920.0,927.0,891.0,943.0,1121.0,1172.0,1045.0,1119.0,1099.0,1110.0,1086.0,1087.0,1047.0,1131.0,873.0,936.0,928.0,925.0,893.0,869.0,902.0,900.0,925.0,935.0
544,750.0,740.0,767.0,771.0,793.0,754.0,772.0,778.0,759.0,764.0,951.0,1033.0,984.0,922.0,965.0,1014.0,967.0,979.0,964.0,963.0,940.0,973.0,992.0,977.0,945.0,960.0,973.0,967.0,1020.0,984.0,1062.0,1000.0,1019.0,1053.0,1044.0,994.0,1029.0,1004.0,1012.0,988.0,1133.0,1082.0,1090.0,1091.0,1106.0,1162.0,1120.0,1140.0,1128.0,1126.0,1074.0,1051.0,1095.0,1096.0,1096.0,1078.0,1085.0,1120.0,1049.0,1093.0,974.0,952.0,923.0,966.0,975.0,934.0,982.0,958.0,984.0,970.0,913.0,927.0,957.0,938.0,915.0,896.0,901.0,917.0,898.0,913.0,1113.0,1148.0,1132.0,1131.0,1132.0,1101.0,1140.0,1099.0,1104.0,1139.0,911.0,966.0,916.0,925.0,902.0,918.0,876.0,916.0,940.0,901.0
545,770.0,761.0,810.0,754.0,778.0,767.0,760.0,751.0,781.0,807.0,920.0,947.0,979.0,966.0,983.0,973.0,939.0,979.0,961.0,961.0,933.0,973.0,979.0,933.0,990.0,959.0,934.0,999.0,1006.0,992.0,1015.0,974.0,1009.0,1048.0,1010.0,1068.0,1042.0,1015.0,997.0,996.0,1139.0,1136.0,1101.0,1179.0,1121.0,1129.0,1135.0,1156.0,1107.0,1118.0,1118.0,1134.0,1095.0,1103.0,1071.0,1073.0,1035.0,1107.0,1110.0,1088.0,942.0,961.0,909.0,948.0,971.0,946.0,936.0,977.0,1029.0,965.0,951.0,898.0,909.0,867.0,859.0,883.0,943.0,918.0,878.0,880.0,1127.0,1111.0,1140.0,1167.0,1173.0,1087.0,1171.0,1076.0,1087.0,1127.0,906.0,977.0,947.0,899.0,916.0,927.0,949.0,898.0,903.0,909.0
546,790.0,763.0,753.0,816.0,736.0,798.0,745.0,802.0,784.0,821.0,955.0,973.0,1017.0,913.0,909.0,948.0,981.0,983.0,949.0,1009.0,964.0,955.0,1026.0,951.0,1031.0,945.0,965.0,981.0,1004.0,958.0,967.0,1034.0,1041.0,1015.0,1073.0,1010.0,992.0,1038.0,1010.0,1017.0,1105.0,1138.0,1113.0,1162.0,1128.0,1171.0,1109.0,1067.0,1114.0,1097.0,1088.0,1136.0,1044.0,1091.0,1087.0,1085.0,1127.0,1057.0,1131.0,1103.0,1024.0,948.0,931.0,991.0,979.0,963.0,948.0,955.0,993.0,915.0,898.0,866.0,920.0,867.0,896.0,881.0,914.0,960.0,882.0,905.0,1125.0,1153.0,1112.0,1123.0,1127.0,1096.0,1153.0,1115.0,1111.0,1115.0,906.0,902.0,922.0,936.0,903.0,915.0,909.0,923.0,880.0,906.0
547,779.0,761.0,785.0,753.0,778.0,821.0,788.0,768.0,765.0,717.0,944.0,990.0,941.0,995.0,920.0,899.0,932.0,986.0,921.0,974.0,939.0,988.0,987.0,974.0,996.0,985.0,980.0,979.0,1024.0,950.0,1031.0,989.0,1037.0,1006.0,1019.0,1005.0,1006.0,1018.0,1039.0,1033.0,1093.0,1154.0,1108.0,1199.0,1150.0,1098.0,1155.0,1112.0,1107.0,1200.0,1097.0,1080.0,1073.0,1126.0,1087.0,1076.0,1084.0,1093.0,1097.0,1035.0,1012.0,972.0,946.0,920.0,939.0,960.0,948.0,981.0,965.0,967.0,884.0,966.0,988.0,907.0,917.0,881.0,876.0,901.0,914.0,945.0,1117.0,1072.0,1112.0,1079.0,1169.0,1143.0,1160.0,1146.0,1114.0,1123.0,929.0,896.0,906.0,903.0,893.0,946.0,913.0,896.0,914.0,898.0
548,778.0,809.0,787.0,761.0,773.0,768.0,747.0,816.0,773.0,765.0,942.0,947.0,969.0,966.0,978.0,927.0,939.0,977.0,958.0,956.0,992.0,944.0,998.0,962.0,976.0,995.0,1016.0,943.0,985.0,932.0,1030.0,1001.0,1014.0,1017.0,1037.0,1036.0,1022.0,1032.0,1034.0,1033.0,1157.0,1152.0,1161.0,1123.0,1146.0,1122.0,1135.0,1092.0,1147.0,1161.0,1104.0,1062.0,1055.0,1094.0,1055.0,1130.0,1084.0,1084.0,1102.0,1020.0,947.0,992.0,940.0,989.0,969.0,978.0,977.0,970.0,964.0,1004.0,889.0,904.0,952.0,905.0,868.0,848.0,857.0,890.0,928.0,898.0,1098.0,1112.0,1085.0,1095.0,1188.0,1122.0,1183.0,1160.0,1107.0,1130.0,886.0,949.0,925.0,952.0,877.0,886.0,878.0,918.0,861.0,942.0
549,738.0,800.0,755.0,765.0,731.0,780.0,756.0,769.0,793.0,733.0,933.0,954.0,930.0,982.0,965.0,931.0,903.0,987.0,977.0,964.0,1015.0,1032.0,984.0,1039.0,975.0,981.0,974.0,955.0,929.0,945.0,988.0,1018.0,995.0,982.0,990.0,1068.0,1025.0,1031.0,1010.0,1029.0,1111.0,1126.0,1190.0,1136.0,1208.0,1123.0,1148.0,1121.0,1136.0,1121.0,1094.0,1065.0,1073.0,1092.0,1080.0,1057.0,1116.0,1097.0,1076.0,1104.0,992.0,980.0,986.0,933.0,921.0,946.0,950.0,965.0,970.0,985.0,918.0,884.0,914.0,941.0,924.0,946.0,922.0,905.0,915.0,860.0,1141.0,1136.0,1129.0,1107.0,1119.0,1113.0,1116.0,1100.0,1128.0,1157.0,891.0,877.0,928.0,889.0,951.0,869.0,926.0,954.0,926.0,939.0
550,781.0,756.0,765.0,735.0,760.0,810.0,758.0,778.0,770.0,753.0,931.0,995.0,957.0,937.0,937.0,932.0,934.0,922.0,973.0,965.0,979.0,998.0,1037.0,982.0,1015.0,982.0,988.0,981.0,972.0,985.0,1022.0,1063.0,1045.0,1051.0,1023.0,1011.0,1001.0,1004.0,1018.0,1008.0,1139.0,1095.0,1155.0,1135.0,1101.0,1136.0,1160.0,1122.0,1163.0,1135.0,1082.0,1048.0,1045.0,1093.0,1075.0,1124.0,1101.0,1110.0,1056.0,1094.0,946.0,993.0,978.0,968.0,952.0,930.0,948.0,943.0,946.0,965.0,895.0,873.0,918.0,923.0,913.0,862.0,897.0,917.0,887.0,877.0,1133.0,1143.0,1089.0,1127.0,1136.0,1114.0,1145.0,1176.0,1137.0,1146.0,912.0,909.0,895.0,915.0,956.0,912.0,902.0,928.0,937.0,907.0
551,733.0,835.0,760.0,730.0,766.0,727.0,771.0,741.0,752.0,790.0,979.0,912.0,931.0,945.0,952.0,958.0,927.0,871.0,986.0,960.0,988.0,1006.0,950.0,989.0,989.0,991.0,966.0,1006.0,972.0,971.0,1063.0,999.0,1045.0,1000.0,1041.0,1028.0,1032.0,1049.0,1039.0,1019.0,1143.0,1125.0,1161.0,1143.0,1131.0,1101.0,1090.0,1195.0,1107.0,1098.0,1046.0,1078.0,1102.0,1053.0,1046.0,1066.0,1063.0,1136.0,1098.0,1082.0,944.0,975.0,1007.0,988.0,956.0,949.0,977.0,949.0,956.0,996.0,881.0,864.0,912.0,944.0,902.0,885.0,902.0,909.0,919.0,911.0,1148.0,1152.0,1123.0,1148.0,1181.0,1175.0,1166.0,1105.0,1124.0,1085.0,891.0,928.0,890.0,925.0,903.0,932.0,943.0,912.0,907.0,929.0
552,732.0,765.0,773.0,796.0,801.0,761.0,749.0,780.0,714.0,804.0,976.0,964.0,957.0,1005.0,940.0,978.0,995.0,971.0,978.0,966.0,991.0,1011.0,995.0,942.0,984.0,953.0,968.0,950.0,1005.0,1000.0,1001.0,1009.0,1004.0,1015.0,1024.0,1045.0,1016.0,1038.0,1060.0,969.0,1172.0,1156.0,1137.0,1113.0,1073.0,1132.0,1127.0,1135.0,1121.0,1116.0,1085.0,1101.0,1094.0,1086.0,1087.0,1103.0,1035.0,1076.0,1052.0,1084.0,931.0,983.0,987.0,961.0,960.0,979.0,977.0,976.0,979.0,988.0,926.0,843.0,896.0,896.0,910.0,869.0,929.0,923.0,942.0,891.0,1130.0,1133.0,1137.0,1136.0,1184.0,1103.0,1124.0,1115.0,1124.0,1086.0,868.0,905.0,902.0,916.0,905.0,887.0,919.0,911.0,882.0,940.0
553,755.0,773.0,799.0,768.0,756.0,763.0,752.0,799.0,759.0,745.0,963.0,987.0,971.0,958.0,961.0,999.0,966.0,1025.0,959.0,970.0,946.0,1011.0,1057.0,996.0,976.0,974.0,964.0,892.0,983.0,965.0,1041.0,996.0,988.0,943.0,1051.0,983.0,1016.0,1037.0,997.0,1087.0,1155.0,1109.0,1115.0,1125.0,1151.0,1084.0,1126.0,1195.0,1132.0,1115.0,1032.0,1089.0,1080.0,1106.0,1072.0,1067.0,1076.0,1073.0,1073.0,1035.0,955.0,962.0,950.0,1001.0,931.0,975.0,969.0,927.0,1002.0,980.0,959.0,927.0,881.0,894.0,914.0,963.0,882.0,887.0,926.0,924.0,1140.0,1122.0,1142.0,1125.0,1150.0,1105.0,1160.0,1116.0,1141.0,1114.0,865.0,896.0,899.0,951.0,904.0,900.0,929.0,922.0,884.0,910.0
554,770.0,751.0,775.0,793.0,786.0,789.0,768.0,776.0,753.0,776.0,942.0,905.0,968.0,908.0,957.0,989.0,928.0,1011.0,1004.0,961.0,974.0,948.0,928.0,1006.0,947.0,950.0,967.0,959.0,972.0,976.0,979.0,1062.0,1076.0,1004.0,1060.0,1040.0,1021.0,983.0,1030.0,1016.0,1106.0,1106.0,1172.0,1130.0,1121.0,1124.0,1185.0,1138.0,1167.0,1110.0,1064.0,1130.0,1103.0,1090.0,1057.0,1077.0,1108.0,1069.0,1108.0,1146.0,968.0,1003.0,946.0,995.0,966.0,986.0,969.0,969.0,950.0,960.0,938.0,952.0,906.0,868.0,900.0,863.0,886.0,892.0,883.0,901.0,1177.0,1105.0,1068.0,1181.0,1137.0,1101.0,1109.0,1172.0,1099.0,1128.0,894.0,910.0,939.0,890.0,938.0,895.0,898.0,905.0,886.0,869.0
555,805.0,758.0,775.0,805.0,797.0,749.0,780.0,759.0,797.0,744.0,906.0,994.0,988.0,947.0,877.0,1029.0,936.0,949.0,894.0,965.0,967.0,989.0,956.0,1006.0,1008.0,982.0,981.0,976.0,1008.0,974.0,1028.0,1032.0,985.0,1035.0,989.0,1041.0,980.0,990.0,1039.0,1050.0,1097.0,1136.0,1105.0,1115.0,1133.0,1126.0,1147.0,1142.0,1142.0,1157.0,1132.0,1093.0,1106.0,1094.0,1085.0,1031.0,1077.0,1105.0,1100.0,1113.0,992.0,979.0,1002.0,974.0,956.0,973.0,974.0,980.0,947.0,951.0,907.0,894.0,947.0,925.0,905.0,899.0,958.0,938.0,898.0,890.0,1126.0,1149.0,1128.0,1072.0,1169.0,1088.0,1096.0,1137.0,1114.0,1083.0,850.0,844.0,891.0,895.0,949.0,897.0,912.0,897.0,913.0,914.0
556,809.0,780.0,798.0,770.0,745.0,797.0,753.0,787.0,775.0,760.0,927.0,934.0,982.0,943.0,935.0,882.0,976.0,925.0,958.0,984.0,963.0,986.0,1007.0,1031.0,1010.0,966.0,960.0,964.0,1011.0,965.0,1028.0,963.0,1012.0,1009.0,1000.0,1011.0,1007.0,1024.0,986.0,1035.0,1153.0,1162.0,1098.0,1153.0,1134.0,1122.0,1138.0,1133.0,1132.0,1137.0,1080.0,1040.0,1096.0,1089.0,1066.0,1086.0,1107.0,1086.0,1088.0,1053.0,946.0,971.0,965.0,958.0,976.0,1018.0,974.0,999.0,983.0,1012.0,917.0,931.0,865.0,887.0,946.0,868.0,891.0,921.0,859.0,854.0,1124.0,1129.0,1164.0,1106.0,1125.0,1140.0,1152.0,1134.0,1143.0,1142.0,863.0,974.0,895.0,922.0,932.0,924.0,881.0,901.0,915.0,897.0
557,755.0,764.0,811.0,807.0,713.0,806.0,773.0,772.0,760.0,793.0,934.0,922.0,985.0,959.0,993.0,939.0,980.0,937.0,936.0,984.0,1014.0,988.0,1016.0,988.0,979.0,1005.0,976.0,969.0,964.0,966.0,1013.0,1025.0,979.0,1035.0,1017.0,966.0,983.0,1005.0,1031.0,1020.0,1154.0,1142.0,1121.0,1145.0,1157.0,1117.0,1208.0,1167.0,1186.0,1136.0,1096.0,1122.0,1057.0,1095.0,1069.0,1057.0,1085.0,1089.0,1105.0,1045.0,946.0,1006.0,982.0,924.0,984.0,988.0,942.0,986.0,961.0,931.0,883.0,874.0,903.0,871.0,908.0,893.0,858.0,917.0,886.0,879.0,1108.0,1101.0,1113.0,1101.0,1147.0,1099.0,1109.0,1156.0,1125.0,1141.0,905.0,926.0,919.0,945.0,897.0,949.0,924.0,876.0,892.0,946.0
558,770.0,765.0,749.0,775.0,757.0,807.0,738.0,805.0,763.0,814.0,920.0,1004.0,949.0,902.0,946.0,972.0,974.0,953.0,944.0,985.0,961.0,949.0,988.0,963.0,979.0,963.0,942.0,1001.0,977.0,988.0,1060.0,984.0,1046.0,986.0,1031.0,1045.0,997.0,1022.0,1006.0,1034.0,1166.0,1176.0,1150.0,1179.0,1142.0,1137.0,1103.0,1136.0,1118.0,1082.0,1096.0,1113.0,1045.0,1079.0,1052.0,1036.0,1085.0,1032.0,1114.0,1047.0,958.0,935.0,1025.0,991.0,1006.0,915.0,1004.0,977.0,1018.0,904.0,865.0,949.0,881.0,934.0,884.0,889.0,945.0,912.0,922.0,916.0,1127.0,1094.0,1122.0,1131.0,1136.0,1084.0,1144.0,1129.0,1102.0,1115.0,882.0,900.0,929.0,928.0,930.0,974.0,906.0,912.0,883.0,961.0
559,773.0,791.0,807.0,765.0,797.0,770.0,748.0,779.0,792.0,798.0,955.0,941.0,916.0,882.0,950.0,947.0,945.0,987.0,954.0,924.0,950.0,961.0,955.0,968.0,999.0,937.0,986.0,967.0,958.0,934.0,994.0,1002.0,983.0,1026.0,984.0,1064.0,1003.0,1059.0,995.0,1060.0,1116.0,1163.0,1199.0,1180.0,1129.0,1175.0,1134.0,1190.0,1155.0,1122.0,1069.0,1061.0,1099.0,1107.0,1146.0,1066.0,1073.0,1063.0,1086.0,1120.0,1001.0,975.0,962.0,962.0,950.0,939.0,960.0,936.0,959.0,933.0,904.0,944.0,910.0,927.0,883.0,892.0,917.0,901.0,949.0,902.0,1122.0,1099.0,1147.0,1155.0,1126.0,1119.0,1134.0,1126.0,1068.0,1131.0,924.0,935.0,904.0,891.0,898.0,911.0,939.0,868.0,933.0,922.0
560,803.0,782.0,810.0,710.0,754.0,816.0,728.0,745.0,774.0,795.0,969.0,956.0,1001.0,935.0,972.0,899.0,1021.0,951.0,959.0,924.0,971.0,942.0,950.0,981.0,959.0,972.0,912.0,1024.0,995.0,957.0,986.0,1063.0,960.0,1008.0,1002.0,1024.0,1058.0,978.0,1087.0,1016.0,1113.0,1143.0,1129.0,1134.0,1156.0,1130.0,1164.0,1130.0,1097.0,1129.0,1095.0,1110.0,1070.0,1057.0,1106.0,1119.0,1111.0,1072.0,1083.0,1126.0,954.0,936.0,959.0,954.0,957.0,933.0,942.0,1006.0,954.0,948.0,911.0,938.0,940.0,945.0,879.0,905.0,909.0,945.0,898.0,930.0,1095.0,1112.0,1143.0,1186.0,1149.0,1114.0,1121.0,1131.0,1098.0,1116.0,918.0,891.0,924.0,949.0,928.0,909.0,870.0,893.0,907.0,904.0
561,781.0,810.0,808.0,736.0,757.0,727.0,743.0,754.0,756.0,753.0,939.0,907.0,990.0,948.0,959.0,975.0,975.0,944.0,977.0,956.0,985.0,940.0,966.0,975.0,967.0,964.0,945.0,934.0,946.0,948.0,1023.0,1031.0,1024.0,1021.0,1014.0,963.0,1052.0,1016.0,1066.0,995.0,1149.0,1115.0,1112.0,1152.0,1135.0,1096.0,1098.0,1175.0,1171.0,1145.0,1106.0,1118.0,1098.0,1109.0,1116.0,1109.0,1056.0,1122.0,1055.0,1105.0,955.0,1015.0,935.0,951.0,973.0,1029.0,967.0,982.0,937.0,987.0,882.0,963.0,926.0,974.0,908.0,922.0,921.0,879.0,924.0,897.0,1057.0,1104.0,1134.0,1118.0,1126.0,1121.0,1158.0,1181.0,1120.0,1135.0,940.0,871.0,894.0,872.0,907.0,913.0,924.0,882.0,901.0,921.0
562,754.0,796.0,769.0,732.0,744.0,751.0,745.0,767.0,769.0,806.0,951.0,928.0,926.0,905.0,973.0,951.0,934.0,963.0,933.0,1017.0,1001.0,956.0,1015.0,1023.0,970.0,972.0,958.0,915.0,985.0,959.0,1037.0,1036.0,1048.0,1036.0,1071.0,1019.0,1015.0,1046.0,1011.0,1013.0,1102.0,1097.0,1182.0,1132.0,1135.0,1092.0,1132.0,1170.0,1114.0,1100.0,1102.0,1145.0,1084.0,1061.0,1076.0,1089.0,1083.0,1037.0,1056.0,1118.0,987.0,955.0,910.0,1004.0,954.0,963.0,934.0,992.0,1003.0,947.0,912.0,902.0,916.0,905.0,911.0,892.0,891.0,916.0,884.0,866.0,1078.0,1117.0,1130.0,1149.0,1144.0,1158.0,1177.0,1130.0,1135.0,1133.0,895.0,942.0,905.0,906.0,882.0,932.0,968.0,933.0,966.0,882.0
563,785.0,796.0,756.0,766.0,799.0,772.0,784.0,775.0,767.0,726.0,998.0,907.0,906.0,951.0,935.0,982.0,932.0,1023.0,931.0,937.0,983.0,974.0,949.0,1000.0,950.0,971.0,993.0,970.0,922.0,1019.0,1021.0,1008.0,1032.0,999.0,1015.0,1017.0,1032.0,1025.0,1017.0,1008.0,1161.0,1103.0,1122.0,1169.0,1169.0,1111.0,1108.0,1181.0,1182.0,1149.0,1089.0,1121.0,1105.0,1032.0,1094.0,1077.0,1090.0,1070.0,1093.0,1085.0,935.0,1009.0,989.0,972.0,969.0,945.0,940.0,966.0,992.0,962.0,866.0,926.0,943.0,937.0,877.0,889.0,925.0,869.0,918.0,902.0,1115.0,1072.0,1162.0,1115.0,1135.0,1149.0,1116.0,1122.0,1094.0,1131.0,863.0,961.0,918.0,914.0,919.0,906.0,921.0,866.0,939.0,920.0
564,824.0,774.0,770.0,750.0,787.0,743.0,726.0,756.0,739.0,757.0,941.0,952.0,940.0,941.0,992.0,981.0,924.0,964.0,947.0,929.0,958.0,977.0,958.0,956.0,974.0,960.0,963.0,994.0,949.0,1012.0,999.0,1039.0,1039.0,1023.0,975.0,1001.0,1031.0,1010.0,1075.0,1028.0,1137.0,1120.0,1152.0,1130.0,1137.0,1130.0,1173.0,1132.0,1128.0,1114.0,1132.0,1097.0,1115.0,1078.0,1095.0,1045.0,1078.0,1109.0,1083.0,1075.0,941.0,968.0,973.0,983.0,937.0,998.0,971.0,933.0,973.0,984.0,891.0,916.0,937.0,913.0,906.0,908.0,918.0,927.0,899.0,906.0,1137.0,1165.0,1097.0,1108.0,1143.0,1128.0,1114.0,1116.0,1129.0,1126.0,856.0,868.0,901.0,977.0,918.0,925.0,940.0,928.0,930.0,909.0
565,779.0,800.0,776.0,773.0,735.0,811.0,733.0,799.0,799.0,785.0,936.0,964.0,914.0,1024.0,966.0,980.0,932.0,928.0,939.0,949.0,976.0,980.0,976.0,985.0,942.0,952.0,973.0,986.0,1016.0,985.0,1005.0,1079.0,1024.0,1037.0,1032.0,1002.0,1082.0,998.0,1025.0,1051.0,1116.0,1098.0,1126.0,1128.0,1138.0,1080.0,1164.0,1108.0,1128.0,1121.0,1115.0,1099.0,1105.0,1072.0,1130.0,1081.0,1055.0,1079.0,1057.0,1059.0,966.0,938.0,1003.0,988.0,995.0,945.0,932.0,968.0,949.0,965.0,923.0,915.0,945.0,892.0,859.0,899.0,916.0,943.0,933.0,926.0,1110.0,1097.0,1137.0,1079.0,1126.0,1156.0,1155.0,1137.0,1128.0,1082.0,891.0,908.0,876.0,883.0,939.0,917.0,891.0,928.0,880.0,921.0
566,788.0,786.0,782.0,830.0,743.0,771.0,768.0,799.0,791.0,778.0,921.0,900.0,969.0,934.0,969.0,967.0,965.0,868.0,939.0,933.0,966.0,953.0,989.0,983.0,950.0,975.0,951.0,971.0,990.0,946.0,1036.0,1029.0,989.0,1035.0,1024.0,982.0,1058.0,1039.0,1079.0,1043.0,1167.0,1126.0,1159.0,1122.0,1077.0,1152.0,1130.0,1222.0,1178.0,1143.0,1081.0,1127.0,1089.0,1102.0,1114.0,1120.0,1026.0,1071.0,1050.0,1090.0,965.0,996.0,976.0,974.0,970.0,907.0,984.0,905.0,932.0,957.0,910.0,927.0,899.0,899.0,942.0,874.0,908.0,928.0,910.0,946.0,1091.0,1115.0,1143.0,1114.0,1146.0,1142.0,1128.0,1142.0,1070.0,1095.0,892.0,919.0,886.0,871.0,928.0,929.0,918.0,924.0,915.0,914.0
567,738.0,810.0,815.0,783.0,774.0,786.0,761.0,776.0,790.0,783.0,977.0,999.0,913.0,939.0,973.0,934.0,951.0,936.0,922.0,895.0,991.0,1015.0,998.0,961.0,973.0,974.0,996.0,990.0,962.0,1012.0,1039.0,1007.0,989.0,1062.0,1020.0,994.0,1018.0,1016.0,1033.0,1017.0,1141.0,1156.0,1175.0,1180.0,1155.0,1147.0,1142.0,1168.0,1148.0,1162.0,1052.0,1074.0,1071.0,1040.0,1072.0,1074.0,1079.0,1119.0,1090.0,1071.0,1005.0,904.0,986.0,971.0,953.0,984.0,977.0,923.0,999.0,959.0,894.0,900.0,902.0,902.0,917.0,851.0,891.0,916.0,909.0,934.0,1096.0,1097.0,1129.0,1119.0,1124.0,1124.0,1124.0,1104.0,1123.0,1103.0,884.0,917.0,905.0,905.0,905.0,949.0,897.0,918.0,879.0,910.0
568,736.0,780.0,748.0,810.0,760.0,701.0,778.0,777.0,789.0,798.0,992.0,959.0,964.0,966.0,968.0,930.0,958.0,957.0,1010.0,929.0,991.0,1020.0,968.0,990.0,991.0,981.0,985.0,1024.0,943.0,980.0,983.0,1018.0,1027.0,1018.0,1024.0,1039.0,1011.0,1018.0,967.0,1008.0,1113.0,1144.0,1156.0,1141.0,1105.0,1106.0,1131.0,1159.0,1121.0,1159.0,1056.0,1056.0,1064.0,1046.0,1076.0,1077.0,1121.0,1062.0,1091.0,1031.0,963.0,988.0,977.0,979.0,963.0,981.0,935.0,916.0,977.0,985.0,932.0,895.0,912.0,893.0,913.0,914.0,901.0,897.0,888.0,926.0,1122.0,1128.0,1135.0,1096.0,1155.0,1133.0,1143.0,1122.0,1134.0,1127.0,933.0,890.0,932.0,927.0,913.0,953.0,874.0,936.0,936.0,902.0
569,792.0,762.0,761.0,725.0,762.0,721.0,802.0,755.0,788.0,781.0,1005.0,960.0,996.0,958.0,983.0,918.0,941.0,960.0,971.0,949.0,965.0,969.0,991.0,1023.0,997.0,948.0,962.0,991.0,974.0,1007.0,1034.0,1048.0,979.0,1017.0,992.0,1084.0,1031.0,1013.0,1022.0,975.0,1121.0,1161.0,1132.0,1153.0,1072.0,1126.0,1147.0,1165.0,1169.0,1131.0,1101.0,1064.0,1059.0,1105.0,1091.0,1077.0,1047.0,1120.0,1086.0,1062.0,895.0,996.0,968.0,977.0,1008.0,993.0,1007.0,928.0,986.0,965.0,907.0,877.0,900.0,896.0,912.0,870.0,863.0,885.0,839.0,930.0,1100.0,1128.0,1165.0,1117.0,1142.0,1155.0,1126.0,1120.0,1100.0,1139.0,902.0,911.0,930.0,893.0,910.0,918.0,914.0,928.0,921.0,906.0
570,739.0,771.0,777.0,786.0,738.0,762.0,768.0,761.0,762.0,786.0,994.0,894.0,943.0,954.0,914.0,917.0,969.0,965.0,982.0,931.0,965.0,992.0,995.0,976.0,980.0,982.0,988.0,946.0,957.0,1012.0,1001.0,989.0,1017.0,1011.0,1060.0,1026.0,976.0,1040.0,1055.0,1031.0,1109.0,1107.0,1132.0,1170.0,1162.0,1102.0,1185.0,1161.0,1132.0,1104.0,1109.0,1116.0,1079.0,1094.0,1057.0,1103.0,1055.0,1069.0,1093.0,1071.0,960.0,1008.0,953.0,993.0,985.0,971.0,946.0,971.0,979.0,976.0,916.0,981.0,915.0,897.0,927.0,934.0,929.0,872.0,883.0,882.0,1113.0,1129.0,1147.0,1096.0,1143.0,1147.0,1074.0,1144.0,1153.0,1115.0,916.0,888.0,923.0,888.0,901.0,864.0,952.0,935.0,856.0,939.0
571,791.0,772.0,766.0,802.0,782.0,772.0,799.0,801.0,784.0,761.0,945.0,936.0,928.0,976.0,912.0,950.0,983.0,968.0,885.0,978.0,1019.0,912.0,962.0,961.0,992.0,953.0,970.0,981.0,1000.0,982.0,1027.0,1037.0,1067.0,1037.0,1005.0,1011.0,1012.0,1048.0,1028.0,1018.0,1125.0,1103.0,1122.0,1166.0,1095.0,1140.0,1140.0,1161.0,1158.0,1123.0,1130.0,1043.0,1086.0,1083.0,1138.0,1102.0,1087.0,1070.0,1089.0,1075.0,960.0,1021.0,998.0,966.0,968.0,962.0,921.0,940.0,977.0,1019.0,877.0,994.0,899.0,881.0,969.0,872.0,914.0,873.0,896.0,882.0,1077.0,1141.0,1137.0,1137.0,1107.0,1138.0,1135.0,1115.0,1169.0,1081.0,871.0,918.0,916.0,854.0,902.0,907.0,882.0,909.0,862.0,930.0
572,742.0,773.0,763.0,750.0,801.0,771.0,788.0,771.0,758.0,786.0,991.0,973.0,913.0,978.0,884.0,1008.0,974.0,997.0,987.0,994.0,973.0,981.0,996.0,984.0,959.0,951.0,981.0,973.0,962.0,929.0,1031.0,992.0,1023.0,1009.0,1044.0,1075.0,998.0,1026.0,989.0,1039.0,1079.0,1152.0,1201.0,1118.0,1106.0,1173.0,1121.0,1171.0,1155.0,1109.0,1087.0,1052.0,1056.0,1052.0,1103.0,1073.0,1134.0,1093.0,1013.0,1072.0,938.0,974.0,955.0,1016.0,1001.0,916.0,968.0,948.0,946.0,976.0,938.0,900.0,881.0,929.0,928.0,887.0,896.0,904.0,983.0,900.0,1136.0,1130.0,1184.0,1117.0,1152.0,1100.0,1097.0,1072.0,1152.0,1105.0,909.0,950.0,904.0,911.0,892.0,851.0,889.0,913.0,903.0,941.0
573,737.0,773.0,767.0,765.0,794.0,758.0,760.0,743.0,772.0,766.0,954.0,948.0,934.0,974.0,900.0,901.0,931.0,962.0,953.0,943.0,993.0,978.0,980.0,953.0,998.0,1030.0,952.0,1027.0,966.0,974.0,990.0,1037.0,997.0,1065.0,1015.0,962.0,1006.0,1016.0,986.0,1023.0,1125.0,1168.0,1137.0,1120.0,1116.0,1141.0,1156.0,1156.0,1155.0,1133.0,1096.0,1113.0,1090.0,1095.0,1109.0,1084.0,1075.0,1069.0,1058.0,1091.0,931.0,925.0,979.0,955.0,974.0,969.0,997.0,982.0,981.0,936.0,919.0,882.0,920.0,899.0,922.0,884.0,925.0,892.0,950.0,909.0,1089.0,1163.0,1129.0,1116.0,1134.0,1157.0,1119.0,1077.0,1093.0,1169.0,992.0,886.0,943.0,922.0,908.0,917.0,926.0,944.0,937.0,905.0
574,761.0,754.0,771.0,764.0,755.0,746.0,786.0,757.0,837.0,777.0,987.0,953.0,901.0,925.0,964.0,958.0,941.0,988.0,943.0,928.0,982.0,947.0,992.0,968.0,997.0,1000.0,961.0,1012.0,979.0,981.0,1014.0,1058.0,981.0,1046.0,1010.0,1025.0,990.0,1008.0,997.0,1057.0,1148.0,1153.0,1124.0,1141.0,1145.0,1088.0,1156.0,1131.0,1116.0,1105.0,1108.0,1092.0,1080.0,1119.0,1074.0,1109.0,1092.0,1039.0,1063.0,1058.0,939.0,938.0,989.0,979.0,988.0,979.0,986.0,1009.0,978.0,959.0,885.0,920.0,943.0,903.0,872.0,881.0,897.0,896.0,938.0,904.0,1078.0,1131.0,1106.0,1094.0,1164.0,1110.0,1158.0,1110.0,1130.0,1164.0,924.0,926.0,991.0,925.0,899.0,910.0,878.0,918.0,873.0,915.0
575,741.0,800.0,775.0,780.0,775.0,735.0,744.0,816.0,739.0,748.0,951.0,1004.0,956.0,992.0,974.0,954.0,972.0,964.0,956.0,961.0,1018.0,997.0,1012.0,969.0,1003.0,994.0,929.0,964.0,1005.0,983.0,978.0,1069.0,1007.0,1052.0,1031.0,1013.0,1004.0,1035.0,1055.0,978.0,1119.0,1129.0,1085.0,1162.0,1169.0,1118.0,1203.0,1103.0,1140.0,1168.0,1110.0,1096.0,1100.0,1048.0,1040.0,1096.0,1063.0,1055.0,1088.0,1065.0,954.0,905.0,953.0,970.0,923.0,952.0,995.0,958.0,927.0,974.0,936.0,893.0,918.0,877.0,956.0,924.0,881.0,913.0,937.0,913.0,1053.0,1077.0,1137.0,1117.0,1101.0,1094.0,1148.0,1162.0,1089.0,1135.0,968.0,904.0,937.0,897.0,900.0,927.0,901.0,901.0,918.0,922.0
576,782.0,759.0,759.0,805.0,800.0,751.0,795.0,747.0,777.0,813.0,974.0,979.0,965.0,981.0,957.0,952.0,950.0,965.0,996.0,1019.0,982.0,966.0,946.0,974.0,965.0,967.0,925.0,988.0,921.0,983.0,1030.0,1072.0,1011.0,1030.0,1035.0,1003.0,1040.0,1064.0,976.0,1012.0,1063.0,1142.0,1205.0,1142.0,1149.0,1176.0,1120.0,1112.0,1171.0,1146.0,1104.0,1087.0,1092.0,1093.0,1059.0,1055.0,1111.0,1118.0,1073.0,1103.0,1010.0,958.0,1003.0,936.0,944.0,941.0,930.0,973.0,997.0,964.0,899.0,872.0,896.0,914.0,884.0,931.0,905.0,857.0,887.0,894.0,1110.0,1129.0,1106.0,1108.0,1144.0,1103.0,1134.0,1153.0,1118.0,1058.0,875.0,907.0,894.0,885.0,936.0,929.0,931.0,889.0,937.0,858.0
577,807.0,718.0,811.0,786.0,793.0,737.0,739.0,744.0,750.0,784.0,984.0,957.0,931.0,994.0,963.0,907.0,969.0,942.0,999.0,967.0,902.0,1021.0,960.0,975.0,955.0,1025.0,942.0,1001.0,975.0,916.0,1041.0,1042.0,950.0,1048.0,1018.0,1000.0,1035.0,1024.0,996.0,1068.0,1130.0,1130.0,1169.0,1116.0,1130.0,1120.0,1144.0,1134.0,1153.0,1126.0,1051.0,1088.0,1112.0,1065.0,1069.0,1103.0,1109.0,1058.0,1080.0,1074.0,966.0,917.0,1005.0,914.0,994.0,943.0,987.0,975.0,938.0,1003.0,906.0,912.0,941.0,898.0,898.0,963.0,888.0,909.0,906.0,913.0,1120.0,1145.0,1100.0,1139.0,1116.0,1110.0,1121.0,1152.0,1136.0,1115.0,922.0,937.0,898.0,934.0,939.0,899.0,904.0,926.0,918.0,883.0
578,788.0,753.0,776.0,802.0,767.0,787.0,739.0,826.0,770.0,715.0,941.0,1021.0,933.0,1006.0,969.0,875.0,951.0,952.0,1001.0,947.0,933.0,966.0,942.0,1005.0,964.0,977.0,996.0,1040.0,946.0,976.0,1030.0,1013.0,1047.0,995.0,1002.0,1059.0,1024.0,1008.0,1033.0,1022.0,1135.0,1204.0,1115.0,1108.0,1156.0,1170.0,1140.0,1123.0,1116.0,1152.0,1076.0,1103.0,1108.0,1081.0,1061.0,1075.0,1128.0,1058.0,1070.0,1061.0,906.0,917.0,1003.0,948.0,1009.0,952.0,1000.0,972.0,922.0,994.0,953.0,936.0,936.0,928.0,925.0,953.0,874.0,877.0,915.0,952.0,1132.0,1081.0,1129.0,1085.0,1102.0,1087.0,1089.0,1111.0,1179.0,1105.0,934.0,869.0,890.0,916.0,922.0,872.0,895.0,902.0,899.0,921.0
579,725.0,761.0,767.0,761.0,768.0,776.0,747.0,748.0,741.0,813.0,966.0,916.0,928.0,921.0,980.0,924.0,943.0,975.0,974.0,959.0,983.0,1004.0,939.0,1028.0,1000.0,999.0,1005.0,978.0,930.0,988.0,1027.0,1008.0,1010.0,1049.0,1043.0,1046.0,1023.0,1015.0,1012.0,1045.0,1135.0,1172.0,1178.0,1138.0,1162.0,1115.0,1157.0,1167.0,1128.0,1088.0,1059.0,1066.0,1120.0,1106.0,1088.0,1073.0,1060.0,1139.0,1097.0,1061.0,1006.0,990.0,960.0,911.0,974.0,970.0,946.0,932.0,967.0,986.0,911.0,897.0,899.0,919.0,886.0,920.0,930.0,905.0,889.0,905.0,1108.0,1090.0,1143.0,1138.0,1095.0,1113.0,1134.0,1126.0,1145.0,1107.0,907.0,959.0,931.0,899.0,879.0,873.0,891.0,881.0,968.0,897.0
580,844.0,806.0,780.0,793.0,725.0,799.0,791.0,773.0,808.0,797.0,943.0,953.0,961.0,925.0,980.0,943.0,940.0,962.0,957.0,965.0,906.0,950.0,982.0,989.0,997.0,987.0,951.0,949.0,995.0,986.0,1035.0,1003.0,1019.0,1060.0,1092.0,996.0,1037.0,977.0,1027.0,1021.0,1164.0,1138.0,1120.0,1112.0,1130.0,1144.0,1141.0,1124.0,1162.0,1135.0,1088.0,1097.0,1096.0,1083.0,1039.0,1077.0,1097.0,1102.0,1046.0,1084.0,968.0,989.0,982.0,961.0,971.0,943.0,964.0,1008.0,928.0,954.0,925.0,905.0,953.0,906.0,891.0,893.0,873.0,963.0,874.0,912.0,1059.0,1134.0,1070.0,1117.0,1116.0,1132.0,1109.0,1104.0,1104.0,1109.0,898.0,890.0,915.0,926.0,933.0,897.0,935.0,905.0,953.0,888.0
581,719.0,778.0,774.0,757.0,753.0,736.0,792.0,774.0,759.0,745.0,941.0,914.0,970.0,938.0,972.0,963.0,928.0,922.0,998.0,931.0,1003.0,972.0,982.0,988.0,998.0,964.0,994.0,955.0,960.0,999.0,1038.0,1035.0,1057.0,1003.0,1064.0,1046.0,1022.0,996.0,975.0,1025.0,1138.0,1225.0,1146.0,1153.0,1150.0,1081.0,1130.0,1194.0,1116.0,1152.0,1063.0,1093.0,1110.0,1073.0,1107.0,1070.0,1058.0,1086.0,1095.0,1083.0,1010.0,945.0,926.0,967.0,943.0,1020.0,948.0,964.0,979.0,987.0,932.0,911.0,882.0,938.0,866.0,910.0,896.0,952.0,913.0,855.0,1096.0,1102.0,1116.0,1108.0,1157.0,1139.0,1159.0,1123.0,1116.0,1144.0,888.0,886.0,914.0,948.0,859.0,881.0,913.0,901.0,944.0,926.0
582,765.0,791.0,782.0,775.0,786.0,762.0,796.0,817.0,762.0,790.0,972.0,935.0,934.0,987.0,969.0,926.0,966.0,940.0,967.0,969.0,940.0,992.0,1009.0,980.0,952.0,962.0,1000.0,993.0,961.0,975.0,962.0,1003.0,1041.0,1062.0,1031.0,1016.0,960.0,1027.0,1027.0,1042.0,1148.0,1135.0,1144.0,1122.0,1104.0,1109.0,1105.0,1113.0,1145.0,1098.0,1077.0,1122.0,1081.0,1087.0,1067.0,1092.0,1084.0,1088.0,1087.0,1045.0,999.0,943.0,898.0,968.0,996.0,979.0,971.0,919.0,967.0,1007.0,944.0,913.0,920.0,870.0,922.0,945.0,941.0,919.0,903.0,937.0,1104.0,1130.0,1155.0,1089.0,1145.0,1117.0,1114.0,1169.0,1113.0,1096.0,918.0,898.0,911.0,934.0,900.0,905.0,908.0,881.0,925.0,891.0
583,828.0,748.0,768.0,793.0,781.0,755.0,784.0,786.0,739.0,756.0,969.0,988.0,929.0,953.0,965.0,976.0,918.0,956.0,948.0,1039.0,970.0,938.0,964.0,1033.0,931.0,979.0,1006.0,970.0,960.0,1003.0,1033.0,1051.0,1007.0,1035.0,999.0,1005.0,967.0,1014.0,989.0,988.0,1132.0,1146.0,1114.0,1101.0,1122.0,1163.0,1167.0,1154.0,1163.0,1117.0,1051.0,1079.0,1096.0,1089.0,1054.0,1048.0,1130.0,1076.0,1060.0,1086.0,949.0,939.0,930.0,951.0,1005.0,961.0,977.0,955.0,1001.0,949.0,889.0,928.0,945.0,915.0,900.0,947.0,931.0,905.0,967.0,883.0,1096.0,1186.0,1135.0,1059.0,1154.0,1086.0,1093.0,1149.0,1137.0,1097.0,914.0,854.0,988.0,949.0,963.0,895.0,871.0,902.0,890.0,932.0
584,793.0,761.0,720.0,804.0,776.0,758.0,761.0,750.0,789.0,772.0,960.0,936.0,986.0,952.0,983.0,910.0,936.0,958.0,876.0,966.0,875.0,966.0,1040.0,1017.0,944.0,1012.0,967.0,964.0,951.0,954.0,1074.0,994.0,1002.0,1012.0,1056.0,979.0,1034.0,1015.0,992.0,1089.0,1172.0,1136.0,1111.0,1135.0,1158.0,1167.0,1148.0,1093.0,1200.0,1133.0,1089.0,1095.0,1104.0,1113.0,1138.0,1080.0,1104.0,1130.0,1155.0,1053.0,921.0,967.0,935.0,978.0,890.0,1006.0,967.0,995.0,952.0,971.0,884.0,919.0,906.0,882.0,936.0,936.0,916.0,895.0,926.0,942.0,1164.0,1175.0,1128.0,1110.0,1112.0,1092.0,1092.0,1130.0,1108.0,1070.0,894.0,908.0,942.0,875.0,879.0,874.0,919.0,938.0,901.0,902.0
585,727.0,778.0,757.0,724.0,730.0,727.0,762.0,756.0,760.0,754.0,943.0,897.0,975.0,984.0,973.0,995.0,946.0,932.0,1012.0,967.0,985.0,976.0,997.0,1015.0,964.0,983.0,1024.0,989.0,996.0,1000.0,1032.0,1016.0,1017.0,1063.0,1007.0,985.0,1043.0,1022.0,1008.0,1052.0,1150.0,1178.0,1139.0,1148.0,1124.0,1132.0,1098.0,1151.0,1085.0,1116.0,1093.0,1113.0,1099.0,1082.0,1123.0,1089.0,1081.0,1123.0,1095.0,1052.0,937.0,952.0,939.0,918.0,951.0,998.0,996.0,966.0,977.0,965.0,867.0,925.0,899.0,922.0,936.0,885.0,906.0,910.0,934.0,896.0,1177.0,1134.0,1131.0,1142.0,1120.0,1130.0,1092.0,1152.0,1078.0,1112.0,909.0,886.0,920.0,875.0,942.0,886.0,898.0,863.0,908.0,939.0
586,759.0,742.0,777.0,773.0,751.0,762.0,753.0,809.0,758.0,791.0,979.0,954.0,939.0,948.0,998.0,967.0,961.0,952.0,915.0,913.0,931.0,983.0,982.0,1013.0,997.0,971.0,1000.0,961.0,968.0,976.0,1011.0,1037.0,989.0,1046.0,1019.0,1026.0,1022.0,991.0,999.0,1020.0,1141.0,1079.0,1152.0,1143.0,1087.0,1134.0,1160.0,1196.0,1140.0,1158.0,1049.0,1117.0,1109.0,1094.0,1079.0,1045.0,1042.0,1067.0,1114.0,1121.0,969.0,975.0,980.0,999.0,939.0,974.0,982.0,915.0,1024.0,961.0,916.0,918.0,892.0,854.0,916.0,943.0,909.0,908.0,914.0,872.0,1164.0,1162.0,1129.0,1108.0,1164.0,1110.0,1107.0,1162.0,1136.0,1105.0,900.0,887.0,922.0,894.0,919.0,878.0,912.0,902.0,883.0,932.0
587,788.0,777.0,761.0,775.0,684.0,796.0,862.0,759.0,719.0,820.0,943.0,928.0,943.0,927.0,967.0,945.0,921.0,937.0,996.0,930.0,951.0,906.0,1017.0,981.0,971.0,943.0,967.0,1024.0,994.0,970.0,1003.0,1027.0,1028.0,1032.0,1032.0,1052.0,997.0,966.0,1041.0,1020.0,1170.0,1154.0,1137.0,1144.0,1197.0,1134.0,1155.0,1098.0,1202.0,1112.0,1060.0,1087.0,1091.0,1127.0,1046.0,1010.0,1090.0,1082.0,1058.0,1100.0,954.0,992.0,1008.0,988.0,984.0,976.0,916.0,961.0,942.0,958.0,901.0,943.0,908.0,923.0,890.0,916.0,959.0,942.0,909.0,926.0,1144.0,1109.0,1125.0,1077.0,1130.0,1109.0,1093.0,1140.0,1068.0,1120.0,903.0,932.0,850.0,898.0,962.0,932.0,891.0,957.0,919.0,895.0
588,757.0,760.0,788.0,791.0,775.0,802.0,828.0,753.0,759.0,794.0,993.0,938.0,934.0,932.0,1014.0,919.0,971.0,939.0,970.0,954.0,956.0,952.0,976.0,979.0,994.0,934.0,949.0,949.0,994.0,932.0,1006.0,1011.0,1018.0,1036.0,997.0,993.0,1050.0,993.0,1051.0,1013.0,1096.0,1148.0,1158.0,1108.0,1209.0,1127.0,1119.0,1202.0,1134.0,1111.0,1073.0,1089.0,1081.0,1110.0,1036.0,1067.0,1106.0,1096.0,1115.0,1103.0,952.0,960.0,962.0,1009.0,962.0,968.0,956.0,969.0,918.0,985.0,902.0,938.0,900.0,887.0,867.0,891.0,870.0,950.0,917.0,953.0,1143.0,1120.0,1161.0,1143.0,1105.0,1176.0,1107.0,1065.0,1089.0,1104.0,940.0,940.0,889.0,876.0,904.0,935.0,898.0,949.0,901.0,905.0
589,748.0,808.0,739.0,804.0,810.0,749.0,815.0,770.0,754.0,770.0,944.0,958.0,943.0,958.0,914.0,950.0,925.0,966.0,966.0,954.0,940.0,951.0,1004.0,954.0,1014.0,981.0,979.0,950.0,1007.0,949.0,1064.0,999.0,1039.0,1056.0,987.0,1000.0,1038.0,1023.0,988.0,992.0,1147.0,1111.0,1156.0,1149.0,1109.0,1150.0,1115.0,1139.0,1114.0,1114.0,1132.0,1086.0,1072.0,1092.0,1053.0,1028.0,1074.0,1102.0,1102.0,1060.0,938.0,961.0,960.0,943.0,973.0,1016.0,933.0,965.0,977.0,1038.0,880.0,910.0,890.0,862.0,915.0,938.0,956.0,913.0,923.0,946.0,1098.0,1159.0,1155.0,1116.0,1162.0,1106.0,1123.0,1139.0,1101.0,1130.0,923.0,916.0,906.0,938.0,930.0,896.0,899.0,899.0,917.0,902.0
590,747.0,781.0,729.0,787.0,718.0,790.0,755.0,812.0,749.0,781.0,1018.0,928.0,930.0,967.0,957.0,1001.0,936.0,997.0,959.0,891.0,965.0,969.0,990.0,972.0,943.0,990.0,1002.0,943.0,981.0,959.0,1000.0,1007.0,1032.0,987.0,1018.0,1022.0,1004.0,1036.0,1041.0,1045.0,1184.0,1110.0,1144.0,1140.0,1158.0,1130.0,1167.0,1132.0,1102.0,1119.0,1055.0,1114.0,1059.0,1080.0,1131.0,1035.0,1050.0,1045.0,1066.0,1096.0,977.0,993.0,938.0,957.0,982.0,936.0,963.0,973.0,977.0,1000.0,924.0,905.0,909.0,900.0,960.0,868.0,967.0,885.0,908.0,920.0,1031.0,1155.0,1179.0,1166.0,1143.0,1138.0,1113.0,1105.0,1160.0,1149.0,914.0,898.0,951.0,916.0,850.0,904.0,900.0,941.0,905.0,892.0
591,808.0,754.0,773.0,793.0,751.0,765.0,774.0,756.0,802.0,820.0,990.0,977.0,983.0,925.0,957.0,953.0,931.0,928.0,996.0,957.0,946.0,999.0,960.0,973.0,965.0,936.0,938.0,987.0,947.0,999.0,1010.0,1028.0,991.0,1045.0,1046.0,1023.0,951.0,1048.0,1015.0,1006.0,1110.0,1085.0,1164.0,1124.0,1177.0,1111.0,1192.0,1102.0,1144.0,1117.0,1046.0,1048.0,1092.0,1123.0,1056.0,1073.0,1088.0,1096.0,1030.0,1082.0,990.0,954.0,924.0,996.0,974.0,951.0,975.0,938.0,952.0,999.0,918.0,941.0,894.0,881.0,917.0,913.0,897.0,928.0,917.0,899.0,1076.0,1154.0,1136.0,1123.0,1087.0,1128.0,1180.0,1168.0,1139.0,1091.0,928.0,923.0,945.0,888.0,933.0,963.0,925.0,917.0,908.0,885.0
592,783.0,763.0,790.0,783.0,754.0,800.0,755.0,738.0,779.0,725.0,998.0,956.0,937.0,907.0,960.0,1011.0,951.0,965.0,962.0,916.0,931.0,1011.0,933.0,1022.0,992.0,988.0,950.0,989.0,957.0,984.0,1010.0,1044.0,1036.0,1039.0,1035.0,988.0,978.0,1053.0,1050.0,1016.0,1131.0,1095.0,1147.0,1107.0,1136.0,1145.0,1127.0,1173.0,1135.0,1159.0,1059.0,1108.0,1121.0,1125.0,1049.0,1051.0,1141.0,1094.0,1062.0,1095.0,996.0,978.0,932.0,955.0,919.0,939.0,985.0,927.0,969.0,945.0,891.0,897.0,898.0,914.0,937.0,878.0,923.0,911.0,866.0,956.0,1098.0,1140.0,1146.0,1120.0,1149.0,1078.0,1144.0,1111.0,1177.0,1139.0,926.0,870.0,922.0,900.0,933.0,941.0,893.0,905.0,890.0,916.0
593,784.0,717.0,773.0,738.0,751.0,773.0,766.0,785.0,767.0,775.0,960.0,950.0,956.0,977.0,979.0,964.0,903.0,987.0,1006.0,1003.0,993.0,1001.0,989.0,1029.0,1001.0,1016.0,903.0,978.0,948.0,983.0,1007.0,993.0,1018.0,1015.0,991.0,986.0,1037.0,1012.0,1015.0,1060.0,1122.0,1138.0,1110.0,1142.0,1150.0,1137.0,1155.0,1141.0,1112.0,1131.0,1062.0,1100.0,1065.0,1074.0,1068.0,1103.0,1104.0,1078.0,1131.0,1078.0,952.0,956.0,979.0,972.0,959.0,915.0,940.0,989.0,940.0,911.0,919.0,934.0,884.0,894.0,912.0,928.0,950.0,832.0,865.0,906.0,1124.0,1125.0,1143.0,1112.0,1130.0,1093.0,1142.0,1161.0,1137.0,1106.0,902.0,947.0,946.0,917.0,924.0,903.0,944.0,903.0,925.0,898.0
594,820.0,791.0,771.0,775.0,756.0,766.0,789.0,793.0,781.0,835.0,898.0,948.0,994.0,924.0,912.0,947.0,954.0,961.0,957.0,929.0,956.0,1015.0,986.0,973.0,979.0,981.0,934.0,1012.0,963.0,1019.0,1040.0,1022.0,1041.0,997.0,1054.0,1034.0,1010.0,970.0,1039.0,1061.0,1117.0,1188.0,1161.0,1122.0,1146.0,1088.0,1142.0,1124.0,1124.0,1062.0,1114.0,1099.0,1083.0,1053.0,1059.0,1110.0,1092.0,1072.0,1046.0,1085.0,1019.0,923.0,940.0,1024.0,988.0,941.0,979.0,977.0,1012.0,888.0,874.0,842.0,934.0,893.0,892.0,908.0,957.0,889.0,845.0,931.0,1113.0,1081.0,1075.0,1117.0,1148.0,1141.0,1107.0,1144.0,1143.0,1145.0,873.0,952.0,880.0,992.0,932.0,902.0,882.0,925.0,937.0,898.0
595,813.0,745.0,792.0,787.0,750.0,818.0,798.0,777.0,762.0,717.0,941.0,981.0,950.0,963.0,940.0,947.0,1016.0,978.0,957.0,920.0,989.0,985.0,932.0,961.0,970.0,963.0,939.0,959.0,948.0,972.0,1002.0,960.0,1025.0,1043.0,1047.0,1029.0,1018.0,1016.0,1044.0,1027.0,1137.0,1138.0,1140.0,1104.0,1114.0,1123.0,1121.0,1149.0,1148.0,1152.0,1072.0,1068.0,1084.0,1097.0,1106.0,1056.0,1117.0,1078.0,1097.0,1114.0,954.0,950.0,997.0,990.0,962.0,990.0,934.0,992.0,971.0,968.0,901.0,921.0,924.0,951.0,929.0,883.0,936.0,897.0,914.0,921.0,1097.0,1168.0,1125.0,1108.0,1136.0,1118.0,1085.0,1128.0,1108.0,1128.0,922.0,944.0,898.0,867.0,912.0,894.0,884.0,893.0,897.0,929.0
596,751.0,743.0,751.0,784.0,781.0,772.0,779.0,789.0,766.0,748.0,956.0,951.0,953.0,959.0,923.0,950.0,995.0,961.0,943.0,951.0,987.0,949.0,962.0,927.0,978.0,900.0,991.0,1004.0,981.0,955.0,1019.0,1029.0,1033.0,1035.0,995.0,1042.0,975.0,975.0,1075.0,995.0,1083.0,1106.0,1169.0,1117.0,1144.0,1179.0,1114.0,1091.0,1104.0,1120.0,1065.0,1093.0,1106.0,1094.0,1102.0,1072.0,1107.0,1143.0,1077.0,1084.0,997.0,968.0,969.0,1012.0,952.0,931.0,967.0,942.0,956.0,1029.0,952.0,966.0,915.0,923.0,885.0,901.0,893.0,917.0,923.0,929.0,1116.0,1146.0,1118.0,1099.0,1162.0,1113.0,1098.0,1153.0,1110.0,1141.0,903.0,911.0,890.0,924.0,944.0,959.0,932.0,892.0,915.0,893.0
597,758.0,769.0,730.0,789.0,776.0,761.0,794.0,701.0,802.0,791.0,956.0,963.0,971.0,944.0,1000.0,983.0,987.0,958.0,919.0,958.0,954.0,988.0,974.0,989.0,992.0,970.0,972.0,1007.0,973.0,939.0,1036.0,1032.0,1011.0,1013.0,1042.0,1018.0,1009.0,1002.0,1009.0,989.0,1153.0,1134.0,1125.0,1149.0,1199.0,1149.0,1174.0,1162.0,1135.0,1133.0,1066.0,1072.0,1117.0,1087.0,1049.0,1069.0,1043.0,1138.0,1042.0,1098.0,1019.0,917.0,970.0,988.0,1002.0,953.0,924.0,969.0,1006.0,948.0,908.0,938.0,917.0,862.0,862.0,909.0,967.0,914.0,912.0,939.0,1106.0,1160.0,1154.0,1155.0,1078.0,1081.0,1077.0,1114.0,1134.0,1112.0,871.0,889.0,894.0,896.0,863.0,928.0,906.0,898.0,920.0,938.0
598,774.0,795.0,813.0,769.0,798.0,804.0,786.0,795.0,735.0,766.0,989.0,938.0,964.0,989.0,1043.0,982.0,975.0,966.0,986.0,919.0,961.0,964.0,940.0,987.0,963.0,962.0,981.0,968.0,937.0,961.0,1035.0,1054.0,1054.0,1000.0,999.0,1029.0,1020.0,1017.0,1001.0,1003.0,1155.0,1090.0,1107.0,1167.0,1149.0,1090.0,1144.0,1123.0,1137.0,1147.0,1052.0,1085.0,1057.0,1073.0,1040.0,1074.0,1039.0,1049.0,1072.0,1122.0,945.0,948.0,992.0,923.0,945.0,937.0,1001.0,980.0,988.0,957.0,923.0,912.0,926.0,931.0,946.0,911.0,925.0,926.0,887.0,937.0,1096.0,1143.0,1114.0,1102.0,1087.0,1155.0,1112.0,1110.0,1192.0,1107.0,898.0,937.0,901.0,931.0,897.0,878.0,873.0,934.0,911.0,924.0
599,757.0,744.0,815.0,795.0,793.0,756.0,805.0,762.0,721.0,826.0,982.0,979.0,1020.0,951.0,1041.0,972.0,940.0,974.0,980.0,947.0,1037.0,980.0,958.0,963.0,951.0,1018.0,959.0,999.0,960.0,935.0,1075.0,1079.0,1052.0,1043.0,991.0,1032.0,1018.0,1013.0,1039.0,1068.0,1168.0,1113.0,1101.0,1106.0,1144.0,1130.0,1129.0,1211.0,1202.0,1138.0,1027.0,1073.0,1085.0,1064.0,1097.0,1056.0,1110.0,1044.0,1091.0,1118.0,881.0,910.0,938.0,941.0,932.0,947.0,975.0,935.0,970.0,952.0,894.0,913.0,906.0,935.0,878.0,885.0,929.0,902.0,897.0,889.0,1100.0,1151.0,1102.0,1157.0,1117.0,1142.0,1121.0,1115.0,1079.0,1138.0,904.0,921.0,897.0,917.0,923.0,883.0,870.0,912.0,903.0,830.0
600,733.0,739.0,770.0,782.0,799.0,761.0,785.0,783.0,791.0,705.0,968.0,961.0,992.0,885.0,930.0,955.0,928.0,987.0,937.0,949.0,1040.0,974.0,988.0,1002.0,965.0,964.0,951.0,954.0,1011.0,969.0,1034.0,1058.0,1011.0,1040.0,1023.0,1042.0,1029.0,1012.0,978.0,1027.0,1113.0,1138.0,1131.0,1144.0,1117.0,1144.0,1098.0,1087.0,1107.0,1127.0,1102.0,1093.0,1120.0,1056.0,1111.0,1090.0,1093.0,1116.0,1078.0,1107.0,993.0,916.0,944.0,982.0,958.0,963.0,974.0,959.0,996.0,970.0,857.0,948.0,888.0,889.0,950.0,855.0,925.0,912.0,911.0,906.0,1100.0,1119.0,1074.0,1173.0,1074.0,1121.0,1158.0,1124.0,1125.0,1196.0,882.0,915.0,958.0,916.0,944.0,923.0,915.0,936.0,912.0,877.0
601,757.0,775.0,737.0,774.0,751.0,719.0,771.0,807.0,771.0,798.0,950.0,946.0,979.0,956.0,953.0,937.0,957.0,999.0,918.0,973.0,987.0,1025.0,931.0,1015.0,999.0,960.0,984.0,966.0,949.0,983.0,1059.0,1022.0,1055.0,995.0,1006.0,1012.0,1033.0,992.0,1038.0,991.0,1150.0,1122.0,1126.0,1095.0,1154.0,1110.0,1141.0,1169.0,1140.0,1141.0,1013.0,1052.0,1102.0,1083.0,1056.0,1120.0,1076.0,1089.0,1077.0,1058.0,948.0,987.0,979.0,977.0,940.0,959.0,961.0,936.0,931.0,939.0,902.0,875.0,918.0,948.0,924.0,904.0,909.0,921.0,962.0,932.0,1151.0,1137.0,1097.0,1131.0,1138.0,1180.0,1140.0,1131.0,1155.0,1126.0,903.0,922.0,952.0,898.0,949.0,911.0,883.0,859.0,905.0,896.0
602,755.0,726.0,776.0,787.0,796.0,729.0,786.0,785.0,754.0,767.0,972.0,975.0,1006.0,916.0,942.0,974.0,950.0,978.0,934.0,974.0,972.0,995.0,960.0,1015.0,980.0,969.0,893.0,933.0,957.0,945.0,1008.0,1043.0,1016.0,1003.0,1017.0,1080.0,1062.0,1016.0,1037.0,998.0,1118.0,1164.0,1089.0,1111.0,1144.0,1102.0,1204.0,1128.0,1132.0,1135.0,1111.0,1105.0,1119.0,1106.0,1072.0,1073.0,1057.0,1073.0,1061.0,1060.0,949.0,920.0,948.0,959.0,965.0,954.0,923.0,993.0,980.0,1014.0,900.0,910.0,842.0,917.0,898.0,920.0,950.0,906.0,928.0,915.0,1118.0,1125.0,1145.0,1136.0,1100.0,1100.0,1079.0,1119.0,1142.0,1111.0,919.0,896.0,974.0,922.0,959.0,911.0,948.0,940.0,921.0,921.0
603,742.0,775.0,734.0,760.0,752.0,761.0,748.0,796.0,749.0,788.0,959.0,911.0,969.0,938.0,977.0,944.0,963.0,958.0,948.0,981.0,944.0,990.0,1002.0,966.0,1019.0,941.0,972.0,966.0,981.0,964.0,1027.0,1012.0,1008.0,1003.0,965.0,1041.0,1025.0,1002.0,994.0,964.0,1168.0,1149.0,1132.0,1119.0,1127.0,1159.0,1124.0,1192.0,1151.0,1151.0,1083.0,1090.0,1162.0,1093.0,1095.0,1058.0,1100.0,1109.0,1061.0,1076.0,948.0,951.0,884.0,969.0,1013.0,930.0,974.0,986.0,967.0,954.0,920.0,907.0,903.0,939.0,908.0,952.0,914.0,874.0,932.0,963.0,1120.0,1129.0,1121.0,1152.0,1130.0,1150.0,1138.0,1092.0,1125.0,1137.0,909.0,945.0,956.0,933.0,887.0,874.0,893.0,896.0,940.0,864.0
604,792.0,791.0,764.0,727.0,769.0,745.0,752.0,749.0,772.0,760.0,936.0,954.0,955.0,945.0,937.0,932.0,986.0,977.0,895.0,945.0,974.0,996.0,983.0,995.0,930.0,982.0,951.0,973.0,936.0,989.0,982.0,1023.0,1063.0,1024.0,994.0,978.0,1072.0,982.0,1086.0,1012.0,1140.0,1117.0,1147.0,1145.0,1134.0,1183.0,1129.0,1148.0,1147.0,1103.0,1058.0,1099.0,1108.0,1050.0,1074.0,1055.0,1031.0,1089.0,1085.0,1071.0,991.0,955.0,974.0,1009.0,965.0,985.0,981.0,974.0,930.0,978.0,949.0,900.0,901.0,948.0,969.0,874.0,921.0,930.0,891.0,956.0,1117.0,1110.0,1093.0,1095.0,1136.0,1173.0,1128.0,1114.0,1154.0,1114.0,884.0,918.0,883.0,933.0,968.0,898.0,901.0,936.0,950.0,915.0
605,768.0,753.0,764.0,773.0,733.0,751.0,798.0,754.0,773.0,752.0,947.0,958.0,958.0,944.0,1002.0,984.0,978.0,985.0,981.0,964.0,973.0,987.0,980.0,1030.0,988.0,994.0,954.0,970.0,959.0,1005.0,1043.0,1068.0,1056.0,994.0,1049.0,1004.0,1030.0,1023.0,1047.0,1003.0,1154.0,1188.0,1101.0,1111.0,1094.0,1162.0,1159.0,1145.0,1104.0,1133.0,1080.0,1090.0,1038.0,1064.0,1107.0,1053.0,1095.0,1113.0,1056.0,1059.0,937.0,976.0,1007.0,984.0,941.0,921.0,870.0,988.0,926.0,936.0,907.0,893.0,961.0,924.0,921.0,897.0,933.0,907.0,903.0,935.0,1099.0,1094.0,1122.0,1150.0,1100.0,1100.0,1139.0,1127.0,1150.0,1133.0,916.0,854.0,887.0,899.0,943.0,939.0,894.0,857.0,949.0,923.0
606,753.0,774.0,754.0,795.0,739.0,776.0,763.0,770.0,796.0,781.0,1005.0,978.0,976.0,955.0,988.0,932.0,953.0,959.0,955.0,928.0,992.0,975.0,942.0,999.0,987.0,932.0,977.0,934.0,931.0,981.0,1017.0,1041.0,1024.0,1030.0,1040.0,999.0,1034.0,1033.0,1026.0,974.0,1141.0,1156.0,1175.0,1152.0,1133.0,1154.0,1100.0,1191.0,1110.0,1137.0,1069.0,1121.0,1061.0,1094.0,1117.0,1109.0,1088.0,1075.0,1113.0,1093.0,943.0,933.0,944.0,968.0,1002.0,955.0,921.0,1013.0,974.0,989.0,888.0,868.0,909.0,860.0,896.0,880.0,936.0,893.0,876.0,930.0,1137.0,1104.0,1169.0,1114.0,1105.0,1147.0,1138.0,1116.0,1126.0,1125.0,878.0,910.0,917.0,905.0,868.0,919.0,941.0,882.0,944.0,906.0
607,811.0,775.0,804.0,796.0,748.0,808.0,742.0,777.0,782.0,802.0,968.0,970.0,970.0,963.0,1006.0,908.0,916.0,980.0,928.0,952.0,969.0,997.0,957.0,980.0,943.0,1026.0,950.0,1004.0,959.0,967.0,1010.0,1043.0,1037.0,1014.0,1035.0,974.0,1035.0,1023.0,1022.0,1021.0,1132.0,1109.0,1164.0,1158.0,1072.0,1171.0,1131.0,1139.0,1133.0,1106.0,1104.0,1122.0,1054.0,1096.0,1069.0,1057.0,1106.0,1061.0,1052.0,1072.0,941.0,939.0,981.0,938.0,978.0,924.0,934.0,971.0,987.0,974.0,901.0,920.0,861.0,909.0,948.0,920.0,936.0,883.0,905.0,919.0,1085.0,1112.0,1104.0,1101.0,1150.0,1119.0,1112.0,1140.0,1138.0,1117.0,905.0,873.0,940.0,918.0,927.0,898.0,988.0,888.0,947.0,918.0
608,768.0,779.0,808.0,781.0,784.0,755.0,754.0,763.0,778.0,732.0,980.0,947.0,989.0,944.0,960.0,958.0,952.0,983.0,933.0,948.0,944.0,1013.0,928.0,985.0,958.0,989.0,1023.0,993.0,995.0,989.0,1006.0,1108.0,1093.0,992.0,1002.0,1035.0,988.0,1015.0,1036.0,1051.0,1141.0,1096.0,1073.0,1157.0,1162.0,1149.0,1132.0,1138.0,1107.0,1165.0,1129.0,1038.0,1096.0,1058.0,1060.0,1029.0,1075.0,1007.0,1093.0,1093.0,963.0,1005.0,954.0,1000.0,913.0,972.0,921.0,972.0,993.0,935.0,873.0,903.0,937.0,916.0,928.0,933.0,908.0,896.0,860.0,899.0,1089.0,1087.0,1075.0,1136.0,1175.0,1103.0,1191.0,1129.0,1128.0,1154.0,933.0,888.0,925.0,905.0,931.0,885.0,903.0,970.0,931.0,875.0
609,788.0,726.0,775.0,793.0,793.0,724.0,768.0,787.0,791.0,728.0,976.0,928.0,965.0,968.0,921.0,961.0,944.0,988.0,968.0,945.0,985.0,993.0,1006.0,995.0,968.0,982.0,951.0,931.0,995.0,1017.0,1024.0,1009.0,999.0,1015.0,1061.0,1034.0,1032.0,1006.0,1016.0,993.0,1084.0,1161.0,1115.0,1171.0,1174.0,1142.0,1149.0,1102.0,1119.0,1135.0,1106.0,1112.0,1142.0,1074.0,1084.0,1085.0,1133.0,1097.0,1078.0,1052.0,982.0,1016.0,932.0,943.0,954.0,949.0,957.0,959.0,986.0,979.0,892.0,912.0,881.0,919.0,886.0,940.0,937.0,947.0,901.0,915.0,1062.0,1101.0,1151.0,1138.0,1129.0,1051.0,1119.0,1110.0,1100.0,1114.0,931.0,903.0,911.0,854.0,903.0,943.0,855.0,943.0,903.0,964.0
610,724.0,785.0,726.0,736.0,806.0,756.0,795.0,796.0,737.0,767.0,981.0,945.0,917.0,968.0,971.0,990.0,928.0,974.0,1007.0,1009.0,1025.0,959.0,988.0,945.0,960.0,984.0,986.0,968.0,1030.0,960.0,983.0,1032.0,1033.0,977.0,1009.0,1041.0,966.0,1028.0,986.0,1084.0,1132.0,1160.0,1100.0,1167.0,1186.0,1145.0,1134.0,1122.0,1079.0,1147.0,1121.0,1072.0,1102.0,1087.0,1033.0,1087.0,1067.0,1081.0,1036.0,1063.0,942.0,1038.0,951.0,996.0,975.0,955.0,982.0,972.0,975.0,935.0,872.0,867.0,942.0,946.0,903.0,869.0,897.0,921.0,942.0,884.0,1118.0,1117.0,1179.0,1153.0,1122.0,1115.0,1182.0,1089.0,1100.0,1121.0,928.0,886.0,935.0,892.0,909.0,867.0,909.0,923.0,967.0,869.0
611,788.0,802.0,785.0,762.0,760.0,746.0,787.0,800.0,756.0,766.0,950.0,972.0,975.0,988.0,951.0,962.0,945.0,927.0,971.0,986.0,960.0,900.0,941.0,984.0,969.0,1001.0,996.0,960.0,992.0,1015.0,1003.0,1059.0,1079.0,1052.0,1011.0,1018.0,1015.0,1057.0,1017.0,963.0,1156.0,1119.0,1130.0,1160.0,1136.0,1087.0,1132.0,1140.0,1139.0,1136.0,1055.0,1071.0,1054.0,1099.0,1106.0,1072.0,1094.0,1083.0,1107.0,1094.0,929.0,967.0,969.0,929.0,969.0,981.0,899.0,982.0,963.0,951.0,944.0,936.0,889.0,913.0,938.0,905.0,892.0,934.0,899.0,899.0,1110.0,1111.0,1128.0,1127.0,1109.0,1117.0,1141.0,1037.0,1052.0,1116.0,933.0,928.0,924.0,851.0,925.0,923.0,946.0,958.0,964.0,913.0
612,729.0,735.0,813.0,761.0,792.0,760.0,758.0,792.0,735.0,757.0,952.0,961.0,941.0,937.0,933.0,976.0,972.0,943.0,900.0,977.0,1006.0,977.0,949.0,983.0,1008.0,983.0,975.0,959.0,1030.0,988.0,972.0,1056.0,1016.0,997.0,1062.0,968.0,1016.0,1013.0,989.0,983.0,1189.0,1140.0,1130.0,1100.0,1116.0,1169.0,1105.0,1148.0,1137.0,1133.0,1047.0,1071.0,1073.0,1103.0,1101.0,1062.0,1116.0,1132.0,1090.0,1091.0,963.0,970.0,988.0,974.0,997.0,946.0,932.0,984.0,1022.0,1005.0,905.0,886.0,883.0,946.0,865.0,949.0,968.0,895.0,902.0,867.0,1100.0,1151.0,1164.0,1152.0,1110.0,1102.0,1107.0,1104.0,1111.0,1152.0,964.0,915.0,917.0,914.0,890.0,897.0,900.0,907.0,942.0,883.0
613,758.0,768.0,794.0,756.0,766.0,750.0,779.0,786.0,812.0,768.0,937.0,949.0,947.0,934.0,934.0,942.0,945.0,917.0,964.0,935.0,930.0,959.0,960.0,970.0,956.0,962.0,962.0,1017.0,978.0,991.0,994.0,1092.0,1031.0,1064.0,1029.0,1054.0,1020.0,1004.0,999.0,984.0,1126.0,1129.0,1160.0,1113.0,1117.0,1176.0,1114.0,1112.0,1129.0,1168.0,1089.0,1050.0,1107.0,1090.0,1096.0,1077.0,1121.0,1109.0,1085.0,1102.0,973.0,946.0,949.0,1001.0,1021.0,947.0,957.0,944.0,920.0,974.0,915.0,916.0,923.0,908.0,960.0,912.0,918.0,943.0,941.0,932.0,1189.0,1130.0,1133.0,1152.0,1095.0,1061.0,1110.0,1102.0,1110.0,1103.0,912.0,924.0,869.0,878.0,902.0,930.0,926.0,945.0,923.0,879.0
614,744.0,755.0,721.0,753.0,793.0,772.0,769.0,748.0,736.0,764.0,911.0,944.0,919.0,937.0,898.0,982.0,975.0,921.0,1002.0,898.0,933.0,963.0,981.0,978.0,998.0,1013.0,986.0,1017.0,976.0,968.0,1027.0,1036.0,1042.0,1050.0,998.0,1033.0,1016.0,988.0,977.0,1014.0,1169.0,1166.0,1146.0,1136.0,1162.0,1120.0,1082.0,1156.0,1078.0,1105.0,1103.0,1094.0,1082.0,1049.0,1057.0,1031.0,1083.0,1052.0,1107.0,1117.0,982.0,969.0,1056.0,1032.0,935.0,947.0,952.0,1009.0,985.0,979.0,929.0,916.0,887.0,924.0,955.0,927.0,920.0,941.0,935.0,921.0,1143.0,1105.0,1111.0,1099.0,1135.0,1087.0,1121.0,1169.0,1093.0,1148.0,878.0,916.0,924.0,909.0,945.0,903.0,951.0,873.0,976.0,922.0
615,778.0,808.0,789.0,776.0,788.0,798.0,773.0,814.0,744.0,771.0,935.0,953.0,948.0,969.0,940.0,966.0,1004.0,955.0,1001.0,946.0,984.0,969.0,1018.0,941.0,941.0,952.0,1002.0,944.0,963.0,992.0,1035.0,1021.0,1026.0,1021.0,1016.0,1013.0,996.0,1051.0,986.0,1007.0,1151.0,1133.0,1122.0,1140.0,1134.0,1075.0,1139.0,1149.0,1144.0,1075.0,1034.0,1044.0,1086.0,1135.0,1089.0,1085.0,1135.0,1060.0,1069.0,1064.0,935.0,995.0,980.0,1019.0,992.0,969.0,903.0,945.0,1001.0,1007.0,897.0,925.0,858.0,890.0,919.0,906.0,895.0,889.0,870.0,939.0,1178.0,1129.0,1138.0,1090.0,1155.0,1138.0,1104.0,1151.0,1127.0,1134.0,888.0,891.0,905.0,886.0,901.0,916.0,901.0,916.0,958.0,905.0
616,753.0,826.0,774.0,851.0,783.0,765.0,745.0,782.0,783.0,793.0,942.0,949.0,981.0,911.0,944.0,988.0,947.0,935.0,957.0,891.0,987.0,1007.0,992.0,988.0,953.0,950.0,969.0,997.0,975.0,973.0,993.0,1074.0,994.0,1073.0,1034.0,975.0,1021.0,1037.0,1035.0,1020.0,1122.0,1087.0,1120.0,1120.0,1117.0,1161.0,1156.0,1162.0,1097.0,1163.0,1104.0,1101.0,1082.0,1071.0,1152.0,1103.0,1057.0,1097.0,1076.0,1107.0,943.0,935.0,976.0,914.0,951.0,917.0,977.0,944.0,971.0,943.0,875.0,904.0,890.0,915.0,924.0,943.0,908.0,868.0,855.0,901.0,1133.0,1084.0,1143.0,1119.0,1143.0,1101.0,1152.0,1122.0,1183.0,1131.0,964.0,905.0,920.0,910.0,870.0,915.0,918.0,929.0,930.0,916.0
617,753.0,772.0,783.0,695.0,710.0,750.0,792.0,812.0,772.0,749.0,1000.0,924.0,973.0,945.0,970.0,916.0,950.0,950.0,965.0,927.0,978.0,982.0,996.0,1021.0,993.0,943.0,997.0,948.0,988.0,961.0,1044.0,1037.0,980.0,1011.0,1057.0,1063.0,1006.0,1009.0,1013.0,1027.0,1131.0,1129.0,1140.0,1190.0,1194.0,1109.0,1131.0,1164.0,1170.0,1141.0,1064.0,1049.0,1068.0,1117.0,1071.0,1050.0,1065.0,1095.0,1068.0,1063.0,929.0,1003.0,997.0,957.0,952.0,980.0,971.0,975.0,967.0,999.0,888.0,927.0,889.0,903.0,902.0,947.0,937.0,873.0,856.0,938.0,1130.0,1126.0,1107.0,1119.0,1169.0,1123.0,1092.0,1094.0,1126.0,1138.0,899.0,924.0,942.0,907.0,845.0,937.0,912.0,954.0,937.0,894.0
618,762.0,763.0,721.0,749.0,751.0,732.0,794.0,823.0,768.0,761.0,921.0,934.0,1008.0,917.0,973.0,927.0,962.0,958.0,945.0,966.0,997.0,987.0,1013.0,1030.0,964.0,934.0,963.0,963.0,952.0,951.0,1045.0,1007.0,1001.0,1044.0,1023.0,1044.0,1041.0,1000.0,1077.0,1000.0,1138.0,1172.0,1217.0,1107.0,1142.0,1155.0,1147.0,1120.0,1154.0,1118.0,1128.0,1088.0,1059.0,1122.0,1083.0,1098.0,1072.0,1099.0,1089.0,1066.0,941.0,959.0,980.0,958.0,990.0,925.0,973.0,1004.0,945.0,971.0,886.0,928.0,877.0,929.0,912.0,934.0,918.0,876.0,917.0,930.0,1068.0,1125.0,1092.0,1092.0,1140.0,1119.0,1068.0,1142.0,1121.0,1182.0,930.0,908.0,902.0,917.0,885.0,945.0,918.0,892.0,891.0,891.0
619,759.0,744.0,812.0,740.0,803.0,761.0,773.0,730.0,772.0,766.0,934.0,940.0,951.0,1007.0,922.0,919.0,981.0,953.0,910.0,989.0,1023.0,931.0,906.0,997.0,1004.0,976.0,953.0,963.0,1006.0,955.0,983.0,1081.0,1019.0,1034.0,1009.0,1050.0,1046.0,992.0,1045.0,1008.0,1064.0,1161.0,1180.0,1116.0,1109.0,1162.0,1103.0,1143.0,1121.0,1160.0,1096.0,1104.0,1119.0,1109.0,1065.0,1036.0,1095.0,1109.0,1085.0,1076.0,1001.0,944.0,926.0,996.0,978.0,961.0,946.0,997.0,943.0,1001.0,903.0,895.0,888.0,886.0,926.0,927.0,950.0,928.0,964.0,887.0,1168.0,1167.0,1161.0,1095.0,1135.0,1110.0,1074.0,1124.0,1128.0,1085.0,885.0,897.0,905.0,883.0,917.0,912.0,939.0,934.0,885.0,910.0
620,737.0,710.0,742.0,732.0,769.0,739.0,750.0,759.0,766.0,781.0,942.0,941.0,949.0,955.0,942.0,979.0,967.0,928.0,991.0,969.0,951.0,951.0,967.0,958.0,962.0,977.0,966.0,972.0,977.0,952.0,1010.0,1063.0,989.0,981.0,1073.0,1024.0,1012.0,1009.0,991.0,1058.0,1181.0,1133.0,1166.0,1149.0,1150.0,1166.0,1114.0,1162.0,1117.0,1154.0,1107.0,1056.0,1118.0,1094.0,1065.0,1063.0,1058.0,1099.0,1070.0,1104.0,994.0,983.0,973.0,955.0,924.0,982.0,960.0,978.0,947.0,922.0,898.0,927.0,917.0,946.0,924.0,861.0,934.0,949.0,881.0,880.0,1100.0,1189.0,1132.0,1161.0,1143.0,1102.0,1168.0,1096.0,1202.0,1084.0,894.0,906.0,913.0,930.0,916.0,919.0,931.0,921.0,915.0,934.0
621,799.0,757.0,822.0,780.0,776.0,711.0,732.0,809.0,748.0,762.0,912.0,922.0,937.0,905.0,977.0,948.0,965.0,957.0,930.0,956.0,954.0,971.0,947.0,992.0,966.0,1002.0,979.0,983.0,966.0,985.0,1016.0,1029.0,1062.0,1062.0,1052.0,1020.0,1016.0,997.0,1005.0,1032.0,1123.0,1113.0,1140.0,1105.0,1114.0,1053.0,1154.0,1172.0,1175.0,1168.0,1109.0,1079.0,1105.0,1108.0,1042.0,1053.0,1087.0,1070.0,1067.0,1013.0,976.0,985.0,942.0,917.0,978.0,977.0,993.0,947.0,989.0,956.0,904.0,932.0,915.0,910.0,856.0,946.0,889.0,923.0,908.0,913.0,1116.0,1158.0,1122.0,1159.0,1187.0,1130.0,1132.0,1075.0,1123.0,1117.0,907.0,914.0,877.0,921.0,919.0,972.0,910.0,944.0,945.0,936.0
622,805.0,776.0,771.0,734.0,717.0,750.0,789.0,761.0,722.0,817.0,968.0,947.0,954.0,959.0,931.0,979.0,954.0,934.0,981.0,946.0,920.0,982.0,1023.0,967.0,974.0,962.0,960.0,988.0,962.0,966.0,1065.0,1025.0,997.0,1050.0,1060.0,995.0,1082.0,1024.0,1013.0,1007.0,1127.0,1137.0,1204.0,1141.0,1168.0,1128.0,1133.0,1100.0,1174.0,1102.0,1035.0,1072.0,1059.0,1142.0,1102.0,1112.0,1065.0,1114.0,1090.0,1089.0,957.0,982.0,953.0,1001.0,920.0,957.0,943.0,987.0,957.0,968.0,945.0,888.0,920.0,881.0,922.0,899.0,869.0,936.0,965.0,905.0,1087.0,1164.0,1086.0,1102.0,1136.0,1114.0,1147.0,1108.0,1092.0,1118.0,911.0,886.0,903.0,880.0,933.0,916.0,914.0,928.0,898.0,925.0
623,714.0,760.0,782.0,771.0,804.0,744.0,764.0,766.0,778.0,787.0,937.0,967.0,947.0,947.0,978.0,990.0,990.0,1000.0,968.0,901.0,1028.0,914.0,1030.0,914.0,986.0,997.0,1004.0,951.0,1005.0,1036.0,1065.0,1032.0,968.0,1041.0,1008.0,1048.0,1008.0,1043.0,1035.0,1029.0,1139.0,1204.0,1170.0,1168.0,1114.0,1099.0,1103.0,1139.0,1139.0,1126.0,1039.0,1098.0,1088.0,1062.0,1080.0,1129.0,1115.0,1045.0,1068.0,1088.0,917.0,959.0,974.0,960.0,983.0,955.0,935.0,988.0,964.0,965.0,910.0,906.0,910.0,919.0,917.0,868.0,910.0,914.0,928.0,918.0,1154.0,1142.0,1062.0,1177.0,1079.0,1096.0,1135.0,1114.0,1073.0,1062.0,912.0,873.0,941.0,895.0,922.0,885.0,891.0,921.0,898.0,935.0
624,768.0,819.0,781.0,799.0,776.0,778.0,703.0,751.0,760.0,772.0,954.0,956.0,983.0,956.0,954.0,934.0,920.0,978.0,999.0,924.0,1050.0,990.0,1015.0,896.0,995.0,984.0,985.0,1006.0,955.0,976.0,982.0,1028.0,978.0,999.0,1006.0,1018.0,1045.0,1004.0,1024.0,1004.0,1139.0,1116.0,1136.0,1175.0,1159.0,1090.0,1144.0,1155.0,1143.0,1162.0,1063.0,1029.0,1108.0,1081.0,1084.0,1061.0,1085.0,1068.0,1039.0,1061.0,952.0,999.0,949.0,948.0,926.0,992.0,952.0,982.0,1003.0,966.0,892.0,868.0,917.0,917.0,964.0,943.0,933.0,943.0,946.0,952.0,1141.0,1126.0,1109.0,1161.0,1100.0,1111.0,1131.0,1102.0,1100.0,1099.0,875.0,930.0,898.0,920.0,908.0,902.0,955.0,893.0,888.0,930.0
625,791.0,846.0,765.0,795.0,776.0,781.0,775.0,780.0,770.0,799.0,941.0,959.0,953.0,910.0,939.0,921.0,956.0,956.0,977.0,964.0,939.0,906.0,973.0,956.0,1000.0,983.0,1029.0,1014.0,927.0,902.0,1037.0,1013.0,1023.0,1012.0,1034.0,1009.0,964.0,1029.0,995.0,1030.0,1150.0,1152.0,1124.0,1148.0,1187.0,1106.0,1151.0,1135.0,1157.0,1146.0,1100.0,1116.0,1112.0,1048.0,1073.0,1103.0,1107.0,1115.0,1088.0,1090.0,938.0,975.0,1010.0,921.0,945.0,942.0,947.0,949.0,980.0,954.0,845.0,874.0,931.0,986.0,901.0,914.0,864.0,917.0,942.0,914.0,1187.0,1125.0,1098.0,1133.0,1115.0,1174.0,1168.0,1129.0,1109.0,1152.0,884.0,896.0,885.0,948.0,902.0,880.0,890.0,857.0,911.0,894.0
626,763.0,798.0,764.0,740.0,783.0,787.0,746.0,735.0,759.0,761.0,936.0,922.0,951.0,964.0,944.0,986.0,987.0,962.0,952.0,921.0,1023.0,971.0,974.0,1005.0,977.0,926.0,1043.0,1025.0,1019.0,987.0,964.0,1025.0,982.0,1037.0,1038.0,1040.0,1007.0,1032.0,1023.0,1021.0,1172.0,1155.0,1175.0,1177.0,1132.0,1137.0,1109.0,1149.0,1147.0,1105.0,1062.0,1106.0,1070.0,1082.0,1068.0,1035.0,1106.0,1101.0,1089.0,1068.0,934.0,951.0,998.0,944.0,961.0,968.0,929.0,975.0,968.0,975.0,921.0,878.0,909.0,936.0,892.0,932.0,892.0,884.0,858.0,935.0,1141.0,1116.0,1137.0,1077.0,1165.0,1100.0,1127.0,1111.0,1104.0,1106.0,894.0,940.0,912.0,895.0,912.0,905.0,903.0,904.0,936.0,967.0
627,728.0,741.0,772.0,766.0,830.0,753.0,792.0,842.0,778.0,731.0,933.0,967.0,939.0,936.0,918.0,927.0,976.0,895.0,955.0,985.0,1018.0,965.0,960.0,998.0,989.0,982.0,963.0,997.0,960.0,950.0,936.0,1006.0,1092.0,1009.0,1029.0,1034.0,1004.0,1029.0,1024.0,1052.0,1143.0,1154.0,1161.0,1129.0,1110.0,1177.0,1121.0,1108.0,1135.0,1098.0,1069.0,1087.0,1069.0,1121.0,1080.0,1047.0,1079.0,1051.0,1048.0,1076.0,1024.0,970.0,975.0,978.0,954.0,954.0,986.0,984.0,948.0,954.0,917.0,949.0,896.0,937.0,927.0,924.0,926.0,884.0,967.0,956.0,1111.0,1108.0,1141.0,1091.0,1137.0,1103.0,1114.0,1170.0,1111.0,1130.0,931.0,914.0,864.0,893.0,900.0,913.0,892.0,918.0,930.0,915.0
628,748.0,773.0,788.0,768.0,783.0,737.0,772.0,753.0,755.0,738.0,958.0,982.0,938.0,993.0,960.0,932.0,974.0,928.0,949.0,1000.0,985.0,980.0,980.0,981.0,1004.0,977.0,960.0,931.0,981.0,953.0,1035.0,993.0,1044.0,978.0,1040.0,1042.0,1000.0,1002.0,1004.0,1070.0,1142.0,1087.0,1155.0,1168.0,1144.0,1163.0,1108.0,1182.0,1197.0,1111.0,1087.0,1094.0,1097.0,1092.0,1064.0,1076.0,1076.0,1102.0,1112.0,1078.0,903.0,998.0,936.0,972.0,975.0,902.0,972.0,1010.0,918.0,975.0,900.0,912.0,905.0,880.0,887.0,953.0,924.0,898.0,927.0,935.0,1118.0,1121.0,1117.0,1130.0,1123.0,1105.0,1158.0,1131.0,1093.0,1098.0,933.0,925.0,910.0,895.0,894.0,924.0,911.0,937.0,917.0,888.0
629,724.0,789.0,748.0,773.0,754.0,728.0,830.0,793.0,791.0,761.0,994.0,985.0,960.0,948.0,931.0,960.0,958.0,957.0,961.0,979.0,981.0,963.0,982.0,960.0,992.0,976.0,980.0,999.0,953.0,977.0,1013.0,1023.0,1064.0,996.0,1034.0,1051.0,976.0,988.0,963.0,1004.0,1148.0,1176.0,1133.0,1157.0,1164.0,1145.0,1159.0,1167.0,1141.0,1151.0,1077.0,1063.0,1073.0,1114.0,1090.0,1089.0,1118.0,1075.0,1114.0,1012.0,951.0,949.0,961.0,946.0,997.0,949.0,894.0,959.0,977.0,964.0,905.0,927.0,927.0,929.0,942.0,903.0,909.0,897.0,963.0,934.0,1109.0,1080.0,1130.0,1105.0,1086.0,1085.0,1135.0,1141.0,1068.0,1136.0,907.0,912.0,893.0,931.0,883.0,923.0,895.0,898.0,925.0,929.0
630,758.0,765.0,738.0,767.0,810.0,790.0,796.0,783.0,772.0,737.0,949.0,965.0,1008.0,975.0,981.0,916.0,931.0,930.0,980.0,944.0,980.0,999.0,969.0,989.0,1004.0,1010.0,952.0,925.0,1006.0,986.0,1011.0,978.0,1040.0,1057.0,978.0,1047.0,1040.0,1026.0,970.0,975.0,1182.0,1129.0,1174.0,1093.0,1151.0,1105.0,1126.0,1118.0,1126.0,1201.0,1065.0,1094.0,1052.0,1058.0,1087.0,1108.0,1051.0,1101.0,1077.0,1078.0,923.0,975.0,978.0,927.0,960.0,948.0,1000.0,1019.0,1017.0,978.0,926.0,880.0,908.0,927.0,894.0,923.0,904.0,925.0,912.0,890.0,1098.0,1129.0,1102.0,1122.0,1112.0,1089.0,1156.0,1139.0,1076.0,1095.0,916.0,954.0,901.0,948.0,898.0,874.0,898.0,908.0,924.0,958.0
631,793.0,783.0,745.0,757.0,780.0,769.0,793.0,743.0,803.0,799.0,978.0,958.0,976.0,958.0,981.0,917.0,943.0,981.0,960.0,962.0,990.0,954.0,957.0,935.0,954.0,1002.0,959.0,978.0,983.0,1008.0,1006.0,1034.0,1017.0,1039.0,1030.0,1034.0,1017.0,994.0,984.0,1045.0,1103.0,1151.0,1196.0,1123.0,1188.0,1150.0,1141.0,1170.0,1099.0,1105.0,1051.0,1101.0,1060.0,1153.0,1048.0,1056.0,1046.0,1097.0,1104.0,1087.0,921.0,965.0,949.0,977.0,951.0,927.0,995.0,964.0,965.0,930.0,935.0,915.0,928.0,879.0,898.0,941.0,921.0,920.0,899.0,910.0,1137.0,1105.0,1148.0,1096.0,1134.0,1100.0,1141.0,1134.0,1109.0,1137.0,899.0,904.0,892.0,946.0,909.0,916.0,901.0,890.0,958.0,860.0
632,772.0,794.0,708.0,797.0,745.0,728.0,792.0,765.0,802.0,753.0,960.0,932.0,945.0,941.0,960.0,999.0,906.0,937.0,947.0,980.0,951.0,922.0,937.0,931.0,1004.0,966.0,992.0,984.0,982.0,961.0,1009.0,1018.0,1000.0,1023.0,1026.0,1000.0,1041.0,979.0,1019.0,1010.0,1144.0,1129.0,1147.0,1150.0,1105.0,1088.0,1150.0,1174.0,1159.0,1148.0,1077.0,1099.0,1122.0,1129.0,1061.0,1070.0,1014.0,1089.0,1119.0,1122.0,946.0,953.0,1031.0,981.0,1024.0,969.0,1010.0,990.0,929.0,948.0,901.0,934.0,900.0,880.0,875.0,952.0,915.0,913.0,895.0,897.0,1113.0,1156.0,1140.0,1147.0,1151.0,1145.0,1114.0,1173.0,1085.0,1103.0,941.0,933.0,935.0,882.0,920.0,895.0,924.0,864.0,926.0,919.0
633,778.0,793.0,779.0,775.0,742.0,742.0,772.0,778.0,786.0,762.0,936.0,977.0,943.0,941.0,956.0,963.0,920.0,991.0,979.0,918.0,969.0,946.0,986.0,979.0,983.0,915.0,956.0,949.0,956.0,956.0,1000.0,976.0,1056.0,1033.0,1005.0,983.0,1008.0,1040.0,1027.0,1030.0,1150.0,1158.0,1102.0,1134.0,1143.0,1119.0,1176.0,1170.0,1115.0,1141.0,1082.0,1069.0,1107.0,1028.0,1048.0,1130.0,1049.0,1057.0,1129.0,1106.0,992.0,981.0,970.0,989.0,980.0,970.0,975.0,970.0,961.0,961.0,903.0,887.0,863.0,926.0,931.0,931.0,978.0,877.0,933.0,926.0,1103.0,1122.0,1132.0,1140.0,1141.0,1148.0,1102.0,1129.0,1100.0,1141.0,903.0,963.0,928.0,917.0,943.0,908.0,923.0,906.0,878.0,896.0
634,780.0,762.0,753.0,754.0,787.0,759.0,793.0,776.0,742.0,794.0,945.0,980.0,948.0,952.0,976.0,938.0,973.0,997.0,937.0,943.0,967.0,971.0,950.0,1006.0,923.0,947.0,976.0,1048.0,981.0,1003.0,999.0,950.0,1034.0,1015.0,1009.0,1010.0,1051.0,1024.0,1022.0,1024.0,1111.0,1137.0,1201.0,1155.0,1108.0,1138.0,1120.0,1107.0,1129.0,1178.0,1057.0,1114.0,1102.0,1106.0,1136.0,1069.0,1060.0,1029.0,1074.0,1075.0,986.0,947.0,987.0,995.0,966.0,951.0,941.0,956.0,984.0,966.0,906.0,915.0,927.0,903.0,913.0,925.0,932.0,875.0,934.0,865.0,1165.0,1160.0,1093.0,1087.0,1121.0,1124.0,1108.0,1194.0,1116.0,1104.0,900.0,934.0,869.0,889.0,936.0,948.0,907.0,859.0,945.0,884.0
635,770.0,780.0,795.0,791.0,790.0,768.0,772.0,750.0,723.0,744.0,982.0,998.0,928.0,973.0,968.0,962.0,963.0,926.0,927.0,937.0,979.0,967.0,1032.0,971.0,1024.0,1005.0,990.0,936.0,968.0,978.0,1016.0,1026.0,988.0,1040.0,1044.0,1029.0,1045.0,1022.0,1030.0,1004.0,1194.0,1121.0,1142.0,1129.0,1117.0,1181.0,1109.0,1138.0,1197.0,1213.0,1028.0,1121.0,1116.0,1082.0,1060.0,1054.0,1097.0,1119.0,1074.0,1083.0,1026.0,954.0,987.0,914.0,953.0,932.0,969.0,988.0,953.0,953.0,851.0,916.0,906.0,946.0,913.0,921.0,901.0,919.0,946.0,908.0,1117.0,1061.0,1091.0,1096.0,1063.0,1091.0,1134.0,1120.0,1129.0,1102.0,849.0,928.0,882.0,925.0,948.0,865.0,881.0,948.0,912.0,911.0
636,808.0,777.0,776.0,768.0,751.0,770.0,746.0,743.0,774.0,795.0,941.0,909.0,905.0,957.0,959.0,910.0,904.0,947.0,986.0,949.0,968.0,946.0,989.0,978.0,1011.0,1012.0,959.0,970.0,968.0,958.0,1001.0,1017.0,988.0,1051.0,1015.0,1002.0,1092.0,1067.0,986.0,1017.0,1111.0,1132.0,1135.0,1145.0,1141.0,1159.0,1142.0,1149.0,1150.0,1122.0,1035.0,1105.0,1080.0,1088.0,1130.0,1057.0,1087.0,1068.0,1033.0,1076.0,989.0,988.0,942.0,933.0,964.0,982.0,979.0,988.0,1004.0,960.0,926.0,947.0,918.0,898.0,920.0,886.0,921.0,863.0,888.0,906.0,1117.0,1109.0,1187.0,1122.0,1090.0,1129.0,1080.0,1140.0,1137.0,1152.0,922.0,944.0,947.0,927.0,897.0,900.0,947.0,928.0,933.0,899.0
637,779.0,784.0,738.0,778.0,771.0,751.0,805.0,735.0,797.0,765.0,960.0,948.0,970.0,914.0,967.0,915.0,959.0,994.0,953.0,969.0,981.0,976.0,945.0,976.0,1006.0,1001.0,978.0,975.0,986.0,956.0,950.0,1013.0,1047.0,1056.0,1050.0,1029.0,1054.0,998.0,981.0,972.0,1171.0,1142.0,1186.0,1155.0,1141.0,1134.0,1135.0,1078.0,1156.0,1105.0,1066.0,1108.0,1061.0,1108.0,1091.0,1117.0,1110.0,1100.0,1086.0,1178.0,1018.0,980.0,971.0,982.0,952.0,1005.0,936.0,987.0,937.0,965.0,907.0,938.0,900.0,905.0,895.0,877.0,894.0,945.0,936.0,901.0,1115.0,1072.0,1116.0,1108.0,1103.0,1103.0,1107.0,1138.0,1130.0,1128.0,872.0,916.0,931.0,883.0,902.0,871.0,879.0,915.0,896.0,894.0
638,806.0,797.0,790.0,775.0,799.0,793.0,769.0,814.0,768.0,722.0,928.0,941.0,959.0,901.0,966.0,913.0,1012.0,963.0,965.0,935.0,998.0,953.0,941.0,1019.0,975.0,970.0,1002.0,1023.0,989.0,967.0,1022.0,995.0,1030.0,1034.0,1035.0,1017.0,1055.0,1001.0,1043.0,1037.0,1144.0,1154.0,1103.0,1124.0,1123.0,1109.0,1129.0,1134.0,1125.0,1191.0,1063.0,1075.0,1107.0,1084.0,1115.0,1103.0,1023.0,1109.0,1099.0,1107.0,972.0,959.0,928.0,988.0,949.0,986.0,960.0,945.0,951.0,943.0,961.0,930.0,947.0,937.0,921.0,889.0,885.0,898.0,902.0,891.0,1084.0,1129.0,1139.0,1137.0,1080.0,1095.0,1140.0,1108.0,1148.0,1130.0,843.0,945.0,924.0,865.0,917.0,932.0,881.0,872.0,866.0,904.0
639,751.0,762.0,765.0,781.0,822.0,797.0,751.0,779.0,803.0,787.0,942.0,1014.0,931.0,962.0,937.0,987.0,949.0,972.0,912.0,932.0,966.0,954.0,948.0,967.0,1010.0,918.0,977.0,975.0,941.0,990.0,1052.0,988.0,1045.0,1023.0,1065.0,1023.0,993.0,1050.0,1030.0,1044.0,1111.0,1150.0,1105.0,1103.0,1117.0,1130.0,1164.0,1128.0,1134.0,1112.0,1049.0,1073.0,1098.0,1115.0,1107.0,1111.0,1112.0,1064.0,1092.0,1071.0,995.0,1014.0,997.0,962.0,977.0,952.0,939.0,970.0,956.0,941.0,895.0,905.0,944.0,904.0,882.0,932.0,896.0,888.0,909.0,886.0,1115.0,1155.0,1117.0,1139.0,1092.0,1085.0,1141.0,1156.0,1159.0,1112.0,945.0,859.0,920.0,910.0,872.0,874.0,931.0,885.0,921.0,957.0
640,737.0,802.0,830.0,739.0,787.0,769.0,738.0,760.0,770.0,752.0,980.0,964.0,995.0,971.0,948.0,977.0,947.0,967.0,952.0,968.0,940.0,935.0,1004.0,981.0,979.0,953.0,967.0,959.0,1016.0,1000.0,1016.0,995.0,987.0,1025.0,1063.0,1005.0,1015.0,1074.0,1022.0,1058.0,1182.0,1162.0,1112.0,1166.0,1123.0,1137.0,1138.0,1138.0,1136.0,1144.0,1132.0,1087.0,1097.0,1108.0,1081.0,1059.0,1091.0,1073.0,1119.0,1061.0,941.0,942.0,928.0,963.0,938.0,1000.0,968.0,965.0,949.0,976.0,891.0,915.0,896.0,867.0,918.0,928.0,906.0,843.0,874.0,916.0,1100.0,1167.0,1157.0,1141.0,1130.0,1073.0,1124.0,1133.0,1128.0,1051.0,897.0,904.0,865.0,901.0,915.0,910.0,957.0,953.0,888.0,908.0
641,775.0,811.0,793.0,744.0,781.0,788.0,751.0,779.0,787.0,741.0,946.0,952.0,941.0,943.0,949.0,964.0,968.0,979.0,953.0,967.0,943.0,949.0,1028.0,1005.0,974.0,953.0,1004.0,986.0,1024.0,1008.0,1026.0,1007.0,972.0,972.0,1017.0,1002.0,986.0,1024.0,1012.0,1048.0,1091.0,1175.0,1103.0,1172.0,1128.0,1151.0,1070.0,1150.0,1166.0,1098.0,1121.0,1079.0,1088.0,1089.0,1102.0,1067.0,1112.0,1043.0,1098.0,1071.0,934.0,931.0,970.0,961.0,951.0,932.0,967.0,997.0,933.0,971.0,933.0,925.0,971.0,886.0,945.0,890.0,950.0,870.0,918.0,895.0,1109.0,1126.0,1108.0,1168.0,1138.0,1125.0,1102.0,1111.0,1087.0,1121.0,941.0,917.0,900.0,917.0,895.0,937.0,943.0,928.0,877.0,914.0
642,776.0,757.0,781.0,763.0,777.0,765.0,755.0,781.0,746.0,772.0,966.0,956.0,991.0,939.0,943.0,937.0,919.0,986.0,958.0,908.0,980.0,963.0,936.0,964.0,999.0,959.0,988.0,935.0,1004.0,968.0,1018.0,1020.0,998.0,1011.0,1009.0,1047.0,1062.0,1035.0,1008.0,1052.0,1144.0,1166.0,1154.0,1168.0,1123.0,1128.0,1098.0,1166.0,1157.0,1159.0,1068.0,1109.0,1064.0,1151.0,1083.0,1061.0,1085.0,1112.0,1064.0,1091.0,945.0,964.0,972.0,956.0,919.0,960.0,962.0,939.0,977.0,974.0,910.0,870.0,949.0,899.0,939.0,933.0,943.0,878.0,911.0,905.0,1117.0,1095.0,1168.0,1108.0,1139.0,1096.0,1114.0,1124.0,1155.0,1112.0,897.0,970.0,859.0,895.0,949.0,925.0,926.0,910.0,872.0,892.0
643,788.0,739.0,762.0,786.0,770.0,775.0,781.0,777.0,793.0,744.0,936.0,963.0,952.0,968.0,978.0,967.0,951.0,993.0,918.0,955.0,925.0,1000.0,913.0,1022.0,995.0,1025.0,983.0,1006.0,953.0,895.0,1041.0,1027.0,1012.0,947.0,1020.0,1030.0,1004.0,997.0,1022.0,1000.0,1112.0,1132.0,1152.0,1121.0,1128.0,1100.0,1105.0,1129.0,1084.0,1172.0,1094.0,1103.0,1105.0,1070.0,1096.0,1110.0,1096.0,1065.0,1101.0,1060.0,992.0,990.0,1004.0,940.0,936.0,961.0,929.0,949.0,1013.0,993.0,933.0,909.0,939.0,912.0,934.0,844.0,963.0,887.0,926.0,945.0,1105.0,1087.0,1143.0,1161.0,1125.0,1115.0,1099.0,1147.0,1121.0,1166.0,896.0,919.0,888.0,930.0,899.0,884.0,946.0,915.0,922.0,901.0
644,763.0,771.0,723.0,776.0,757.0,723.0,778.0,703.0,803.0,788.0,970.0,950.0,925.0,1010.0,954.0,1013.0,943.0,946.0,903.0,947.0,969.0,974.0,951.0,950.0,1024.0,985.0,968.0,986.0,1014.0,1003.0,1035.0,1024.0,1073.0,1000.0,1013.0,1003.0,1085.0,1014.0,1039.0,958.0,1146.0,1141.0,1150.0,1158.0,1100.0,1130.0,1145.0,1186.0,1161.0,1171.0,1036.0,1095.0,1089.0,1050.0,1105.0,1073.0,1085.0,1114.0,1065.0,1053.0,990.0,1008.0,960.0,938.0,935.0,951.0,967.0,952.0,885.0,916.0,950.0,889.0,939.0,914.0,951.0,910.0,903.0,922.0,934.0,939.0,1042.0,1101.0,1150.0,1149.0,1126.0,1139.0,1120.0,1118.0,1113.0,1150.0,925.0,916.0,907.0,911.0,916.0,882.0,861.0,920.0,937.0,906.0
645,777.0,788.0,766.0,775.0,770.0,770.0,755.0,741.0,760.0,767.0,964.0,969.0,967.0,944.0,916.0,949.0,981.0,988.0,944.0,946.0,964.0,978.0,1015.0,964.0,944.0,960.0,986.0,986.0,957.0,998.0,1015.0,997.0,1048.0,1082.0,1089.0,1013.0,1069.0,1052.0,1026.0,985.0,1059.0,1149.0,1170.0,1167.0,1161.0,1186.0,1088.0,1149.0,1167.0,1173.0,1124.0,1100.0,1091.0,1097.0,1093.0,1087.0,1110.0,1074.0,1109.0,1126.0,974.0,967.0,960.0,926.0,933.0,931.0,925.0,954.0,907.0,962.0,902.0,884.0,864.0,904.0,938.0,905.0,938.0,875.0,936.0,898.0,1142.0,1136.0,1138.0,1103.0,1102.0,1143.0,1135.0,1143.0,1139.0,1126.0,906.0,899.0,844.0,893.0,935.0,861.0,865.0,897.0,905.0,848.0
646,770.0,790.0,780.0,745.0,816.0,792.0,726.0,784.0,732.0,752.0,964.0,932.0,913.0,944.0,982.0,962.0,934.0,952.0,1001.0,871.0,944.0,1020.0,972.0,1004.0,963.0,927.0,973.0,979.0,988.0,971.0,1043.0,1003.0,1094.0,1034.0,1022.0,1043.0,1030.0,983.0,1013.0,1045.0,1133.0,1121.0,1071.0,1177.0,1182.0,1131.0,1136.0,1080.0,1070.0,1091.0,1065.0,1048.0,1077.0,1075.0,1025.0,1042.0,1141.0,1102.0,1092.0,1126.0,983.0,1017.0,957.0,944.0,982.0,954.0,926.0,986.0,947.0,968.0,913.0,913.0,928.0,911.0,903.0,919.0,947.0,898.0,932.0,892.0,1108.0,1126.0,1144.0,1128.0,1094.0,1103.0,1121.0,1159.0,1207.0,1169.0,905.0,901.0,930.0,892.0,914.0,936.0,914.0,938.0,866.0,943.0
647,740.0,790.0,702.0,789.0,730.0,735.0,802.0,813.0,757.0,800.0,959.0,981.0,924.0,964.0,997.0,973.0,915.0,983.0,956.0,943.0,1027.0,927.0,994.0,997.0,951.0,987.0,1000.0,939.0,978.0,1000.0,1015.0,962.0,1095.0,1022.0,990.0,1051.0,961.0,973.0,1010.0,962.0,1163.0,1132.0,1117.0,1167.0,1169.0,1130.0,1137.0,1201.0,1149.0,1151.0,1074.0,1134.0,1089.0,1064.0,1112.0,1080.0,1095.0,1048.0,1071.0,1043.0,943.0,986.0,915.0,958.0,1013.0,963.0,952.0,970.0,958.0,984.0,869.0,914.0,954.0,879.0,908.0,848.0,962.0,928.0,890.0,929.0,1142.0,1145.0,1140.0,1112.0,1100.0,1134.0,1106.0,1155.0,1126.0,1112.0,891.0,900.0,932.0,906.0,909.0,905.0,921.0,850.0,953.0,909.0
648,765.0,834.0,759.0,793.0,783.0,794.0,714.0,793.0,772.0,773.0,939.0,1013.0,957.0,938.0,985.0,943.0,963.0,932.0,945.0,924.0,961.0,981.0,975.0,996.0,974.0,982.0,984.0,942.0,1039.0,982.0,1023.0,983.0,1021.0,1060.0,1010.0,1009.0,1038.0,1065.0,1039.0,989.0,1148.0,1101.0,1118.0,1110.0,1130.0,1093.0,1163.0,1180.0,1126.0,1144.0,1068.0,1114.0,1102.0,1063.0,1066.0,1034.0,1094.0,1050.0,1087.0,1106.0,962.0,956.0,914.0,966.0,990.0,936.0,976.0,976.0,956.0,1003.0,888.0,892.0,934.0,925.0,890.0,842.0,944.0,883.0,877.0,911.0,1145.0,1110.0,1129.0,1129.0,1146.0,1204.0,1108.0,1114.0,1103.0,1140.0,923.0,892.0,955.0,882.0,905.0,971.0,864.0,926.0,905.0,858.0
649,798.0,764.0,735.0,752.0,741.0,775.0,772.0,753.0,791.0,785.0,895.0,925.0,973.0,947.0,945.0,973.0,953.0,979.0,904.0,931.0,950.0,968.0,971.0,980.0,989.0,961.0,947.0,1015.0,976.0,924.0,1084.0,1035.0,1022.0,1004.0,979.0,999.0,1078.0,1078.0,1027.0,1035.0,1157.0,1144.0,1143.0,1195.0,1175.0,1122.0,1154.0,1125.0,1162.0,1131.0,1074.0,1108.0,1107.0,1054.0,1148.0,1110.0,1084.0,1024.0,1099.0,1122.0,970.0,974.0,998.0,958.0,942.0,929.0,910.0,950.0,952.0,921.0,935.0,934.0,900.0,893.0,897.0,909.0,905.0,916.0,879.0,919.0,1082.0,1122.0,1090.0,1152.0,1121.0,1132.0,1140.0,1140.0,1120.0,1126.0,877.0,902.0,927.0,925.0,936.0,899.0,904.0,881.0,940.0,937.0
650,744.0,745.0,778.0,775.0,756.0,751.0,750.0,773.0,727.0,761.0,992.0,934.0,974.0,951.0,932.0,940.0,975.0,930.0,958.0,946.0,973.0,997.0,996.0,975.0,995.0,1019.0,998.0,975.0,994.0,985.0,1003.0,1026.0,973.0,996.0,1001.0,1026.0,1031.0,1027.0,1006.0,1016.0,1085.0,1193.0,1123.0,1157.0,1164.0,1141.0,1160.0,1117.0,1141.0,1142.0,1082.0,1079.0,1095.0,1079.0,1066.0,1045.0,1064.0,1102.0,1118.0,1056.0,975.0,948.0,970.0,928.0,964.0,966.0,973.0,994.0,952.0,979.0,920.0,920.0,941.0,961.0,961.0,903.0,868.0,901.0,923.0,885.0,1158.0,1136.0,1135.0,1127.0,1146.0,1106.0,1138.0,1138.0,1118.0,1120.0,889.0,893.0,882.0,911.0,886.0,912.0,887.0,905.0,912.0,942.0
651,771.0,797.0,796.0,786.0,752.0,769.0,788.0,741.0,749.0,779.0,949.0,957.0,919.0,940.0,928.0,940.0,947.0,964.0,935.0,876.0,971.0,981.0,1007.0,988.0,1007.0,1027.0,973.0,1002.0,966.0,963.0,982.0,983.0,984.0,1023.0,981.0,1010.0,1030.0,1044.0,1055.0,1095.0,1193.0,1180.0,1158.0,1146.0,1123.0,1180.0,1111.0,1175.0,1131.0,1150.0,1072.0,1133.0,1098.0,1085.0,1077.0,1064.0,1054.0,1046.0,1064.0,1060.0,984.0,947.0,995.0,970.0,1006.0,941.0,995.0,983.0,954.0,974.0,914.0,893.0,942.0,894.0,920.0,910.0,912.0,899.0,923.0,893.0,1107.0,1081.0,1092.0,1110.0,1167.0,1089.0,1151.0,1114.0,1149.0,1125.0,876.0,918.0,877.0,919.0,909.0,878.0,885.0,893.0,924.0,917.0
652,832.0,761.0,757.0,794.0,768.0,747.0,748.0,787.0,779.0,774.0,925.0,977.0,983.0,927.0,996.0,973.0,960.0,1005.0,958.0,956.0,905.0,1004.0,977.0,982.0,971.0,983.0,956.0,941.0,971.0,970.0,1054.0,1032.0,982.0,1015.0,1007.0,986.0,1031.0,1047.0,1022.0,1058.0,1184.0,1108.0,1199.0,1136.0,1146.0,1128.0,1159.0,1156.0,1123.0,1159.0,1091.0,1078.0,1078.0,1081.0,1057.0,1067.0,1107.0,1068.0,1050.0,1022.0,963.0,973.0,951.0,947.0,956.0,993.0,1001.0,963.0,942.0,992.0,926.0,935.0,929.0,926.0,899.0,900.0,892.0,863.0,947.0,908.0,1069.0,1115.0,1112.0,1133.0,1132.0,1117.0,1136.0,1103.0,1137.0,1111.0,870.0,891.0,898.0,923.0,939.0,914.0,852.0,930.0,924.0,883.0
653,723.0,782.0,761.0,770.0,750.0,754.0,749.0,727.0,710.0,775.0,943.0,957.0,900.0,927.0,939.0,921.0,929.0,994.0,950.0,965.0,1023.0,962.0,990.0,980.0,1021.0,981.0,1027.0,960.0,981.0,989.0,1008.0,1056.0,1041.0,1023.0,1041.0,1010.0,992.0,1082.0,1030.0,994.0,1138.0,1071.0,1164.0,1184.0,1154.0,1160.0,1144.0,1117.0,1163.0,1132.0,1121.0,1090.0,1094.0,1079.0,1020.0,1076.0,1055.0,1092.0,1075.0,1045.0,920.0,963.0,1007.0,983.0,969.0,1004.0,974.0,956.0,973.0,989.0,907.0,967.0,894.0,873.0,894.0,890.0,900.0,895.0,917.0,922.0,1119.0,1089.0,1116.0,1087.0,1173.0,1074.0,1162.0,1123.0,1075.0,1135.0,914.0,942.0,898.0,959.0,908.0,937.0,909.0,916.0,977.0,890.0
654,761.0,752.0,800.0,750.0,826.0,749.0,798.0,729.0,751.0,723.0,914.0,982.0,987.0,938.0,930.0,965.0,952.0,942.0,969.0,985.0,969.0,990.0,1001.0,987.0,981.0,1002.0,978.0,962.0,986.0,985.0,1023.0,1015.0,991.0,980.0,929.0,1027.0,1033.0,1032.0,1064.0,1010.0,1159.0,1119.0,1127.0,1098.0,1147.0,1100.0,1127.0,1162.0,1149.0,1141.0,1012.0,1110.0,1103.0,1116.0,1102.0,1069.0,1056.0,1142.0,1049.0,1084.0,979.0,942.0,964.0,980.0,970.0,975.0,940.0,945.0,996.0,996.0,940.0,927.0,902.0,917.0,955.0,909.0,894.0,906.0,901.0,924.0,1146.0,1120.0,1101.0,1120.0,1118.0,1097.0,1131.0,1116.0,1063.0,1086.0,912.0,921.0,893.0,979.0,913.0,916.0,934.0,922.0,924.0,901.0
655,753.0,775.0,794.0,793.0,820.0,761.0,755.0,736.0,759.0,756.0,957.0,934.0,956.0,971.0,964.0,963.0,965.0,937.0,1006.0,979.0,1027.0,953.0,997.0,961.0,980.0,975.0,957.0,985.0,991.0,946.0,988.0,969.0,1032.0,960.0,986.0,1012.0,1053.0,1003.0,1002.0,1037.0,1129.0,1162.0,1127.0,1113.0,1119.0,1152.0,1085.0,1087.0,1136.0,1100.0,1050.0,1127.0,1083.0,1125.0,1057.0,1092.0,1068.0,1121.0,1065.0,1097.0,918.0,970.0,975.0,968.0,982.0,959.0,958.0,999.0,945.0,993.0,925.0,936.0,930.0,926.0,958.0,921.0,935.0,910.0,853.0,923.0,1142.0,1128.0,1093.0,1125.0,1115.0,1092.0,1149.0,1129.0,1133.0,1089.0,926.0,922.0,887.0,926.0,896.0,883.0,920.0,953.0,962.0,917.0
656,745.0,810.0,799.0,772.0,767.0,787.0,806.0,723.0,772.0,776.0,946.0,956.0,964.0,989.0,999.0,932.0,967.0,986.0,981.0,969.0,964.0,1006.0,945.0,980.0,959.0,932.0,1011.0,939.0,1018.0,995.0,1000.0,995.0,1032.0,996.0,1003.0,998.0,1006.0,1013.0,1008.0,1009.0,1169.0,1116.0,1149.0,1132.0,1128.0,1141.0,1093.0,1135.0,1115.0,1124.0,1104.0,1061.0,1098.0,1098.0,1074.0,1053.0,1113.0,1091.0,1101.0,1086.0,926.0,941.0,1001.0,985.0,974.0,928.0,920.0,1009.0,968.0,980.0,909.0,938.0,871.0,951.0,949.0,920.0,918.0,908.0,911.0,901.0,1148.0,1124.0,1110.0,1087.0,1096.0,1150.0,1079.0,1162.0,1101.0,1095.0,901.0,933.0,906.0,880.0,930.0,971.0,937.0,892.0,878.0,904.0
657,765.0,784.0,768.0,777.0,804.0,761.0,732.0,762.0,754.0,768.0,984.0,973.0,938.0,973.0,984.0,981.0,980.0,962.0,957.0,940.0,994.0,963.0,1007.0,991.0,1013.0,963.0,978.0,1012.0,969.0,1004.0,1011.0,1057.0,1038.0,974.0,970.0,1011.0,1063.0,1009.0,1027.0,1045.0,1123.0,1140.0,1137.0,1095.0,1109.0,1093.0,1108.0,1084.0,1156.0,1122.0,1091.0,1081.0,1040.0,1115.0,1119.0,1108.0,1142.0,1087.0,1112.0,1107.0,937.0,938.0,960.0,984.0,959.0,956.0,886.0,961.0,985.0,955.0,910.0,931.0,943.0,948.0,906.0,908.0,925.0,875.0,934.0,948.0,1086.0,1119.0,1130.0,1122.0,1102.0,1137.0,1124.0,1172.0,1079.0,1067.0,913.0,893.0,917.0,893.0,916.0,894.0,908.0,934.0,880.0,884.0
658,758.0,773.0,755.0,743.0,793.0,737.0,739.0,772.0,777.0,774.0,947.0,988.0,923.0,924.0,940.0,910.0,957.0,969.0,912.0,932.0,923.0,1000.0,1011.0,951.0,938.0,948.0,936.0,962.0,982.0,1013.0,1018.0,1085.0,991.0,979.0,959.0,1015.0,1088.0,1058.0,1039.0,1023.0,1110.0,1073.0,1165.0,1180.0,1197.0,1176.0,1175.0,1117.0,1138.0,1170.0,1095.0,1069.0,1054.0,1094.0,1085.0,1100.0,1047.0,1106.0,1097.0,1109.0,976.0,984.0,966.0,988.0,1006.0,936.0,972.0,938.0,995.0,965.0,910.0,874.0,956.0,936.0,919.0,908.0,903.0,889.0,904.0,865.0,1156.0,1143.0,1143.0,1122.0,1057.0,1137.0,1121.0,1150.0,1125.0,1116.0,921.0,890.0,914.0,951.0,988.0,942.0,905.0,895.0,883.0,869.0
659,783.0,775.0,810.0,732.0,783.0,805.0,797.0,781.0,768.0,766.0,965.0,962.0,942.0,927.0,994.0,957.0,948.0,950.0,932.0,956.0,970.0,979.0,978.0,1002.0,924.0,977.0,948.0,1013.0,977.0,930.0,928.0,1023.0,1051.0,1036.0,994.0,1030.0,1009.0,1016.0,1049.0,1026.0,1157.0,1136.0,1101.0,1128.0,1145.0,1084.0,1099.0,1153.0,1152.0,1136.0,1088.0,1083.0,1052.0,1122.0,1094.0,1042.0,1123.0,1105.0,1106.0,1110.0,983.0,921.0,1004.0,944.0,951.0,961.0,944.0,949.0,918.0,930.0,887.0,970.0,907.0,880.0,969.0,892.0,875.0,885.0,954.0,914.0,1120.0,1134.0,1137.0,1148.0,1141.0,1131.0,1148.0,1100.0,1072.0,1153.0,935.0,896.0,899.0,947.0,887.0,933.0,953.0,905.0,926.0,913.0
660,769.0,822.0,761.0,778.0,817.0,779.0,737.0,762.0,737.0,757.0,953.0,884.0,947.0,894.0,925.0,967.0,978.0,978.0,947.0,946.0,934.0,1030.0,1022.0,1043.0,948.0,963.0,946.0,990.0,990.0,962.0,1005.0,1061.0,1036.0,1040.0,1032.0,1009.0,1030.0,1013.0,1055.0,1008.0,1097.0,1122.0,1179.0,1143.0,1116.0,1116.0,1067.0,1138.0,1123.0,1186.0,1132.0,1071.0,1064.0,1074.0,1074.0,1010.0,1154.0,1099.0,1082.0,1077.0,992.0,951.0,939.0,925.0,977.0,979.0,1021.0,939.0,963.0,954.0,929.0,920.0,917.0,906.0,950.0,890.0,879.0,919.0,936.0,895.0,1086.0,1118.0,1130.0,1168.0,1120.0,1161.0,1138.0,1108.0,1100.0,1089.0,921.0,901.0,883.0,891.0,928.0,941.0,891.0,913.0,922.0,960.0
661,751.0,792.0,782.0,760.0,806.0,759.0,742.0,760.0,773.0,730.0,955.0,926.0,907.0,984.0,939.0,927.0,959.0,944.0,936.0,964.0,973.0,1030.0,1020.0,983.0,991.0,957.0,953.0,969.0,989.0,924.0,986.0,1005.0,1041.0,1057.0,1015.0,1003.0,1069.0,990.0,1030.0,1017.0,1130.0,1150.0,1182.0,1113.0,1159.0,1152.0,1151.0,1151.0,1121.0,1163.0,1089.0,1105.0,1121.0,1090.0,1080.0,1023.0,1087.0,1087.0,1090.0,1107.0,1018.0,917.0,938.0,933.0,905.0,1018.0,953.0,942.0,974.0,959.0,889.0,910.0,880.0,887.0,899.0,916.0,894.0,951.0,934.0,891.0,1124.0,1141.0,1134.0,1120.0,1151.0,1121.0,1117.0,1151.0,1117.0,1127.0,901.0,903.0,868.0,936.0,939.0,940.0,914.0,913.0,894.0,948.0
662,788.0,776.0,797.0,735.0,746.0,775.0,746.0,722.0,733.0,771.0,988.0,928.0,966.0,985.0,945.0,932.0,942.0,960.0,982.0,907.0,945.0,998.0,950.0,940.0,957.0,943.0,953.0,961.0,999.0,975.0,1016.0,989.0,1054.0,1054.0,1068.0,1055.0,1048.0,979.0,1039.0,1014.0,1120.0,1160.0,1158.0,1122.0,1151.0,1150.0,1173.0,1115.0,1082.0,1213.0,1047.0,1058.0,1093.0,1102.0,1107.0,1072.0,1078.0,1102.0,1097.0,1135.0,987.0,964.0,927.0,949.0,929.0,994.0,938.0,958.0,944.0,956.0,889.0,938.0,894.0,915.0,934.0,940.0,919.0,978.0,890.0,914.0,1110.0,1136.0,1128.0,1146.0,1120.0,1083.0,1147.0,1093.0,1142.0,1069.0,928.0,931.0,906.0,912.0,924.0,871.0,892.0,992.0,949.0,871.0
663,786.0,787.0,749.0,795.0,826.0,769.0,756.0,765.0,727.0,803.0,920.0,919.0,953.0,917.0,928.0,915.0,907.0,958.0,937.0,961.0,975.0,969.0,965.0,984.0,946.0,977.0,983.0,973.0,972.0,985.0,1059.0,1033.0,1012.0,1047.0,1024.0,1055.0,1025.0,1026.0,1063.0,998.0,1129.0,1143.0,1151.0,1114.0,1136.0,1110.0,1155.0,1137.0,1170.0,1130.0,1080.0,1082.0,1077.0,1111.0,1052.0,1078.0,1107.0,1101.0,1059.0,1070.0,938.0,928.0,957.0,905.0,966.0,957.0,986.0,984.0,977.0,956.0,888.0,942.0,942.0,906.0,898.0,929.0,853.0,909.0,913.0,919.0,1106.0,1148.0,1137.0,1166.0,1132.0,1119.0,1097.0,1080.0,1118.0,1110.0,939.0,926.0,930.0,915.0,974.0,907.0,966.0,929.0,919.0,898.0
664,745.0,772.0,790.0,813.0,756.0,786.0,793.0,777.0,745.0,755.0,962.0,933.0,980.0,915.0,969.0,953.0,925.0,941.0,946.0,985.0,987.0,984.0,1020.0,1053.0,943.0,1018.0,978.0,926.0,971.0,972.0,1003.0,1090.0,1051.0,1072.0,1033.0,1045.0,1063.0,1048.0,1009.0,974.0,1133.0,1101.0,1152.0,1152.0,1191.0,1125.0,1134.0,1145.0,1168.0,1155.0,1111.0,1067.0,1106.0,1042.0,1066.0,1082.0,1078.0,1092.0,1099.0,1128.0,953.0,974.0,887.0,900.0,956.0,970.0,945.0,988.0,1021.0,957.0,886.0,917.0,893.0,905.0,936.0,859.0,915.0,925.0,912.0,881.0,1126.0,1154.0,1143.0,1090.0,1127.0,1080.0,1113.0,1121.0,1089.0,1100.0,913.0,883.0,847.0,919.0,902.0,900.0,892.0,900.0,894.0,922.0
665,784.0,755.0,805.0,775.0,770.0,713.0,751.0,753.0,786.0,776.0,953.0,1024.0,944.0,926.0,966.0,983.0,917.0,948.0,939.0,930.0,960.0,1006.0,1000.0,1030.0,979.0,1011.0,976.0,977.0,979.0,926.0,1008.0,1033.0,1053.0,1032.0,980.0,1038.0,1079.0,1042.0,1001.0,1064.0,1142.0,1116.0,1132.0,1096.0,1137.0,1125.0,1137.0,1150.0,1118.0,1126.0,1066.0,1115.0,1041.0,1091.0,1057.0,1118.0,1051.0,1032.0,1087.0,1133.0,949.0,919.0,946.0,969.0,995.0,975.0,928.0,969.0,1003.0,913.0,881.0,890.0,936.0,949.0,911.0,876.0,874.0,954.0,913.0,915.0,1169.0,1162.0,1093.0,1095.0,1143.0,1087.0,1150.0,1156.0,1144.0,1141.0,907.0,851.0,925.0,901.0,941.0,887.0,972.0,882.0,885.0,902.0
666,800.0,782.0,807.0,772.0,810.0,735.0,773.0,742.0,792.0,745.0,922.0,923.0,971.0,903.0,927.0,929.0,909.0,960.0,980.0,983.0,1015.0,982.0,979.0,1026.0,968.0,990.0,1029.0,988.0,967.0,924.0,1024.0,993.0,992.0,1038.0,1016.0,1017.0,1035.0,1046.0,1005.0,1040.0,1122.0,1188.0,1163.0,1105.0,1116.0,1126.0,1113.0,1146.0,1085.0,1140.0,1083.0,1100.0,1109.0,1076.0,1087.0,1062.0,1102.0,1072.0,1088.0,1122.0,926.0,933.0,950.0,980.0,1003.0,993.0,956.0,940.0,970.0,947.0,892.0,949.0,933.0,930.0,932.0,935.0,854.0,926.0,895.0,930.0,1104.0,1066.0,1076.0,1108.0,1133.0,1132.0,1134.0,1155.0,1156.0,1113.0,933.0,956.0,895.0,929.0,891.0,893.0,931.0,886.0,918.0,882.0
667,791.0,758.0,762.0,783.0,789.0,771.0,788.0,785.0,793.0,746.0,958.0,950.0,973.0,927.0,965.0,963.0,888.0,949.0,943.0,1009.0,954.0,982.0,963.0,999.0,994.0,942.0,987.0,994.0,1002.0,943.0,1044.0,1044.0,1039.0,997.0,981.0,969.0,1040.0,1023.0,1057.0,978.0,1155.0,1109.0,1098.0,1137.0,1129.0,1150.0,1203.0,1151.0,1110.0,1126.0,1071.0,1115.0,1049.0,1068.0,1102.0,1070.0,1084.0,1061.0,1107.0,1062.0,948.0,976.0,933.0,1006.0,982.0,940.0,947.0,969.0,919.0,985.0,914.0,891.0,943.0,899.0,887.0,940.0,884.0,944.0,900.0,936.0,1109.0,1135.0,1211.0,1125.0,1129.0,1183.0,1125.0,1057.0,1092.0,1107.0,876.0,910.0,901.0,926.0,927.0,882.0,889.0,935.0,936.0,937.0
668,833.0,789.0,787.0,830.0,764.0,749.0,787.0,756.0,779.0,790.0,941.0,969.0,951.0,954.0,963.0,903.0,954.0,964.0,947.0,955.0,953.0,960.0,960.0,1040.0,985.0,930.0,962.0,1033.0,991.0,895.0,1052.0,1032.0,971.0,995.0,1066.0,1036.0,1004.0,1017.0,1038.0,1012.0,1132.0,1146.0,1175.0,1111.0,1123.0,1120.0,1137.0,1156.0,1122.0,1129.0,1046.0,1059.0,1060.0,1039.0,1075.0,1069.0,1147.0,1106.0,1079.0,1080.0,982.0,979.0,970.0,975.0,945.0,976.0,978.0,954.0,985.0,994.0,883.0,883.0,931.0,922.0,926.0,963.0,915.0,892.0,923.0,930.0,1106.0,1118.0,1144.0,1095.0,1133.0,1150.0,1072.0,1073.0,1111.0,1133.0,896.0,935.0,922.0,912.0,904.0,912.0,880.0,916.0,885.0,913.0
669,793.0,769.0,746.0,730.0,766.0,793.0,810.0,771.0,781.0,781.0,993.0,942.0,895.0,917.0,973.0,930.0,927.0,959.0,944.0,978.0,932.0,977.0,1000.0,964.0,995.0,910.0,1001.0,955.0,974.0,951.0,1064.0,1010.0,1058.0,1015.0,1014.0,1030.0,1017.0,1065.0,1021.0,994.0,1092.0,1149.0,1143.0,1163.0,1169.0,1134.0,1149.0,1094.0,1116.0,1152.0,1080.0,1101.0,1087.0,1080.0,1067.0,1045.0,1084.0,1122.0,1110.0,1085.0,989.0,947.0,970.0,966.0,1004.0,970.0,950.0,1008.0,992.0,996.0,887.0,960.0,926.0,923.0,908.0,925.0,912.0,882.0,914.0,906.0,1096.0,1133.0,1118.0,1162.0,1059.0,1124.0,1117.0,1125.0,1128.0,1119.0,901.0,881.0,927.0,948.0,929.0,950.0,871.0,884.0,881.0,868.0
670,769.0,782.0,810.0,804.0,840.0,725.0,758.0,782.0,790.0,825.0,933.0,933.0,898.0,962.0,987.0,944.0,991.0,971.0,955.0,889.0,998.0,1024.0,966.0,962.0,945.0,981.0,981.0,979.0,932.0,963.0,1020.0,1015.0,1020.0,1004.0,1058.0,974.0,1013.0,1062.0,1022.0,1020.0,1105.0,1157.0,1156.0,1108.0,1108.0,1154.0,1160.0,1114.0,1177.0,1168.0,1084.0,1109.0,1076.0,1077.0,1060.0,1132.0,1047.0,1080.0,1127.0,1051.0,968.0,943.0,985.0,905.0,932.0,927.0,986.0,979.0,983.0,965.0,909.0,903.0,938.0,936.0,925.0,891.0,885.0,925.0,886.0,907.0,1138.0,1108.0,1156.0,1162.0,1091.0,1133.0,1121.0,1109.0,1128.0,1128.0,904.0,893.0,866.0,951.0,944.0,945.0,897.0,865.0,857.0,916.0
671,744.0,775.0,773.0,756.0,781.0,747.0,781.0,765.0,768.0,747.0,913.0,932.0,949.0,947.0,948.0,873.0,983.0,915.0,966.0,966.0,1013.0,948.0,938.0,991.0,1018.0,1004.0,939.0,971.0,945.0,1012.0,1027.0,1047.0,1030.0,1049.0,1012.0,1043.0,1020.0,1043.0,1036.0,1065.0,1121.0,1111.0,1131.0,1079.0,1162.0,1123.0,1132.0,1177.0,1126.0,1080.0,1109.0,1111.0,1065.0,1076.0,1119.0,1092.0,1095.0,1059.0,1115.0,1077.0,995.0,936.0,1006.0,973.0,981.0,974.0,971.0,983.0,979.0,971.0,860.0,922.0,894.0,935.0,872.0,899.0,930.0,855.0,922.0,904.0,1125.0,1139.0,1158.0,1154.0,1123.0,1120.0,1085.0,1147.0,1099.0,1107.0,918.0,947.0,928.0,912.0,868.0,931.0,907.0,948.0,903.0,904.0
672,725.0,782.0,777.0,777.0,762.0,768.0,786.0,798.0,802.0,755.0,954.0,924.0,970.0,965.0,968.0,1000.0,976.0,960.0,929.0,925.0,1000.0,988.0,950.0,963.0,1007.0,990.0,972.0,1031.0,971.0,985.0,1038.0,1046.0,1080.0,1005.0,1029.0,1013.0,1021.0,991.0,1070.0,1023.0,1160.0,1135.0,1116.0,1168.0,1134.0,1111.0,1136.0,1106.0,1141.0,1114.0,1067.0,1140.0,1045.0,1097.0,1092.0,1054.0,1037.0,1066.0,1091.0,1082.0,978.0,916.0,998.0,927.0,982.0,972.0,1013.0,969.0,951.0,993.0,898.0,904.0,891.0,915.0,904.0,890.0,903.0,883.0,890.0,978.0,1110.0,1135.0,1133.0,1158.0,1125.0,1165.0,1100.0,1115.0,1121.0,1107.0,893.0,897.0,913.0,893.0,880.0,842.0,903.0,949.0,892.0,872.0
673,805.0,771.0,805.0,808.0,724.0,724.0,783.0,755.0,837.0,770.0,967.0,909.0,957.0,966.0,1011.0,968.0,1004.0,1053.0,935.0,994.0,1006.0,972.0,956.0,956.0,1040.0,992.0,957.0,930.0,979.0,968.0,1005.0,1003.0,1039.0,1037.0,987.0,1012.0,1018.0,1030.0,1045.0,1020.0,1171.0,1141.0,1139.0,1130.0,1117.0,1084.0,1120.0,1136.0,1133.0,1200.0,1078.0,1092.0,1047.0,1091.0,1120.0,1097.0,1050.0,1048.0,1103.0,1031.0,959.0,939.0,929.0,966.0,953.0,950.0,977.0,977.0,930.0,943.0,883.0,988.0,892.0,888.0,917.0,905.0,928.0,917.0,899.0,905.0,1104.0,1134.0,1156.0,1128.0,1106.0,1143.0,1116.0,1136.0,1141.0,1116.0,844.0,918.0,956.0,901.0,906.0,929.0,896.0,887.0,856.0,886.0
674,788.0,749.0,794.0,751.0,747.0,758.0,785.0,741.0,794.0,790.0,981.0,1004.0,962.0,973.0,983.0,968.0,957.0,984.0,967.0,947.0,990.0,959.0,964.0,962.0,940.0,978.0,950.0,962.0,924.0,963.0,1030.0,1040.0,989.0,1054.0,982.0,1020.0,1004.0,1025.0,1068.0,1037.0,1138.0,1145.0,1152.0,1137.0,1142.0,1142.0,1127.0,1141.0,1145.0,1137.0,1089.0,1058.0,1107.0,1091.0,1135.0,1076.0,1038.0,1070.0,1107.0,1086.0,949.0,946.0,1007.0,948.0,1026.0,970.0,986.0,974.0,968.0,935.0,889.0,893.0,849.0,901.0,950.0,878.0,870.0,866.0,874.0,895.0,1091.0,1173.0,1080.0,1130.0,1060.0,1123.0,1190.0,1168.0,1111.0,1119.0,878.0,896.0,973.0,922.0,915.0,891.0,941.0,936.0,900.0,924.0
675,737.0,758.0,788.0,749.0,816.0,761.0,791.0,776.0,773.0,793.0,964.0,967.0,975.0,978.0,941.0,982.0,979.0,976.0,949.0,956.0,950.0,978.0,914.0,990.0,960.0,910.0,970.0,967.0,1026.0,1003.0,1015.0,1004.0,1040.0,998.0,1019.0,990.0,1019.0,1014.0,1040.0,975.0,1108.0,1117.0,1149.0,1163.0,1105.0,1073.0,1129.0,1119.0,1137.0,1183.0,1139.0,1073.0,1074.0,1094.0,1094.0,1105.0,1107.0,1097.0,1054.0,1057.0,960.0,972.0,980.0,1010.0,976.0,986.0,932.0,949.0,952.0,982.0,923.0,938.0,918.0,868.0,916.0,929.0,914.0,906.0,908.0,872.0,1098.0,1135.0,1101.0,1146.0,1129.0,1130.0,1144.0,1125.0,1109.0,1117.0,928.0,923.0,940.0,868.0,928.0,941.0,863.0,939.0,910.0,894.0
676,771.0,785.0,739.0,751.0,777.0,748.0,783.0,760.0,777.0,753.0,941.0,983.0,980.0,969.0,972.0,963.0,942.0,955.0,942.0,957.0,966.0,959.0,948.0,956.0,991.0,993.0,956.0,958.0,993.0,989.0,1009.0,1006.0,1056.0,1050.0,990.0,1014.0,1048.0,1005.0,1071.0,1035.0,1140.0,1111.0,1102.0,1171.0,1156.0,1188.0,1173.0,1180.0,1121.0,1126.0,1096.0,1100.0,1122.0,1063.0,1116.0,1120.0,1022.0,1119.0,1076.0,1108.0,999.0,953.0,931.0,991.0,917.0,981.0,956.0,988.0,927.0,982.0,899.0,923.0,941.0,902.0,927.0,879.0,944.0,916.0,916.0,917.0,1089.0,1132.0,1152.0,1149.0,1156.0,1050.0,1103.0,1088.0,1133.0,1102.0,914.0,915.0,906.0,859.0,879.0,868.0,924.0,899.0,901.0,862.0
677,771.0,778.0,752.0,828.0,802.0,735.0,756.0,775.0,782.0,812.0,967.0,966.0,933.0,942.0,932.0,990.0,993.0,917.0,908.0,956.0,987.0,913.0,990.0,941.0,946.0,967.0,954.0,980.0,986.0,981.0,1019.0,1062.0,1031.0,1015.0,1049.0,1018.0,997.0,1070.0,1016.0,1025.0,1059.0,1137.0,1109.0,1177.0,1156.0,1144.0,1127.0,1133.0,1128.0,1119.0,1100.0,1038.0,1100.0,1069.0,1073.0,1077.0,1081.0,1053.0,1110.0,1088.0,940.0,987.0,972.0,951.0,1002.0,973.0,947.0,1037.0,965.0,956.0,897.0,962.0,917.0,910.0,916.0,942.0,947.0,905.0,933.0,912.0,1140.0,1168.0,1139.0,1090.0,1116.0,1077.0,1131.0,1094.0,1113.0,1094.0,944.0,855.0,934.0,941.0,890.0,881.0,918.0,905.0,918.0,893.0
678,764.0,765.0,804.0,753.0,778.0,769.0,730.0,745.0,762.0,748.0,983.0,898.0,935.0,935.0,959.0,992.0,965.0,967.0,960.0,956.0,977.0,971.0,958.0,1011.0,969.0,960.0,952.0,1006.0,938.0,944.0,1004.0,1034.0,989.0,1045.0,1049.0,1048.0,1032.0,1011.0,1014.0,1057.0,1145.0,1115.0,1122.0,1165.0,1082.0,1093.0,1130.0,1171.0,1158.0,1121.0,1099.0,1098.0,1113.0,1111.0,1080.0,1056.0,1121.0,1056.0,1147.0,1112.0,928.0,929.0,992.0,971.0,1025.0,911.0,966.0,984.0,939.0,954.0,933.0,938.0,898.0,910.0,918.0,952.0,868.0,900.0,917.0,916.0,1088.0,1179.0,1139.0,1105.0,1147.0,1143.0,1158.0,1116.0,1108.0,1107.0,902.0,938.0,928.0,855.0,875.0,882.0,925.0,914.0,912.0,920.0
679,777.0,748.0,779.0,723.0,777.0,745.0,749.0,798.0,805.0,740.0,1002.0,897.0,940.0,928.0,960.0,962.0,971.0,969.0,940.0,976.0,1006.0,994.0,935.0,956.0,976.0,959.0,963.0,983.0,935.0,1061.0,983.0,1024.0,1032.0,1035.0,1012.0,1025.0,1012.0,1002.0,1025.0,959.0,1096.0,1158.0,1130.0,1093.0,1163.0,1130.0,1116.0,1122.0,1112.0,1137.0,1073.0,1105.0,1069.0,1103.0,1055.0,1117.0,1039.0,1077.0,1143.0,1067.0,924.0,1001.0,965.0,997.0,947.0,955.0,965.0,957.0,986.0,940.0,947.0,906.0,927.0,899.0,925.0,887.0,954.0,907.0,888.0,897.0,1121.0,1135.0,1148.0,1184.0,1150.0,1111.0,1167.0,1100.0,1130.0,1120.0,896.0,893.0,954.0,939.0,917.0,913.0,912.0,959.0,891.0,937.0
680,763.0,811.0,789.0,734.0,807.0,805.0,769.0,809.0,793.0,755.0,955.0,877.0,896.0,933.0,967.0,910.0,940.0,951.0,926.0,966.0,1004.0,998.0,1031.0,986.0,962.0,991.0,966.0,965.0,999.0,942.0,1003.0,1044.0,1015.0,1008.0,1001.0,1024.0,984.0,1012.0,1042.0,1007.0,1161.0,1167.0,1116.0,1094.0,1135.0,1116.0,1159.0,1162.0,1100.0,1143.0,1097.0,1079.0,1057.0,1129.0,1049.0,1062.0,1103.0,1101.0,1150.0,1112.0,954.0,969.0,1009.0,946.0,998.0,981.0,972.0,921.0,980.0,966.0,911.0,889.0,939.0,961.0,900.0,916.0,936.0,919.0,945.0,939.0,1073.0,1133.0,1133.0,1114.0,1128.0,1123.0,1096.0,1117.0,1098.0,1101.0,904.0,893.0,897.0,955.0,939.0,881.0,925.0,917.0,821.0,903.0
681,740.0,764.0,793.0,807.0,752.0,772.0,766.0,770.0,758.0,764.0,953.0,943.0,925.0,954.0,969.0,934.0,954.0,953.0,951.0,966.0,1067.0,984.0,1009.0,1032.0,948.0,1021.0,960.0,959.0,1007.0,912.0,1018.0,993.0,1007.0,970.0,1001.0,1039.0,1034.0,997.0,1035.0,1079.0,1178.0,1165.0,1117.0,1201.0,1160.0,1106.0,1122.0,1120.0,1150.0,1170.0,1089.0,1055.0,1046.0,1027.0,1111.0,1049.0,1105.0,1104.0,1055.0,1091.0,968.0,963.0,958.0,937.0,988.0,981.0,936.0,951.0,969.0,917.0,883.0,958.0,993.0,883.0,889.0,915.0,909.0,909.0,872.0,849.0,1081.0,1127.0,1107.0,1147.0,1144.0,1088.0,1109.0,1173.0,1174.0,1140.0,844.0,910.0,932.0,902.0,920.0,908.0,956.0,936.0,878.0,943.0
682,753.0,774.0,770.0,812.0,790.0,777.0,751.0,776.0,806.0,738.0,965.0,915.0,977.0,949.0,982.0,959.0,1024.0,943.0,916.0,986.0,952.0,993.0,944.0,974.0,988.0,993.0,981.0,956.0,984.0,981.0,994.0,1007.0,1081.0,1028.0,963.0,1042.0,1035.0,1015.0,1008.0,1049.0,1099.0,1117.0,1107.0,1122.0,1134.0,1171.0,1128.0,1143.0,1137.0,1128.0,1089.0,1107.0,1080.0,1087.0,1108.0,1066.0,1076.0,1121.0,1097.0,1057.0,982.0,952.0,948.0,997.0,985.0,907.0,898.0,936.0,972.0,966.0,894.0,908.0,906.0,919.0,909.0,851.0,880.0,887.0,918.0,889.0,1125.0,1122.0,1143.0,1073.0,1128.0,1138.0,1127.0,1168.0,1157.0,1104.0,968.0,969.0,931.0,904.0,895.0,906.0,950.0,925.0,853.0,934.0
683,754.0,769.0,729.0,796.0,756.0,795.0,760.0,746.0,729.0,734.0,965.0,989.0,987.0,1001.0,972.0,931.0,982.0,964.0,937.0,983.0,949.0,980.0,989.0,988.0,974.0,947.0,988.0,1014.0,977.0,973.0,1061.0,1038.0,1028.0,1040.0,1009.0,1043.0,1013.0,1048.0,1001.0,1053.0,1151.0,1140.0,1171.0,1132.0,1140.0,1095.0,1173.0,1115.0,1201.0,1133.0,1089.0,1079.0,1100.0,1065.0,1082.0,1077.0,1067.0,1043.0,1091.0,1089.0,957.0,912.0,951.0,982.0,946.0,982.0,955.0,986.0,998.0,952.0,895.0,908.0,913.0,900.0,921.0,909.0,840.0,917.0,953.0,879.0,1103.0,1132.0,1083.0,1098.0,1187.0,1106.0,1119.0,1108.0,1093.0,1094.0,896.0,917.0,933.0,865.0,891.0,930.0,951.0,932.0,865.0,942.0
684,756.0,759.0,782.0,757.0,765.0,817.0,777.0,781.0,785.0,766.0,1000.0,961.0,948.0,992.0,976.0,960.0,942.0,962.0,926.0,946.0,953.0,974.0,984.0,949.0,962.0,927.0,992.0,951.0,986.0,1010.0,1011.0,1015.0,1056.0,1008.0,1032.0,1030.0,1059.0,1058.0,1012.0,1058.0,1145.0,1181.0,1118.0,1101.0,1133.0,1131.0,1134.0,1165.0,1140.0,1141.0,1072.0,1113.0,1112.0,1066.0,1051.0,1048.0,1018.0,1059.0,1085.0,1037.0,944.0,969.0,999.0,982.0,956.0,979.0,983.0,982.0,972.0,952.0,900.0,893.0,865.0,922.0,868.0,871.0,899.0,907.0,879.0,884.0,1116.0,1099.0,1094.0,1178.0,1194.0,1150.0,1107.0,1117.0,1139.0,1107.0,923.0,899.0,927.0,910.0,938.0,903.0,940.0,889.0,923.0,933.0
685,749.0,769.0,775.0,772.0,776.0,782.0,762.0,804.0,763.0,755.0,939.0,952.0,948.0,944.0,938.0,916.0,919.0,943.0,947.0,949.0,932.0,1036.0,946.0,964.0,982.0,997.0,991.0,929.0,986.0,985.0,1040.0,967.0,1044.0,999.0,1074.0,1028.0,991.0,1053.0,1013.0,1040.0,1168.0,1155.0,1198.0,1118.0,1114.0,1111.0,1141.0,1189.0,1109.0,1110.0,1045.0,1094.0,1083.0,1092.0,1052.0,1081.0,1086.0,1072.0,1067.0,1080.0,972.0,998.0,958.0,970.0,987.0,959.0,936.0,975.0,1001.0,975.0,944.0,914.0,924.0,925.0,870.0,889.0,966.0,888.0,893.0,896.0,1117.0,1084.0,1129.0,1156.0,1132.0,1139.0,1118.0,1129.0,1123.0,1141.0,915.0,895.0,878.0,926.0,951.0,914.0,941.0,887.0,946.0,902.0
686,765.0,765.0,814.0,763.0,766.0,771.0,751.0,800.0,737.0,777.0,931.0,960.0,899.0,991.0,994.0,932.0,957.0,947.0,988.0,944.0,970.0,979.0,1007.0,942.0,984.0,939.0,994.0,988.0,967.0,975.0,1041.0,1042.0,1007.0,1059.0,997.0,1043.0,986.0,992.0,979.0,1003.0,1166.0,1123.0,1153.0,1177.0,1149.0,1163.0,1134.0,1115.0,1137.0,1168.0,1052.0,1076.0,1062.0,1088.0,1067.0,1096.0,1124.0,1104.0,1141.0,1115.0,971.0,986.0,978.0,967.0,964.0,946.0,973.0,989.0,1009.0,939.0,901.0,916.0,915.0,889.0,913.0,893.0,935.0,937.0,881.0,924.0,1123.0,1112.0,1123.0,1100.0,1154.0,1149.0,1073.0,1101.0,1136.0,1140.0,900.0,906.0,927.0,888.0,888.0,880.0,926.0,901.0,867.0,843.0
687,789.0,796.0,805.0,777.0,800.0,727.0,799.0,800.0,750.0,790.0,951.0,955.0,939.0,956.0,963.0,979.0,920.0,1004.0,966.0,935.0,955.0,946.0,994.0,993.0,958.0,996.0,997.0,962.0,1041.0,980.0,1030.0,998.0,1016.0,1032.0,1069.0,1019.0,1011.0,975.0,1029.0,1011.0,1087.0,1129.0,1111.0,1135.0,1147.0,1143.0,1136.0,1137.0,1166.0,1139.0,1101.0,1102.0,1085.0,1067.0,1060.0,1034.0,1081.0,1053.0,1043.0,1079.0,947.0,997.0,951.0,956.0,947.0,968.0,977.0,965.0,953.0,958.0,933.0,944.0,925.0,893.0,920.0,909.0,906.0,916.0,869.0,893.0,1125.0,1107.0,1174.0,1128.0,1070.0,1111.0,1117.0,1111.0,1105.0,1122.0,904.0,893.0,885.0,929.0,946.0,927.0,910.0,955.0,921.0,924.0
688,760.0,784.0,753.0,838.0,793.0,727.0,796.0,808.0,802.0,746.0,905.0,976.0,958.0,982.0,933.0,1000.0,957.0,946.0,917.0,962.0,933.0,965.0,957.0,942.0,1006.0,965.0,1002.0,965.0,992.0,968.0,1038.0,1012.0,1017.0,997.0,1015.0,1053.0,997.0,1066.0,998.0,1007.0,1146.0,1130.0,1183.0,1141.0,1143.0,1110.0,1153.0,1132.0,1176.0,1143.0,1118.0,1116.0,1052.0,1064.0,1086.0,1067.0,1104.0,1066.0,1086.0,1064.0,961.0,930.0,951.0,946.0,929.0,935.0,957.0,961.0,950.0,1004.0,899.0,944.0,955.0,933.0,939.0,922.0,904.0,902.0,952.0,832.0,1161.0,1074.0,1149.0,1152.0,1095.0,1092.0,1070.0,1113.0,1109.0,1165.0,897.0,938.0,907.0,875.0,944.0,940.0,915.0,921.0,861.0,936.0
689,777.0,728.0,756.0,772.0,789.0,760.0,724.0,772.0,778.0,759.0,920.0,999.0,983.0,938.0,945.0,989.0,914.0,963.0,957.0,962.0,935.0,971.0,1015.0,975.0,934.0,956.0,983.0,1010.0,964.0,902.0,992.0,1069.0,1021.0,1031.0,1042.0,1028.0,1026.0,1000.0,995.0,999.0,1117.0,1167.0,1127.0,1155.0,1120.0,1124.0,1175.0,1149.0,1148.0,1115.0,1112.0,1084.0,1072.0,1073.0,1101.0,1034.0,1078.0,1101.0,1082.0,1090.0,973.0,975.0,948.0,981.0,969.0,957.0,962.0,915.0,954.0,1002.0,906.0,911.0,903.0,908.0,956.0,893.0,958.0,955.0,928.0,925.0,1154.0,1079.0,1143.0,1130.0,1097.0,1156.0,1168.0,1088.0,1127.0,1109.0,931.0,884.0,915.0,907.0,933.0,914.0,859.0,928.0,913.0,966.0
690,744.0,789.0,787.0,758.0,801.0,799.0,808.0,792.0,765.0,763.0,974.0,917.0,956.0,968.0,979.0,942.0,948.0,965.0,916.0,947.0,963.0,969.0,964.0,994.0,956.0,970.0,995.0,955.0,963.0,977.0,1046.0,1039.0,1001.0,1008.0,1026.0,978.0,1036.0,1017.0,1061.0,1062.0,1143.0,1149.0,1180.0,1112.0,1114.0,1151.0,1152.0,1187.0,1146.0,1139.0,1081.0,1074.0,1080.0,1079.0,1132.0,1052.0,1088.0,1066.0,1067.0,1074.0,948.0,969.0,1016.0,967.0,937.0,945.0,939.0,953.0,946.0,958.0,919.0,908.0,850.0,887.0,917.0,901.0,894.0,948.0,931.0,857.0,1096.0,1149.0,1128.0,1141.0,1101.0,1157.0,1099.0,1095.0,1099.0,1131.0,903.0,904.0,919.0,957.0,924.0,916.0,890.0,903.0,955.0,920.0
691,785.0,788.0,785.0,751.0,756.0,827.0,801.0,753.0,808.0,738.0,971.0,988.0,944.0,1026.0,983.0,915.0,978.0,981.0,981.0,993.0,985.0,982.0,953.0,1023.0,984.0,960.0,982.0,973.0,979.0,1000.0,992.0,1011.0,979.0,1039.0,1049.0,991.0,988.0,1034.0,953.0,1000.0,1138.0,1127.0,1123.0,1113.0,1109.0,1169.0,1133.0,1126.0,1108.0,1164.0,1029.0,1069.0,1143.0,1087.0,1125.0,1034.0,1085.0,1069.0,1053.0,1092.0,978.0,959.0,966.0,916.0,943.0,909.0,990.0,1013.0,958.0,939.0,919.0,916.0,928.0,875.0,959.0,917.0,871.0,903.0,915.0,889.0,1140.0,1116.0,1156.0,1115.0,1057.0,1152.0,1132.0,1140.0,1135.0,1129.0,881.0,915.0,904.0,926.0,924.0,938.0,890.0,888.0,965.0,882.0
692,778.0,800.0,729.0,754.0,793.0,765.0,843.0,779.0,797.0,759.0,918.0,987.0,934.0,972.0,1001.0,957.0,951.0,949.0,982.0,987.0,977.0,962.0,987.0,1027.0,1006.0,980.0,926.0,984.0,978.0,978.0,978.0,1013.0,1049.0,1022.0,983.0,1098.0,1053.0,1031.0,996.0,993.0,1130.0,1187.0,1166.0,1167.0,1149.0,1160.0,1136.0,1135.0,1187.0,1151.0,1067.0,1058.0,1086.0,1075.0,1047.0,1031.0,1062.0,1090.0,1053.0,1069.0,985.0,974.0,982.0,911.0,931.0,916.0,942.0,1011.0,924.0,910.0,886.0,892.0,885.0,937.0,920.0,899.0,943.0,881.0,928.0,965.0,1167.0,1097.0,1116.0,1085.0,1130.0,1120.0,1122.0,1121.0,1084.0,1119.0,933.0,903.0,945.0,922.0,928.0,885.0,875.0,899.0,927.0,896.0
693,770.0,777.0,800.0,818.0,810.0,778.0,732.0,848.0,772.0,744.0,965.0,931.0,984.0,974.0,945.0,911.0,930.0,916.0,948.0,934.0,946.0,1003.0,982.0,973.0,966.0,980.0,1008.0,984.0,947.0,997.0,1033.0,1017.0,1041.0,1012.0,1032.0,1029.0,1033.0,1027.0,1038.0,1005.0,1092.0,1156.0,1072.0,1158.0,1125.0,1152.0,1166.0,1136.0,1096.0,1137.0,1095.0,1100.0,1089.0,1082.0,1104.0,1077.0,1083.0,1092.0,1086.0,1062.0,946.0,1027.0,991.0,962.0,986.0,1003.0,970.0,969.0,1002.0,980.0,899.0,888.0,856.0,925.0,923.0,842.0,925.0,933.0,879.0,897.0,1165.0,1115.0,1130.0,1081.0,1084.0,1130.0,1128.0,1104.0,1138.0,1161.0,908.0,857.0,936.0,890.0,916.0,906.0,873.0,873.0,952.0,909.0
694,774.0,783.0,789.0,775.0,758.0,771.0,783.0,826.0,816.0,809.0,934.0,907.0,939.0,948.0,977.0,924.0,948.0,919.0,921.0,910.0,964.0,978.0,970.0,1007.0,956.0,1001.0,979.0,1024.0,975.0,965.0,1002.0,1048.0,1055.0,1053.0,1032.0,1026.0,983.0,1049.0,1027.0,1005.0,1168.0,1145.0,1158.0,1115.0,1157.0,1099.0,1126.0,1150.0,1145.0,1184.0,1083.0,1072.0,1056.0,1127.0,1022.0,1042.0,1115.0,1056.0,1063.0,1109.0,946.0,997.0,979.0,939.0,981.0,971.0,978.0,934.0,926.0,960.0,900.0,895.0,933.0,908.0,999.0,915.0,938.0,912.0,916.0,884.0,1126.0,1156.0,1122.0,1087.0,1109.0,1152.0,1082.0,1082.0,1147.0,1137.0,921.0,887.0,881.0,916.0,899.0,907.0,918.0,932.0,923.0,862.0
695,743.0,756.0,763.0,748.0,793.0,792.0,774.0,772.0,782.0,794.0,943.0,993.0,1012.0,935.0,959.0,1024.0,977.0,938.0,958.0,924.0,984.0,953.0,949.0,1017.0,982.0,921.0,976.0,1005.0,954.0,926.0,1014.0,1030.0,1049.0,1068.0,1029.0,988.0,1060.0,1034.0,1012.0,1011.0,1140.0,1122.0,1162.0,1101.0,1160.0,1138.0,1084.0,1180.0,1185.0,1126.0,1041.0,1047.0,1045.0,1101.0,1060.0,1060.0,1022.0,1088.0,1071.0,1085.0,981.0,1014.0,946.0,1016.0,934.0,980.0,947.0,994.0,937.0,951.0,947.0,904.0,917.0,927.0,957.0,877.0,953.0,875.0,940.0,920.0,1148.0,1171.0,1131.0,1095.0,1105.0,1121.0,1156.0,1113.0,1099.0,1147.0,876.0,877.0,907.0,866.0,912.0,909.0,903.0,882.0,922.0,943.0
696,736.0,808.0,763.0,757.0,794.0,755.0,791.0,772.0,744.0,801.0,922.0,970.0,957.0,949.0,948.0,970.0,975.0,989.0,968.0,966.0,959.0,982.0,969.0,931.0,988.0,953.0,959.0,992.0,970.0,985.0,1032.0,953.0,1003.0,1032.0,1069.0,944.0,1004.0,1025.0,1035.0,1004.0,1130.0,1141.0,1155.0,1179.0,1088.0,1149.0,1111.0,1132.0,1154.0,1135.0,1113.0,1057.0,1133.0,1111.0,1100.0,1130.0,1079.0,1039.0,1132.0,1088.0,981.0,978.0,955.0,1008.0,929.0,1030.0,981.0,974.0,923.0,971.0,911.0,851.0,834.0,935.0,898.0,887.0,887.0,942.0,904.0,903.0,1131.0,1175.0,1154.0,1068.0,1151.0,1111.0,1137.0,1108.0,1131.0,1088.0,900.0,952.0,954.0,901.0,924.0,877.0,930.0,910.0,894.0,889.0
697,812.0,766.0,781.0,768.0,787.0,787.0,756.0,771.0,769.0,811.0,940.0,931.0,959.0,987.0,914.0,946.0,943.0,938.0,973.0,966.0,972.0,962.0,962.0,991.0,999.0,960.0,957.0,974.0,988.0,956.0,1027.0,1000.0,992.0,1011.0,1024.0,1029.0,1013.0,1049.0,1056.0,1006.0,1165.0,1133.0,1121.0,1156.0,1117.0,1123.0,1121.0,1076.0,1107.0,1090.0,1082.0,1138.0,1087.0,1073.0,1123.0,1086.0,1114.0,1105.0,1096.0,1074.0,925.0,974.0,1004.0,929.0,959.0,992.0,977.0,960.0,955.0,946.0,899.0,910.0,940.0,945.0,875.0,928.0,914.0,948.0,892.0,947.0,1115.0,1137.0,1121.0,1108.0,1144.0,1110.0,1111.0,1137.0,1099.0,1145.0,878.0,914.0,913.0,904.0,944.0,846.0,949.0,927.0,922.0,893.0
698,788.0,756.0,790.0,739.0,803.0,732.0,731.0,744.0,763.0,772.0,950.0,949.0,956.0,968.0,984.0,932.0,927.0,979.0,953.0,986.0,949.0,1008.0,986.0,993.0,965.0,918.0,974.0,977.0,969.0,982.0,1066.0,1023.0,1040.0,1025.0,1024.0,1021.0,1058.0,1042.0,1072.0,1022.0,1141.0,1122.0,1137.0,1122.0,1120.0,1172.0,1143.0,1187.0,1175.0,1136.0,1082.0,1063.0,1071.0,1127.0,1089.0,1094.0,1034.0,1125.0,1049.0,1024.0,964.0,998.0,948.0,988.0,941.0,931.0,1018.0,936.0,949.0,937.0,897.0,914.0,917.0,917.0,854.0,930.0,875.0,890.0,907.0,923.0,1074.0,1144.0,1077.0,1091.0,1153.0,1157.0,1124.0,1092.0,1102.0,1147.0,906.0,888.0,963.0,901.0,952.0,916.0,969.0,909.0,915.0,905.0
699,777.0,780.0,731.0,748.0,757.0,752.0,788.0,762.0,722.0,797.0,944.0,992.0,991.0,937.0,981.0,943.0,926.0,913.0,945.0,969.0,962.0,972.0,1002.0,988.0,979.0,988.0,1007.0,994.0,977.0,999.0,1045.0,1024.0,1000.0,1006.0,991.0,1031.0,998.0,1017.0,1004.0,985.0,1187.0,1186.0,1137.0,1179.0,1148.0,1148.0,1128.0,1111.0,1176.0,1152.0,1096.0,1101.0,1109.0,1097.0,1137.0,1067.0,1080.0,1088.0,1108.0,1072.0,942.0,948.0,975.0,984.0,975.0,981.0,926.0,1015.0,973.0,910.0,926.0,903.0,928.0,924.0,876.0,887.0,887.0,894.0,941.0,896.0,1051.0,1108.0,1115.0,1091.0,1130.0,1100.0,1162.0,1162.0,1101.0,1146.0,888.0,849.0,895.0,916.0,905.0,907.0,950.0,922.0,904.0,909.0
700,780.0,719.0,779.0,764.0,771.0,824.0,825.0,770.0,802.0,791.0,946.0,916.0,976.0,949.0,903.0,943.0,926.0,990.0,972.0,980.0,958.0,964.0,989.0,1048.0,1013.0,963.0,953.0,959.0,1002.0,1001.0,1043.0,1082.0,1024.0,1032.0,1035.0,999.0,1020.0,1020.0,990.0,1073.0,1103.0,1143.0,1115.0,1142.0,1166.0,1139.0,1158.0,1163.0,1183.0,1115.0,1104.0,1098.0,1086.0,1113.0,1098.0,1075.0,1071.0,1064.0,1015.0,1080.0,933.0,969.0,986.0,968.0,954.0,938.0,929.0,936.0,994.0,955.0,909.0,938.0,956.0,901.0,897.0,901.0,925.0,940.0,910.0,839.0,1142.0,1126.0,1104.0,1040.0,1102.0,1105.0,1141.0,1109.0,1086.0,1072.0,901.0,905.0,870.0,913.0,939.0,921.0,905.0,928.0,900.0,931.0
701,779.0,775.0,787.0,756.0,764.0,738.0,746.0,797.0,761.0,783.0,972.0,948.0,958.0,1011.0,946.0,961.0,920.0,1011.0,954.0,1008.0,1002.0,976.0,986.0,1006.0,978.0,975.0,951.0,936.0,1017.0,951.0,1033.0,1036.0,1064.0,1070.0,971.0,1000.0,1037.0,1057.0,977.0,1064.0,1117.0,1154.0,1175.0,1087.0,1113.0,1147.0,1148.0,1135.0,1112.0,1089.0,1080.0,1054.0,1052.0,1124.0,1137.0,1026.0,1106.0,1045.0,1101.0,1084.0,952.0,926.0,974.0,934.0,985.0,958.0,969.0,978.0,993.0,951.0,888.0,957.0,894.0,905.0,929.0,944.0,939.0,881.0,883.0,932.0,1123.0,1153.0,1077.0,1092.0,1116.0,1131.0,1103.0,1129.0,1129.0,1091.0,875.0,883.0,918.0,883.0,939.0,929.0,933.0,910.0,927.0,887.0
702,737.0,791.0,828.0,756.0,730.0,768.0,754.0,828.0,771.0,746.0,906.0,892.0,931.0,951.0,969.0,900.0,976.0,988.0,956.0,974.0,944.0,969.0,977.0,984.0,1024.0,946.0,945.0,966.0,998.0,973.0,1056.0,1014.0,1052.0,1032.0,1023.0,1051.0,1036.0,993.0,1048.0,1019.0,1176.0,1122.0,1131.0,1143.0,1156.0,1142.0,1114.0,1131.0,1086.0,1144.0,1099.0,1155.0,1082.0,1122.0,1090.0,1045.0,1095.0,1086.0,1107.0,1136.0,974.0,931.0,940.0,947.0,1015.0,952.0,961.0,936.0,936.0,936.0,922.0,910.0,888.0,925.0,890.0,992.0,922.0,904.0,921.0,946.0,1146.0,1142.0,1115.0,1075.0,1059.0,1066.0,1113.0,1106.0,1141.0,1099.0,853.0,937.0,942.0,935.0,921.0,951.0,937.0,946.0,890.0,864.0
703,766.0,736.0,803.0,789.0,811.0,756.0,744.0,786.0,760.0,750.0,922.0,959.0,965.0,1035.0,969.0,972.0,950.0,982.0,894.0,924.0,984.0,1002.0,979.0,925.0,997.0,1038.0,987.0,977.0,956.0,1003.0,1027.0,1040.0,1029.0,1036.0,1052.0,1036.0,1014.0,1003.0,995.0,1014.0,1156.0,1110.0,1140.0,1101.0,1135.0,1113.0,1119.0,1118.0,1162.0,1171.0,1095.0,1117.0,1059.0,1053.0,1031.0,1057.0,1099.0,1076.0,1077.0,1127.0,985.0,965.0,951.0,978.0,974.0,934.0,979.0,938.0,1001.0,932.0,889.0,928.0,954.0,987.0,937.0,918.0,943.0,945.0,917.0,939.0,1115.0,1108.0,1136.0,1094.0,1090.0,1085.0,1109.0,1151.0,1210.0,1103.0,873.0,896.0,871.0,877.0,885.0,906.0,909.0,909.0,876.0,871.0
704,762.0,788.0,721.0,738.0,807.0,750.0,767.0,804.0,762.0,764.0,919.0,923.0,990.0,964.0,943.0,958.0,940.0,983.0,976.0,946.0,952.0,984.0,962.0,932.0,1018.0,945.0,988.0,956.0,965.0,983.0,1027.0,1030.0,1008.0,1050.0,1031.0,1045.0,1040.0,1047.0,990.0,1025.0,1154.0,1184.0,1175.0,1152.0,1104.0,1130.0,1160.0,1149.0,1192.0,1184.0,1072.0,1098.0,1101.0,1072.0,1068.0,1088.0,1059.0,1093.0,1030.0,1045.0,968.0,989.0,971.0,953.0,1003.0,944.0,934.0,943.0,975.0,962.0,934.0,864.0,928.0,919.0,928.0,905.0,873.0,882.0,936.0,850.0,1141.0,1101.0,1126.0,1148.0,1112.0,1110.0,1158.0,1109.0,1109.0,1129.0,884.0,900.0,899.0,943.0,870.0,938.0,932.0,920.0,915.0,945.0
705,788.0,794.0,771.0,785.0,794.0,768.0,756.0,782.0,741.0,748.0,959.0,936.0,970.0,915.0,947.0,921.0,961.0,976.0,981.0,958.0,917.0,938.0,955.0,996.0,991.0,1014.0,991.0,948.0,929.0,956.0,1039.0,1062.0,1016.0,1051.0,1039.0,1022.0,985.0,1015.0,1065.0,1029.0,1110.0,1143.0,1091.0,1098.0,1102.0,1093.0,1107.0,1161.0,1127.0,1116.0,1054.0,1118.0,1078.0,1090.0,1054.0,1108.0,1075.0,1119.0,1054.0,1057.0,991.0,938.0,998.0,969.0,980.0,921.0,1001.0,974.0,957.0,1026.0,931.0,930.0,967.0,905.0,927.0,914.0,916.0,878.0,896.0,922.0,1139.0,1113.0,1154.0,1154.0,1154.0,1151.0,1145.0,1119.0,1170.0,1135.0,888.0,889.0,881.0,909.0,898.0,901.0,914.0,912.0,928.0,887.0
706,805.0,803.0,789.0,787.0,734.0,749.0,773.0,770.0,748.0,788.0,929.0,960.0,939.0,988.0,977.0,939.0,1004.0,934.0,990.0,963.0,953.0,995.0,1011.0,999.0,1001.0,973.0,941.0,981.0,961.0,958.0,1037.0,1010.0,1007.0,1014.0,984.0,988.0,976.0,1006.0,1010.0,1029.0,1113.0,1142.0,1126.0,1122.0,1187.0,1143.0,1147.0,1156.0,1145.0,1134.0,1086.0,1027.0,1049.0,1056.0,1039.0,1087.0,1088.0,1085.0,1106.0,1050.0,926.0,953.0,974.0,929.0,980.0,946.0,994.0,994.0,891.0,960.0,913.0,950.0,906.0,937.0,935.0,924.0,897.0,929.0,891.0,913.0,1150.0,1113.0,1150.0,1115.0,1145.0,1171.0,1158.0,1135.0,1174.0,1140.0,906.0,913.0,933.0,927.0,901.0,889.0,872.0,892.0,928.0,902.0
707,758.0,767.0,733.0,757.0,742.0,771.0,758.0,766.0,768.0,809.0,1020.0,949.0,934.0,932.0,964.0,955.0,982.0,969.0,953.0,917.0,964.0,974.0,969.0,944.0,998.0,959.0,954.0,993.0,1004.0,953.0,1014.0,1019.0,1029.0,1081.0,1038.0,1010.0,977.0,1024.0,976.0,998.0,1175.0,1155.0,1160.0,1138.0,1170.0,1140.0,1165.0,1116.0,1128.0,1133.0,1067.0,1042.0,1065.0,1093.0,1022.0,1069.0,1096.0,1109.0,1115.0,1064.0,941.0,970.0,980.0,973.0,938.0,932.0,1004.0,959.0,978.0,997.0,897.0,933.0,917.0,878.0,942.0,903.0,903.0,885.0,851.0,974.0,1111.0,1142.0,1118.0,1106.0,1128.0,1127.0,1116.0,1108.0,1116.0,1110.0,871.0,916.0,978.0,970.0,939.0,943.0,895.0,953.0,955.0,885.0
708,749.0,759.0,743.0,775.0,776.0,738.0,774.0,803.0,767.0,783.0,983.0,992.0,946.0,963.0,941.0,946.0,983.0,935.0,996.0,930.0,933.0,973.0,1038.0,1010.0,953.0,963.0,981.0,971.0,977.0,901.0,1001.0,997.0,994.0,987.0,1039.0,1035.0,1008.0,1024.0,977.0,1031.0,1111.0,1124.0,1147.0,1150.0,1188.0,1094.0,1096.0,1121.0,1141.0,1186.0,1115.0,1097.0,1080.0,1111.0,1040.0,1087.0,1089.0,1107.0,1116.0,1130.0,940.0,940.0,936.0,961.0,998.0,961.0,1023.0,932.0,882.0,965.0,939.0,895.0,927.0,889.0,923.0,870.0,939.0,881.0,954.0,918.0,1113.0,1170.0,1165.0,1136.0,1116.0,1148.0,1095.0,1158.0,1136.0,1120.0,936.0,917.0,904.0,888.0,906.0,968.0,864.0,949.0,897.0,872.0
709,764.0,801.0,753.0,823.0,791.0,740.0,764.0,735.0,782.0,764.0,943.0,955.0,946.0,973.0,972.0,950.0,982.0,982.0,962.0,975.0,967.0,977.0,989.0,960.0,985.0,979.0,936.0,963.0,987.0,966.0,1011.0,1016.0,964.0,1006.0,1039.0,1016.0,998.0,1042.0,996.0,1022.0,1107.0,1117.0,1153.0,1157.0,1143.0,1135.0,1157.0,1181.0,1154.0,1133.0,1016.0,1073.0,1081.0,1066.0,1079.0,1041.0,1104.0,1074.0,1100.0,1086.0,1031.0,959.0,962.0,910.0,978.0,1020.0,982.0,992.0,968.0,932.0,891.0,906.0,925.0,896.0,938.0,871.0,924.0,885.0,887.0,931.0,1121.0,1151.0,1153.0,1122.0,1067.0,1143.0,1098.0,1113.0,1079.0,1107.0,972.0,911.0,953.0,958.0,893.0,915.0,907.0,909.0,929.0,923.0
710,817.0,769.0,800.0,755.0,787.0,742.0,753.0,751.0,806.0,759.0,987.0,950.0,967.0,961.0,1004.0,940.0,981.0,941.0,1000.0,975.0,959.0,992.0,965.0,994.0,985.0,979.0,967.0,960.0,1010.0,1025.0,994.0,997.0,997.0,986.0,1054.0,1000.0,1027.0,1024.0,1030.0,1052.0,1131.0,1173.0,1178.0,1128.0,1100.0,1117.0,1111.0,1145.0,1099.0,1108.0,1062.0,1067.0,1083.0,1116.0,1089.0,1117.0,1111.0,1092.0,1083.0,1050.0,963.0,947.0,913.0,978.0,949.0,972.0,952.0,964.0,884.0,961.0,853.0,930.0,933.0,889.0,920.0,881.0,911.0,941.0,903.0,912.0,1111.0,1133.0,1133.0,1134.0,1086.0,1149.0,1105.0,1153.0,1093.0,1097.0,948.0,908.0,910.0,929.0,914.0,913.0,936.0,903.0,942.0,903.0
711,759.0,770.0,765.0,775.0,800.0,755.0,853.0,755.0,736.0,748.0,973.0,946.0,989.0,926.0,959.0,953.0,967.0,872.0,946.0,947.0,916.0,1027.0,971.0,1001.0,963.0,996.0,1003.0,969.0,1014.0,1004.0,1045.0,1021.0,997.0,1064.0,1017.0,1012.0,1025.0,1006.0,1004.0,1030.0,1111.0,1187.0,1088.0,1203.0,1113.0,1127.0,1128.0,1148.0,1146.0,1122.0,1106.0,1056.0,1073.0,1048.0,1102.0,1074.0,1047.0,1123.0,1120.0,1096.0,965.0,921.0,997.0,978.0,942.0,963.0,951.0,986.0,974.0,956.0,922.0,904.0,969.0,880.0,922.0,891.0,914.0,922.0,906.0,942.0,1097.0,1160.0,1100.0,1072.0,1141.0,1129.0,1092.0,1137.0,1093.0,1076.0,931.0,871.0,935.0,921.0,928.0,909.0,879.0,952.0,911.0,923.0
712,797.0,746.0,809.0,781.0,790.0,760.0,733.0,761.0,807.0,773.0,954.0,970.0,997.0,975.0,951.0,956.0,943.0,928.0,940.0,1006.0,963.0,953.0,958.0,1013.0,957.0,980.0,1018.0,965.0,978.0,985.0,1051.0,1005.0,1015.0,1044.0,1027.0,1013.0,1046.0,1038.0,982.0,1013.0,1126.0,1139.0,1138.0,1149.0,1190.0,1129.0,1187.0,1198.0,1071.0,1109.0,1104.0,1095.0,1115.0,1072.0,1046.0,1086.0,1082.0,1091.0,1119.0,1056.0,912.0,957.0,939.0,996.0,965.0,1018.0,928.0,1001.0,1014.0,963.0,879.0,937.0,917.0,895.0,889.0,881.0,899.0,874.0,910.0,907.0,1122.0,1115.0,1123.0,1085.0,1143.0,1115.0,1127.0,1088.0,1091.0,1156.0,917.0,948.0,875.0,858.0,927.0,871.0,889.0,924.0,943.0,876.0
713,763.0,740.0,720.0,754.0,803.0,744.0,755.0,821.0,721.0,755.0,950.0,953.0,926.0,1020.0,936.0,943.0,965.0,947.0,973.0,956.0,926.0,992.0,982.0,968.0,980.0,975.0,995.0,979.0,947.0,946.0,1034.0,1024.0,1053.0,1017.0,1010.0,1066.0,1024.0,1049.0,1013.0,1003.0,1106.0,1162.0,1150.0,1142.0,1156.0,1074.0,1139.0,1108.0,1136.0,1209.0,1130.0,1056.0,1075.0,1025.0,1097.0,1082.0,1111.0,1047.0,1095.0,1062.0,927.0,940.0,1013.0,972.0,937.0,1010.0,982.0,959.0,980.0,956.0,925.0,925.0,946.0,932.0,899.0,908.0,896.0,883.0,917.0,913.0,1136.0,1145.0,1099.0,1129.0,1149.0,1116.0,1110.0,1124.0,1123.0,1122.0,927.0,926.0,920.0,910.0,917.0,891.0,873.0,957.0,947.0,917.0
714,747.0,761.0,799.0,766.0,712.0,757.0,775.0,721.0,753.0,745.0,984.0,970.0,905.0,995.0,919.0,960.0,945.0,973.0,1024.0,938.0,1022.0,966.0,1041.0,955.0,1009.0,950.0,933.0,951.0,922.0,982.0,1020.0,1013.0,1007.0,1001.0,1092.0,1034.0,1030.0,1016.0,1022.0,1000.0,1059.0,1110.0,1165.0,1148.0,1109.0,1114.0,1125.0,1168.0,1140.0,1154.0,1076.0,1064.0,1059.0,1056.0,1096.0,1095.0,1092.0,1098.0,1085.0,1113.0,985.0,1028.0,961.0,977.0,963.0,969.0,986.0,978.0,992.0,966.0,933.0,916.0,909.0,896.0,940.0,966.0,922.0,945.0,901.0,889.0,1115.0,1109.0,1145.0,1148.0,1102.0,1081.0,1118.0,1117.0,1070.0,1108.0,884.0,929.0,892.0,927.0,938.0,886.0,925.0,904.0,946.0,942.0
715,737.0,820.0,771.0,773.0,765.0,787.0,792.0,770.0,733.0,783.0,1013.0,924.0,953.0,950.0,982.0,942.0,951.0,934.0,977.0,984.0,922.0,957.0,969.0,1014.0,997.0,984.0,983.0,969.0,969.0,948.0,1014.0,1023.0,1013.0,1010.0,1041.0,1020.0,1071.0,1037.0,1048.0,1022.0,1176.0,1123.0,1109.0,1174.0,1155.0,1120.0,1129.0,1162.0,1161.0,1163.0,1059.0,1116.0,1067.0,1135.0,1063.0,1082.0,1064.0,1133.0,1071.0,1090.0,983.0,947.0,996.0,914.0,917.0,1006.0,1000.0,942.0,945.0,989.0,903.0,891.0,969.0,923.0,901.0,924.0,836.0,909.0,904.0,858.0,1122.0,1162.0,1115.0,1066.0,1130.0,1061.0,1129.0,1121.0,1132.0,1122.0,892.0,904.0,926.0,910.0,928.0,888.0,894.0,891.0,912.0,877.0
716,756.0,794.0,773.0,782.0,771.0,776.0,813.0,776.0,767.0,757.0,1026.0,966.0,1006.0,958.0,956.0,999.0,916.0,974.0,935.0,965.0,920.0,957.0,894.0,993.0,980.0,962.0,977.0,979.0,974.0,986.0,1034.0,1014.0,1007.0,1063.0,1045.0,1022.0,996.0,1078.0,986.0,990.0,1110.0,1146.0,1125.0,1086.0,1157.0,1090.0,1101.0,1087.0,1154.0,1164.0,1083.0,1089.0,1048.0,1104.0,1010.0,1034.0,1095.0,1084.0,1094.0,1068.0,961.0,961.0,975.0,958.0,950.0,994.0,994.0,1002.0,986.0,975.0,904.0,900.0,945.0,927.0,944.0,921.0,921.0,888.0,880.0,921.0,1159.0,1142.0,1130.0,1109.0,1136.0,1138.0,1116.0,1076.0,1150.0,1121.0,865.0,899.0,986.0,893.0,930.0,880.0,924.0,928.0,923.0,889.0
717,763.0,763.0,721.0,740.0,772.0,769.0,773.0,774.0,757.0,760.0,965.0,919.0,944.0,934.0,976.0,927.0,951.0,929.0,904.0,1011.0,987.0,982.0,975.0,978.0,1000.0,975.0,966.0,1004.0,950.0,989.0,1023.0,1068.0,993.0,1040.0,1032.0,1063.0,1017.0,1051.0,987.0,1038.0,1140.0,1131.0,1175.0,1138.0,1162.0,1136.0,1152.0,1138.0,1176.0,1136.0,1134.0,1096.0,1151.0,1096.0,1057.0,1035.0,1092.0,1121.0,1102.0,1057.0,926.0,956.0,941.0,983.0,962.0,980.0,949.0,964.0,972.0,925.0,853.0,913.0,905.0,943.0,871.0,909.0,940.0,900.0,936.0,894.0,1118.0,1103.0,1124.0,1112.0,1134.0,1140.0,1081.0,1090.0,1111.0,1144.0,905.0,937.0,953.0,906.0,912.0,882.0,934.0,901.0,952.0,880.0
718,787.0,756.0,820.0,775.0,805.0,772.0,768.0,755.0,798.0,775.0,956.0,941.0,980.0,920.0,941.0,966.0,911.0,987.0,937.0,1025.0,992.0,965.0,951.0,1023.0,1010.0,961.0,1019.0,982.0,998.0,967.0,984.0,1099.0,1046.0,1045.0,1030.0,1006.0,1027.0,1007.0,1016.0,998.0,1140.0,1132.0,1173.0,1098.0,1133.0,1159.0,1108.0,1102.0,1160.0,1140.0,1079.0,1105.0,1072.0,1028.0,1073.0,1071.0,1123.0,1081.0,1069.0,1071.0,965.0,949.0,917.0,987.0,968.0,970.0,912.0,953.0,942.0,964.0,899.0,953.0,899.0,936.0,948.0,867.0,976.0,899.0,875.0,918.0,1124.0,1046.0,1131.0,1137.0,1070.0,1110.0,1104.0,1175.0,1146.0,1134.0,888.0,923.0,893.0,924.0,905.0,934.0,907.0,930.0,907.0,840.0
719,744.0,788.0,747.0,792.0,746.0,764.0,782.0,759.0,761.0,777.0,944.0,956.0,956.0,938.0,962.0,918.0,889.0,957.0,961.0,995.0,982.0,964.0,949.0,1007.0,992.0,1017.0,955.0,1046.0,936.0,966.0,1035.0,988.0,1049.0,1017.0,1057.0,1022.0,1040.0,1008.0,997.0,1075.0,1102.0,1151.0,1121.0,1155.0,1176.0,1154.0,1155.0,1120.0,1152.0,1135.0,1075.0,1095.0,1075.0,1061.0,1038.0,1061.0,1127.0,1096.0,1094.0,1062.0,981.0,999.0,950.0,992.0,969.0,954.0,971.0,991.0,961.0,975.0,894.0,895.0,939.0,923.0,921.0,887.0,947.0,863.0,911.0,872.0,1123.0,1079.0,1164.0,1095.0,1089.0,1120.0,1093.0,1079.0,1139.0,1114.0,936.0,955.0,930.0,895.0,932.0,919.0,895.0,953.0,936.0,859.0
720,763.0,772.0,794.0,762.0,776.0,747.0,767.0,731.0,727.0,738.0,917.0,1004.0,928.0,968.0,955.0,994.0,963.0,977.0,936.0,951.0,956.0,957.0,1045.0,940.0,961.0,1030.0,1051.0,1000.0,963.0,986.0,998.0,1007.0,967.0,1023.0,999.0,997.0,991.0,1087.0,1030.0,1014.0,1232.0,1153.0,1192.0,1160.0,1126.0,1123.0,1099.0,1168.0,1123.0,1157.0,1090.0,1086.0,1108.0,1077.0,1057.0,1051.0,1093.0,1034.0,1064.0,1044.0,954.0,974.0,957.0,949.0,1027.0,921.0,940.0,981.0,992.0,975.0,889.0,961.0,880.0,929.0,920.0,940.0,947.0,903.0,926.0,860.0,1104.0,1060.0,1109.0,1109.0,1098.0,1108.0,1123.0,1084.0,1145.0,1184.0,908.0,899.0,897.0,958.0,965.0,907.0,880.0,906.0,942.0,916.0
721,761.0,766.0,769.0,767.0,776.0,768.0,788.0,787.0,743.0,765.0,945.0,969.0,973.0,938.0,976.0,938.0,916.0,948.0,917.0,966.0,926.0,1026.0,1006.0,1016.0,977.0,1020.0,995.0,1030.0,935.0,957.0,1013.0,1002.0,1016.0,1071.0,1052.0,990.0,1000.0,1075.0,1054.0,1012.0,1115.0,1156.0,1139.0,1131.0,1124.0,1150.0,1151.0,1160.0,1175.0,1102.0,1090.0,1070.0,1089.0,1095.0,1075.0,1086.0,1105.0,1101.0,1083.0,1074.0,994.0,938.0,978.0,965.0,972.0,904.0,984.0,944.0,1012.0,987.0,929.0,927.0,866.0,872.0,884.0,912.0,928.0,815.0,910.0,904.0,1088.0,1119.0,1111.0,1099.0,1118.0,1123.0,1107.0,1092.0,1106.0,1136.0,953.0,899.0,931.0,919.0,930.0,926.0,880.0,917.0,912.0,924.0
722,786.0,773.0,812.0,737.0,772.0,747.0,733.0,740.0,726.0,744.0,958.0,983.0,934.0,956.0,940.0,1008.0,921.0,971.0,981.0,966.0,966.0,966.0,957.0,997.0,957.0,918.0,967.0,958.0,1006.0,1007.0,1027.0,1040.0,1044.0,1046.0,1029.0,1050.0,1031.0,1011.0,1085.0,1017.0,1136.0,1141.0,1116.0,1122.0,1179.0,1105.0,1147.0,1140.0,1154.0,1141.0,1138.0,1051.0,1129.0,1144.0,1086.0,1078.0,1115.0,1106.0,1087.0,1106.0,926.0,961.0,938.0,937.0,969.0,985.0,976.0,979.0,961.0,939.0,879.0,920.0,895.0,917.0,914.0,842.0,937.0,913.0,866.0,892.0,1092.0,1104.0,1182.0,1119.0,1095.0,1142.0,1098.0,1109.0,1072.0,1123.0,906.0,936.0,868.0,893.0,942.0,941.0,926.0,941.0,906.0,891.0
723,766.0,784.0,764.0,748.0,731.0,792.0,773.0,768.0,768.0,770.0,947.0,958.0,969.0,961.0,973.0,970.0,980.0,952.0,962.0,936.0,992.0,966.0,1000.0,976.0,992.0,983.0,1008.0,984.0,996.0,989.0,1023.0,1006.0,999.0,1023.0,994.0,989.0,1053.0,1016.0,1047.0,1001.0,1131.0,1120.0,1135.0,1161.0,1169.0,1113.0,1095.0,1149.0,1118.0,1139.0,1067.0,1119.0,1095.0,1089.0,1117.0,1089.0,1110.0,1092.0,1128.0,1080.0,959.0,978.0,988.0,934.0,997.0,930.0,928.0,959.0,955.0,966.0,901.0,891.0,923.0,945.0,908.0,926.0,899.0,942.0,903.0,931.0,1114.0,1120.0,1105.0,1139.0,1080.0,1110.0,1100.0,1109.0,1089.0,1136.0,915.0,935.0,898.0,891.0,919.0,917.0,906.0,898.0,879.0,878.0
724,761.0,790.0,803.0,781.0,787.0,772.0,791.0,723.0,775.0,759.0,955.0,970.0,965.0,951.0,979.0,956.0,987.0,934.0,900.0,985.0,955.0,1011.0,1034.0,966.0,1003.0,1014.0,955.0,988.0,1015.0,945.0,1078.0,1070.0,1041.0,972.0,1049.0,993.0,1052.0,1080.0,1041.0,1065.0,1092.0,1101.0,1127.0,1209.0,1083.0,1105.0,1130.0,1156.0,1119.0,1123.0,1055.0,1040.0,1083.0,1089.0,1083.0,1133.0,1111.0,1085.0,1034.0,1015.0,919.0,942.0,930.0,978.0,918.0,982.0,953.0,972.0,1039.0,942.0,911.0,933.0,881.0,884.0,965.0,889.0,900.0,875.0,951.0,943.0,1151.0,1114.0,1109.0,1088.0,1109.0,1083.0,1109.0,1153.0,1085.0,1134.0,937.0,909.0,904.0,948.0,907.0,891.0,865.0,898.0,890.0,916.0
725,770.0,803.0,767.0,766.0,770.0,759.0,802.0,747.0,760.0,777.0,926.0,888.0,968.0,919.0,960.0,939.0,949.0,958.0,889.0,946.0,977.0,989.0,1026.0,988.0,979.0,996.0,984.0,932.0,1032.0,999.0,1029.0,1047.0,1051.0,1015.0,1034.0,1017.0,1023.0,1035.0,1003.0,1012.0,1102.0,1170.0,1163.0,1164.0,1124.0,1143.0,1144.0,1165.0,1154.0,1147.0,1065.0,1051.0,1080.0,1130.0,1118.0,1106.0,1069.0,1120.0,1093.0,1069.0,933.0,969.0,947.0,990.0,989.0,945.0,947.0,938.0,985.0,970.0,965.0,923.0,867.0,875.0,901.0,889.0,905.0,908.0,937.0,859.0,1114.0,1134.0,1121.0,1083.0,1102.0,1122.0,1123.0,1149.0,1064.0,1149.0,936.0,905.0,886.0,933.0,905.0,900.0,909.0,908.0,933.0,899.0
726,769.0,806.0,725.0,784.0,764.0,780.0,781.0,755.0,755.0,795.0,944.0,904.0,971.0,1004.0,961.0,946.0,994.0,970.0,943.0,961.0,987.0,999.0,980.0,1003.0,964.0,986.0,985.0,976.0,998.0,981.0,977.0,1014.0,1019.0,1016.0,1009.0,1014.0,1008.0,1045.0,991.0,1066.0,1106.0,1154.0,1141.0,1154.0,1148.0,1115.0,1114.0,1116.0,1177.0,1108.0,1035.0,1100.0,1092.0,1056.0,1098.0,1099.0,1097.0,1136.0,1138.0,1014.0,978.0,974.0,992.0,966.0,991.0,939.0,973.0,928.0,932.0,925.0,929.0,893.0,906.0,917.0,882.0,909.0,930.0,877.0,933.0,882.0,1129.0,1142.0,1152.0,1094.0,1150.0,1122.0,1103.0,1118.0,1101.0,1191.0,967.0,892.0,894.0,871.0,911.0,908.0,872.0,939.0,879.0,903.0
727,778.0,779.0,780.0,777.0,776.0,769.0,719.0,783.0,771.0,760.0,922.0,978.0,924.0,938.0,949.0,1019.0,944.0,985.0,943.0,965.0,983.0,972.0,961.0,896.0,934.0,970.0,964.0,989.0,1004.0,983.0,1003.0,1041.0,1018.0,1025.0,1060.0,1029.0,1051.0,1025.0,1064.0,1008.0,1157.0,1149.0,1197.0,1183.0,1183.0,1091.0,1137.0,1117.0,1096.0,1139.0,1078.0,1079.0,1033.0,1027.0,1121.0,1066.0,1066.0,1099.0,1085.0,1084.0,980.0,954.0,990.0,945.0,941.0,960.0,970.0,929.0,940.0,972.0,937.0,901.0,894.0,985.0,861.0,896.0,926.0,905.0,917.0,839.0,1103.0,1111.0,1109.0,1129.0,1112.0,1137.0,1142.0,1087.0,1106.0,1139.0,880.0,914.0,966.0,960.0,937.0,880.0,935.0,944.0,925.0,938.0
728,764.0,832.0,758.0,790.0,749.0,725.0,767.0,796.0,754.0,774.0,964.0,969.0,940.0,961.0,941.0,964.0,975.0,966.0,929.0,981.0,958.0,947.0,1018.0,977.0,985.0,954.0,1009.0,1011.0,940.0,1033.0,1005.0,993.0,1057.0,1017.0,1043.0,1009.0,977.0,1012.0,1059.0,944.0,1164.0,1105.0,1144.0,1144.0,1147.0,1156.0,1111.0,1123.0,1178.0,1141.0,1027.0,1089.0,1067.0,1064.0,1087.0,1067.0,1076.0,1121.0,1078.0,1072.0,1008.0,991.0,970.0,968.0,973.0,965.0,974.0,940.0,967.0,924.0,903.0,906.0,900.0,916.0,926.0,932.0,944.0,898.0,925.0,870.0,1137.0,1125.0,1157.0,1074.0,1112.0,1135.0,1091.0,1099.0,1159.0,1134.0,890.0,924.0,856.0,959.0,910.0,906.0,936.0,900.0,857.0,955.0
729,786.0,782.0,775.0,770.0,778.0,775.0,721.0,789.0,775.0,752.0,925.0,943.0,924.0,940.0,992.0,949.0,947.0,899.0,946.0,963.0,944.0,973.0,1012.0,964.0,936.0,957.0,1010.0,991.0,934.0,967.0,1020.0,1076.0,1007.0,1035.0,1001.0,1050.0,977.0,1080.0,1004.0,994.0,1103.0,1180.0,1109.0,1144.0,1163.0,1150.0,1147.0,1162.0,1178.0,1162.0,1097.0,1074.0,1063.0,1102.0,1072.0,1055.0,1081.0,1088.0,1079.0,1093.0,984.0,944.0,996.0,959.0,947.0,965.0,1027.0,931.0,936.0,968.0,919.0,943.0,922.0,910.0,904.0,886.0,906.0,879.0,932.0,902.0,1170.0,1081.0,1143.0,1092.0,1167.0,1092.0,1133.0,1114.0,1148.0,1118.0,870.0,883.0,919.0,955.0,912.0,936.0,907.0,932.0,913.0,908.0
730,735.0,799.0,752.0,801.0,738.0,764.0,752.0,769.0,807.0,794.0,903.0,974.0,951.0,970.0,991.0,921.0,961.0,935.0,957.0,913.0,968.0,1009.0,957.0,960.0,966.0,1000.0,951.0,1025.0,995.0,952.0,1082.0,1019.0,1038.0,1024.0,1005.0,1020.0,1017.0,1021.0,998.0,1053.0,1159.0,1103.0,1165.0,1083.0,1100.0,1120.0,1122.0,1158.0,1102.0,1121.0,1010.0,1040.0,1088.0,1111.0,1049.0,1076.0,1117.0,1102.0,1085.0,1126.0,972.0,935.0,992.0,973.0,1014.0,951.0,1009.0,966.0,961.0,971.0,889.0,961.0,888.0,920.0,935.0,899.0,888.0,859.0,906.0,889.0,1190.0,1102.0,1109.0,1162.0,1148.0,1109.0,1158.0,1113.0,1135.0,1103.0,903.0,941.0,929.0,867.0,928.0,957.0,878.0,917.0,904.0,907.0
731,727.0,763.0,824.0,800.0,767.0,749.0,774.0,767.0,754.0,753.0,953.0,969.0,986.0,970.0,1014.0,934.0,941.0,888.0,938.0,967.0,995.0,929.0,969.0,988.0,912.0,965.0,1007.0,993.0,967.0,967.0,1045.0,1085.0,1025.0,1038.0,1011.0,1027.0,959.0,1028.0,992.0,1003.0,1125.0,1160.0,1157.0,1136.0,1150.0,1178.0,1150.0,1152.0,1153.0,1128.0,1099.0,1060.0,1070.0,1063.0,1084.0,1108.0,1071.0,1107.0,1065.0,1088.0,946.0,936.0,997.0,949.0,963.0,920.0,968.0,969.0,946.0,924.0,904.0,925.0,841.0,915.0,896.0,913.0,902.0,937.0,955.0,936.0,1122.0,1167.0,1112.0,1142.0,1148.0,1107.0,1147.0,1108.0,1176.0,1147.0,893.0,884.0,889.0,871.0,928.0,911.0,932.0,917.0,903.0,914.0
732,759.0,761.0,812.0,762.0,772.0,768.0,774.0,735.0,805.0,777.0,965.0,959.0,944.0,934.0,918.0,933.0,985.0,907.0,914.0,937.0,929.0,954.0,973.0,951.0,984.0,899.0,990.0,989.0,959.0,969.0,964.0,1070.0,1040.0,1028.0,1015.0,1088.0,1015.0,1034.0,1020.0,983.0,1165.0,1102.0,1205.0,1147.0,1132.0,1148.0,1141.0,1175.0,1156.0,1143.0,1060.0,1064.0,1102.0,1079.0,1102.0,1134.0,1022.0,1056.0,1064.0,1098.0,1007.0,984.0,904.0,947.0,928.0,966.0,974.0,1006.0,949.0,935.0,938.0,906.0,869.0,923.0,916.0,884.0,891.0,877.0,885.0,919.0,1121.0,1136.0,1077.0,1169.0,1142.0,1079.0,1147.0,1185.0,1162.0,1147.0,900.0,944.0,944.0,930.0,963.0,911.0,913.0,894.0,935.0,918.0
733,776.0,771.0,786.0,788.0,745.0,795.0,753.0,783.0,787.0,808.0,938.0,980.0,990.0,974.0,974.0,969.0,989.0,921.0,969.0,890.0,959.0,987.0,979.0,931.0,986.0,1018.0,941.0,939.0,985.0,956.0,983.0,1023.0,1051.0,980.0,1036.0,1016.0,1019.0,1024.0,993.0,1037.0,1149.0,1101.0,1130.0,1133.0,1118.0,1097.0,1137.0,1159.0,1135.0,1146.0,1101.0,1072.0,1073.0,1086.0,1063.0,1040.0,1062.0,1103.0,1046.0,1070.0,957.0,952.0,925.0,997.0,957.0,932.0,929.0,977.0,986.0,972.0,946.0,901.0,910.0,915.0,931.0,913.0,910.0,893.0,933.0,924.0,1099.0,1165.0,1122.0,1147.0,1151.0,1137.0,1203.0,1133.0,1111.0,1126.0,902.0,927.0,906.0,921.0,911.0,897.0,905.0,927.0,908.0,900.0
734,757.0,766.0,794.0,768.0,765.0,745.0,779.0,757.0,754.0,775.0,990.0,951.0,927.0,971.0,905.0,964.0,944.0,911.0,946.0,945.0,957.0,1029.0,981.0,951.0,988.0,1000.0,946.0,955.0,999.0,920.0,1037.0,998.0,1039.0,1044.0,1046.0,983.0,971.0,1014.0,996.0,1049.0,1187.0,1159.0,1087.0,1180.0,1132.0,1099.0,1115.0,1181.0,1134.0,1157.0,1091.0,1083.0,1065.0,1070.0,1104.0,1081.0,1124.0,1110.0,1087.0,1063.0,950.0,964.0,984.0,989.0,959.0,953.0,979.0,961.0,979.0,994.0,906.0,926.0,927.0,910.0,928.0,916.0,914.0,893.0,937.0,891.0,1062.0,1099.0,1094.0,1103.0,1128.0,1161.0,1121.0,1111.0,1110.0,1138.0,872.0,904.0,981.0,884.0,917.0,910.0,957.0,964.0,911.0,896.0
735,763.0,775.0,761.0,773.0,764.0,741.0,785.0,767.0,747.0,751.0,933.0,938.0,947.0,979.0,926.0,918.0,1000.0,897.0,955.0,934.0,1018.0,969.0,997.0,963.0,1026.0,952.0,1013.0,1000.0,931.0,949.0,1057.0,1058.0,1016.0,979.0,1008.0,1028.0,984.0,1057.0,1023.0,1031.0,1172.0,1103.0,1134.0,1174.0,1119.0,1133.0,1063.0,1108.0,1148.0,1188.0,1051.0,1110.0,1104.0,1051.0,1107.0,1144.0,1127.0,1094.0,1089.0,1077.0,992.0,1015.0,956.0,946.0,984.0,921.0,960.0,968.0,979.0,971.0,875.0,887.0,929.0,914.0,919.0,929.0,921.0,936.0,911.0,888.0,1070.0,1115.0,1111.0,1148.0,1146.0,1109.0,1123.0,1136.0,1141.0,1135.0,879.0,907.0,925.0,943.0,871.0,934.0,877.0,896.0,927.0,902.0
736,776.0,769.0,759.0,782.0,760.0,748.0,776.0,793.0,793.0,752.0,971.0,933.0,977.0,962.0,917.0,943.0,946.0,929.0,947.0,978.0,910.0,1013.0,1007.0,1024.0,985.0,1007.0,926.0,1040.0,949.0,939.0,1057.0,1051.0,1025.0,1009.0,1094.0,1058.0,1013.0,1028.0,1029.0,1013.0,1164.0,1153.0,1074.0,1149.0,1142.0,1114.0,1154.0,1112.0,1157.0,1152.0,1087.0,1078.0,1075.0,1113.0,1060.0,1054.0,1143.0,1052.0,1078.0,1050.0,933.0,898.0,986.0,936.0,990.0,975.0,961.0,973.0,923.0,954.0,897.0,921.0,925.0,900.0,881.0,912.0,896.0,920.0,907.0,947.0,1073.0,1149.0,1129.0,1109.0,1132.0,1102.0,1107.0,1113.0,1136.0,1106.0,944.0,909.0,926.0,885.0,907.0,897.0,929.0,904.0,932.0,936.0
737,780.0,759.0,758.0,783.0,746.0,735.0,786.0,746.0,737.0,768.0,967.0,941.0,906.0,1011.0,935.0,926.0,969.0,1008.0,948.0,954.0,987.0,979.0,973.0,985.0,983.0,986.0,950.0,962.0,1011.0,954.0,1024.0,1082.0,1061.0,1006.0,996.0,1051.0,1085.0,998.0,1009.0,1031.0,1110.0,1089.0,1136.0,1116.0,1230.0,1164.0,1176.0,1194.0,1149.0,1134.0,1047.0,1095.0,1096.0,1126.0,1091.0,1070.0,1073.0,1081.0,1085.0,1084.0,971.0,931.0,974.0,952.0,949.0,996.0,954.0,996.0,957.0,948.0,904.0,921.0,893.0,883.0,905.0,887.0,889.0,934.0,859.0,950.0,1080.0,1129.0,1187.0,1095.0,1111.0,1113.0,1128.0,1092.0,1165.0,1123.0,947.0,947.0,894.0,912.0,917.0,877.0,838.0,850.0,926.0,882.0
738,783.0,735.0,776.0,723.0,784.0,772.0,748.0,767.0,800.0,725.0,979.0,960.0,964.0,945.0,939.0,912.0,940.0,956.0,1003.0,935.0,981.0,969.0,980.0,1003.0,981.0,960.0,970.0,954.0,976.0,995.0,1002.0,1103.0,980.0,999.0,987.0,1036.0,1081.0,1040.0,960.0,1060.0,1141.0,1124.0,1156.0,1120.0,1092.0,1152.0,1147.0,1170.0,1107.0,1184.0,1104.0,1072.0,1102.0,1085.0,1110.0,1083.0,1046.0,1094.0,1054.0,1069.0,950.0,952.0,946.0,1008.0,992.0,967.0,979.0,946.0,994.0,975.0,910.0,959.0,939.0,920.0,921.0,902.0,891.0,953.0,939.0,911.0,1067.0,1097.0,1106.0,1159.0,1155.0,1145.0,1113.0,1075.0,1119.0,1102.0,902.0,900.0,931.0,905.0,905.0,873.0,933.0,908.0,900.0,870.0
739,788.0,748.0,790.0,745.0,806.0,750.0,796.0,788.0,794.0,799.0,972.0,944.0,956.0,965.0,974.0,998.0,923.0,959.0,993.0,974.0,963.0,978.0,948.0,1005.0,982.0,979.0,962.0,945.0,947.0,972.0,1005.0,1070.0,1056.0,996.0,1003.0,1012.0,999.0,1083.0,1000.0,1006.0,1114.0,1137.0,1148.0,1135.0,1176.0,1121.0,1147.0,1103.0,1123.0,1152.0,1087.0,1116.0,1079.0,1073.0,1035.0,1062.0,1116.0,1061.0,1024.0,1029.0,966.0,954.0,970.0,975.0,916.0,987.0,917.0,1007.0,966.0,1011.0,925.0,895.0,913.0,927.0,915.0,924.0,932.0,914.0,917.0,909.0,1106.0,1129.0,1099.0,1155.0,1142.0,1085.0,1118.0,1123.0,1135.0,1093.0,897.0,895.0,924.0,892.0,919.0,887.0,938.0,883.0,956.0,886.0
740,760.0,808.0,759.0,742.0,771.0,749.0,760.0,726.0,736.0,768.0,958.0,935.0,969.0,968.0,949.0,954.0,938.0,954.0,937.0,986.0,948.0,994.0,954.0,997.0,1019.0,957.0,940.0,965.0,1002.0,1001.0,1038.0,1040.0,1020.0,1015.0,1034.0,1045.0,1000.0,987.0,991.0,1021.0,1138.0,1164.0,1126.0,1127.0,1106.0,1164.0,1164.0,1172.0,1152.0,1160.0,1060.0,1064.0,1083.0,1093.0,1131.0,1026.0,1091.0,1097.0,1070.0,1091.0,949.0,934.0,1007.0,963.0,917.0,1017.0,956.0,949.0,974.0,932.0,930.0,898.0,945.0,861.0,929.0,846.0,922.0,942.0,881.0,912.0,1124.0,1098.0,1107.0,1129.0,1102.0,1122.0,1149.0,1159.0,1142.0,1087.0,919.0,933.0,914.0,973.0,910.0,923.0,926.0,911.0,968.0,874.0
741,772.0,775.0,794.0,755.0,774.0,782.0,774.0,743.0,772.0,773.0,962.0,959.0,928.0,981.0,917.0,957.0,961.0,968.0,980.0,991.0,907.0,985.0,987.0,983.0,1013.0,931.0,948.0,951.0,962.0,958.0,1027.0,1044.0,1052.0,1063.0,1005.0,1026.0,1041.0,1051.0,1021.0,1023.0,1150.0,1129.0,1139.0,1134.0,1116.0,1107.0,1163.0,1164.0,1130.0,1051.0,1090.0,1110.0,1092.0,1070.0,1098.0,1062.0,1068.0,1104.0,1086.0,1077.0,973.0,984.0,981.0,908.0,1014.0,959.0,948.0,947.0,947.0,1039.0,902.0,885.0,906.0,926.0,919.0,912.0,905.0,913.0,893.0,918.0,1115.0,1127.0,1109.0,1104.0,1104.0,1130.0,1145.0,1113.0,1106.0,1128.0,924.0,868.0,898.0,946.0,912.0,941.0,891.0,906.0,958.0,876.0
742,782.0,792.0,809.0,811.0,768.0,788.0,776.0,741.0,769.0,788.0,954.0,1002.0,956.0,999.0,988.0,924.0,945.0,1007.0,957.0,949.0,933.0,975.0,968.0,1033.0,949.0,988.0,952.0,1006.0,963.0,900.0,1035.0,1064.0,1045.0,1054.0,949.0,1034.0,1028.0,1021.0,1065.0,1014.0,1141.0,1097.0,1145.0,1086.0,1134.0,1120.0,1154.0,1133.0,1126.0,1114.0,1087.0,1015.0,1065.0,1054.0,1144.0,1096.0,1084.0,1045.0,1092.0,1096.0,944.0,947.0,977.0,925.0,967.0,948.0,981.0,993.0,923.0,980.0,902.0,944.0,892.0,900.0,924.0,883.0,916.0,915.0,898.0,926.0,1138.0,1127.0,1150.0,1108.0,1142.0,1104.0,1121.0,1127.0,1154.0,1113.0,906.0,908.0,880.0,904.0,905.0,923.0,887.0,872.0,906.0,956.0
743,771.0,789.0,754.0,760.0,791.0,773.0,812.0,769.0,754.0,808.0,954.0,948.0,998.0,945.0,1003.0,971.0,988.0,967.0,955.0,956.0,928.0,949.0,939.0,960.0,1016.0,1000.0,989.0,981.0,1012.0,1031.0,1001.0,1040.0,1033.0,1063.0,1032.0,1009.0,1022.0,971.0,1022.0,994.0,1142.0,1161.0,1103.0,1180.0,1163.0,1103.0,1100.0,1137.0,1119.0,1166.0,1104.0,1054.0,1085.0,1093.0,1087.0,1071.0,1046.0,1059.0,1040.0,1065.0,954.0,965.0,1014.0,971.0,926.0,975.0,936.0,990.0,940.0,968.0,906.0,927.0,939.0,933.0,862.0,871.0,922.0,945.0,963.0,839.0,1136.0,1101.0,1095.0,1074.0,1100.0,1149.0,1126.0,1115.0,1155.0,1092.0,927.0,941.0,928.0,893.0,890.0,886.0,907.0,929.0,893.0,916.0
744,766.0,752.0,740.0,734.0,786.0,836.0,807.0,775.0,785.0,745.0,956.0,978.0,947.0,942.0,974.0,925.0,941.0,987.0,937.0,974.0,945.0,931.0,991.0,1009.0,952.0,985.0,1007.0,978.0,937.0,973.0,985.0,988.0,1064.0,1015.0,1039.0,1030.0,1045.0,1034.0,1080.0,994.0,1104.0,1132.0,1155.0,1176.0,1069.0,1150.0,1124.0,1154.0,1109.0,1160.0,1093.0,1083.0,1088.0,1115.0,1122.0,1038.0,1085.0,1051.0,1113.0,1061.0,954.0,1042.0,939.0,923.0,976.0,956.0,927.0,948.0,962.0,918.0,917.0,905.0,912.0,902.0,893.0,870.0,883.0,932.0,857.0,950.0,1159.0,1157.0,1126.0,1136.0,1156.0,1128.0,1110.0,1087.0,1128.0,1165.0,943.0,904.0,923.0,916.0,904.0,891.0,921.0,922.0,944.0,892.0
745,750.0,770.0,715.0,762.0,754.0,747.0,765.0,821.0,767.0,741.0,944.0,942.0,914.0,971.0,951.0,961.0,952.0,982.0,924.0,973.0,982.0,957.0,1038.0,1040.0,960.0,945.0,960.0,963.0,968.0,947.0,1039.0,1045.0,958.0,997.0,1004.0,1015.0,1094.0,988.0,1006.0,1009.0,1143.0,1158.0,1179.0,1131.0,1211.0,1137.0,1158.0,1133.0,1134.0,1171.0,1117.0,1019.0,1110.0,1059.0,1077.0,1065.0,1068.0,1083.0,1100.0,1080.0,969.0,982.0,969.0,958.0,986.0,980.0,971.0,988.0,974.0,985.0,900.0,938.0,926.0,928.0,840.0,871.0,908.0,910.0,920.0,922.0,1078.0,1144.0,1156.0,1122.0,1137.0,1150.0,1116.0,1072.0,1141.0,1100.0,900.0,917.0,913.0,900.0,947.0,939.0,855.0,933.0,917.0,902.0
746,791.0,815.0,757.0,797.0,793.0,747.0,791.0,784.0,721.0,802.0,992.0,938.0,955.0,960.0,923.0,942.0,966.0,953.0,977.0,988.0,967.0,961.0,1018.0,967.0,991.0,1023.0,971.0,952.0,982.0,984.0,1026.0,1024.0,1026.0,1070.0,1024.0,976.0,1005.0,1025.0,1025.0,965.0,1155.0,1128.0,1192.0,1161.0,1150.0,1126.0,1147.0,1197.0,1120.0,1167.0,1092.0,1062.0,1075.0,1072.0,1059.0,1101.0,1049.0,1077.0,1093.0,1052.0,957.0,982.0,954.0,947.0,972.0,954.0,990.0,973.0,986.0,966.0,875.0,932.0,917.0,946.0,889.0,911.0,911.0,899.0,849.0,906.0,1104.0,1115.0,1075.0,1067.0,1118.0,1137.0,1081.0,1112.0,1140.0,1098.0,863.0,919.0,908.0,884.0,950.0,892.0,940.0,899.0,955.0,905.0
747,801.0,788.0,769.0,774.0,769.0,769.0,795.0,770.0,744.0,780.0,937.0,955.0,959.0,965.0,989.0,996.0,947.0,949.0,991.0,939.0,1001.0,931.0,1024.0,967.0,925.0,932.0,969.0,962.0,1007.0,942.0,1013.0,1048.0,993.0,1029.0,1037.0,1006.0,986.0,1049.0,1000.0,1034.0,1131.0,1161.0,1159.0,1112.0,1143.0,1153.0,1136.0,1128.0,1114.0,1133.0,1057.0,1074.0,1123.0,1101.0,1105.0,1065.0,1117.0,1072.0,1102.0,1083.0,965.0,944.0,954.0,1043.0,955.0,963.0,979.0,967.0,937.0,976.0,923.0,964.0,933.0,899.0,928.0,890.0,937.0,918.0,930.0,910.0,1089.0,1113.0,1111.0,1117.0,1088.0,1110.0,1071.0,1140.0,1145.0,1159.0,908.0,898.0,850.0,864.0,931.0,926.0,916.0,916.0,877.0,877.0
748,761.0,752.0,799.0,790.0,727.0,787.0,753.0,811.0,732.0,829.0,966.0,930.0,969.0,932.0,1000.0,949.0,959.0,987.0,971.0,939.0,928.0,979.0,1031.0,916.0,1000.0,967.0,1027.0,971.0,957.0,961.0,1006.0,1018.0,1013.0,987.0,1056.0,1016.0,1011.0,1036.0,995.0,956.0,1151.0,1145.0,1097.0,1186.0,1138.0,1143.0,1166.0,1109.0,1103.0,1117.0,1128.0,1085.0,1084.0,1106.0,1121.0,1068.0,1102.0,1070.0,1116.0,1113.0,947.0,978.0,921.0,982.0,928.0,998.0,965.0,921.0,941.0,965.0,925.0,928.0,914.0,963.0,879.0,902.0,882.0,917.0,961.0,905.0,1091.0,1110.0,1166.0,1119.0,1135.0,1085.0,1093.0,1164.0,1142.0,1115.0,920.0,950.0,882.0,890.0,882.0,899.0,892.0,887.0,928.0,936.0
749,761.0,766.0,800.0,768.0,820.0,736.0,775.0,756.0,745.0,764.0,949.0,929.0,882.0,1006.0,968.0,931.0,940.0,938.0,943.0,942.0,1009.0,1015.0,992.0,991.0,1003.0,946.0,1036.0,978.0,967.0,974.0,1046.0,1051.0,1044.0,1052.0,987.0,1072.0,969.0,1064.0,1034.0,1026.0,1146.0,1161.0,1171.0,1161.0,1108.0,1132.0,1136.0,1141.0,1139.0,1118.0,1101.0,1066.0,1113.0,1058.0,1085.0,1136.0,1092.0,1089.0,1093.0,1092.0,935.0,988.0,920.0,968.0,976.0,931.0,989.0,930.0,972.0,979.0,881.0,894.0,906.0,891.0,897.0,887.0,886.0,906.0,929.0,894.0,1112.0,1113.0,1091.0,1073.0,1143.0,1119.0,1114.0,1147.0,1134.0,1133.0,880.0,891.0,955.0,904.0,884.0,921.0,913.0,921.0,890.0,914.0
750,756.0,756.0,782.0,803.0,791.0,674.0,718.0,748.0,742.0,775.0,949.0,947.0,946.0,914.0,926.0,983.0,953.0,960.0,900.0,942.0,949.0,936.0,986.0,989.0,928.0,982.0,971.0,979.0,973.0,931.0,1039.0,1032.0,1055.0,1018.0,1016.0,1004.0,1046.0,1015.0,994.0,1027.0,1137.0,1226.0,1166.0,1181.0,1212.0,1101.0,1151.0,1150.0,1134.0,1098.0,1107.0,1052.0,1032.0,1051.0,1067.0,1067.0,1114.0,1036.0,1051.0,1057.0,962.0,942.0,989.0,921.0,976.0,983.0,1002.0,1036.0,1000.0,963.0,903.0,918.0,879.0,949.0,881.0,939.0,915.0,896.0,966.0,958.0,1118.0,1150.0,1111.0,1160.0,1144.0,1138.0,1051.0,1145.0,1133.0,1151.0,900.0,909.0,929.0,883.0,926.0,935.0,927.0,903.0,956.0,936.0
751,769.0,723.0,796.0,771.0,754.0,802.0,791.0,766.0,811.0,747.0,960.0,991.0,1014.0,964.0,969.0,948.0,967.0,972.0,932.0,943.0,1019.0,969.0,967.0,985.0,988.0,991.0,969.0,967.0,930.0,941.0,1087.0,991.0,1065.0,1020.0,1011.0,1051.0,1020.0,1016.0,1014.0,1076.0,1082.0,1144.0,1138.0,1210.0,1168.0,1107.0,1144.0,1136.0,1154.0,1180.0,1034.0,1075.0,1068.0,1056.0,1057.0,1054.0,1065.0,1066.0,1091.0,1045.0,982.0,978.0,953.0,960.0,948.0,947.0,940.0,992.0,947.0,969.0,894.0,894.0,902.0,915.0,917.0,870.0,966.0,911.0,937.0,912.0,1077.0,1164.0,1084.0,1078.0,1127.0,1150.0,1057.0,1121.0,1122.0,1077.0,921.0,934.0,891.0,910.0,930.0,888.0,933.0,923.0,914.0,946.0
752,756.0,782.0,771.0,786.0,763.0,764.0,784.0,763.0,827.0,764.0,1016.0,999.0,980.0,961.0,945.0,984.0,964.0,978.0,947.0,942.0,1023.0,929.0,989.0,1026.0,985.0,955.0,1000.0,962.0,1036.0,955.0,1016.0,1026.0,1007.0,1037.0,1034.0,1047.0,1014.0,978.0,987.0,1047.0,1141.0,1112.0,1113.0,1142.0,1174.0,1140.0,1152.0,1132.0,1106.0,1194.0,1044.0,1107.0,1129.0,1055.0,1087.0,1116.0,1098.0,1121.0,1090.0,1094.0,904.0,937.0,917.0,949.0,920.0,921.0,936.0,968.0,968.0,921.0,891.0,905.0,925.0,891.0,951.0,858.0,890.0,900.0,902.0,908.0,1103.0,1160.0,1090.0,1108.0,1112.0,1115.0,1114.0,1143.0,1105.0,1106.0,930.0,906.0,959.0,915.0,897.0,906.0,900.0,926.0,889.0,902.0
753,738.0,768.0,790.0,760.0,793.0,749.0,732.0,773.0,774.0,753.0,987.0,981.0,945.0,938.0,947.0,982.0,958.0,989.0,922.0,994.0,1001.0,949.0,1013.0,972.0,955.0,963.0,1004.0,912.0,1022.0,943.0,1043.0,978.0,1001.0,1039.0,1062.0,1017.0,1015.0,979.0,1038.0,1070.0,1113.0,1138.0,1153.0,1149.0,1157.0,1118.0,1206.0,1177.0,1079.0,1141.0,1104.0,1079.0,1113.0,1067.0,1076.0,1105.0,1078.0,1101.0,1089.0,1107.0,916.0,957.0,975.0,976.0,934.0,895.0,976.0,1016.0,1019.0,908.0,851.0,940.0,920.0,933.0,920.0,920.0,934.0,894.0,926.0,940.0,1174.0,1163.0,1054.0,1122.0,1137.0,1104.0,1081.0,1132.0,1132.0,1069.0,891.0,910.0,918.0,915.0,887.0,953.0,864.0,894.0,855.0,906.0
754,739.0,799.0,771.0,818.0,839.0,766.0,779.0,784.0,750.0,800.0,992.0,919.0,921.0,892.0,955.0,986.0,935.0,940.0,933.0,988.0,982.0,973.0,969.0,919.0,985.0,959.0,986.0,961.0,973.0,966.0,992.0,994.0,1026.0,1068.0,1012.0,1021.0,1041.0,1035.0,1048.0,1053.0,1095.0,1135.0,1159.0,1145.0,1123.0,1123.0,1083.0,1078.0,1151.0,1137.0,1093.0,1099.0,1053.0,1085.0,1073.0,1085.0,1083.0,1096.0,1086.0,1037.0,974.0,938.0,984.0,940.0,900.0,953.0,968.0,977.0,1009.0,1004.0,894.0,961.0,934.0,886.0,911.0,907.0,929.0,902.0,896.0,879.0,1141.0,1116.0,1164.0,1170.0,1167.0,1098.0,1129.0,1133.0,1114.0,1081.0,916.0,932.0,898.0,946.0,905.0,911.0,918.0,964.0,893.0,888.0
755,736.0,789.0,808.0,772.0,743.0,781.0,825.0,788.0,730.0,771.0,933.0,943.0,925.0,948.0,946.0,920.0,965.0,947.0,961.0,970.0,961.0,955.0,956.0,990.0,981.0,980.0,936.0,1027.0,1020.0,1010.0,1014.0,1024.0,998.0,1013.0,989.0,1082.0,1030.0,1022.0,1085.0,1061.0,1113.0,1175.0,1128.0,1146.0,1098.0,1101.0,1165.0,1114.0,1146.0,1131.0,1133.0,1087.0,1073.0,1089.0,1118.0,1104.0,1118.0,1077.0,1104.0,1057.0,942.0,958.0,966.0,988.0,1007.0,937.0,959.0,979.0,926.0,928.0,904.0,915.0,917.0,905.0,964.0,908.0,875.0,942.0,889.0,898.0,1131.0,1113.0,1187.0,1091.0,1094.0,1046.0,1083.0,1087.0,1131.0,1086.0,948.0,907.0,921.0,928.0,931.0,953.0,895.0,892.0,855.0,924.0
756,827.0,734.0,762.0,770.0,777.0,758.0,776.0,757.0,787.0,752.0,954.0,985.0,936.0,942.0,955.0,901.0,960.0,995.0,960.0,991.0,963.0,989.0,984.0,977.0,994.0,999.0,995.0,973.0,903.0,963.0,968.0,1067.0,1025.0,1040.0,1030.0,1049.0,969.0,996.0,1058.0,1017.0,1152.0,1095.0,1113.0,1137.0,1187.0,1153.0,1153.0,1140.0,1134.0,1126.0,1005.0,1048.0,1044.0,1080.0,1066.0,1080.0,1099.0,1094.0,1048.0,1048.0,1018.0,951.0,1042.0,984.0,988.0,953.0,978.0,961.0,992.0,955.0,880.0,942.0,920.0,908.0,889.0,893.0,935.0,942.0,891.0,906.0,1174.0,1126.0,1160.0,1155.0,1078.0,1119.0,1080.0,1132.0,1138.0,1136.0,875.0,930.0,892.0,875.0,908.0,906.0,908.0,883.0,937.0,944.0
757,766.0,780.0,813.0,778.0,754.0,797.0,768.0,750.0,767.0,795.0,953.0,979.0,998.0,922.0,902.0,912.0,998.0,968.0,939.0,976.0,936.0,935.0,948.0,948.0,1003.0,980.0,967.0,988.0,1011.0,988.0,1016.0,1072.0,1000.0,1040.0,1074.0,1045.0,1047.0,1032.0,1010.0,986.0,1122.0,1157.0,1168.0,1119.0,1172.0,1149.0,1134.0,1144.0,1076.0,1133.0,1052.0,1023.0,1085.0,1125.0,1132.0,1073.0,1090.0,1096.0,1095.0,1047.0,992.0,929.0,933.0,968.0,934.0,928.0,921.0,975.0,977.0,978.0,921.0,928.0,921.0,868.0,936.0,925.0,904.0,889.0,900.0,900.0,1182.0,1119.0,1095.0,1180.0,1089.0,1097.0,1139.0,1113.0,1133.0,1127.0,875.0,946.0,919.0,916.0,872.0,906.0,884.0,917.0,943.0,910.0
758,781.0,755.0,776.0,751.0,815.0,777.0,785.0,723.0,761.0,758.0,907.0,997.0,1000.0,952.0,965.0,929.0,929.0,952.0,1001.0,937.0,937.0,1014.0,984.0,1001.0,973.0,947.0,979.0,959.0,975.0,985.0,971.0,1012.0,1011.0,1035.0,1057.0,1052.0,1025.0,1099.0,1007.0,1027.0,1153.0,1088.0,1151.0,1136.0,1116.0,1101.0,1119.0,1121.0,1118.0,1127.0,1088.0,1122.0,1059.0,1122.0,1088.0,1091.0,1098.0,1043.0,1039.0,1107.0,1006.0,978.0,928.0,988.0,928.0,945.0,978.0,967.0,953.0,952.0,909.0,869.0,921.0,877.0,905.0,923.0,936.0,938.0,915.0,917.0,1158.0,1096.0,1093.0,1094.0,1113.0,1102.0,1107.0,1140.0,1143.0,1129.0,904.0,937.0,959.0,907.0,910.0,947.0,898.0,929.0,941.0,900.0
759,797.0,758.0,727.0,764.0,766.0,773.0,727.0,750.0,747.0,787.0,974.0,967.0,972.0,922.0,949.0,975.0,962.0,929.0,966.0,940.0,957.0,998.0,960.0,998.0,958.0,975.0,982.0,960.0,988.0,1009.0,1038.0,1040.0,989.0,1045.0,1072.0,1027.0,1028.0,1022.0,1044.0,1034.0,1111.0,1149.0,1081.0,1131.0,1123.0,1111.0,1098.0,1161.0,1091.0,1134.0,1018.0,1083.0,1129.0,1043.0,1137.0,1083.0,1082.0,1071.0,1083.0,1138.0,953.0,954.0,1007.0,968.0,903.0,921.0,930.0,1006.0,975.0,948.0,935.0,869.0,947.0,927.0,893.0,934.0,992.0,931.0,921.0,891.0,1136.0,1124.0,1140.0,1138.0,1140.0,1130.0,1167.0,1091.0,1106.0,1090.0,899.0,924.0,929.0,927.0,926.0,884.0,884.0,951.0,936.0,867.0
760,737.0,791.0,756.0,745.0,796.0,776.0,757.0,775.0,730.0,781.0,942.0,982.0,978.0,951.0,940.0,967.0,958.0,931.0,946.0,991.0,971.0,964.0,917.0,961.0,983.0,953.0,953.0,1038.0,987.0,971.0,1029.0,1026.0,1021.0,1001.0,1001.0,1007.0,1018.0,1024.0,1014.0,1012.0,1153.0,1177.0,1111.0,1145.0,1126.0,1101.0,1170.0,1168.0,1123.0,1145.0,1103.0,1072.0,1124.0,1115.0,1057.0,1108.0,1105.0,1079.0,1121.0,1080.0,967.0,935.0,1024.0,969.0,958.0,965.0,979.0,937.0,959.0,907.0,878.0,894.0,894.0,946.0,896.0,898.0,871.0,886.0,923.0,916.0,1139.0,1118.0,1163.0,1134.0,1154.0,1122.0,1122.0,1128.0,1101.0,1119.0,895.0,906.0,890.0,895.0,959.0,919.0,915.0,905.0,951.0,917.0
761,772.0,773.0,760.0,720.0,756.0,757.0,786.0,786.0,773.0,760.0,952.0,910.0,933.0,965.0,972.0,931.0,948.0,901.0,937.0,978.0,938.0,1006.0,971.0,970.0,959.0,987.0,963.0,1018.0,998.0,949.0,1041.0,1001.0,1013.0,1029.0,1072.0,1019.0,1026.0,1020.0,1029.0,1059.0,1127.0,1129.0,1131.0,1179.0,1109.0,1103.0,1085.0,1143.0,1121.0,1134.0,1079.0,1108.0,1107.0,1079.0,1061.0,1121.0,1133.0,1072.0,1104.0,1099.0,948.0,945.0,976.0,926.0,956.0,971.0,967.0,987.0,940.0,906.0,902.0,982.0,915.0,915.0,927.0,908.0,903.0,915.0,935.0,915.0,1121.0,1108.0,1162.0,1182.0,1158.0,1102.0,1134.0,1129.0,1086.0,1123.0,935.0,904.0,908.0,892.0,899.0,918.0,903.0,901.0,935.0,913.0
762,767.0,772.0,766.0,754.0,810.0,757.0,739.0,734.0,787.0,799.0,916.0,963.0,960.0,982.0,963.0,886.0,906.0,979.0,941.0,1004.0,1029.0,972.0,957.0,982.0,976.0,999.0,1005.0,1024.0,1007.0,953.0,1024.0,1030.0,1026.0,1018.0,1012.0,1064.0,995.0,1049.0,1036.0,1057.0,1141.0,1116.0,1150.0,1134.0,1119.0,1130.0,1087.0,1155.0,1120.0,1128.0,1071.0,1062.0,1102.0,1054.0,1072.0,1104.0,1100.0,1062.0,1124.0,1101.0,957.0,1038.0,955.0,992.0,927.0,945.0,979.0,967.0,978.0,916.0,909.0,870.0,917.0,869.0,920.0,922.0,945.0,876.0,871.0,878.0,1089.0,1107.0,1110.0,1122.0,1118.0,1095.0,1151.0,1136.0,1116.0,1098.0,914.0,939.0,932.0,951.0,957.0,914.0,941.0,889.0,877.0,901.0
763,767.0,783.0,767.0,756.0,775.0,773.0,754.0,749.0,804.0,759.0,960.0,996.0,977.0,964.0,940.0,873.0,920.0,916.0,982.0,966.0,966.0,962.0,1033.0,971.0,959.0,976.0,963.0,1017.0,973.0,1010.0,1054.0,1087.0,992.0,1038.0,985.0,1031.0,1005.0,995.0,1005.0,1050.0,1141.0,1153.0,1134.0,1124.0,1165.0,1156.0,1125.0,1159.0,1135.0,1126.0,1073.0,1035.0,1109.0,1047.0,1174.0,1109.0,1127.0,1053.0,1072.0,1052.0,957.0,943.0,1009.0,978.0,965.0,950.0,927.0,1027.0,964.0,916.0,905.0,927.0,901.0,923.0,922.0,910.0,977.0,912.0,917.0,900.0,1118.0,1087.0,1052.0,1111.0,1114.0,1145.0,1127.0,1124.0,1106.0,1132.0,875.0,898.0,903.0,949.0,872.0,889.0,922.0,917.0,903.0,924.0
764,760.0,833.0,804.0,774.0,771.0,781.0,743.0,735.0,783.0,782.0,896.0,983.0,977.0,945.0,915.0,956.0,957.0,965.0,965.0,945.0,973.0,969.0,986.0,1003.0,993.0,982.0,928.0,957.0,962.0,1025.0,1002.0,1047.0,1020.0,1023.0,1043.0,1006.0,1025.0,1013.0,1054.0,1037.0,1172.0,1128.0,1158.0,1162.0,1156.0,1155.0,1111.0,1134.0,1144.0,1164.0,1089.0,1081.0,1080.0,1105.0,1076.0,1080.0,1102.0,1086.0,1193.0,1100.0,991.0,952.0,954.0,941.0,980.0,960.0,943.0,963.0,966.0,901.0,912.0,873.0,876.0,867.0,938.0,914.0,942.0,923.0,846.0,907.0,1113.0,1104.0,1124.0,1143.0,1135.0,1098.0,1185.0,1138.0,1094.0,1098.0,907.0,905.0,899.0,895.0,862.0,882.0,909.0,956.0,848.0,875.0
765,780.0,760.0,763.0,779.0,773.0,773.0,756.0,805.0,762.0,749.0,943.0,959.0,917.0,924.0,926.0,949.0,942.0,913.0,982.0,950.0,977.0,1025.0,1009.0,993.0,984.0,955.0,959.0,970.0,939.0,966.0,1032.0,997.0,1004.0,1042.0,1043.0,1009.0,1013.0,1020.0,986.0,1044.0,1103.0,1122.0,1128.0,1104.0,1116.0,1095.0,1111.0,1124.0,1103.0,1165.0,1111.0,1062.0,1062.0,1069.0,1137.0,1082.0,1097.0,1089.0,1045.0,1067.0,945.0,954.0,926.0,993.0,954.0,952.0,967.0,970.0,1028.0,931.0,890.0,935.0,935.0,924.0,898.0,984.0,866.0,906.0,932.0,949.0,1089.0,1130.0,1173.0,1120.0,1162.0,1116.0,1157.0,1143.0,1162.0,1096.0,946.0,932.0,960.0,914.0,873.0,901.0,977.0,930.0,916.0,917.0
766,734.0,771.0,774.0,716.0,755.0,737.0,750.0,788.0,776.0,781.0,951.0,907.0,995.0,956.0,956.0,954.0,973.0,945.0,959.0,981.0,965.0,978.0,989.0,962.0,983.0,939.0,970.0,970.0,983.0,981.0,1037.0,1056.0,1004.0,1078.0,1048.0,1082.0,1026.0,1012.0,1032.0,1040.0,1150.0,1140.0,1099.0,1141.0,1167.0,1179.0,1209.0,1173.0,1165.0,1098.0,1048.0,1067.0,1072.0,1072.0,1084.0,1058.0,1102.0,1049.0,1062.0,1073.0,979.0,983.0,987.0,944.0,944.0,956.0,960.0,978.0,926.0,920.0,927.0,883.0,882.0,943.0,898.0,896.0,831.0,938.0,939.0,877.0,1112.0,1178.0,1155.0,1142.0,1132.0,1108.0,1079.0,1094.0,1119.0,1160.0,912.0,909.0,924.0,905.0,898.0,903.0,941.0,926.0,894.0,923.0
767,724.0,790.0,780.0,728.0,824.0,735.0,767.0,765.0,757.0,733.0,979.0,940.0,938.0,983.0,936.0,959.0,948.0,967.0,955.0,963.0,968.0,987.0,970.0,969.0,989.0,917.0,957.0,985.0,1001.0,938.0,994.0,1032.0,1007.0,1074.0,969.0,1041.0,1053.0,1048.0,1048.0,1082.0,1116.0,1153.0,1153.0,1078.0,1147.0,1184.0,1093.0,1097.0,1102.0,1208.0,1062.0,1081.0,1049.0,1133.0,1087.0,1052.0,1106.0,1114.0,1116.0,1079.0,974.0,971.0,990.0,985.0,942.0,926.0,965.0,975.0,924.0,909.0,937.0,898.0,938.0,878.0,927.0,953.0,886.0,886.0,940.0,893.0,1105.0,1160.0,1123.0,1125.0,1116.0,1117.0,1163.0,1149.0,1113.0,1110.0,958.0,858.0,934.0,905.0,933.0,926.0,903.0,887.0,899.0,913.0
768,757.0,752.0,782.0,762.0,799.0,763.0,769.0,739.0,802.0,756.0,926.0,866.0,973.0,947.0,942.0,954.0,937.0,926.0,898.0,982.0,970.0,1006.0,977.0,1050.0,1005.0,925.0,913.0,1031.0,1027.0,971.0,1036.0,1057.0,1018.0,1025.0,1041.0,1076.0,1014.0,992.0,1011.0,1019.0,1133.0,1161.0,1096.0,1112.0,1143.0,1141.0,1172.0,1187.0,1110.0,1146.0,1082.0,1073.0,1058.0,1105.0,1061.0,1038.0,1147.0,1082.0,1078.0,1072.0,942.0,969.0,966.0,983.0,988.0,938.0,927.0,1011.0,942.0,931.0,936.0,905.0,957.0,874.0,939.0,949.0,919.0,920.0,956.0,930.0,1107.0,1147.0,1165.0,1133.0,1068.0,1116.0,1162.0,1081.0,1119.0,1119.0,928.0,932.0,891.0,866.0,889.0,911.0,876.0,901.0,915.0,902.0
769,782.0,726.0,778.0,773.0,771.0,772.0,755.0,795.0,762.0,737.0,967.0,952.0,960.0,977.0,956.0,921.0,964.0,983.0,969.0,985.0,994.0,973.0,971.0,956.0,988.0,968.0,998.0,959.0,1010.0,937.0,1014.0,1084.0,1053.0,1053.0,1006.0,1000.0,1013.0,995.0,1030.0,994.0,1157.0,1155.0,1175.0,1136.0,1173.0,1145.0,1192.0,1142.0,1114.0,1146.0,1079.0,1087.0,1071.0,1085.0,1103.0,1094.0,1068.0,1070.0,1068.0,1077.0,982.0,934.0,917.0,927.0,969.0,952.0,957.0,981.0,955.0,1006.0,895.0,943.0,878.0,946.0,928.0,897.0,857.0,932.0,890.0,912.0,1042.0,1106.0,1112.0,1114.0,1084.0,1154.0,1130.0,1134.0,1118.0,1088.0,909.0,906.0,965.0,893.0,898.0,907.0,899.0,881.0,943.0,948.0
770,773.0,741.0,750.0,724.0,771.0,756.0,765.0,818.0,782.0,786.0,940.0,972.0,935.0,905.0,959.0,971.0,937.0,931.0,978.0,969.0,989.0,938.0,1033.0,918.0,990.0,1019.0,908.0,958.0,966.0,941.0,998.0,1059.0,1050.0,1074.0,1046.0,1022.0,1082.0,1010.0,1026.0,1003.0,1172.0,1143.0,1116.0,1167.0,1137.0,1123.0,1154.0,1122.0,1141.0,1115.0,1048.0,1083.0,1115.0,1110.0,1073.0,1058.0,1103.0,1101.0,1082.0,1074.0,992.0,969.0,975.0,1019.0,1001.0,942.0,988.0,945.0,988.0,942.0,920.0,912.0,969.0,892.0,918.0,874.0,837.0,902.0,877.0,946.0,1068.0,1124.0,1078.0,1140.0,1111.0,1139.0,1111.0,1162.0,1130.0,1126.0,922.0,924.0,857.0,905.0,868.0,905.0,946.0,926.0,888.0,932.0
771,735.0,798.0,800.0,776.0,751.0,774.0,735.0,765.0,740.0,743.0,943.0,917.0,979.0,916.0,997.0,940.0,983.0,940.0,999.0,936.0,1015.0,1012.0,998.0,956.0,1011.0,957.0,968.0,932.0,985.0,970.0,1018.0,972.0,1033.0,1070.0,976.0,1032.0,1088.0,1015.0,964.0,1023.0,1097.0,1162.0,1100.0,1145.0,1190.0,1137.0,1113.0,1203.0,1160.0,1145.0,1063.0,1110.0,1060.0,1064.0,1024.0,1089.0,1055.0,1100.0,1089.0,1108.0,938.0,960.0,967.0,959.0,990.0,971.0,1002.0,959.0,965.0,918.0,923.0,892.0,921.0,920.0,924.0,896.0,880.0,890.0,926.0,924.0,1153.0,1072.0,1134.0,1108.0,1095.0,1149.0,1101.0,1140.0,1128.0,1143.0,935.0,972.0,890.0,943.0,917.0,862.0,907.0,927.0,900.0,922.0
772,763.0,749.0,750.0,752.0,810.0,765.0,748.0,766.0,735.0,792.0,913.0,977.0,941.0,976.0,987.0,974.0,924.0,950.0,972.0,899.0,960.0,965.0,993.0,1031.0,990.0,968.0,966.0,999.0,956.0,1015.0,1005.0,1006.0,1026.0,1069.0,1032.0,954.0,1080.0,1032.0,1002.0,1015.0,1152.0,1129.0,1201.0,1096.0,1109.0,1152.0,1127.0,1180.0,1123.0,1104.0,1142.0,1095.0,1072.0,1020.0,1085.0,1061.0,1100.0,1068.0,1159.0,1102.0,964.0,985.0,960.0,1014.0,988.0,982.0,934.0,1002.0,968.0,955.0,900.0,910.0,905.0,902.0,922.0,926.0,912.0,849.0,923.0,906.0,1108.0,1158.0,1126.0,1131.0,1059.0,1130.0,1102.0,1127.0,1105.0,1134.0,911.0,892.0,903.0,868.0,898.0,895.0,940.0,895.0,911.0,912.0
773,758.0,800.0,788.0,811.0,797.0,757.0,787.0,769.0,758.0,747.0,966.0,1007.0,950.0,907.0,953.0,962.0,979.0,990.0,946.0,951.0,979.0,1004.0,970.0,1023.0,981.0,961.0,1006.0,1046.0,963.0,976.0,1001.0,987.0,1026.0,1029.0,1036.0,1027.0,1063.0,992.0,1003.0,1023.0,1152.0,1158.0,1170.0,1174.0,1124.0,1138.0,1115.0,1171.0,1134.0,1099.0,1091.0,1072.0,1080.0,1026.0,1100.0,1108.0,1087.0,1024.0,1107.0,1055.0,932.0,983.0,960.0,1006.0,945.0,931.0,939.0,967.0,982.0,1005.0,915.0,936.0,942.0,881.0,959.0,882.0,853.0,881.0,934.0,955.0,1136.0,1067.0,1081.0,1101.0,1122.0,1149.0,1097.0,1110.0,1139.0,1098.0,886.0,854.0,911.0,902.0,863.0,890.0,908.0,919.0,888.0,927.0
774,716.0,818.0,768.0,756.0,741.0,745.0,774.0,776.0,749.0,741.0,916.0,956.0,985.0,909.0,949.0,960.0,947.0,946.0,939.0,980.0,975.0,979.0,967.0,980.0,978.0,1014.0,1000.0,980.0,975.0,982.0,1062.0,1021.0,1052.0,1033.0,1071.0,1030.0,1034.0,1047.0,1007.0,1023.0,1176.0,1129.0,1175.0,1140.0,1156.0,1124.0,1105.0,1172.0,1180.0,1116.0,1028.0,1047.0,1018.0,1097.0,1080.0,1127.0,1052.0,1096.0,1083.0,1109.0,1008.0,924.0,966.0,985.0,918.0,927.0,973.0,983.0,961.0,943.0,914.0,962.0,910.0,901.0,917.0,874.0,914.0,868.0,957.0,933.0,1122.0,1091.0,1097.0,1102.0,1181.0,1081.0,1121.0,1140.0,1066.0,1119.0,894.0,948.0,940.0,958.0,881.0,922.0,919.0,857.0,937.0,890.0
775,802.0,730.0,745.0,803.0,738.0,743.0,787.0,751.0,732.0,772.0,968.0,953.0,973.0,942.0,921.0,956.0,956.0,965.0,957.0,979.0,983.0,1055.0,1008.0,1029.0,963.0,971.0,961.0,952.0,915.0,985.0,987.0,1026.0,1002.0,1013.0,1047.0,985.0,981.0,1012.0,1002.0,1018.0,1132.0,1146.0,1158.0,1100.0,1147.0,1204.0,1172.0,1150.0,1171.0,1146.0,1068.0,1092.0,1083.0,1075.0,1072.0,1061.0,1090.0,1128.0,1087.0,1045.0,992.0,958.0,968.0,957.0,979.0,952.0,931.0,984.0,977.0,928.0,864.0,896.0,877.0,936.0,915.0,927.0,894.0,898.0,943.0,952.0,1115.0,1122.0,1126.0,1109.0,1143.0,1096.0,1166.0,1123.0,1161.0,1091.0,901.0,894.0,936.0,903.0,946.0,909.0,900.0,901.0,904.0,923.0
776,760.0,802.0,756.0,780.0,741.0,777.0,789.0,762.0,759.0,784.0,979.0,943.0,947.0,929.0,929.0,929.0,976.0,954.0,943.0,1003.0,974.0,976.0,970.0,972.0,1006.0,962.0,933.0,961.0,945.0,958.0,987.0,1016.0,978.0,1066.0,1046.0,1049.0,1020.0,1035.0,1015.0,1007.0,1129.0,1177.0,1156.0,1162.0,1104.0,1139.0,1160.0,1164.0,1117.0,1136.0,1095.0,1072.0,1110.0,1039.0,1095.0,1070.0,1061.0,1040.0,1093.0,1086.0,1001.0,908.0,979.0,973.0,976.0,957.0,908.0,968.0,1015.0,972.0,932.0,943.0,939.0,925.0,872.0,876.0,933.0,930.0,845.0,877.0,1085.0,1119.0,1140.0,1160.0,1165.0,1109.0,1141.0,1134.0,1185.0,1064.0,873.0,916.0,901.0,859.0,933.0,938.0,919.0,917.0,928.0,956.0
777,767.0,758.0,742.0,722.0,748.0,808.0,764.0,752.0,768.0,746.0,939.0,969.0,929.0,922.0,982.0,916.0,993.0,933.0,890.0,967.0,972.0,956.0,979.0,955.0,969.0,977.0,982.0,958.0,956.0,1028.0,1030.0,1024.0,1021.0,1048.0,982.0,983.0,1015.0,982.0,1045.0,1039.0,1137.0,1129.0,1162.0,1214.0,1176.0,1118.0,1151.0,1136.0,1148.0,1128.0,1098.0,1098.0,1116.0,1073.0,1161.0,1090.0,1081.0,1077.0,1085.0,1096.0,976.0,959.0,979.0,927.0,950.0,1022.0,940.0,994.0,1009.0,913.0,916.0,905.0,892.0,943.0,857.0,887.0,913.0,924.0,862.0,887.0,1133.0,1102.0,1124.0,1113.0,1119.0,1090.0,1114.0,1143.0,1166.0,1135.0,846.0,972.0,929.0,942.0,917.0,917.0,889.0,968.0,914.0,901.0
778,760.0,780.0,773.0,758.0,798.0,784.0,733.0,739.0,816.0,771.0,980.0,979.0,961.0,959.0,966.0,956.0,947.0,990.0,950.0,966.0,947.0,978.0,1014.0,941.0,956.0,1020.0,978.0,956.0,926.0,1003.0,1000.0,1021.0,1023.0,1048.0,996.0,1034.0,1056.0,1020.0,1003.0,1003.0,1151.0,1135.0,1132.0,1169.0,1145.0,1191.0,1168.0,1182.0,1133.0,1140.0,1080.0,1069.0,1085.0,1082.0,1123.0,1079.0,1080.0,1118.0,1071.0,1062.0,1037.0,946.0,960.0,946.0,949.0,932.0,973.0,968.0,968.0,920.0,882.0,932.0,919.0,893.0,907.0,887.0,903.0,902.0,905.0,936.0,1088.0,1144.0,1106.0,1154.0,1084.0,1068.0,1076.0,1104.0,1164.0,1123.0,890.0,889.0,902.0,905.0,939.0,857.0,925.0,884.0,909.0,917.0
779,785.0,721.0,749.0,789.0,758.0,764.0,764.0,756.0,735.0,789.0,992.0,948.0,957.0,965.0,972.0,959.0,928.0,939.0,932.0,935.0,975.0,917.0,1003.0,999.0,920.0,940.0,959.0,994.0,1019.0,959.0,992.0,1038.0,992.0,1007.0,1048.0,1000.0,1011.0,1002.0,991.0,1038.0,1094.0,1196.0,1102.0,1161.0,1165.0,1104.0,1156.0,1158.0,1188.0,1122.0,1104.0,1075.0,1055.0,1056.0,1087.0,1081.0,1078.0,1039.0,1071.0,1072.0,968.0,986.0,1026.0,984.0,954.0,1014.0,979.0,978.0,973.0,956.0,879.0,908.0,896.0,893.0,950.0,892.0,939.0,937.0,918.0,938.0,1140.0,1123.0,1133.0,1094.0,1137.0,1163.0,1127.0,1171.0,1096.0,1121.0,886.0,956.0,964.0,911.0,869.0,890.0,899.0,888.0,920.0,913.0
780,788.0,736.0,751.0,773.0,760.0,762.0,732.0,769.0,760.0,763.0,944.0,956.0,965.0,1013.0,943.0,959.0,941.0,961.0,1001.0,914.0,957.0,967.0,1026.0,944.0,963.0,968.0,941.0,972.0,962.0,1023.0,1049.0,1045.0,1023.0,1006.0,1060.0,1035.0,1027.0,995.0,1061.0,1048.0,1154.0,1157.0,1123.0,1101.0,1121.0,1140.0,1098.0,1156.0,1116.0,1185.0,1098.0,1139.0,1073.0,1091.0,1059.0,1108.0,1100.0,1081.0,1071.0,1071.0,951.0,957.0,1001.0,977.0,1007.0,957.0,959.0,939.0,930.0,929.0,900.0,891.0,886.0,905.0,912.0,859.0,984.0,914.0,913.0,882.0,1113.0,1124.0,1109.0,1116.0,1140.0,1102.0,1124.0,1164.0,1093.0,1112.0,861.0,892.0,921.0,938.0,895.0,917.0,936.0,909.0,938.0,912.0
781,782.0,790.0,776.0,750.0,774.0,762.0,731.0,782.0,800.0,740.0,923.0,956.0,927.0,990.0,988.0,980.0,988.0,952.0,1016.0,1001.0,992.0,998.0,1007.0,1006.0,1005.0,963.0,938.0,967.0,942.0,991.0,1004.0,1108.0,1029.0,991.0,1048.0,993.0,1029.0,1008.0,1051.0,1046.0,1087.0,1106.0,1106.0,1152.0,1109.0,1105.0,1155.0,1133.0,1127.0,1163.0,1085.0,1065.0,1094.0,1077.0,1057.0,1091.0,1088.0,1092.0,1077.0,1071.0,1030.0,945.0,1007.0,959.0,942.0,924.0,983.0,1010.0,940.0,933.0,912.0,919.0,925.0,891.0,883.0,903.0,854.0,896.0,902.0,880.0,1084.0,1084.0,1124.0,1132.0,1137.0,1163.0,1149.0,1091.0,1095.0,1101.0,920.0,896.0,884.0,915.0,918.0,922.0,923.0,932.0,899.0,911.0
782,718.0,756.0,773.0,763.0,808.0,726.0,800.0,807.0,715.0,739.0,911.0,948.0,957.0,928.0,947.0,950.0,967.0,971.0,995.0,999.0,954.0,970.0,934.0,945.0,935.0,941.0,945.0,982.0,1009.0,943.0,1073.0,1051.0,1061.0,1038.0,1053.0,1030.0,1012.0,1008.0,996.0,1026.0,1164.0,1142.0,1165.0,1147.0,1141.0,1169.0,1174.0,1109.0,1107.0,1099.0,1088.0,1101.0,1059.0,1064.0,1113.0,1103.0,1051.0,1102.0,1088.0,1106.0,959.0,961.0,963.0,985.0,945.0,949.0,971.0,988.0,947.0,925.0,932.0,945.0,934.0,934.0,890.0,887.0,942.0,901.0,914.0,922.0,1149.0,1115.0,1149.0,1141.0,1094.0,1110.0,1078.0,1162.0,1128.0,1179.0,866.0,876.0,882.0,918.0,939.0,941.0,902.0,833.0,950.0,895.0
783,739.0,794.0,720.0,738.0,756.0,787.0,770.0,779.0,789.0,735.0,959.0,980.0,963.0,982.0,963.0,951.0,967.0,938.0,967.0,987.0,958.0,969.0,995.0,990.0,957.0,1006.0,978.0,952.0,934.0,946.0,1013.0,1020.0,1026.0,1036.0,1042.0,1023.0,1027.0,999.0,1060.0,1033.0,1186.0,1174.0,1128.0,1161.0,1103.0,1127.0,1169.0,1153.0,1135.0,1186.0,1027.0,1079.0,1128.0,1055.0,1116.0,1073.0,1054.0,1059.0,1106.0,1060.0,957.0,942.0,986.0,979.0,982.0,956.0,964.0,1026.0,984.0,984.0,905.0,917.0,899.0,912.0,942.0,896.0,906.0,903.0,865.0,889.0,1150.0,1126.0,1082.0,1121.0,1087.0,1088.0,1098.0,1130.0,1102.0,1114.0,917.0,863.0,949.0,888.0,918.0,903.0,912.0,924.0,909.0,896.0
784,756.0,735.0,799.0,733.0,779.0,800.0,786.0,770.0,756.0,761.0,989.0,912.0,973.0,948.0,991.0,917.0,949.0,956.0,974.0,950.0,966.0,983.0,908.0,978.0,988.0,963.0,973.0,1034.0,959.0,987.0,1062.0,999.0,1056.0,1027.0,1041.0,1059.0,1022.0,928.0,1023.0,1008.0,1139.0,1148.0,1125.0,1120.0,1113.0,1147.0,1139.0,1182.0,1093.0,1141.0,1060.0,1123.0,1154.0,1128.0,1071.0,1065.0,1066.0,1090.0,1105.0,1045.0,950.0,975.0,949.0,991.0,935.0,1000.0,980.0,962.0,937.0,976.0,864.0,930.0,922.0,898.0,922.0,906.0,926.0,911.0,932.0,901.0,1111.0,1156.0,1109.0,1121.0,1126.0,1068.0,1062.0,1094.0,1128.0,1147.0,913.0,899.0,881.0,918.0,902.0,888.0,947.0,936.0,946.0,914.0
785,759.0,744.0,764.0,751.0,767.0,792.0,798.0,742.0,767.0,776.0,916.0,977.0,963.0,955.0,939.0,950.0,964.0,982.0,934.0,928.0,924.0,1032.0,989.0,976.0,985.0,957.0,974.0,988.0,978.0,912.0,1051.0,1021.0,1031.0,994.0,997.0,990.0,1058.0,1009.0,1045.0,1025.0,1117.0,1120.0,1091.0,1135.0,1139.0,1136.0,1091.0,1164.0,1087.0,1155.0,1119.0,1015.0,1102.0,1099.0,1118.0,1083.0,1111.0,1069.0,1123.0,1084.0,984.0,991.0,926.0,1011.0,996.0,975.0,985.0,986.0,949.0,927.0,859.0,942.0,961.0,923.0,925.0,901.0,895.0,896.0,904.0,924.0,1126.0,1145.0,1140.0,1114.0,1116.0,1100.0,1097.0,1104.0,1093.0,1138.0,953.0,875.0,909.0,906.0,887.0,932.0,880.0,922.0,975.0,960.0
786,799.0,756.0,769.0,809.0,810.0,765.0,729.0,773.0,771.0,767.0,968.0,916.0,949.0,942.0,923.0,1008.0,976.0,979.0,939.0,941.0,947.0,953.0,955.0,933.0,998.0,987.0,968.0,961.0,998.0,944.0,990.0,1062.0,979.0,1045.0,990.0,984.0,1028.0,995.0,1025.0,1016.0,1166.0,1155.0,1109.0,1140.0,1172.0,1135.0,1214.0,1138.0,1151.0,1179.0,1113.0,1072.0,1087.0,1120.0,1111.0,1090.0,1095.0,1126.0,1087.0,1071.0,927.0,1001.0,985.0,949.0,949.0,931.0,934.0,928.0,967.0,980.0,885.0,895.0,945.0,876.0,882.0,910.0,903.0,939.0,937.0,878.0,1124.0,1159.0,1156.0,1134.0,1147.0,1129.0,1122.0,1113.0,1117.0,1157.0,889.0,891.0,944.0,917.0,884.0,877.0,878.0,911.0,863.0,893.0
787,794.0,772.0,788.0,748.0,752.0,742.0,790.0,754.0,767.0,768.0,953.0,934.0,949.0,944.0,957.0,973.0,922.0,991.0,940.0,911.0,974.0,1006.0,946.0,1045.0,996.0,972.0,946.0,995.0,992.0,1003.0,1025.0,1035.0,1029.0,1000.0,1007.0,996.0,1015.0,1033.0,1049.0,1032.0,1131.0,1147.0,1126.0,1141.0,1185.0,1119.0,1157.0,1127.0,1131.0,1164.0,1061.0,1078.0,1114.0,1067.0,1070.0,1117.0,1121.0,1082.0,1089.0,1091.0,928.0,953.0,966.0,980.0,921.0,961.0,985.0,979.0,996.0,913.0,907.0,890.0,920.0,911.0,908.0,948.0,876.0,908.0,886.0,894.0,1142.0,1166.0,1115.0,1160.0,1164.0,1112.0,1131.0,1076.0,1138.0,1146.0,896.0,879.0,928.0,867.0,903.0,875.0,904.0,920.0,866.0,901.0
788,753.0,768.0,780.0,767.0,747.0,799.0,755.0,777.0,784.0,758.0,972.0,952.0,973.0,958.0,980.0,930.0,928.0,1024.0,986.0,907.0,1017.0,968.0,979.0,1003.0,989.0,981.0,1006.0,994.0,966.0,946.0,1038.0,1028.0,1014.0,1075.0,1044.0,1008.0,1051.0,1018.0,999.0,1032.0,1139.0,1121.0,1127.0,1115.0,1100.0,1123.0,1126.0,1107.0,1115.0,1140.0,1082.0,1116.0,1099.0,1066.0,1022.0,1048.0,1083.0,1004.0,1061.0,1079.0,908.0,973.0,965.0,999.0,998.0,947.0,960.0,994.0,944.0,955.0,909.0,919.0,931.0,886.0,931.0,917.0,849.0,934.0,954.0,949.0,1077.0,1105.0,1135.0,1087.0,1141.0,1152.0,1162.0,1089.0,1144.0,1153.0,918.0,912.0,878.0,909.0,913.0,913.0,924.0,929.0,903.0,903.0
789,777.0,733.0,771.0,745.0,794.0,767.0,763.0,754.0,771.0,745.0,976.0,959.0,959.0,978.0,966.0,957.0,915.0,973.0,995.0,980.0,953.0,988.0,1006.0,1008.0,968.0,1000.0,983.0,926.0,1009.0,930.0,1058.0,982.0,1016.0,1051.0,1016.0,972.0,1011.0,1055.0,974.0,1006.0,1121.0,1164.0,1142.0,1122.0,1147.0,1152.0,1153.0,1164.0,1151.0,1128.0,1099.0,1072.0,1077.0,1101.0,1091.0,1082.0,1165.0,1088.0,1073.0,1127.0,922.0,1005.0,943.0,1006.0,996.0,939.0,964.0,958.0,1004.0,1006.0,883.0,917.0,925.0,883.0,876.0,950.0,889.0,892.0,917.0,881.0,1115.0,1106.0,1134.0,1102.0,1140.0,1124.0,1112.0,1114.0,1053.0,1133.0,910.0,936.0,909.0,866.0,871.0,874.0,887.0,946.0,913.0,884.0
790,761.0,744.0,799.0,757.0,779.0,775.0,743.0,790.0,766.0,745.0,939.0,968.0,908.0,997.0,909.0,996.0,914.0,976.0,961.0,882.0,960.0,970.0,1001.0,998.0,977.0,951.0,1030.0,1009.0,951.0,945.0,981.0,1015.0,1024.0,1009.0,1015.0,1019.0,1030.0,1048.0,953.0,1024.0,1157.0,1146.0,1149.0,1146.0,1158.0,1073.0,1144.0,1137.0,1164.0,1139.0,1161.0,1084.0,1088.0,1046.0,1094.0,1084.0,1059.0,1085.0,1140.0,1099.0,907.0,970.0,928.0,1005.0,1001.0,984.0,998.0,893.0,932.0,963.0,886.0,948.0,916.0,898.0,914.0,893.0,864.0,938.0,916.0,960.0,1136.0,1128.0,1170.0,1146.0,1156.0,1120.0,1157.0,1082.0,1083.0,1149.0,923.0,890.0,897.0,859.0,860.0,924.0,901.0,913.0,993.0,913.0
791,752.0,787.0,763.0,776.0,805.0,721.0,773.0,754.0,791.0,802.0,958.0,981.0,918.0,905.0,929.0,992.0,953.0,965.0,971.0,984.0,967.0,950.0,971.0,982.0,962.0,943.0,949.0,960.0,957.0,984.0,1048.0,987.0,1073.0,989.0,1032.0,1002.0,1007.0,1024.0,991.0,993.0,1110.0,1131.0,1151.0,1187.0,1135.0,1205.0,1145.0,1123.0,1141.0,1109.0,1057.0,1085.0,1098.0,1065.0,1064.0,1093.0,1094.0,1053.0,1114.0,1035.0,979.0,961.0,950.0,969.0,988.0,968.0,941.0,971.0,973.0,932.0,907.0,956.0,900.0,912.0,907.0,852.0,916.0,973.0,942.0,915.0,1116.0,1131.0,1146.0,1123.0,1134.0,1129.0,1164.0,1133.0,1094.0,1146.0,920.0,896.0,906.0,951.0,911.0,906.0,897.0,916.0,887.0,925.0
792,771.0,762.0,753.0,778.0,785.0,799.0,753.0,782.0,784.0,791.0,908.0,953.0,981.0,949.0,949.0,989.0,951.0,955.0,1003.0,954.0,969.0,969.0,970.0,1017.0,997.0,965.0,957.0,994.0,958.0,966.0,1050.0,1023.0,1020.0,1016.0,1026.0,1006.0,1026.0,1015.0,1020.0,997.0,1150.0,1154.0,1166.0,1159.0,1127.0,1106.0,1197.0,1170.0,1128.0,1151.0,1029.0,1100.0,1086.0,1058.0,1087.0,1059.0,1075.0,1098.0,1051.0,1102.0,974.0,1013.0,943.0,957.0,1000.0,960.0,956.0,918.0,965.0,981.0,930.0,916.0,923.0,892.0,892.0,877.0,902.0,908.0,919.0,883.0,1136.0,1074.0,1149.0,1099.0,1102.0,1165.0,1105.0,1103.0,1098.0,1112.0,898.0,902.0,883.0,936.0,903.0,886.0,917.0,928.0,938.0,890.0
793,779.0,775.0,715.0,776.0,744.0,741.0,763.0,792.0,784.0,793.0,947.0,989.0,976.0,966.0,979.0,915.0,918.0,1001.0,979.0,941.0,965.0,995.0,991.0,941.0,1013.0,938.0,1018.0,941.0,965.0,940.0,1058.0,1017.0,1046.0,1029.0,1049.0,1001.0,1045.0,987.0,1065.0,991.0,1161.0,1170.0,1103.0,1115.0,1160.0,1183.0,1103.0,1090.0,1147.0,1168.0,1098.0,1079.0,1101.0,1094.0,1080.0,1066.0,1121.0,1103.0,1085.0,1077.0,971.0,969.0,947.0,992.0,935.0,967.0,976.0,983.0,980.0,985.0,849.0,822.0,933.0,907.0,890.0,908.0,886.0,919.0,869.0,892.0,1092.0,1156.0,1121.0,1155.0,1086.0,1125.0,1108.0,1131.0,1084.0,1122.0,893.0,889.0,940.0,884.0,933.0,964.0,903.0,927.0,905.0,918.0
794,821.0,758.0,766.0,804.0,740.0,771.0,741.0,787.0,771.0,785.0,915.0,992.0,957.0,929.0,1023.0,979.0,938.0,988.0,980.0,935.0,977.0,957.0,988.0,989.0,1002.0,970.0,986.0,935.0,995.0,985.0,1029.0,1023.0,1024.0,1032.0,1042.0,1024.0,1055.0,1011.0,1014.0,1039.0,1131.0,1133.0,1115.0,1149.0,1141.0,1148.0,1100.0,1170.0,1134.0,1114.0,1050.0,1068.0,1053.0,1091.0,1075.0,1026.0,1118.0,1072.0,1073.0,1062.0,967.0,945.0,939.0,974.0,976.0,941.0,988.0,971.0,956.0,991.0,866.0,900.0,943.0,888.0,832.0,875.0,896.0,924.0,889.0,941.0,1107.0,1177.0,1161.0,1073.0,1136.0,1154.0,1129.0,1101.0,1160.0,1087.0,954.0,907.0,928.0,934.0,899.0,921.0,888.0,916.0,890.0,891.0
795,778.0,745.0,821.0,777.0,765.0,743.0,748.0,760.0,768.0,780.0,1016.0,1001.0,972.0,926.0,943.0,953.0,915.0,1000.0,934.0,930.0,968.0,988.0,961.0,999.0,954.0,971.0,964.0,959.0,997.0,958.0,995.0,967.0,1032.0,1040.0,1032.0,1000.0,1007.0,992.0,1052.0,1070.0,1098.0,1144.0,1140.0,1168.0,1165.0,1175.0,1123.0,1089.0,1128.0,1135.0,1082.0,1109.0,1038.0,1058.0,1121.0,1074.0,1138.0,1135.0,1049.0,1086.0,911.0,945.0,898.0,947.0,978.0,985.0,977.0,1016.0,924.0,954.0,940.0,893.0,933.0,915.0,911.0,903.0,900.0,910.0,959.0,916.0,1091.0,1101.0,1147.0,1085.0,1088.0,1083.0,1134.0,1122.0,1157.0,1083.0,943.0,968.0,934.0,951.0,909.0,922.0,932.0,891.0,893.0,920.0
796,783.0,744.0,764.0,758.0,759.0,729.0,800.0,766.0,748.0,788.0,944.0,953.0,945.0,966.0,943.0,959.0,926.0,979.0,956.0,937.0,958.0,958.0,972.0,966.0,971.0,899.0,980.0,934.0,972.0,984.0,1034.0,1021.0,988.0,1054.0,1039.0,1051.0,1013.0,971.0,1043.0,1037.0,1134.0,1161.0,1126.0,1168.0,1145.0,1149.0,1119.0,1149.0,1127.0,1161.0,1055.0,1106.0,1090.0,1058.0,1112.0,1086.0,1117.0,1124.0,1078.0,1055.0,954.0,942.0,998.0,974.0,951.0,935.0,968.0,1000.0,958.0,958.0,890.0,871.0,927.0,916.0,939.0,961.0,886.0,943.0,940.0,914.0,1135.0,1149.0,1120.0,1104.0,1106.0,1111.0,1131.0,1079.0,1150.0,1107.0,936.0,953.0,949.0,903.0,900.0,926.0,900.0,928.0,888.0,891.0
797,757.0,713.0,768.0,742.0,780.0,796.0,754.0,817.0,750.0,779.0,945.0,972.0,976.0,910.0,973.0,951.0,943.0,950.0,963.0,950.0,982.0,958.0,946.0,1020.0,943.0,977.0,1055.0,1000.0,1012.0,1001.0,1010.0,1080.0,989.0,1053.0,981.0,1027.0,1011.0,980.0,1033.0,1019.0,1085.0,1170.0,1159.0,1174.0,1143.0,1147.0,1117.0,1128.0,1197.0,1112.0,1152.0,1069.0,1022.0,1116.0,1107.0,1073.0,1061.0,1079.0,1069.0,1027.0,1018.0,915.0,1007.0,950.0,979.0,884.0,993.0,1000.0,930.0,1003.0,937.0,924.0,970.0,884.0,913.0,929.0,902.0,910.0,903.0,920.0,1088.0,1107.0,1137.0,1126.0,1143.0,1113.0,1132.0,1106.0,1085.0,1133.0,848.0,948.0,906.0,885.0,903.0,910.0,875.0,906.0,915.0,890.0
798,835.0,788.0,796.0,741.0,770.0,740.0,821.0,775.0,774.0,785.0,934.0,965.0,950.0,970.0,1004.0,939.0,923.0,942.0,975.0,890.0,991.0,938.0,971.0,961.0,985.0,1000.0,955.0,967.0,1009.0,982.0,993.0,1050.0,1032.0,1048.0,1007.0,1050.0,1022.0,1024.0,1031.0,1039.0,1133.0,1109.0,1142.0,1106.0,1109.0,1123.0,1153.0,1169.0,1155.0,1142.0,1097.0,1104.0,1095.0,1068.0,1066.0,1064.0,1105.0,1107.0,1108.0,1088.0,936.0,965.0,969.0,1006.0,996.0,968.0,969.0,991.0,969.0,922.0,952.0,924.0,889.0,913.0,897.0,910.0,937.0,910.0,877.0,945.0,1114.0,1106.0,1137.0,1095.0,1128.0,1106.0,1072.0,1115.0,1085.0,1171.0,837.0,911.0,899.0,953.0,906.0,909.0,890.0,875.0,872.0,867.0
799,752.0,772.0,713.0,769.0,757.0,724.0,781.0,793.0,770.0,783.0,970.0,970.0,946.0,985.0,966.0,924.0,994.0,913.0,963.0,870.0,958.0,1006.0,1001.0,973.0,1006.0,992.0,991.0,949.0,965.0,985.0,999.0,1026.0,1006.0,1027.0,1020.0,982.0,1032.0,1040.0,1039.0,1022.0,1157.0,1129.0,1185.0,1160.0,1116.0,1145.0,1115.0,1132.0,1133.0,1146.0,1058.0,1066.0,1077.0,1093.0,1113.0,1127.0,1086.0,1088.0,1091.0,1076.0,992.0,979.0,968.0,942.0,946.0,964.0,985.0,913.0,958.0,987.0,879.0,905.0,964.0,883.0,961.0,928.0,902.0,945.0,905.0,925.0,1161.0,1055.0,1109.0,1134.0,1084.0,1104.0,1066.0,1172.0,1129.0,1100.0,893.0,956.0,907.0,894.0,902.0,915.0,899.0,928.0,903.0,937.0
800,746.0,804.0,766.0,760.0,777.0,749.0,750.0,721.0,754.0,768.0,929.0,996.0,943.0,944.0,936.0,1001.0,947.0,927.0,957.0,911.0,968.0,985.0,994.0,978.0,1020.0,937.0,988.0,995.0,1013.0,956.0,1048.0,1080.0,1015.0,1032.0,1042.0,1010.0,1060.0,1009.0,1056.0,1053.0,1135.0,1103.0,1150.0,1084.0,1100.0,1186.0,1140.0,1141.0,1176.0,1162.0,1081.0,1107.0,1088.0,1089.0,1058.0,1074.0,1060.0,1095.0,1026.0,1043.0,974.0,927.0,1000.0,1009.0,978.0,933.0,975.0,955.0,957.0,972.0,882.0,918.0,906.0,845.0,928.0,867.0,902.0,923.0,912.0,921.0,1136.0,1108.0,1116.0,1177.0,1137.0,1125.0,1115.0,1175.0,1113.0,1136.0,919.0,837.0,898.0,939.0,896.0,920.0,914.0,928.0,891.0,910.0
801,766.0,740.0,765.0,762.0,788.0,760.0,747.0,777.0,760.0,765.0,954.0,943.0,928.0,943.0,926.0,938.0,967.0,904.0,987.0,974.0,992.0,1013.0,979.0,994.0,969.0,974.0,950.0,983.0,935.0,956.0,1073.0,1060.0,998.0,1020.0,1000.0,1024.0,1015.0,1002.0,1025.0,1003.0,1146.0,1129.0,1129.0,1125.0,1165.0,1089.0,1154.0,1123.0,1179.0,1150.0,1102.0,1067.0,1074.0,1108.0,1027.0,1078.0,1089.0,1100.0,1039.0,1059.0,936.0,933.0,998.0,986.0,1001.0,997.0,949.0,973.0,968.0,966.0,901.0,903.0,904.0,926.0,935.0,912.0,910.0,916.0,972.0,925.0,1076.0,1165.0,1158.0,1115.0,1118.0,1111.0,1113.0,1166.0,1100.0,1127.0,870.0,909.0,943.0,879.0,945.0,922.0,957.0,926.0,889.0,909.0
802,740.0,785.0,788.0,756.0,807.0,749.0,780.0,822.0,832.0,808.0,954.0,957.0,955.0,964.0,980.0,971.0,947.0,895.0,957.0,976.0,952.0,952.0,995.0,998.0,1011.0,1003.0,982.0,999.0,942.0,968.0,1013.0,1064.0,998.0,1038.0,1066.0,995.0,1006.0,1026.0,1021.0,1022.0,1154.0,1083.0,1104.0,1076.0,1168.0,1130.0,1151.0,1165.0,1216.0,1161.0,1072.0,1087.0,1075.0,1048.0,1037.0,1081.0,1087.0,1079.0,1041.0,1052.0,994.0,969.0,1004.0,990.0,973.0,971.0,953.0,928.0,917.0,956.0,954.0,941.0,910.0,951.0,869.0,878.0,892.0,915.0,880.0,925.0,1058.0,1093.0,1127.0,1116.0,1082.0,1091.0,1099.0,1114.0,1146.0,1073.0,927.0,936.0,924.0,926.0,881.0,937.0,956.0,928.0,900.0,895.0
803,789.0,716.0,726.0,740.0,796.0,757.0,765.0,762.0,791.0,734.0,960.0,929.0,924.0,927.0,942.0,992.0,915.0,955.0,1021.0,975.0,998.0,1031.0,1039.0,995.0,894.0,990.0,981.0,1010.0,914.0,996.0,987.0,1071.0,1039.0,1048.0,1064.0,970.0,1013.0,1046.0,1060.0,1013.0,1132.0,1167.0,1124.0,1131.0,1144.0,1117.0,1172.0,1171.0,1197.0,1131.0,1100.0,1072.0,1062.0,1099.0,1102.0,1082.0,1046.0,1097.0,1091.0,1091.0,979.0,980.0,953.0,951.0,1005.0,970.0,988.0,925.0,932.0,985.0,911.0,880.0,910.0,898.0,892.0,922.0,957.0,880.0,889.0,924.0,1070.0,1101.0,1181.0,1135.0,1122.0,1115.0,1107.0,1140.0,1100.0,1089.0,894.0,916.0,917.0,938.0,913.0,894.0,909.0,881.0,855.0,899.0
804,834.0,782.0,742.0,756.0,761.0,725.0,800.0,739.0,796.0,802.0,957.0,958.0,960.0,912.0,946.0,938.0,1046.0,961.0,944.0,1003.0,954.0,969.0,998.0,990.0,1031.0,977.0,928.0,999.0,969.0,966.0,987.0,1040.0,1022.0,1029.0,1026.0,1002.0,977.0,1024.0,1021.0,1013.0,1150.0,1181.0,1140.0,1159.0,1124.0,1170.0,1147.0,1130.0,1180.0,1138.0,1087.0,1080.0,1102.0,1089.0,1049.0,1071.0,1099.0,1054.0,1086.0,1079.0,936.0,967.0,1024.0,911.0,952.0,959.0,931.0,979.0,916.0,985.0,937.0,881.0,908.0,950.0,941.0,908.0,911.0,955.0,854.0,914.0,1089.0,1116.0,1118.0,1140.0,1153.0,1108.0,1098.0,1105.0,1136.0,1090.0,893.0,889.0,859.0,925.0,890.0,950.0,917.0,922.0,945.0,851.0
805,799.0,787.0,783.0,815.0,773.0,742.0,779.0,776.0,774.0,711.0,957.0,968.0,956.0,967.0,1005.0,912.0,955.0,986.0,941.0,956.0,988.0,937.0,973.0,984.0,999.0,978.0,995.0,950.0,981.0,984.0,1011.0,1038.0,1037.0,1035.0,1005.0,992.0,1020.0,998.0,982.0,1001.0,1136.0,1158.0,1105.0,1125.0,1149.0,1100.0,1155.0,1126.0,1118.0,1122.0,1090.0,1058.0,1014.0,1047.0,1087.0,1054.0,1063.0,1098.0,1087.0,1057.0,970.0,952.0,976.0,952.0,920.0,1035.0,935.0,983.0,973.0,981.0,845.0,865.0,926.0,867.0,899.0,898.0,936.0,960.0,857.0,954.0,1111.0,1151.0,1163.0,1142.0,1142.0,1134.0,1120.0,1121.0,1173.0,1137.0,917.0,949.0,943.0,930.0,893.0,964.0,898.0,870.0,960.0,937.0
806,778.0,790.0,735.0,775.0,735.0,783.0,790.0,792.0,729.0,751.0,951.0,965.0,956.0,934.0,997.0,986.0,975.0,974.0,968.0,926.0,1016.0,1006.0,980.0,983.0,982.0,990.0,1022.0,923.0,1021.0,1011.0,1020.0,1028.0,1048.0,1068.0,1061.0,1055.0,995.0,1019.0,1014.0,974.0,1170.0,1122.0,1175.0,1157.0,1169.0,1130.0,1145.0,1138.0,1161.0,1158.0,1083.0,1068.0,1114.0,1091.0,1059.0,1038.0,1092.0,1087.0,1055.0,1106.0,899.0,966.0,935.0,958.0,1033.0,933.0,980.0,988.0,954.0,946.0,912.0,895.0,907.0,867.0,881.0,863.0,872.0,945.0,885.0,942.0,1106.0,1109.0,1116.0,1098.0,1055.0,1127.0,1114.0,1115.0,1118.0,1128.0,888.0,918.0,906.0,934.0,899.0,904.0,869.0,890.0,941.0,896.0
807,738.0,826.0,738.0,817.0,789.0,768.0,769.0,762.0,776.0,772.0,914.0,933.0,932.0,1004.0,1026.0,961.0,907.0,938.0,917.0,962.0,928.0,986.0,939.0,973.0,982.0,955.0,986.0,1003.0,967.0,990.0,1052.0,997.0,1043.0,1045.0,1049.0,1000.0,1054.0,1012.0,986.0,1018.0,1133.0,1153.0,1149.0,1137.0,1137.0,1147.0,1136.0,1156.0,1093.0,1136.0,1063.0,1071.0,1134.0,1031.0,1059.0,1074.0,1062.0,1070.0,1160.0,1072.0,991.0,972.0,997.0,959.0,945.0,970.0,941.0,985.0,952.0,961.0,937.0,944.0,903.0,929.0,884.0,924.0,908.0,928.0,932.0,940.0,1142.0,1039.0,1162.0,1101.0,1101.0,1153.0,1141.0,1097.0,1131.0,1116.0,922.0,953.0,869.0,874.0,900.0,856.0,950.0,923.0,933.0,872.0
808,740.0,818.0,750.0,791.0,742.0,801.0,739.0,783.0,705.0,772.0,1007.0,950.0,959.0,954.0,977.0,921.0,989.0,953.0,926.0,908.0,982.0,1006.0,979.0,1002.0,976.0,920.0,942.0,977.0,972.0,931.0,1018.0,1032.0,1000.0,1023.0,1032.0,1018.0,993.0,1025.0,1091.0,1072.0,1146.0,1164.0,1146.0,1123.0,1150.0,1117.0,1155.0,1112.0,1122.0,1112.0,1070.0,1076.0,1097.0,1107.0,1123.0,1105.0,1117.0,1042.0,1092.0,1069.0,989.0,935.0,972.0,974.0,1006.0,953.0,956.0,1032.0,980.0,995.0,886.0,940.0,926.0,877.0,893.0,950.0,908.0,929.0,947.0,916.0,1101.0,1064.0,1103.0,1129.0,1083.0,1137.0,1123.0,1093.0,1107.0,1126.0,881.0,891.0,936.0,892.0,887.0,888.0,929.0,932.0,903.0,940.0
809,729.0,781.0,748.0,755.0,808.0,807.0,774.0,793.0,747.0,773.0,996.0,960.0,954.0,948.0,988.0,912.0,967.0,918.0,958.0,983.0,976.0,989.0,918.0,963.0,970.0,983.0,942.0,966.0,1010.0,1023.0,1003.0,1011.0,1024.0,1046.0,1049.0,1066.0,1013.0,1007.0,1036.0,972.0,1182.0,1149.0,1163.0,1143.0,1128.0,1130.0,1114.0,1111.0,1169.0,1105.0,1040.0,1095.0,1102.0,1006.0,1077.0,1110.0,1047.0,1093.0,1039.0,1072.0,974.0,1026.0,960.0,984.0,993.0,930.0,988.0,987.0,938.0,970.0,914.0,889.0,954.0,930.0,885.0,915.0,961.0,918.0,925.0,918.0,1121.0,1080.0,1108.0,1112.0,1073.0,1057.0,1111.0,1143.0,1135.0,1120.0,881.0,895.0,936.0,987.0,903.0,902.0,936.0,944.0,887.0,908.0
810,805.0,757.0,727.0,770.0,787.0,767.0,784.0,746.0,819.0,752.0,957.0,953.0,931.0,952.0,898.0,930.0,1016.0,942.0,951.0,961.0,941.0,969.0,974.0,948.0,991.0,1012.0,931.0,954.0,1017.0,965.0,1004.0,997.0,995.0,1058.0,1066.0,1054.0,983.0,1001.0,1031.0,1022.0,1118.0,1176.0,1143.0,1130.0,1082.0,1073.0,1099.0,1116.0,1188.0,1102.0,1103.0,1137.0,1134.0,1072.0,1094.0,1076.0,1114.0,1109.0,1086.0,1084.0,944.0,936.0,1003.0,969.0,960.0,940.0,983.0,986.0,939.0,978.0,887.0,914.0,936.0,899.0,925.0,927.0,900.0,960.0,822.0,937.0,1137.0,1114.0,1130.0,1108.0,1143.0,1115.0,1113.0,1186.0,1107.0,1111.0,924.0,919.0,893.0,969.0,929.0,921.0,933.0,875.0,882.0,935.0
811,754.0,797.0,770.0,773.0,727.0,732.0,786.0,799.0,777.0,773.0,920.0,943.0,978.0,963.0,904.0,928.0,936.0,946.0,927.0,894.0,946.0,968.0,943.0,996.0,970.0,1001.0,947.0,982.0,1027.0,970.0,1012.0,1027.0,995.0,1072.0,1095.0,1065.0,1018.0,1013.0,1056.0,1046.0,1155.0,1095.0,1093.0,1128.0,1146.0,1132.0,1123.0,1112.0,1168.0,1112.0,1115.0,1105.0,1056.0,1074.0,1093.0,1080.0,1136.0,1078.0,1087.0,1084.0,953.0,1004.0,1025.0,929.0,1005.0,974.0,953.0,942.0,911.0,971.0,905.0,954.0,969.0,893.0,903.0,899.0,924.0,937.0,878.0,963.0,1144.0,1082.0,1135.0,1134.0,1113.0,1076.0,1091.0,1136.0,1111.0,1123.0,913.0,901.0,906.0,912.0,916.0,927.0,944.0,933.0,898.0,911.0
812,785.0,783.0,777.0,756.0,796.0,804.0,796.0,786.0,766.0,790.0,967.0,1006.0,979.0,949.0,954.0,937.0,970.0,955.0,968.0,959.0,956.0,976.0,975.0,1032.0,1035.0,998.0,953.0,1021.0,997.0,974.0,1011.0,1019.0,986.0,1046.0,1041.0,1005.0,1022.0,1000.0,1055.0,1019.0,1124.0,1177.0,1178.0,1139.0,1128.0,1140.0,1123.0,1139.0,1123.0,1131.0,1059.0,1050.0,1052.0,1060.0,1059.0,1057.0,1125.0,1040.0,1022.0,1053.0,962.0,955.0,980.0,925.0,968.0,955.0,905.0,1015.0,963.0,973.0,934.0,933.0,930.0,964.0,900.0,879.0,896.0,878.0,928.0,946.0,1119.0,1110.0,1114.0,1099.0,1115.0,1131.0,1134.0,1160.0,1108.0,1122.0,902.0,866.0,899.0,905.0,879.0,909.0,932.0,882.0,913.0,884.0
813,800.0,793.0,770.0,782.0,738.0,801.0,728.0,735.0,793.0,747.0,953.0,974.0,938.0,923.0,966.0,925.0,977.0,915.0,936.0,961.0,928.0,991.0,1006.0,937.0,979.0,1021.0,1013.0,973.0,965.0,959.0,1028.0,983.0,1030.0,1023.0,1024.0,1018.0,1091.0,979.0,1006.0,1023.0,1120.0,1153.0,1156.0,1136.0,1167.0,1136.0,1125.0,1168.0,1130.0,1169.0,1073.0,1079.0,1077.0,1116.0,1086.0,1078.0,1088.0,1121.0,1063.0,1062.0,938.0,970.0,980.0,979.0,949.0,949.0,957.0,984.0,939.0,968.0,897.0,852.0,868.0,907.0,926.0,903.0,891.0,895.0,915.0,907.0,1147.0,1149.0,1154.0,1108.0,1136.0,1143.0,1095.0,1156.0,1144.0,1142.0,937.0,931.0,891.0,964.0,901.0,840.0,889.0,944.0,954.0,909.0
814,801.0,771.0,794.0,787.0,739.0,749.0,740.0,780.0,824.0,709.0,931.0,960.0,928.0,965.0,997.0,940.0,958.0,948.0,1001.0,982.0,965.0,989.0,984.0,946.0,993.0,1006.0,1015.0,972.0,945.0,995.0,1014.0,1035.0,1018.0,1064.0,1041.0,1009.0,1054.0,1035.0,986.0,1002.0,1144.0,1177.0,1131.0,1149.0,1082.0,1111.0,1160.0,1154.0,1121.0,1094.0,1069.0,1098.0,1069.0,1066.0,1084.0,1100.0,1064.0,1067.0,1071.0,1095.0,928.0,922.0,970.0,962.0,950.0,943.0,933.0,946.0,958.0,975.0,947.0,858.0,888.0,892.0,942.0,897.0,860.0,913.0,904.0,952.0,1137.0,1113.0,1167.0,1168.0,1165.0,1136.0,1141.0,1151.0,1114.0,1148.0,886.0,948.0,922.0,872.0,877.0,923.0,924.0,904.0,927.0,891.0
815,794.0,766.0,763.0,731.0,814.0,764.0,794.0,820.0,748.0,772.0,916.0,969.0,944.0,968.0,959.0,936.0,932.0,907.0,957.0,927.0,977.0,1009.0,1000.0,946.0,960.0,987.0,990.0,944.0,937.0,972.0,992.0,1056.0,961.0,1033.0,1041.0,1060.0,1060.0,1070.0,1051.0,999.0,1132.0,1157.0,1190.0,1159.0,1102.0,1141.0,1144.0,1143.0,1151.0,1142.0,1082.0,1091.0,1105.0,1108.0,1036.0,1103.0,1041.0,1072.0,1074.0,1090.0,967.0,962.0,984.0,981.0,966.0,916.0,914.0,953.0,987.0,983.0,970.0,865.0,894.0,898.0,912.0,921.0,914.0,917.0,894.0,891.0,1061.0,1088.0,1129.0,1132.0,1152.0,1101.0,1125.0,1116.0,1148.0,1114.0,933.0,905.0,898.0,911.0,930.0,885.0,936.0,930.0,902.0,954.0
816,777.0,819.0,781.0,781.0,789.0,731.0,764.0,772.0,779.0,769.0,954.0,945.0,932.0,938.0,949.0,931.0,903.0,924.0,954.0,921.0,985.0,995.0,951.0,996.0,972.0,964.0,967.0,1011.0,986.0,950.0,1009.0,1023.0,1016.0,987.0,1065.0,1035.0,1065.0,1045.0,1020.0,1028.0,1128.0,1116.0,1150.0,1102.0,1151.0,1151.0,1119.0,1100.0,1156.0,1111.0,1097.0,1066.0,1053.0,1078.0,1046.0,1095.0,1068.0,1092.0,1107.0,1097.0,985.0,949.0,1033.0,1003.0,966.0,934.0,972.0,984.0,971.0,1010.0,917.0,936.0,917.0,918.0,880.0,883.0,898.0,908.0,864.0,884.0,1087.0,1101.0,1116.0,1123.0,1153.0,1117.0,1138.0,1146.0,1103.0,1158.0,886.0,926.0,920.0,945.0,900.0,971.0,957.0,891.0,909.0,916.0
817,781.0,772.0,776.0,757.0,779.0,743.0,756.0,808.0,785.0,743.0,1000.0,946.0,916.0,906.0,915.0,950.0,923.0,936.0,930.0,985.0,1002.0,978.0,989.0,1016.0,980.0,1014.0,971.0,974.0,938.0,971.0,1049.0,1017.0,992.0,1027.0,1001.0,982.0,1057.0,1024.0,1052.0,1040.0,1094.0,1136.0,1177.0,1154.0,1141.0,1122.0,1140.0,1175.0,1167.0,1136.0,1111.0,1078.0,1113.0,1102.0,1101.0,1064.0,1088.0,1088.0,1100.0,1073.0,899.0,994.0,933.0,980.0,966.0,972.0,993.0,920.0,982.0,962.0,920.0,938.0,922.0,892.0,903.0,887.0,920.0,921.0,894.0,909.0,1077.0,1093.0,1111.0,1128.0,1123.0,1127.0,1115.0,1139.0,1111.0,1122.0,895.0,927.0,939.0,905.0,964.0,952.0,887.0,887.0,889.0,902.0
818,756.0,802.0,855.0,765.0,779.0,729.0,812.0,762.0,786.0,781.0,922.0,950.0,931.0,973.0,907.0,974.0,918.0,979.0,935.0,927.0,1005.0,969.0,1017.0,967.0,990.0,966.0,959.0,972.0,997.0,1004.0,1015.0,995.0,1023.0,1044.0,1049.0,1022.0,1088.0,1008.0,980.0,999.0,1157.0,1137.0,1123.0,1086.0,1130.0,1117.0,1108.0,1092.0,1157.0,1134.0,1117.0,1128.0,1055.0,1062.0,1087.0,1094.0,1112.0,1042.0,1061.0,1091.0,958.0,962.0,967.0,995.0,959.0,939.0,940.0,999.0,954.0,966.0,944.0,973.0,886.0,865.0,950.0,901.0,894.0,967.0,930.0,913.0,1064.0,1094.0,1097.0,1213.0,1100.0,1155.0,1129.0,1128.0,1136.0,1124.0,888.0,869.0,920.0,895.0,925.0,912.0,889.0,927.0,914.0,904.0
819,742.0,742.0,755.0,791.0,762.0,779.0,737.0,740.0,746.0,800.0,972.0,979.0,984.0,932.0,931.0,1009.0,962.0,966.0,954.0,994.0,945.0,978.0,935.0,975.0,996.0,942.0,983.0,955.0,1013.0,989.0,1027.0,1049.0,1025.0,1051.0,1017.0,1039.0,1009.0,1008.0,996.0,1001.0,1144.0,1183.0,1176.0,1132.0,1105.0,1088.0,1149.0,1181.0,1159.0,1108.0,1127.0,1040.0,1063.0,1095.0,1087.0,1004.0,1076.0,1073.0,1093.0,1059.0,933.0,937.0,961.0,947.0,970.0,978.0,985.0,973.0,947.0,973.0,900.0,937.0,937.0,905.0,941.0,869.0,919.0,963.0,971.0,944.0,1154.0,1123.0,1123.0,1115.0,1130.0,1198.0,1142.0,1126.0,1058.0,1098.0,877.0,906.0,914.0,924.0,937.0,902.0,885.0,888.0,915.0,883.0
820,777.0,798.0,805.0,748.0,778.0,778.0,774.0,792.0,787.0,732.0,943.0,1026.0,959.0,1018.0,987.0,945.0,922.0,941.0,951.0,980.0,950.0,974.0,992.0,1029.0,1048.0,917.0,965.0,1002.0,977.0,984.0,1008.0,1025.0,1011.0,1019.0,1001.0,1004.0,1044.0,982.0,1047.0,1032.0,1142.0,1211.0,1163.0,1106.0,1089.0,1150.0,1174.0,1130.0,1177.0,1152.0,1106.0,1039.0,1104.0,1086.0,1113.0,1036.0,1077.0,1084.0,1067.0,1072.0,922.0,875.0,986.0,958.0,981.0,948.0,962.0,990.0,978.0,935.0,919.0,916.0,868.0,887.0,916.0,911.0,926.0,924.0,891.0,905.0,1130.0,1111.0,1082.0,1131.0,1086.0,1119.0,1115.0,1102.0,1105.0,1116.0,924.0,895.0,905.0,885.0,880.0,1001.0,888.0,928.0,871.0,939.0
821,745.0,737.0,824.0,799.0,795.0,774.0,768.0,792.0,754.0,761.0,983.0,967.0,919.0,970.0,962.0,895.0,949.0,972.0,961.0,975.0,917.0,1009.0,967.0,965.0,975.0,981.0,1004.0,1004.0,967.0,963.0,1008.0,1026.0,1043.0,1045.0,1016.0,1010.0,1024.0,1045.0,1016.0,1009.0,1112.0,1138.0,1143.0,1133.0,1094.0,1188.0,1179.0,1133.0,1151.0,1115.0,1097.0,1110.0,1092.0,1045.0,1121.0,1139.0,1099.0,1116.0,1082.0,1040.0,965.0,943.0,967.0,956.0,950.0,966.0,936.0,938.0,928.0,994.0,902.0,924.0,915.0,943.0,912.0,864.0,886.0,877.0,919.0,935.0,1186.0,1124.0,1095.0,1122.0,1136.0,1087.0,1123.0,1082.0,1165.0,1110.0,901.0,889.0,914.0,893.0,918.0,900.0,877.0,917.0,905.0,947.0
822,765.0,775.0,823.0,790.0,767.0,794.0,706.0,777.0,786.0,797.0,963.0,936.0,968.0,927.0,921.0,957.0,999.0,918.0,951.0,966.0,992.0,986.0,939.0,969.0,972.0,941.0,1006.0,1005.0,968.0,969.0,1058.0,1000.0,1019.0,1056.0,981.0,1053.0,1007.0,1038.0,1055.0,1035.0,1131.0,1114.0,1136.0,1127.0,1138.0,1146.0,1124.0,1095.0,1060.0,1119.0,1046.0,1103.0,1108.0,1110.0,1130.0,1065.0,1080.0,1089.0,1100.0,1106.0,994.0,947.0,979.0,961.0,979.0,958.0,981.0,987.0,977.0,932.0,891.0,893.0,919.0,927.0,930.0,878.0,898.0,908.0,922.0,925.0,1072.0,1175.0,1082.0,1090.0,1151.0,1073.0,1148.0,1133.0,1128.0,1100.0,907.0,937.0,910.0,915.0,906.0,942.0,892.0,927.0,903.0,902.0
823,788.0,748.0,821.0,717.0,775.0,770.0,789.0,797.0,771.0,795.0,907.0,939.0,935.0,947.0,988.0,954.0,968.0,944.0,912.0,952.0,994.0,984.0,953.0,1018.0,976.0,967.0,970.0,979.0,987.0,999.0,1042.0,1043.0,1002.0,1029.0,1048.0,1030.0,1007.0,1024.0,1013.0,1056.0,1157.0,1156.0,1110.0,1172.0,1124.0,1142.0,1122.0,1156.0,1115.0,1131.0,1018.0,1046.0,1123.0,1066.0,1024.0,1050.0,1065.0,1093.0,1072.0,1049.0,995.0,942.0,1001.0,936.0,958.0,975.0,946.0,1005.0,997.0,969.0,931.0,921.0,915.0,952.0,924.0,898.0,878.0,854.0,937.0,884.0,1096.0,1149.0,1079.0,1087.0,1122.0,1129.0,1176.0,1082.0,1127.0,1056.0,893.0,936.0,948.0,946.0,939.0,892.0,921.0,945.0,921.0,963.0
824,736.0,790.0,795.0,772.0,792.0,812.0,808.0,739.0,777.0,757.0,945.0,949.0,917.0,987.0,966.0,950.0,958.0,958.0,983.0,1028.0,983.0,951.0,1002.0,998.0,949.0,955.0,944.0,1028.0,957.0,985.0,1064.0,980.0,1058.0,1019.0,1003.0,1046.0,979.0,988.0,1012.0,1046.0,1171.0,1222.0,1188.0,1151.0,1113.0,1093.0,1115.0,1138.0,1144.0,1078.0,1035.0,1068.0,1073.0,1083.0,1084.0,1069.0,1110.0,1123.0,1094.0,1069.0,986.0,964.0,926.0,1003.0,994.0,939.0,1012.0,969.0,957.0,963.0,900.0,923.0,909.0,871.0,950.0,930.0,923.0,888.0,892.0,896.0,1086.0,1110.0,1108.0,1081.0,1135.0,1132.0,1125.0,1156.0,1129.0,1100.0,913.0,906.0,909.0,905.0,895.0,885.0,871.0,885.0,905.0,933.0
825,791.0,773.0,775.0,788.0,743.0,765.0,754.0,748.0,778.0,747.0,938.0,982.0,959.0,958.0,948.0,984.0,940.0,952.0,886.0,981.0,987.0,957.0,970.0,1017.0,959.0,991.0,924.0,1008.0,995.0,994.0,1020.0,1033.0,994.0,1027.0,1004.0,998.0,1044.0,1043.0,1023.0,1016.0,1142.0,1078.0,1122.0,1173.0,1150.0,1120.0,1158.0,1129.0,1174.0,1176.0,1087.0,1094.0,1095.0,1056.0,1102.0,1090.0,1067.0,1084.0,1084.0,1068.0,965.0,916.0,967.0,985.0,990.0,932.0,981.0,978.0,985.0,943.0,911.0,942.0,930.0,900.0,936.0,897.0,949.0,916.0,921.0,896.0,1085.0,1199.0,1152.0,1076.0,1132.0,1108.0,1129.0,1095.0,1105.0,1071.0,895.0,888.0,921.0,892.0,915.0,928.0,898.0,920.0,898.0,963.0
826,775.0,777.0,835.0,771.0,807.0,733.0,832.0,750.0,735.0,752.0,897.0,975.0,934.0,905.0,936.0,993.0,969.0,932.0,987.0,1022.0,979.0,970.0,982.0,974.0,1022.0,977.0,978.0,990.0,975.0,994.0,1098.0,1012.0,1007.0,1056.0,989.0,1002.0,1036.0,1064.0,1050.0,1012.0,1183.0,1149.0,1127.0,1152.0,1138.0,1151.0,1120.0,1102.0,1125.0,1125.0,1066.0,1115.0,1042.0,1063.0,1062.0,1074.0,1039.0,1122.0,1114.0,1097.0,921.0,956.0,944.0,966.0,969.0,937.0,931.0,973.0,984.0,971.0,877.0,879.0,967.0,927.0,918.0,926.0,860.0,870.0,907.0,893.0,1116.0,1142.0,1131.0,1129.0,1151.0,1121.0,1145.0,1140.0,1103.0,1079.0,905.0,887.0,919.0,930.0,887.0,896.0,937.0,928.0,867.0,909.0
827,759.0,716.0,740.0,750.0,770.0,775.0,753.0,749.0,769.0,751.0,982.0,984.0,927.0,957.0,967.0,1005.0,968.0,958.0,904.0,996.0,980.0,973.0,1021.0,973.0,985.0,933.0,974.0,931.0,990.0,996.0,995.0,1030.0,1024.0,1052.0,1027.0,1034.0,1014.0,1033.0,1055.0,973.0,1097.0,1112.0,1154.0,1144.0,1133.0,1127.0,1120.0,1162.0,1106.0,1161.0,1072.0,1087.0,1098.0,1114.0,1021.0,1051.0,1078.0,1115.0,1096.0,1059.0,970.0,952.0,940.0,968.0,948.0,973.0,966.0,963.0,934.0,951.0,940.0,936.0,891.0,909.0,928.0,888.0,890.0,912.0,922.0,917.0,1110.0,1149.0,1175.0,1101.0,1150.0,1130.0,1176.0,1128.0,1152.0,1120.0,916.0,923.0,912.0,905.0,953.0,895.0,908.0,917.0,920.0,928.0
828,793.0,752.0,758.0,805.0,750.0,806.0,727.0,802.0,731.0,786.0,944.0,943.0,917.0,967.0,998.0,950.0,956.0,958.0,941.0,953.0,981.0,962.0,1026.0,980.0,954.0,971.0,957.0,960.0,961.0,971.0,1006.0,1018.0,992.0,1032.0,1023.0,1025.0,1047.0,1013.0,1099.0,1027.0,1123.0,1161.0,1145.0,1156.0,1162.0,1110.0,1108.0,1171.0,1102.0,1139.0,1054.0,1097.0,1086.0,1046.0,1138.0,1104.0,1124.0,1045.0,1081.0,1053.0,974.0,942.0,988.0,939.0,927.0,949.0,942.0,966.0,940.0,964.0,875.0,936.0,920.0,886.0,873.0,848.0,938.0,905.0,944.0,865.0,1124.0,1133.0,1141.0,1104.0,1140.0,1163.0,1145.0,1171.0,1128.0,1106.0,949.0,917.0,906.0,959.0,912.0,885.0,901.0,876.0,921.0,989.0
829,766.0,748.0,773.0,720.0,739.0,796.0,754.0,782.0,760.0,798.0,978.0,987.0,928.0,984.0,996.0,952.0,986.0,969.0,966.0,1003.0,961.0,944.0,961.0,989.0,983.0,974.0,963.0,988.0,1034.0,985.0,970.0,1015.0,1041.0,1068.0,1026.0,1033.0,1040.0,1024.0,1009.0,1028.0,1131.0,1172.0,1143.0,1111.0,1116.0,1137.0,1182.0,1110.0,1156.0,1119.0,1093.0,1110.0,1116.0,1062.0,1137.0,1082.0,1055.0,1139.0,1070.0,1045.0,972.0,931.0,959.0,941.0,939.0,963.0,1003.0,908.0,962.0,974.0,913.0,935.0,910.0,896.0,930.0,899.0,865.0,893.0,879.0,912.0,1078.0,1085.0,1125.0,1122.0,1152.0,1102.0,1078.0,1143.0,1089.0,1103.0,964.0,934.0,922.0,978.0,854.0,876.0,920.0,912.0,923.0,890.0
830,753.0,768.0,748.0,763.0,797.0,775.0,802.0,775.0,765.0,761.0,1009.0,969.0,980.0,1007.0,940.0,964.0,958.0,973.0,957.0,972.0,976.0,958.0,989.0,1001.0,930.0,928.0,1014.0,994.0,1011.0,966.0,1035.0,1013.0,1000.0,1004.0,1040.0,1037.0,1027.0,1022.0,997.0,1011.0,1138.0,1102.0,1130.0,1152.0,1154.0,1109.0,1093.0,1161.0,1173.0,1119.0,1045.0,1089.0,1064.0,1144.0,1080.0,1123.0,1073.0,1112.0,1050.0,1054.0,1002.0,969.0,1024.0,954.0,969.0,920.0,934.0,952.0,967.0,931.0,933.0,927.0,923.0,830.0,929.0,943.0,951.0,887.0,910.0,939.0,1053.0,1174.0,1075.0,1093.0,1143.0,1155.0,1073.0,1081.0,1116.0,1151.0,882.0,893.0,948.0,919.0,888.0,857.0,926.0,912.0,902.0,953.0
831,796.0,774.0,748.0,742.0,769.0,734.0,805.0,800.0,804.0,764.0,973.0,986.0,980.0,990.0,973.0,938.0,955.0,957.0,1014.0,953.0,920.0,942.0,937.0,990.0,944.0,900.0,985.0,975.0,1002.0,999.0,1031.0,1004.0,1068.0,1015.0,1045.0,1009.0,1038.0,1059.0,969.0,1003.0,1133.0,1138.0,1156.0,1138.0,1154.0,1128.0,1107.0,1141.0,1083.0,1152.0,1094.0,1102.0,1095.0,1124.0,1124.0,1117.0,1084.0,1068.0,1118.0,1088.0,962.0,955.0,965.0,925.0,929.0,970.0,954.0,939.0,947.0,985.0,869.0,920.0,939.0,911.0,917.0,930.0,908.0,903.0,907.0,884.0,1099.0,1139.0,1102.0,1098.0,1093.0,1173.0,1118.0,1126.0,1112.0,1106.0,951.0,903.0,889.0,933.0,921.0,908.0,901.0,903.0,896.0,922.0
832,801.0,766.0,780.0,757.0,769.0,746.0,773.0,782.0,775.0,791.0,941.0,990.0,898.0,1001.0,953.0,953.0,991.0,931.0,950.0,962.0,966.0,937.0,990.0,948.0,982.0,1011.0,967.0,988.0,946.0,996.0,1043.0,1034.0,1022.0,1036.0,1028.0,1036.0,1029.0,1016.0,1050.0,1042.0,1158.0,1140.0,1125.0,1113.0,1154.0,1110.0,1123.0,1168.0,1142.0,1150.0,1086.0,1089.0,1066.0,1099.0,1085.0,1034.0,1017.0,1131.0,1065.0,1106.0,913.0,1003.0,952.0,953.0,991.0,942.0,971.0,966.0,972.0,914.0,910.0,881.0,941.0,899.0,933.0,900.0,911.0,893.0,983.0,884.0,1119.0,1118.0,1148.0,1149.0,1099.0,1169.0,1129.0,1080.0,1092.0,1124.0,890.0,905.0,957.0,910.0,876.0,903.0,947.0,915.0,879.0,883.0
833,748.0,779.0,797.0,775.0,750.0,726.0,765.0,807.0,762.0,749.0,922.0,948.0,940.0,998.0,968.0,935.0,983.0,962.0,931.0,966.0,1001.0,994.0,979.0,984.0,982.0,970.0,984.0,922.0,981.0,984.0,1024.0,1050.0,1024.0,1010.0,1005.0,1027.0,999.0,1036.0,996.0,1020.0,1127.0,1143.0,1131.0,1143.0,1162.0,1129.0,1136.0,1143.0,1166.0,1136.0,1089.0,1056.0,1065.0,1073.0,1072.0,1111.0,1065.0,1124.0,1048.0,1093.0,947.0,936.0,952.0,973.0,959.0,991.0,993.0,932.0,977.0,973.0,851.0,913.0,956.0,943.0,902.0,900.0,860.0,906.0,957.0,869.0,1156.0,1111.0,1123.0,1068.0,1149.0,1124.0,1113.0,1156.0,1109.0,1155.0,958.0,935.0,914.0,901.0,921.0,888.0,961.0,880.0,928.0,902.0
834,773.0,732.0,764.0,792.0,807.0,787.0,745.0,767.0,766.0,738.0,948.0,927.0,954.0,963.0,1000.0,952.0,991.0,977.0,914.0,938.0,949.0,985.0,997.0,988.0,964.0,941.0,989.0,963.0,967.0,948.0,1037.0,1053.0,1050.0,1054.0,1001.0,1031.0,1031.0,1026.0,1015.0,1017.0,1129.0,1196.0,1113.0,1116.0,1164.0,1133.0,1150.0,1117.0,1149.0,1196.0,1099.0,1078.0,1083.0,1058.0,1092.0,1089.0,1066.0,1083.0,1080.0,1053.0,951.0,918.0,942.0,971.0,969.0,960.0,956.0,963.0,1005.0,962.0,863.0,906.0,885.0,905.0,900.0,907.0,923.0,912.0,869.0,902.0,1143.0,1136.0,1159.0,1113.0,1088.0,1092.0,1107.0,1155.0,1148.0,1107.0,929.0,929.0,932.0,911.0,886.0,912.0,901.0,905.0,940.0,982.0
835,754.0,759.0,721.0,762.0,758.0,753.0,774.0,727.0,784.0,779.0,961.0,991.0,939.0,956.0,962.0,972.0,937.0,989.0,947.0,984.0,967.0,946.0,998.0,985.0,901.0,963.0,986.0,964.0,956.0,991.0,1018.0,994.0,1014.0,1032.0,1077.0,1038.0,1048.0,1023.0,1043.0,1039.0,1108.0,1132.0,1175.0,1155.0,1156.0,1156.0,1111.0,1187.0,1170.0,1105.0,1043.0,1093.0,1116.0,1092.0,1063.0,1048.0,1052.0,1072.0,1065.0,1053.0,990.0,1009.0,973.0,926.0,984.0,966.0,962.0,980.0,967.0,1012.0,932.0,887.0,931.0,881.0,918.0,890.0,950.0,903.0,923.0,874.0,1114.0,1143.0,1095.0,1175.0,1138.0,1136.0,1117.0,1106.0,1085.0,1096.0,937.0,905.0,913.0,903.0,912.0,880.0,924.0,915.0,915.0,913.0
836,750.0,761.0,738.0,735.0,778.0,737.0,741.0,811.0,744.0,763.0,971.0,980.0,990.0,972.0,945.0,920.0,946.0,981.0,977.0,956.0,964.0,970.0,985.0,960.0,968.0,1016.0,1014.0,912.0,974.0,979.0,1034.0,1040.0,1007.0,1036.0,1036.0,1026.0,1011.0,1023.0,999.0,1037.0,1126.0,1129.0,1102.0,1131.0,1143.0,1152.0,1154.0,1161.0,1100.0,1140.0,1075.0,1143.0,1077.0,1110.0,1049.0,1110.0,1089.0,1092.0,1087.0,1069.0,997.0,969.0,998.0,979.0,963.0,996.0,957.0,980.0,1013.0,944.0,937.0,861.0,930.0,880.0,902.0,881.0,933.0,887.0,909.0,868.0,1088.0,1098.0,1138.0,1150.0,1136.0,1058.0,1116.0,1096.0,1100.0,1120.0,883.0,907.0,910.0,909.0,950.0,906.0,899.0,925.0,954.0,969.0
837,786.0,785.0,754.0,803.0,753.0,782.0,749.0,793.0,770.0,789.0,921.0,1004.0,887.0,953.0,1006.0,965.0,991.0,939.0,950.0,923.0,959.0,958.0,1001.0,959.0,983.0,1006.0,978.0,940.0,1027.0,974.0,1055.0,1032.0,1030.0,999.0,1068.0,1058.0,1013.0,1081.0,1043.0,1062.0,1144.0,1130.0,1156.0,1136.0,1146.0,1176.0,1130.0,1118.0,1135.0,1128.0,1051.0,1098.0,1092.0,1112.0,1047.0,1060.0,1134.0,1109.0,1093.0,1102.0,968.0,905.0,939.0,986.0,916.0,903.0,943.0,951.0,927.0,908.0,900.0,900.0,974.0,915.0,885.0,874.0,902.0,915.0,888.0,905.0,1118.0,1149.0,1138.0,1094.0,1117.0,1089.0,1077.0,1092.0,1129.0,1139.0,924.0,898.0,903.0,908.0,949.0,887.0,941.0,931.0,893.0,914.0
838,729.0,778.0,757.0,769.0,775.0,768.0,761.0,794.0,788.0,776.0,966.0,971.0,937.0,927.0,969.0,929.0,978.0,967.0,948.0,950.0,933.0,959.0,998.0,996.0,952.0,980.0,945.0,990.0,975.0,994.0,1021.0,1012.0,1037.0,1029.0,1056.0,1036.0,1011.0,1051.0,1024.0,995.0,1157.0,1165.0,1141.0,1126.0,1112.0,1199.0,1141.0,1139.0,1150.0,1135.0,1114.0,1084.0,1057.0,1105.0,1068.0,1074.0,1100.0,1057.0,1046.0,1096.0,926.0,930.0,988.0,938.0,986.0,914.0,969.0,942.0,957.0,948.0,923.0,949.0,928.0,913.0,952.0,923.0,886.0,939.0,896.0,939.0,1140.0,1142.0,1141.0,1155.0,1114.0,1094.0,1100.0,1081.0,1171.0,1100.0,911.0,869.0,891.0,906.0,890.0,883.0,968.0,912.0,900.0,911.0
839,758.0,761.0,767.0,776.0,757.0,775.0,777.0,727.0,775.0,791.0,942.0,941.0,956.0,970.0,927.0,969.0,925.0,945.0,946.0,939.0,975.0,942.0,949.0,985.0,954.0,959.0,1000.0,973.0,978.0,947.0,1047.0,1004.0,967.0,1032.0,1071.0,1011.0,1049.0,1043.0,1029.0,999.0,1152.0,1152.0,1148.0,1115.0,1133.0,1187.0,1095.0,1167.0,1101.0,1133.0,1086.0,1120.0,1095.0,1082.0,1114.0,1081.0,1108.0,1078.0,1071.0,1099.0,963.0,975.0,977.0,940.0,939.0,905.0,985.0,1001.0,978.0,952.0,864.0,903.0,920.0,939.0,977.0,896.0,887.0,910.0,898.0,914.0,1102.0,1146.0,1156.0,1095.0,1109.0,1150.0,1129.0,1127.0,1141.0,1153.0,930.0,914.0,941.0,932.0,893.0,863.0,903.0,898.0,938.0,915.0
840,763.0,754.0,772.0,765.0,781.0,718.0,803.0,782.0,808.0,782.0,984.0,954.0,970.0,998.0,960.0,942.0,971.0,982.0,937.0,969.0,936.0,990.0,992.0,968.0,1035.0,955.0,942.0,988.0,996.0,975.0,1036.0,1032.0,1024.0,972.0,985.0,1038.0,992.0,1072.0,1039.0,1013.0,1117.0,1157.0,1198.0,1158.0,1156.0,1142.0,1178.0,1116.0,1137.0,1141.0,1091.0,1071.0,1056.0,1079.0,1051.0,1050.0,1059.0,1060.0,1067.0,1099.0,994.0,954.0,978.0,987.0,949.0,984.0,933.0,929.0,961.0,959.0,881.0,897.0,869.0,905.0,915.0,927.0,947.0,888.0,896.0,860.0,1096.0,1124.0,1101.0,1138.0,1137.0,1119.0,1150.0,1151.0,1124.0,1138.0,922.0,925.0,917.0,895.0,904.0,922.0,883.0,902.0,891.0,903.0
841,757.0,767.0,810.0,743.0,732.0,784.0,754.0,780.0,761.0,761.0,938.0,959.0,902.0,927.0,957.0,947.0,963.0,956.0,942.0,916.0,938.0,975.0,940.0,1008.0,994.0,938.0,980.0,973.0,992.0,952.0,1070.0,1010.0,1007.0,964.0,1049.0,1047.0,1047.0,1022.0,1025.0,1023.0,1102.0,1150.0,1106.0,1147.0,1168.0,1152.0,1130.0,1151.0,1180.0,1154.0,1104.0,1091.0,1057.0,1107.0,1117.0,1050.0,1039.0,1071.0,1084.0,1117.0,961.0,959.0,1036.0,969.0,914.0,951.0,972.0,982.0,967.0,989.0,877.0,904.0,949.0,939.0,955.0,904.0,914.0,849.0,918.0,846.0,1168.0,1109.0,1149.0,1153.0,1097.0,1127.0,1138.0,1169.0,1087.0,1097.0,902.0,938.0,926.0,905.0,888.0,899.0,920.0,916.0,899.0,982.0
842,759.0,809.0,776.0,810.0,747.0,760.0,774.0,760.0,800.0,744.0,957.0,983.0,923.0,983.0,973.0,988.0,949.0,942.0,933.0,994.0,954.0,967.0,1016.0,966.0,991.0,907.0,1008.0,964.0,956.0,960.0,1018.0,1038.0,1041.0,1045.0,1057.0,1022.0,979.0,1003.0,1017.0,1031.0,1128.0,1192.0,1133.0,1117.0,1141.0,1094.0,1142.0,1178.0,1156.0,1077.0,1071.0,1055.0,1096.0,1070.0,1076.0,1124.0,1120.0,1114.0,1075.0,1151.0,938.0,994.0,1015.0,974.0,983.0,931.0,942.0,944.0,939.0,989.0,917.0,854.0,895.0,881.0,900.0,936.0,895.0,887.0,905.0,913.0,1175.0,1087.0,1110.0,1111.0,1124.0,1108.0,1136.0,1141.0,1166.0,1116.0,900.0,884.0,874.0,908.0,877.0,932.0,909.0,933.0,907.0,861.0
843,802.0,780.0,795.0,749.0,761.0,746.0,767.0,755.0,792.0,743.0,898.0,939.0,906.0,926.0,978.0,960.0,957.0,950.0,989.0,926.0,992.0,983.0,1011.0,944.0,946.0,994.0,984.0,994.0,996.0,977.0,977.0,1024.0,1073.0,1082.0,1002.0,1039.0,1003.0,1005.0,1030.0,1015.0,1100.0,1155.0,1100.0,1124.0,1186.0,1141.0,1064.0,1147.0,1095.0,1176.0,1116.0,1074.0,1094.0,1068.0,1082.0,1058.0,1070.0,1089.0,1062.0,1080.0,942.0,950.0,969.0,985.0,990.0,934.0,996.0,957.0,951.0,972.0,923.0,905.0,907.0,916.0,892.0,933.0,907.0,899.0,881.0,937.0,1138.0,1136.0,1126.0,1094.0,1102.0,1108.0,1131.0,1153.0,1146.0,1101.0,932.0,916.0,897.0,978.0,929.0,891.0,979.0,916.0,915.0,907.0
844,775.0,764.0,768.0,758.0,781.0,762.0,797.0,768.0,728.0,817.0,984.0,926.0,1007.0,966.0,962.0,924.0,988.0,989.0,935.0,966.0,956.0,941.0,1002.0,1012.0,985.0,975.0,958.0,979.0,998.0,982.0,988.0,1071.0,987.0,1025.0,1024.0,995.0,1004.0,1010.0,1020.0,987.0,1130.0,1128.0,1185.0,1117.0,1109.0,1163.0,1098.0,1196.0,1128.0,1155.0,1081.0,1102.0,1062.0,1072.0,1095.0,1078.0,1107.0,1064.0,1107.0,1090.0,931.0,948.0,968.0,994.0,972.0,914.0,989.0,943.0,935.0,923.0,902.0,923.0,909.0,924.0,894.0,893.0,914.0,913.0,924.0,940.0,1104.0,1149.0,1140.0,1135.0,1120.0,1159.0,1092.0,1097.0,1169.0,1078.0,972.0,910.0,848.0,863.0,928.0,938.0,914.0,905.0,911.0,900.0
845,778.0,702.0,800.0,775.0,755.0,753.0,749.0,770.0,750.0,752.0,997.0,966.0,987.0,933.0,948.0,931.0,955.0,975.0,948.0,929.0,924.0,997.0,977.0,966.0,979.0,963.0,992.0,961.0,1017.0,963.0,1060.0,1081.0,1024.0,1015.0,1046.0,1022.0,1030.0,1006.0,973.0,1042.0,1114.0,1133.0,1126.0,1162.0,1153.0,1118.0,1174.0,1142.0,1119.0,1175.0,1134.0,1063.0,1095.0,1094.0,1127.0,1065.0,1138.0,1087.0,1157.0,1070.0,943.0,968.0,974.0,957.0,963.0,954.0,917.0,969.0,964.0,938.0,848.0,896.0,888.0,930.0,890.0,937.0,905.0,873.0,920.0,966.0,1096.0,1165.0,1095.0,1134.0,1120.0,1136.0,1129.0,1132.0,1123.0,1106.0,927.0,886.0,915.0,900.0,887.0,923.0,866.0,949.0,881.0,894.0
846,780.0,756.0,758.0,768.0,777.0,768.0,746.0,773.0,793.0,753.0,937.0,970.0,1000.0,933.0,969.0,968.0,939.0,986.0,986.0,928.0,996.0,991.0,982.0,1015.0,964.0,1043.0,985.0,929.0,1005.0,969.0,1006.0,1010.0,1024.0,973.0,1080.0,1001.0,1013.0,997.0,993.0,1004.0,1071.0,1117.0,1140.0,1115.0,1114.0,1077.0,1170.0,1139.0,1117.0,1164.0,1168.0,1108.0,1090.0,1118.0,1131.0,1093.0,1112.0,1096.0,1100.0,1054.0,959.0,938.0,958.0,936.0,987.0,964.0,938.0,974.0,993.0,996.0,884.0,928.0,969.0,940.0,849.0,901.0,915.0,881.0,907.0,920.0,1120.0,1129.0,1094.0,1139.0,1092.0,1047.0,1135.0,1111.0,1096.0,1143.0,900.0,910.0,866.0,928.0,904.0,943.0,897.0,979.0,863.0,902.0
847,755.0,773.0,758.0,802.0,801.0,737.0,853.0,764.0,786.0,784.0,957.0,947.0,988.0,962.0,960.0,937.0,1003.0,952.0,969.0,949.0,959.0,951.0,969.0,947.0,976.0,1009.0,948.0,949.0,1008.0,986.0,1019.0,1028.0,1054.0,1040.0,1011.0,1025.0,997.0,1035.0,1031.0,994.0,1143.0,1083.0,1151.0,1143.0,1064.0,1109.0,1111.0,1126.0,1105.0,1164.0,1067.0,1115.0,1090.0,1074.0,1111.0,1091.0,1062.0,1079.0,1110.0,1122.0,966.0,975.0,939.0,963.0,984.0,951.0,957.0,945.0,983.0,928.0,901.0,935.0,901.0,902.0,884.0,886.0,857.0,941.0,917.0,915.0,1194.0,1127.0,1161.0,1122.0,1126.0,1108.0,1145.0,1158.0,1093.0,1107.0,856.0,927.0,866.0,912.0,954.0,953.0,919.0,916.0,852.0,882.0
848,748.0,745.0,733.0,779.0,763.0,735.0,766.0,840.0,775.0,770.0,974.0,949.0,971.0,981.0,959.0,1038.0,952.0,998.0,910.0,899.0,941.0,981.0,1025.0,1018.0,1016.0,981.0,981.0,1028.0,1006.0,1018.0,1016.0,995.0,1039.0,977.0,993.0,1013.0,1053.0,1004.0,1040.0,1006.0,1151.0,1143.0,1130.0,1169.0,1161.0,1110.0,1172.0,1115.0,1121.0,1131.0,1078.0,1142.0,1084.0,1035.0,1095.0,1096.0,1083.0,1034.0,1085.0,1065.0,973.0,962.0,913.0,977.0,932.0,893.0,960.0,952.0,932.0,919.0,901.0,927.0,925.0,953.0,907.0,921.0,858.0,879.0,911.0,978.0,1145.0,1114.0,1111.0,1111.0,1104.0,1122.0,1111.0,1142.0,1163.0,1139.0,888.0,901.0,945.0,868.0,940.0,897.0,914.0,877.0,909.0,908.0
849,782.0,745.0,784.0,742.0,773.0,744.0,787.0,768.0,764.0,738.0,952.0,997.0,1016.0,902.0,955.0,962.0,947.0,923.0,916.0,957.0,943.0,974.0,997.0,980.0,936.0,969.0,1003.0,988.0,891.0,1035.0,1009.0,1037.0,1016.0,1028.0,1041.0,1017.0,1034.0,1041.0,1040.0,948.0,1125.0,1128.0,1106.0,1151.0,1143.0,1134.0,1130.0,1195.0,1158.0,1136.0,1093.0,1082.0,1074.0,1051.0,1112.0,1035.0,1102.0,1093.0,1095.0,1089.0,920.0,972.0,940.0,1019.0,942.0,946.0,965.0,955.0,969.0,960.0,912.0,904.0,899.0,955.0,928.0,892.0,884.0,939.0,941.0,942.0,1158.0,1091.0,1102.0,1115.0,1131.0,1192.0,1077.0,1063.0,1107.0,1084.0,921.0,932.0,946.0,925.0,909.0,913.0,925.0,903.0,968.0,945.0
850,761.0,753.0,793.0,801.0,767.0,702.0,767.0,778.0,786.0,822.0,1009.0,964.0,965.0,960.0,1006.0,943.0,925.0,989.0,925.0,969.0,967.0,1020.0,945.0,960.0,963.0,996.0,974.0,964.0,985.0,930.0,1005.0,997.0,1045.0,1025.0,1031.0,1020.0,1054.0,1042.0,1013.0,991.0,1121.0,1132.0,1102.0,1101.0,1104.0,1082.0,1168.0,1066.0,1122.0,1091.0,1057.0,1103.0,1127.0,1105.0,1022.0,1080.0,1076.0,1106.0,1096.0,1117.0,945.0,942.0,974.0,948.0,976.0,982.0,960.0,963.0,1017.0,926.0,928.0,893.0,914.0,912.0,928.0,900.0,929.0,908.0,919.0,954.0,1111.0,1111.0,1114.0,1141.0,1143.0,1157.0,1114.0,1146.0,1126.0,1086.0,913.0,948.0,903.0,916.0,932.0,940.0,886.0,906.0,861.0,954.0
851,768.0,786.0,786.0,793.0,743.0,782.0,791.0,795.0,794.0,813.0,944.0,974.0,1011.0,949.0,952.0,968.0,987.0,957.0,979.0,906.0,971.0,959.0,1019.0,1006.0,1032.0,978.0,973.0,1004.0,968.0,991.0,1014.0,1024.0,982.0,1016.0,1014.0,1027.0,994.0,991.0,997.0,1036.0,1138.0,1136.0,1085.0,1132.0,1145.0,1192.0,1126.0,1117.0,1177.0,1155.0,1102.0,1073.0,1124.0,1102.0,1058.0,1015.0,1076.0,1126.0,1075.0,1121.0,947.0,991.0,932.0,967.0,979.0,909.0,967.0,969.0,996.0,950.0,894.0,924.0,912.0,905.0,917.0,898.0,930.0,901.0,901.0,864.0,1097.0,1084.0,1164.0,1139.0,1146.0,1107.0,1117.0,1114.0,1057.0,1096.0,944.0,916.0,865.0,860.0,883.0,928.0,896.0,895.0,907.0,908.0
852,787.0,763.0,801.0,744.0,756.0,749.0,764.0,776.0,779.0,768.0,1008.0,996.0,981.0,963.0,978.0,994.0,973.0,983.0,976.0,922.0,960.0,999.0,958.0,917.0,1032.0,972.0,880.0,966.0,997.0,993.0,1023.0,1065.0,1038.0,1054.0,1019.0,980.0,989.0,1028.0,1014.0,1045.0,1124.0,1100.0,1137.0,1144.0,1143.0,1118.0,1155.0,1139.0,1121.0,1148.0,1088.0,1039.0,1077.0,1094.0,1009.0,1112.0,1161.0,1105.0,1080.0,1027.0,948.0,975.0,914.0,954.0,978.0,943.0,967.0,996.0,950.0,924.0,905.0,892.0,858.0,925.0,959.0,902.0,924.0,873.0,941.0,930.0,1112.0,1105.0,1163.0,1171.0,1126.0,1130.0,1111.0,1090.0,1095.0,1152.0,866.0,937.0,952.0,898.0,871.0,904.0,928.0,914.0,901.0,932.0
853,758.0,763.0,693.0,770.0,814.0,780.0,735.0,778.0,699.0,763.0,954.0,962.0,959.0,960.0,918.0,906.0,1032.0,997.0,979.0,966.0,1006.0,959.0,971.0,956.0,1008.0,977.0,977.0,995.0,966.0,982.0,1029.0,1060.0,1007.0,994.0,997.0,1028.0,966.0,982.0,1053.0,1036.0,1194.0,1098.0,1135.0,1126.0,1145.0,1127.0,1159.0,1095.0,1117.0,1160.0,1051.0,1064.0,1121.0,1048.0,1044.0,1161.0,1057.0,1079.0,1106.0,1035.0,974.0,955.0,985.0,1010.0,970.0,958.0,974.0,991.0,1000.0,986.0,887.0,920.0,919.0,900.0,920.0,867.0,938.0,904.0,900.0,923.0,1090.0,1140.0,1130.0,1149.0,1149.0,1057.0,1092.0,1114.0,1121.0,1089.0,875.0,951.0,956.0,953.0,907.0,943.0,923.0,940.0,910.0,902.0
854,754.0,760.0,764.0,803.0,790.0,761.0,753.0,746.0,763.0,699.0,950.0,940.0,945.0,954.0,930.0,964.0,981.0,954.0,963.0,976.0,948.0,991.0,975.0,971.0,974.0,993.0,966.0,980.0,993.0,956.0,1030.0,1002.0,1064.0,1056.0,1057.0,993.0,1032.0,1041.0,1061.0,1068.0,1187.0,1098.0,1164.0,1168.0,1148.0,1145.0,1151.0,1132.0,1085.0,1139.0,1077.0,1060.0,1065.0,1048.0,1071.0,1088.0,1050.0,1087.0,1058.0,1038.0,977.0,952.0,981.0,920.0,987.0,956.0,973.0,1006.0,961.0,988.0,883.0,959.0,846.0,886.0,925.0,881.0,938.0,933.0,926.0,904.0,1110.0,1162.0,1136.0,1140.0,1123.0,1127.0,1065.0,1104.0,1114.0,1133.0,900.0,948.0,933.0,919.0,868.0,895.0,947.0,892.0,930.0,936.0
855,766.0,775.0,780.0,776.0,781.0,773.0,815.0,765.0,713.0,730.0,881.0,949.0,906.0,944.0,953.0,953.0,909.0,969.0,971.0,1008.0,927.0,963.0,966.0,963.0,967.0,932.0,998.0,997.0,1019.0,1010.0,1044.0,966.0,1079.0,989.0,1026.0,1032.0,1094.0,990.0,1016.0,1022.0,1125.0,1181.0,1107.0,1181.0,1102.0,1143.0,1157.0,1149.0,1100.0,1132.0,1092.0,1048.0,1053.0,1111.0,1094.0,1060.0,1065.0,1119.0,1064.0,1029.0,972.0,969.0,986.0,960.0,954.0,938.0,1000.0,959.0,985.0,954.0,945.0,963.0,939.0,914.0,895.0,913.0,831.0,881.0,957.0,886.0,1109.0,1144.0,1151.0,1122.0,1182.0,1123.0,1092.0,1110.0,1125.0,1132.0,955.0,913.0,907.0,902.0,918.0,936.0,892.0,935.0,903.0,935.0
856,788.0,784.0,767.0,788.0,744.0,741.0,780.0,774.0,784.0,759.0,963.0,970.0,944.0,930.0,929.0,961.0,926.0,946.0,938.0,958.0,966.0,1004.0,1010.0,977.0,964.0,965.0,1014.0,940.0,995.0,985.0,965.0,1021.0,1007.0,1023.0,1038.0,1040.0,1044.0,1071.0,1022.0,1018.0,1124.0,1101.0,1132.0,1128.0,1139.0,1123.0,1127.0,1179.0,1106.0,1133.0,1146.0,1030.0,1088.0,1098.0,1098.0,1058.0,1044.0,1119.0,1077.0,1074.0,967.0,976.0,963.0,989.0,967.0,978.0,1022.0,993.0,942.0,1001.0,913.0,946.0,911.0,918.0,896.0,889.0,884.0,860.0,889.0,884.0,1058.0,1155.0,1153.0,1102.0,1131.0,1117.0,1115.0,1106.0,1170.0,1123.0,927.0,887.0,898.0,912.0,964.0,931.0,897.0,882.0,932.0,903.0
857,758.0,769.0,790.0,769.0,781.0,743.0,822.0,763.0,755.0,804.0,929.0,930.0,915.0,970.0,955.0,957.0,931.0,959.0,994.0,950.0,964.0,973.0,973.0,1010.0,996.0,975.0,964.0,1001.0,964.0,981.0,1035.0,1017.0,996.0,1006.0,1023.0,1014.0,1024.0,1023.0,972.0,1071.0,1089.0,1139.0,1134.0,1134.0,1134.0,1111.0,1138.0,1143.0,1113.0,1098.0,1053.0,1137.0,1136.0,1055.0,1108.0,1088.0,1088.0,1087.0,1091.0,1062.0,966.0,929.0,977.0,991.0,987.0,929.0,967.0,978.0,924.0,967.0,939.0,949.0,921.0,933.0,855.0,957.0,915.0,914.0,934.0,891.0,1163.0,1131.0,1127.0,1164.0,1103.0,1116.0,1100.0,1151.0,1181.0,1145.0,922.0,897.0,906.0,832.0,929.0,914.0,908.0,851.0,926.0,870.0
858,743.0,794.0,749.0,779.0,816.0,751.0,771.0,783.0,699.0,716.0,931.0,926.0,910.0,983.0,971.0,979.0,959.0,931.0,1022.0,928.0,984.0,979.0,981.0,989.0,997.0,943.0,943.0,988.0,957.0,978.0,1003.0,1040.0,1020.0,1004.0,1028.0,991.0,1053.0,969.0,1002.0,1058.0,1091.0,1116.0,1146.0,1124.0,1134.0,1128.0,1128.0,1132.0,1178.0,1174.0,1111.0,1108.0,1102.0,1050.0,1047.0,1089.0,1097.0,1081.0,1130.0,1111.0,976.0,968.0,981.0,988.0,938.0,975.0,967.0,986.0,906.0,1025.0,925.0,940.0,950.0,940.0,895.0,917.0,924.0,935.0,914.0,881.0,1138.0,1154.0,1150.0,1088.0,1126.0,1115.0,1093.0,1131.0,1098.0,1101.0,915.0,843.0,882.0,922.0,922.0,917.0,923.0,937.0,942.0,860.0
859,737.0,792.0,748.0,777.0,769.0,774.0,773.0,766.0,813.0,781.0,935.0,958.0,937.0,963.0,947.0,954.0,975.0,923.0,987.0,897.0,1007.0,925.0,969.0,989.0,992.0,1006.0,1040.0,999.0,962.0,950.0,1025.0,1048.0,1021.0,993.0,1049.0,971.0,1020.0,1032.0,1036.0,1045.0,1127.0,1149.0,1146.0,1192.0,1096.0,1132.0,1109.0,1149.0,1125.0,1153.0,1079.0,1090.0,1061.0,1073.0,1096.0,1096.0,1054.0,1072.0,1061.0,1094.0,982.0,951.0,992.0,985.0,976.0,948.0,976.0,977.0,934.0,941.0,897.0,935.0,920.0,913.0,906.0,936.0,941.0,896.0,912.0,924.0,1131.0,1149.0,1160.0,1116.0,1125.0,1093.0,1075.0,1117.0,1096.0,1147.0,897.0,872.0,917.0,863.0,919.0,897.0,900.0,943.0,927.0,899.0
860,717.0,781.0,765.0,764.0,778.0,740.0,774.0,776.0,790.0,805.0,952.0,953.0,940.0,971.0,979.0,945.0,1013.0,962.0,1009.0,993.0,987.0,976.0,989.0,984.0,995.0,978.0,1002.0,959.0,975.0,965.0,1013.0,1055.0,1007.0,996.0,1026.0,1020.0,1006.0,993.0,1005.0,1045.0,1159.0,1099.0,1117.0,1162.0,1166.0,1131.0,1150.0,1151.0,1100.0,1129.0,1111.0,1087.0,1113.0,1050.0,1077.0,1074.0,1106.0,1135.0,1053.0,1061.0,960.0,950.0,965.0,921.0,949.0,958.0,959.0,934.0,933.0,973.0,923.0,965.0,890.0,907.0,863.0,898.0,888.0,916.0,897.0,909.0,1074.0,1105.0,1172.0,1108.0,1117.0,1111.0,1116.0,1161.0,1156.0,1077.0,919.0,901.0,910.0,1003.0,923.0,952.0,846.0,884.0,938.0,878.0
861,776.0,725.0,762.0,776.0,809.0,758.0,712.0,788.0,769.0,783.0,971.0,973.0,893.0,1008.0,969.0,982.0,972.0,933.0,993.0,977.0,972.0,948.0,1010.0,979.0,997.0,968.0,1005.0,920.0,946.0,1003.0,983.0,1066.0,1021.0,1033.0,1047.0,1041.0,1013.0,1033.0,1008.0,1044.0,1092.0,1170.0,1097.0,1113.0,1106.0,1160.0,1131.0,1129.0,1133.0,1140.0,1059.0,1092.0,1095.0,1115.0,1080.0,1071.0,1171.0,1142.0,1093.0,1038.0,1019.0,977.0,945.0,922.0,955.0,991.0,947.0,979.0,963.0,928.0,901.0,945.0,924.0,911.0,893.0,848.0,910.0,905.0,924.0,925.0,1131.0,1085.0,1189.0,1152.0,1129.0,1129.0,1113.0,1149.0,1128.0,1142.0,913.0,889.0,930.0,854.0,891.0,858.0,880.0,891.0,902.0,854.0
862,736.0,729.0,749.0,769.0,751.0,803.0,748.0,767.0,754.0,805.0,954.0,946.0,908.0,976.0,911.0,933.0,954.0,952.0,980.0,935.0,972.0,999.0,1005.0,978.0,983.0,963.0,966.0,969.0,954.0,1012.0,1013.0,1023.0,989.0,1006.0,1073.0,1036.0,991.0,983.0,1005.0,999.0,1179.0,1162.0,1202.0,1108.0,1156.0,1118.0,1116.0,1130.0,1129.0,1124.0,1026.0,1081.0,1140.0,1079.0,1103.0,1052.0,1121.0,1133.0,1074.0,1078.0,963.0,959.0,913.0,958.0,996.0,959.0,951.0,979.0,955.0,945.0,900.0,950.0,920.0,931.0,884.0,896.0,923.0,938.0,912.0,894.0,1131.0,1100.0,1154.0,1114.0,1109.0,1140.0,1166.0,1110.0,1125.0,1129.0,941.0,920.0,880.0,950.0,906.0,908.0,916.0,907.0,972.0,915.0
863,761.0,754.0,774.0,753.0,795.0,791.0,742.0,760.0,752.0,748.0,911.0,982.0,975.0,981.0,951.0,976.0,1017.0,952.0,930.0,906.0,981.0,1006.0,944.0,998.0,928.0,972.0,962.0,1005.0,1020.0,1057.0,996.0,1043.0,992.0,1028.0,1060.0,1003.0,1014.0,1008.0,1026.0,1025.0,1134.0,1193.0,1135.0,1115.0,1103.0,1143.0,1135.0,1163.0,1183.0,1129.0,1105.0,1082.0,1090.0,1106.0,1083.0,1057.0,1099.0,1054.0,1055.0,1103.0,943.0,921.0,973.0,960.0,994.0,996.0,942.0,948.0,934.0,959.0,935.0,882.0,925.0,894.0,939.0,883.0,884.0,952.0,915.0,864.0,1121.0,1102.0,1146.0,1120.0,1087.0,1125.0,1136.0,1150.0,1134.0,1140.0,929.0,900.0,908.0,914.0,936.0,863.0,918.0,874.0,908.0,902.0
864,750.0,741.0,759.0,724.0,786.0,826.0,767.0,781.0,776.0,810.0,946.0,927.0,977.0,986.0,934.0,961.0,1017.0,928.0,925.0,928.0,1005.0,974.0,937.0,974.0,988.0,945.0,948.0,940.0,1035.0,991.0,959.0,1021.0,1016.0,1051.0,1007.0,996.0,1014.0,1021.0,1015.0,1012.0,1182.0,1141.0,1130.0,1135.0,1084.0,1110.0,1120.0,1166.0,1154.0,1172.0,1072.0,1088.0,1070.0,1077.0,1101.0,1132.0,1077.0,1058.0,1043.0,1045.0,994.0,1007.0,938.0,954.0,999.0,938.0,935.0,981.0,995.0,964.0,899.0,898.0,918.0,940.0,940.0,872.0,901.0,958.0,900.0,906.0,1132.0,1128.0,1150.0,1094.0,1142.0,1114.0,1152.0,1123.0,1097.0,1100.0,874.0,939.0,968.0,934.0,896.0,917.0,919.0,910.0,919.0,907.0
865,805.0,758.0,753.0,795.0,812.0,814.0,767.0,760.0,812.0,776.0,944.0,928.0,1015.0,948.0,965.0,973.0,937.0,984.0,939.0,909.0,929.0,1002.0,935.0,955.0,959.0,931.0,956.0,980.0,989.0,996.0,1046.0,1021.0,1004.0,990.0,1072.0,1034.0,1022.0,967.0,1045.0,1044.0,1155.0,1076.0,1123.0,1105.0,1130.0,1140.0,1155.0,1210.0,1145.0,1163.0,1107.0,1087.0,1057.0,1083.0,1018.0,1075.0,1093.0,1089.0,1105.0,1076.0,936.0,1025.0,962.0,981.0,1008.0,914.0,940.0,984.0,945.0,943.0,890.0,960.0,924.0,895.0,910.0,914.0,915.0,877.0,899.0,912.0,1132.0,1087.0,1151.0,1150.0,1114.0,1088.0,1142.0,1126.0,1064.0,1064.0,867.0,924.0,940.0,968.0,892.0,931.0,921.0,885.0,918.0,955.0
866,751.0,797.0,750.0,756.0,725.0,750.0,762.0,814.0,779.0,819.0,913.0,962.0,928.0,961.0,962.0,984.0,986.0,917.0,945.0,962.0,973.0,981.0,1021.0,920.0,969.0,947.0,938.0,1006.0,929.0,973.0,1037.0,1023.0,1001.0,1046.0,1012.0,1040.0,1079.0,988.0,1010.0,1013.0,1118.0,1124.0,1170.0,1155.0,1169.0,1087.0,1141.0,1143.0,1132.0,1165.0,1023.0,1103.0,1123.0,1111.0,1060.0,1101.0,1098.0,1079.0,1096.0,1032.0,989.0,898.0,937.0,986.0,999.0,924.0,935.0,983.0,924.0,903.0,932.0,906.0,939.0,922.0,920.0,905.0,928.0,905.0,948.0,927.0,1149.0,1165.0,1095.0,1097.0,1133.0,1150.0,1120.0,1117.0,1104.0,1127.0,927.0,906.0,900.0,915.0,928.0,925.0,859.0,913.0,995.0,919.0
867,739.0,712.0,764.0,774.0,778.0,727.0,738.0,752.0,766.0,786.0,937.0,959.0,979.0,967.0,962.0,947.0,990.0,927.0,976.0,994.0,930.0,989.0,994.0,1015.0,970.0,940.0,975.0,959.0,1004.0,961.0,1046.0,1012.0,1018.0,1026.0,1021.0,1029.0,1016.0,1051.0,982.0,1023.0,1128.0,1122.0,1155.0,1122.0,1149.0,1208.0,1144.0,1182.0,1117.0,1136.0,1046.0,1098.0,1024.0,1060.0,1058.0,1088.0,1084.0,1079.0,1073.0,1081.0,1001.0,1007.0,961.0,998.0,968.0,899.0,970.0,988.0,996.0,911.0,908.0,861.0,872.0,950.0,890.0,911.0,937.0,913.0,882.0,877.0,1132.0,1168.0,1183.0,1080.0,1149.0,1169.0,1092.0,1103.0,1122.0,1151.0,945.0,932.0,912.0,880.0,932.0,885.0,901.0,910.0,946.0,920.0
868,758.0,745.0,750.0,757.0,774.0,714.0,770.0,765.0,781.0,772.0,943.0,972.0,954.0,978.0,972.0,986.0,980.0,957.0,994.0,937.0,970.0,930.0,958.0,988.0,935.0,986.0,1000.0,1024.0,988.0,992.0,1022.0,1056.0,1041.0,1020.0,1015.0,1019.0,965.0,1014.0,977.0,1048.0,1150.0,1154.0,1207.0,1168.0,1178.0,1106.0,1144.0,1144.0,1143.0,1133.0,1101.0,1074.0,1047.0,1053.0,1089.0,1053.0,1089.0,1117.0,1099.0,1078.0,964.0,955.0,975.0,949.0,980.0,977.0,957.0,947.0,925.0,927.0,864.0,916.0,870.0,949.0,855.0,913.0,921.0,928.0,909.0,913.0,1145.0,1137.0,1121.0,1109.0,1124.0,1104.0,1123.0,1092.0,1147.0,1133.0,893.0,920.0,937.0,898.0,952.0,945.0,900.0,878.0,900.0,908.0
869,748.0,713.0,763.0,743.0,768.0,717.0,801.0,749.0,760.0,727.0,918.0,959.0,996.0,938.0,1000.0,1026.0,937.0,988.0,986.0,935.0,992.0,990.0,979.0,974.0,981.0,936.0,897.0,983.0,983.0,979.0,1000.0,1014.0,1036.0,1026.0,1023.0,967.0,1040.0,1028.0,1045.0,1024.0,1143.0,1160.0,1114.0,1168.0,1146.0,1167.0,1181.0,1148.0,1114.0,1156.0,1089.0,1074.0,1094.0,1076.0,1058.0,1072.0,1071.0,1074.0,1073.0,1088.0,973.0,970.0,945.0,971.0,994.0,965.0,980.0,963.0,962.0,984.0,933.0,946.0,961.0,949.0,905.0,909.0,918.0,914.0,891.0,907.0,1150.0,1100.0,1077.0,1122.0,1122.0,1087.0,1121.0,1153.0,1139.0,1146.0,862.0,932.0,900.0,901.0,877.0,957.0,902.0,865.0,909.0,892.0
870,756.0,747.0,744.0,725.0,776.0,769.0,774.0,757.0,778.0,729.0,958.0,960.0,919.0,944.0,997.0,979.0,947.0,935.0,960.0,975.0,997.0,1005.0,934.0,974.0,1023.0,979.0,1020.0,1006.0,964.0,985.0,966.0,1046.0,1085.0,1089.0,1024.0,992.0,995.0,1065.0,1020.0,1037.0,1157.0,1101.0,1156.0,1107.0,1175.0,1086.0,1147.0,1120.0,1135.0,1105.0,1099.0,1105.0,1106.0,1072.0,1042.0,1083.0,1080.0,1031.0,1046.0,1087.0,931.0,932.0,932.0,956.0,948.0,950.0,926.0,945.0,967.0,956.0,864.0,901.0,920.0,923.0,923.0,932.0,927.0,988.0,891.0,911.0,1177.0,1144.0,1133.0,1168.0,1089.0,1136.0,1108.0,1142.0,1147.0,1112.0,899.0,917.0,932.0,907.0,878.0,900.0,925.0,877.0,956.0,942.0
871,828.0,772.0,794.0,806.0,776.0,736.0,796.0,748.0,782.0,761.0,947.0,924.0,879.0,947.0,962.0,914.0,925.0,901.0,985.0,978.0,942.0,989.0,979.0,976.0,973.0,968.0,991.0,953.0,1012.0,916.0,973.0,1034.0,1070.0,998.0,1052.0,986.0,1025.0,998.0,988.0,985.0,1160.0,1199.0,1109.0,1131.0,1162.0,1153.0,1107.0,1138.0,1133.0,1159.0,1067.0,1129.0,1065.0,1079.0,1102.0,1081.0,1115.0,1115.0,1079.0,1090.0,975.0,949.0,977.0,982.0,987.0,943.0,961.0,1003.0,990.0,988.0,880.0,868.0,928.0,906.0,848.0,945.0,866.0,919.0,873.0,920.0,1100.0,1091.0,1116.0,1116.0,1116.0,1174.0,1101.0,1153.0,1112.0,1101.0,936.0,899.0,951.0,927.0,895.0,901.0,965.0,936.0,911.0,940.0
872,769.0,812.0,777.0,770.0,804.0,765.0,776.0,770.0,773.0,757.0,993.0,916.0,953.0,931.0,913.0,953.0,947.0,936.0,990.0,928.0,953.0,968.0,997.0,960.0,988.0,991.0,1002.0,973.0,926.0,991.0,1043.0,1032.0,1077.0,1023.0,1020.0,1004.0,1034.0,1047.0,1035.0,1009.0,1115.0,1143.0,1128.0,1106.0,1117.0,1153.0,1147.0,1113.0,1148.0,1130.0,1083.0,1079.0,1064.0,1067.0,1072.0,1042.0,1052.0,1114.0,1086.0,1113.0,937.0,988.0,960.0,981.0,970.0,937.0,972.0,962.0,957.0,969.0,872.0,900.0,885.0,928.0,908.0,900.0,899.0,930.0,922.0,942.0,1124.0,1130.0,1134.0,1162.0,1096.0,1141.0,1128.0,1132.0,1108.0,1103.0,920.0,889.0,894.0,941.0,988.0,916.0,896.0,888.0,918.0,897.0
873,764.0,796.0,762.0,771.0,810.0,742.0,789.0,757.0,773.0,766.0,961.0,954.0,979.0,992.0,927.0,994.0,961.0,938.0,957.0,963.0,1014.0,990.0,1003.0,966.0,1014.0,920.0,947.0,974.0,968.0,903.0,1037.0,1004.0,1010.0,1096.0,1022.0,1011.0,996.0,1090.0,1069.0,1041.0,1117.0,1108.0,1156.0,1113.0,1144.0,1181.0,1141.0,1169.0,1118.0,1141.0,1032.0,1066.0,1120.0,1098.0,1083.0,1037.0,1083.0,1062.0,1091.0,1048.0,922.0,1025.0,958.0,936.0,924.0,956.0,1012.0,935.0,954.0,992.0,903.0,899.0,901.0,893.0,897.0,930.0,903.0,873.0,883.0,911.0,1124.0,1078.0,1076.0,1078.0,1095.0,1134.0,1107.0,1144.0,1094.0,1143.0,937.0,943.0,905.0,928.0,962.0,896.0,917.0,919.0,957.0,931.0
874,741.0,761.0,745.0,799.0,790.0,740.0,791.0,797.0,772.0,792.0,954.0,950.0,953.0,992.0,947.0,960.0,967.0,960.0,954.0,938.0,1019.0,988.0,937.0,1013.0,978.0,923.0,986.0,999.0,992.0,1017.0,1048.0,1002.0,1038.0,1046.0,1043.0,970.0,994.0,1041.0,1047.0,1025.0,1127.0,1093.0,1157.0,1115.0,1098.0,1183.0,1129.0,1104.0,1141.0,1119.0,1097.0,1156.0,1085.0,1078.0,1149.0,1082.0,1037.0,1057.0,1081.0,1067.0,939.0,964.0,990.0,912.0,938.0,965.0,967.0,940.0,952.0,995.0,891.0,912.0,891.0,910.0,871.0,850.0,927.0,868.0,937.0,889.0,1098.0,1131.0,1126.0,1104.0,1144.0,1156.0,1154.0,1160.0,1114.0,1061.0,898.0,906.0,947.0,905.0,919.0,966.0,905.0,935.0,876.0,939.0
875,758.0,772.0,776.0,746.0,748.0,779.0,808.0,756.0,747.0,737.0,964.0,921.0,953.0,950.0,907.0,937.0,997.0,907.0,967.0,962.0,964.0,952.0,1028.0,992.0,953.0,975.0,925.0,991.0,976.0,1009.0,1057.0,1035.0,1062.0,1035.0,1050.0,1053.0,998.0,1053.0,1042.0,1036.0,1140.0,1167.0,1125.0,1099.0,1169.0,1153.0,1074.0,1107.0,1167.0,1140.0,1051.0,1144.0,1050.0,1086.0,1090.0,1058.0,1066.0,1130.0,1062.0,1095.0,953.0,939.0,970.0,982.0,945.0,917.0,952.0,947.0,977.0,956.0,940.0,881.0,898.0,938.0,944.0,902.0,968.0,898.0,941.0,889.0,1083.0,1135.0,1119.0,1148.0,1106.0,1107.0,1147.0,1131.0,1075.0,1113.0,905.0,913.0,889.0,897.0,962.0,916.0,926.0,939.0,911.0,903.0
876,792.0,772.0,766.0,772.0,780.0,784.0,776.0,802.0,799.0,721.0,960.0,950.0,985.0,997.0,997.0,991.0,951.0,975.0,906.0,1022.0,951.0,960.0,960.0,986.0,997.0,991.0,987.0,976.0,966.0,961.0,1043.0,1014.0,972.0,986.0,1015.0,1046.0,1016.0,988.0,1005.0,1013.0,1141.0,1163.0,1165.0,1134.0,1123.0,1081.0,1145.0,1126.0,1184.0,1177.0,1077.0,1086.0,1060.0,1111.0,1086.0,1084.0,1101.0,1054.0,1113.0,1042.0,927.0,931.0,990.0,952.0,974.0,934.0,953.0,997.0,972.0,952.0,884.0,924.0,931.0,884.0,904.0,895.0,918.0,909.0,941.0,873.0,1094.0,1113.0,1154.0,1150.0,1132.0,1093.0,1104.0,1135.0,1091.0,1140.0,949.0,948.0,885.0,900.0,866.0,902.0,909.0,901.0,888.0,935.0
877,758.0,797.0,767.0,784.0,763.0,761.0,800.0,782.0,813.0,737.0,958.0,977.0,923.0,931.0,949.0,953.0,926.0,961.0,977.0,961.0,985.0,965.0,949.0,984.0,966.0,963.0,985.0,943.0,985.0,960.0,1028.0,1079.0,1062.0,1018.0,1013.0,991.0,1068.0,1034.0,1020.0,1050.0,1118.0,1163.0,1116.0,1174.0,1211.0,1147.0,1069.0,1126.0,1161.0,1160.0,1036.0,1022.0,1072.0,1115.0,1081.0,1127.0,1111.0,1082.0,1058.0,1106.0,951.0,978.0,908.0,927.0,999.0,1004.0,937.0,974.0,925.0,947.0,915.0,910.0,981.0,910.0,860.0,889.0,905.0,910.0,897.0,867.0,1141.0,1086.0,1191.0,1109.0,1106.0,1083.0,1145.0,1120.0,1140.0,1116.0,929.0,886.0,896.0,917.0,921.0,883.0,915.0,933.0,890.0,928.0
878,783.0,805.0,738.0,757.0,809.0,810.0,770.0,780.0,778.0,736.0,946.0,926.0,940.0,985.0,949.0,916.0,932.0,982.0,964.0,956.0,989.0,1006.0,1015.0,999.0,976.0,946.0,965.0,960.0,1026.0,1045.0,981.0,1024.0,993.0,1006.0,1023.0,1040.0,1019.0,1012.0,997.0,1003.0,1144.0,1165.0,1180.0,1084.0,1120.0,1099.0,1113.0,1157.0,1122.0,1129.0,1104.0,1064.0,1073.0,1114.0,1086.0,1059.0,1094.0,1091.0,1103.0,1114.0,918.0,944.0,961.0,985.0,912.0,993.0,959.0,926.0,964.0,931.0,894.0,927.0,895.0,907.0,910.0,928.0,924.0,919.0,913.0,890.0,1176.0,1079.0,1136.0,1107.0,1150.0,1110.0,1124.0,1129.0,1119.0,1138.0,882.0,927.0,931.0,927.0,937.0,905.0,963.0,909.0,879.0,887.0
879,766.0,764.0,771.0,729.0,731.0,782.0,716.0,766.0,778.0,774.0,893.0,986.0,984.0,954.0,942.0,957.0,964.0,975.0,961.0,996.0,938.0,990.0,1018.0,941.0,955.0,1004.0,985.0,1015.0,969.0,990.0,1038.0,1042.0,1018.0,1087.0,1042.0,978.0,1001.0,1020.0,1046.0,1012.0,1133.0,1122.0,1196.0,1158.0,1179.0,1116.0,1132.0,1125.0,1149.0,1140.0,1113.0,1085.0,1071.0,1092.0,1124.0,1095.0,1099.0,1057.0,1083.0,1088.0,930.0,977.0,922.0,953.0,952.0,1006.0,973.0,964.0,954.0,966.0,913.0,876.0,939.0,919.0,885.0,901.0,921.0,899.0,898.0,854.0,1171.0,1116.0,1080.0,1113.0,1131.0,1089.0,1159.0,1135.0,1091.0,1114.0,918.0,911.0,862.0,922.0,925.0,880.0,910.0,911.0,937.0,894.0
880,767.0,769.0,766.0,757.0,787.0,767.0,759.0,797.0,803.0,772.0,956.0,972.0,943.0,978.0,951.0,976.0,992.0,953.0,975.0,976.0,1008.0,991.0,979.0,992.0,992.0,924.0,938.0,982.0,967.0,962.0,1054.0,1043.0,1047.0,1065.0,1004.0,991.0,986.0,996.0,1055.0,1032.0,1121.0,1128.0,1120.0,1106.0,1139.0,1147.0,1177.0,1159.0,1144.0,1146.0,1023.0,1125.0,1074.0,1118.0,1080.0,1081.0,1085.0,1046.0,1078.0,1087.0,1000.0,937.0,959.0,952.0,967.0,1003.0,984.0,954.0,940.0,952.0,883.0,926.0,931.0,913.0,915.0,902.0,937.0,895.0,886.0,913.0,1103.0,1074.0,1128.0,1062.0,1117.0,1110.0,1078.0,1116.0,1103.0,1097.0,901.0,905.0,917.0,927.0,917.0,908.0,925.0,972.0,915.0,892.0
881,779.0,775.0,793.0,732.0,797.0,844.0,732.0,780.0,792.0,799.0,972.0,948.0,930.0,955.0,927.0,950.0,962.0,921.0,963.0,998.0,998.0,961.0,965.0,1008.0,1024.0,919.0,982.0,938.0,975.0,974.0,972.0,1084.0,1016.0,997.0,970.0,1025.0,1039.0,1064.0,988.0,1030.0,1113.0,1134.0,1194.0,1117.0,1154.0,1127.0,1114.0,1174.0,1132.0,1132.0,1083.0,1084.0,1086.0,1094.0,1094.0,1057.0,1098.0,1025.0,1059.0,1091.0,988.0,973.0,924.0,1003.0,917.0,982.0,990.0,980.0,986.0,961.0,890.0,923.0,929.0,912.0,905.0,919.0,910.0,928.0,909.0,911.0,1142.0,1110.0,1108.0,1111.0,1135.0,1090.0,1114.0,1146.0,1140.0,1058.0,880.0,878.0,919.0,942.0,947.0,903.0,919.0,913.0,923.0,880.0
882,742.0,732.0,826.0,735.0,789.0,758.0,820.0,819.0,772.0,767.0,958.0,949.0,949.0,964.0,939.0,969.0,956.0,936.0,947.0,970.0,954.0,988.0,1013.0,980.0,942.0,953.0,969.0,1016.0,953.0,980.0,1023.0,1036.0,1041.0,1005.0,1013.0,1059.0,1018.0,1013.0,1005.0,1069.0,1124.0,1168.0,1104.0,1108.0,1127.0,1130.0,1116.0,1130.0,1169.0,1090.0,1081.0,1095.0,1025.0,1082.0,1135.0,1092.0,1058.0,1046.0,1128.0,1085.0,928.0,961.0,971.0,991.0,972.0,923.0,965.0,983.0,958.0,970.0,933.0,902.0,881.0,925.0,886.0,899.0,919.0,868.0,906.0,912.0,1127.0,1097.0,1139.0,1137.0,1158.0,1066.0,1119.0,1143.0,1122.0,1133.0,948.0,941.0,920.0,944.0,907.0,969.0,925.0,917.0,904.0,859.0
883,774.0,783.0,789.0,784.0,763.0,776.0,772.0,784.0,758.0,781.0,973.0,954.0,941.0,983.0,984.0,937.0,988.0,938.0,957.0,937.0,999.0,988.0,1032.0,953.0,960.0,977.0,1001.0,979.0,949.0,939.0,983.0,1050.0,1022.0,1011.0,1044.0,1042.0,1047.0,1043.0,1068.0,1037.0,1093.0,1144.0,1116.0,1133.0,1159.0,1143.0,1158.0,1160.0,1121.0,1160.0,1088.0,1064.0,1128.0,1101.0,1079.0,1103.0,1010.0,1063.0,1080.0,1083.0,937.0,975.0,951.0,944.0,959.0,969.0,957.0,960.0,986.0,972.0,914.0,904.0,863.0,871.0,872.0,888.0,886.0,936.0,916.0,881.0,1163.0,1121.0,1087.0,1153.0,1150.0,1111.0,1120.0,1108.0,1130.0,1099.0,895.0,888.0,943.0,938.0,896.0,869.0,925.0,902.0,896.0,946.0
884,745.0,796.0,749.0,749.0,810.0,754.0,833.0,783.0,757.0,788.0,927.0,943.0,974.0,996.0,923.0,922.0,936.0,953.0,952.0,932.0,954.0,975.0,944.0,924.0,979.0,975.0,976.0,1010.0,996.0,956.0,1020.0,1043.0,1095.0,1021.0,1038.0,1033.0,1022.0,979.0,1029.0,1049.0,1146.0,1149.0,1114.0,1129.0,1136.0,1136.0,1134.0,1176.0,1141.0,1170.0,1059.0,1043.0,1137.0,1090.0,1077.0,1130.0,1089.0,1056.0,1062.0,1088.0,993.0,941.0,984.0,968.0,976.0,921.0,924.0,933.0,953.0,953.0,912.0,906.0,858.0,902.0,889.0,918.0,882.0,926.0,892.0,880.0,1152.0,1110.0,1116.0,1152.0,1114.0,1118.0,1134.0,1165.0,1160.0,1113.0,908.0,967.0,897.0,940.0,927.0,905.0,936.0,891.0,917.0,907.0
885,784.0,769.0,696.0,739.0,775.0,740.0,801.0,810.0,784.0,760.0,926.0,952.0,936.0,967.0,997.0,981.0,926.0,944.0,991.0,937.0,946.0,984.0,1000.0,979.0,962.0,1031.0,995.0,1006.0,999.0,1005.0,1001.0,1055.0,1065.0,1045.0,976.0,1014.0,1045.0,1028.0,1024.0,1061.0,1151.0,1143.0,1148.0,1110.0,1136.0,1152.0,1121.0,1094.0,1147.0,1110.0,1094.0,1057.0,1080.0,1107.0,1063.0,1066.0,1090.0,1116.0,1092.0,1086.0,987.0,949.0,1033.0,967.0,991.0,941.0,1001.0,969.0,930.0,950.0,928.0,908.0,969.0,919.0,940.0,905.0,842.0,916.0,913.0,911.0,1106.0,1128.0,1065.0,1114.0,1085.0,1088.0,1139.0,1096.0,1107.0,1107.0,893.0,929.0,872.0,924.0,948.0,895.0,904.0,896.0,872.0,909.0
886,837.0,770.0,786.0,751.0,804.0,770.0,767.0,785.0,786.0,752.0,929.0,954.0,952.0,967.0,937.0,960.0,965.0,959.0,973.0,920.0,982.0,1034.0,1027.0,999.0,965.0,968.0,1020.0,917.0,961.0,964.0,989.0,981.0,1009.0,1021.0,1003.0,1037.0,1026.0,1015.0,1043.0,1013.0,1165.0,1133.0,1128.0,1143.0,1152.0,1167.0,1132.0,1106.0,1117.0,1145.0,1058.0,1064.0,1090.0,1071.0,1084.0,1079.0,1096.0,1129.0,1091.0,1114.0,900.0,949.0,973.0,981.0,937.0,971.0,932.0,974.0,970.0,986.0,905.0,926.0,881.0,942.0,919.0,871.0,862.0,944.0,927.0,920.0,1151.0,1156.0,1146.0,1130.0,1142.0,1087.0,1144.0,1136.0,1100.0,1132.0,900.0,907.0,872.0,865.0,932.0,903.0,918.0,909.0,892.0,888.0
887,757.0,812.0,728.0,789.0,761.0,780.0,789.0,787.0,800.0,779.0,976.0,949.0,971.0,936.0,949.0,988.0,975.0,956.0,945.0,967.0,1001.0,1001.0,954.0,930.0,945.0,980.0,966.0,940.0,1001.0,948.0,995.0,1000.0,1070.0,1032.0,1051.0,988.0,1044.0,1031.0,1012.0,981.0,1068.0,1127.0,1166.0,1136.0,1119.0,1116.0,1119.0,1159.0,1139.0,1100.0,1096.0,1040.0,1113.0,1076.0,1048.0,1065.0,1119.0,1074.0,1071.0,1140.0,956.0,985.0,943.0,984.0,989.0,950.0,944.0,972.0,1003.0,935.0,942.0,922.0,909.0,915.0,942.0,930.0,880.0,959.0,873.0,942.0,1103.0,1149.0,1112.0,1130.0,1138.0,1110.0,1107.0,1090.0,1082.0,1109.0,925.0,891.0,894.0,943.0,933.0,911.0,921.0,908.0,937.0,934.0
888,797.0,755.0,736.0,820.0,730.0,800.0,781.0,808.0,798.0,776.0,944.0,962.0,911.0,961.0,984.0,971.0,980.0,941.0,1002.0,949.0,1001.0,977.0,1030.0,997.0,981.0,1007.0,1013.0,971.0,1015.0,980.0,977.0,1025.0,1061.0,1064.0,1008.0,1024.0,999.0,1020.0,1024.0,994.0,1100.0,1136.0,1124.0,1118.0,1231.0,1091.0,1132.0,1194.0,1088.0,1088.0,1111.0,1136.0,1127.0,1104.0,1088.0,1086.0,1060.0,1000.0,1090.0,1082.0,990.0,982.0,985.0,951.0,954.0,982.0,950.0,971.0,957.0,1001.0,882.0,898.0,917.0,901.0,884.0,882.0,882.0,917.0,902.0,926.0,1143.0,1085.0,1109.0,1110.0,1098.0,1102.0,1126.0,1166.0,1085.0,1146.0,876.0,919.0,857.0,845.0,910.0,877.0,942.0,885.0,904.0,895.0
889,756.0,793.0,811.0,766.0,747.0,751.0,801.0,781.0,761.0,724.0,952.0,985.0,1016.0,933.0,1013.0,956.0,947.0,925.0,951.0,952.0,1013.0,990.0,998.0,973.0,942.0,958.0,973.0,972.0,907.0,946.0,1040.0,1040.0,1017.0,1043.0,1015.0,1006.0,993.0,1003.0,1058.0,1059.0,1147.0,1118.0,1066.0,1116.0,1144.0,1198.0,1161.0,1148.0,1131.0,1152.0,1068.0,1092.0,1080.0,1077.0,1074.0,1022.0,1084.0,1085.0,1093.0,1094.0,941.0,943.0,972.0,990.0,951.0,972.0,934.0,988.0,992.0,952.0,881.0,952.0,867.0,945.0,939.0,930.0,917.0,938.0,892.0,925.0,1173.0,1061.0,1144.0,1082.0,1102.0,1130.0,1126.0,1102.0,1156.0,1118.0,845.0,905.0,891.0,948.0,942.0,896.0,929.0,932.0,920.0,913.0
890,771.0,735.0,775.0,756.0,727.0,787.0,792.0,776.0,797.0,792.0,943.0,944.0,926.0,945.0,936.0,934.0,966.0,929.0,954.0,930.0,988.0,988.0,967.0,977.0,998.0,995.0,955.0,985.0,989.0,975.0,999.0,1032.0,989.0,1043.0,983.0,1040.0,1038.0,1024.0,1054.0,1047.0,1138.0,1174.0,1137.0,1163.0,1131.0,1104.0,1156.0,1155.0,1134.0,1103.0,1074.0,1084.0,1137.0,1053.0,1067.0,1068.0,1081.0,1114.0,1073.0,1116.0,983.0,1001.0,977.0,1022.0,956.0,979.0,942.0,966.0,947.0,915.0,903.0,942.0,922.0,877.0,983.0,918.0,862.0,917.0,885.0,922.0,1096.0,1080.0,1129.0,1138.0,1131.0,1137.0,1150.0,1095.0,1130.0,1122.0,923.0,897.0,906.0,896.0,957.0,856.0,921.0,913.0,898.0,914.0
891,793.0,813.0,814.0,782.0,756.0,752.0,833.0,763.0,773.0,730.0,947.0,945.0,968.0,948.0,949.0,941.0,929.0,945.0,1015.0,935.0,1010.0,966.0,1012.0,920.0,970.0,982.0,1001.0,994.0,946.0,961.0,980.0,1024.0,985.0,1006.0,1034.0,1024.0,998.0,1031.0,1002.0,1061.0,1169.0,1138.0,1084.0,1116.0,1109.0,1147.0,1124.0,1146.0,1205.0,1114.0,1118.0,1079.0,1072.0,1121.0,1104.0,1018.0,1093.0,1087.0,1045.0,1108.0,963.0,1000.0,938.0,992.0,964.0,969.0,965.0,958.0,957.0,955.0,896.0,893.0,971.0,933.0,937.0,918.0,912.0,936.0,886.0,935.0,1027.0,1112.0,1129.0,1133.0,1116.0,1133.0,1114.0,1137.0,1107.0,1125.0,917.0,909.0,899.0,920.0,931.0,934.0,896.0,877.0,923.0,911.0
892,759.0,813.0,804.0,818.0,805.0,805.0,794.0,797.0,783.0,732.0,954.0,937.0,941.0,928.0,928.0,982.0,910.0,972.0,978.0,963.0,980.0,980.0,961.0,955.0,953.0,961.0,991.0,988.0,954.0,1016.0,995.0,1031.0,1063.0,1015.0,1004.0,989.0,1022.0,1024.0,1088.0,1035.0,1101.0,1093.0,1104.0,1174.0,1152.0,1150.0,1126.0,1093.0,1133.0,1141.0,1093.0,1112.0,1062.0,1107.0,1094.0,1034.0,1076.0,1104.0,1053.0,1052.0,955.0,941.0,961.0,993.0,912.0,956.0,995.0,968.0,942.0,969.0,935.0,900.0,919.0,928.0,907.0,895.0,910.0,894.0,902.0,946.0,1135.0,1166.0,1128.0,1071.0,1169.0,1152.0,1107.0,1092.0,1129.0,1108.0,913.0,906.0,932.0,884.0,947.0,896.0,936.0,946.0,897.0,872.0
893,775.0,776.0,761.0,775.0,756.0,779.0,795.0,754.0,751.0,787.0,964.0,959.0,908.0,984.0,953.0,954.0,954.0,931.0,974.0,933.0,985.0,944.0,1011.0,965.0,969.0,930.0,972.0,998.0,931.0,955.0,999.0,1034.0,1074.0,999.0,1049.0,1004.0,1009.0,1058.0,1051.0,1025.0,1136.0,1133.0,1103.0,1127.0,1181.0,1153.0,1153.0,1152.0,1103.0,1196.0,1088.0,1024.0,1092.0,1029.0,1072.0,1082.0,1061.0,1070.0,1081.0,1041.0,939.0,1001.0,983.0,993.0,955.0,948.0,990.0,1024.0,1011.0,948.0,931.0,916.0,876.0,937.0,906.0,902.0,899.0,899.0,879.0,923.0,1150.0,1157.0,1153.0,1146.0,1149.0,1153.0,1128.0,1072.0,1116.0,1124.0,853.0,934.0,911.0,920.0,876.0,912.0,906.0,919.0,962.0,902.0
894,784.0,805.0,761.0,749.0,814.0,769.0,790.0,756.0,824.0,783.0,953.0,922.0,928.0,981.0,975.0,963.0,956.0,949.0,950.0,956.0,970.0,1003.0,1020.0,1013.0,976.0,930.0,945.0,992.0,999.0,967.0,1037.0,1046.0,1018.0,983.0,1033.0,1034.0,1011.0,1015.0,973.0,967.0,1167.0,1158.0,1169.0,1123.0,1156.0,1103.0,1124.0,1148.0,1136.0,1112.0,1119.0,1073.0,1073.0,1032.0,1074.0,1070.0,1081.0,1083.0,1054.0,1113.0,953.0,941.0,995.0,958.0,962.0,984.0,967.0,984.0,944.0,983.0,842.0,904.0,899.0,929.0,903.0,891.0,957.0,917.0,897.0,873.0,1098.0,1136.0,1116.0,1170.0,1047.0,1118.0,1134.0,1102.0,1169.0,1131.0,895.0,889.0,891.0,937.0,930.0,956.0,905.0,933.0,914.0,951.0
895,800.0,748.0,748.0,752.0,825.0,777.0,777.0,763.0,735.0,731.0,934.0,930.0,998.0,960.0,985.0,965.0,921.0,964.0,941.0,969.0,988.0,946.0,999.0,950.0,979.0,923.0,992.0,968.0,986.0,977.0,1057.0,1064.0,1077.0,1038.0,1012.0,1009.0,1072.0,991.0,1005.0,1020.0,1138.0,1201.0,1099.0,1125.0,1128.0,1099.0,1121.0,1114.0,1160.0,1102.0,1085.0,1049.0,1098.0,1087.0,1065.0,1080.0,1057.0,1032.0,1124.0,1063.0,926.0,952.0,975.0,985.0,962.0,976.0,966.0,976.0,894.0,956.0,921.0,899.0,875.0,925.0,882.0,968.0,943.0,919.0,939.0,956.0,1062.0,1141.0,1082.0,1120.0,1102.0,1066.0,1107.0,1197.0,1176.0,1125.0,910.0,941.0,920.0,933.0,936.0,960.0,914.0,954.0,892.0,937.0
896,751.0,804.0,774.0,749.0,768.0,754.0,794.0,798.0,752.0,780.0,967.0,958.0,957.0,945.0,1003.0,1000.0,931.0,917.0,972.0,965.0,926.0,973.0,1005.0,979.0,964.0,958.0,936.0,947.0,990.0,984.0,1011.0,1088.0,1023.0,1051.0,947.0,1018.0,1047.0,1056.0,1036.0,1026.0,1137.0,1139.0,1156.0,1157.0,1123.0,1121.0,1147.0,1154.0,1102.0,1163.0,1134.0,1061.0,1108.0,1032.0,1120.0,1064.0,1098.0,1065.0,1091.0,1053.0,1015.0,976.0,976.0,941.0,983.0,935.0,939.0,976.0,952.0,925.0,873.0,884.0,855.0,892.0,889.0,970.0,920.0,907.0,888.0,948.0,1075.0,1128.0,1115.0,1155.0,1130.0,1121.0,1093.0,1114.0,1152.0,1100.0,930.0,860.0,903.0,971.0,949.0,882.0,963.0,946.0,917.0,892.0
897,732.0,785.0,759.0,752.0,763.0,810.0,734.0,788.0,792.0,785.0,971.0,918.0,965.0,978.0,959.0,915.0,966.0,956.0,991.0,1002.0,1009.0,974.0,959.0,969.0,1001.0,993.0,984.0,985.0,994.0,978.0,1022.0,959.0,1024.0,1035.0,1024.0,1009.0,1012.0,1044.0,1008.0,1018.0,1108.0,1170.0,1144.0,1162.0,1122.0,1153.0,1169.0,1149.0,1154.0,1114.0,1031.0,1108.0,1094.0,1092.0,1102.0,1085.0,1074.0,1142.0,1098.0,1045.0,979.0,984.0,1004.0,935.0,944.0,919.0,1002.0,956.0,944.0,954.0,940.0,898.0,911.0,846.0,915.0,910.0,910.0,863.0,874.0,913.0,1126.0,1112.0,1140.0,1163.0,1115.0,1093.0,1099.0,1107.0,1121.0,1098.0,902.0,961.0,871.0,936.0,933.0,938.0,916.0,888.0,875.0,935.0
898,768.0,771.0,756.0,782.0,744.0,781.0,773.0,780.0,727.0,734.0,959.0,975.0,996.0,939.0,966.0,924.0,992.0,969.0,953.0,956.0,979.0,999.0,971.0,968.0,1003.0,946.0,976.0,989.0,1019.0,1004.0,1001.0,978.0,1037.0,1055.0,1045.0,1059.0,1022.0,1019.0,1019.0,1018.0,1110.0,1176.0,1094.0,1146.0,1177.0,1088.0,1154.0,1118.0,1130.0,1111.0,1126.0,1084.0,1054.0,1048.0,1044.0,1069.0,1073.0,1082.0,1069.0,1106.0,957.0,955.0,927.0,957.0,1002.0,992.0,978.0,975.0,1028.0,979.0,893.0,918.0,987.0,881.0,874.0,937.0,919.0,927.0,881.0,890.0,1149.0,1095.0,1161.0,1144.0,1125.0,1125.0,1135.0,1140.0,1101.0,1117.0,876.0,918.0,891.0,948.0,894.0,903.0,841.0,879.0,924.0,926.0
899,769.0,785.0,780.0,775.0,760.0,751.0,800.0,726.0,788.0,798.0,922.0,947.0,938.0,981.0,1001.0,1027.0,936.0,917.0,955.0,983.0,941.0,939.0,941.0,976.0,1006.0,933.0,965.0,1011.0,1019.0,950.0,1053.0,1058.0,1014.0,1022.0,1012.0,1014.0,1049.0,1033.0,1012.0,1034.0,1112.0,1131.0,1162.0,1130.0,1130.0,1164.0,1157.0,1123.0,1143.0,1115.0,1090.0,1079.0,1065.0,1081.0,1130.0,1026.0,1070.0,1103.0,1040.0,1060.0,970.0,957.0,967.0,948.0,952.0,963.0,966.0,979.0,974.0,940.0,874.0,924.0,913.0,881.0,847.0,910.0,923.0,914.0,892.0,920.0,1159.0,1103.0,1132.0,1134.0,1130.0,1114.0,1092.0,1136.0,1125.0,1134.0,926.0,948.0,964.0,941.0,905.0,920.0,906.0,934.0,905.0,910.0
900,748.0,756.0,760.0,761.0,765.0,767.0,751.0,701.0,812.0,801.0,989.0,980.0,942.0,947.0,960.0,988.0,946.0,968.0,949.0,986.0,979.0,944.0,936.0,969.0,992.0,954.0,1011.0,1014.0,985.0,941.0,1001.0,1062.0,1024.0,1063.0,1031.0,1043.0,979.0,1074.0,991.0,1030.0,1150.0,1171.0,1188.0,1135.0,1114.0,1151.0,1154.0,1145.0,1133.0,1163.0,1051.0,1064.0,1142.0,1087.0,1103.0,1067.0,1075.0,1134.0,1079.0,1068.0,951.0,995.0,961.0,941.0,921.0,939.0,947.0,928.0,953.0,988.0,935.0,871.0,878.0,905.0,896.0,898.0,942.0,833.0,931.0,903.0,1109.0,1101.0,1120.0,1128.0,1181.0,1103.0,1126.0,1141.0,1121.0,1075.0,904.0,924.0,920.0,935.0,907.0,910.0,934.0,930.0,903.0,890.0
901,756.0,796.0,750.0,751.0,726.0,748.0,786.0,739.0,749.0,816.0,952.0,988.0,945.0,1019.0,956.0,995.0,1000.0,987.0,955.0,958.0,1002.0,1015.0,1015.0,991.0,997.0,997.0,963.0,980.0,943.0,951.0,1023.0,1048.0,1027.0,1056.0,1039.0,1023.0,1052.0,1057.0,1006.0,988.0,1131.0,1138.0,1155.0,1101.0,1135.0,1143.0,1114.0,1143.0,1144.0,1140.0,1062.0,1089.0,1043.0,1063.0,1116.0,1037.0,1078.0,1054.0,1120.0,1092.0,983.0,915.0,1015.0,974.0,949.0,923.0,984.0,931.0,971.0,1003.0,868.0,882.0,902.0,923.0,928.0,940.0,907.0,892.0,950.0,889.0,1138.0,1104.0,1087.0,1104.0,1123.0,1116.0,1101.0,1187.0,1127.0,1091.0,901.0,893.0,935.0,891.0,899.0,899.0,881.0,893.0,891.0,919.0
902,771.0,763.0,763.0,797.0,760.0,758.0,740.0,765.0,773.0,785.0,922.0,953.0,982.0,966.0,930.0,976.0,955.0,938.0,986.0,953.0,971.0,914.0,952.0,1006.0,996.0,951.0,993.0,986.0,995.0,989.0,1017.0,1047.0,1008.0,1058.0,1022.0,1017.0,1077.0,1003.0,986.0,1072.0,1132.0,1157.0,1160.0,1117.0,1139.0,1164.0,1088.0,1184.0,1119.0,1129.0,1082.0,1115.0,1093.0,1062.0,1109.0,1096.0,1105.0,1054.0,1101.0,1052.0,990.0,954.0,950.0,945.0,967.0,932.0,976.0,959.0,959.0,1005.0,888.0,906.0,894.0,883.0,930.0,939.0,948.0,901.0,874.0,887.0,1119.0,1110.0,1154.0,1087.0,1132.0,1111.0,1050.0,1163.0,1162.0,1109.0,925.0,947.0,915.0,955.0,882.0,874.0,936.0,908.0,899.0,866.0
903,731.0,738.0,745.0,802.0,766.0,773.0,776.0,749.0,781.0,761.0,954.0,960.0,968.0,959.0,955.0,949.0,994.0,913.0,981.0,943.0,975.0,1019.0,971.0,988.0,978.0,924.0,981.0,986.0,997.0,964.0,996.0,1020.0,1056.0,1013.0,1006.0,986.0,1005.0,996.0,972.0,1015.0,1140.0,1133.0,1109.0,1115.0,1136.0,1115.0,1235.0,1115.0,1161.0,1113.0,1056.0,1062.0,1147.0,1117.0,1129.0,1107.0,1064.0,1097.0,1100.0,1095.0,1025.0,921.0,951.0,948.0,958.0,981.0,971.0,1016.0,926.0,953.0,892.0,929.0,906.0,927.0,887.0,931.0,894.0,905.0,873.0,940.0,1135.0,1133.0,1106.0,1064.0,1150.0,1163.0,1086.0,1152.0,1149.0,1139.0,911.0,950.0,910.0,948.0,903.0,887.0,855.0,933.0,911.0,924.0
904,778.0,740.0,764.0,774.0,767.0,744.0,815.0,763.0,806.0,709.0,936.0,958.0,922.0,917.0,997.0,947.0,957.0,967.0,921.0,937.0,934.0,998.0,1039.0,997.0,952.0,963.0,887.0,969.0,961.0,972.0,998.0,1061.0,982.0,1034.0,1004.0,1014.0,1030.0,1006.0,1041.0,1045.0,1182.0,1084.0,1163.0,1175.0,1123.0,1108.0,1139.0,1164.0,1130.0,1223.0,1140.0,1101.0,1116.0,1079.0,1106.0,1079.0,1092.0,1081.0,1068.0,1053.0,934.0,933.0,989.0,925.0,957.0,956.0,985.0,965.0,951.0,961.0,907.0,888.0,922.0,935.0,926.0,947.0,927.0,909.0,867.0,909.0,1087.0,1155.0,1090.0,1113.0,1105.0,1124.0,1129.0,1107.0,1179.0,1092.0,917.0,945.0,881.0,930.0,934.0,934.0,899.0,932.0,926.0,939.0
905,782.0,773.0,774.0,811.0,781.0,796.0,760.0,801.0,777.0,784.0,926.0,925.0,968.0,961.0,980.0,976.0,895.0,960.0,922.0,958.0,994.0,946.0,991.0,978.0,954.0,980.0,1012.0,967.0,957.0,1012.0,1021.0,1050.0,1065.0,965.0,1016.0,1054.0,1008.0,980.0,997.0,1053.0,1139.0,1180.0,1137.0,1136.0,1170.0,1079.0,1135.0,1160.0,1171.0,1106.0,1059.0,1078.0,1073.0,1101.0,1089.0,1079.0,1092.0,1113.0,1085.0,1046.0,938.0,930.0,969.0,960.0,970.0,933.0,906.0,969.0,971.0,942.0,933.0,929.0,875.0,938.0,900.0,903.0,943.0,893.0,909.0,895.0,1134.0,1116.0,1156.0,1107.0,1074.0,1117.0,1135.0,1131.0,1134.0,1127.0,887.0,936.0,859.0,924.0,937.0,902.0,972.0,890.0,926.0,919.0
906,742.0,781.0,777.0,809.0,811.0,775.0,750.0,767.0,778.0,719.0,943.0,928.0,969.0,986.0,952.0,944.0,947.0,939.0,966.0,933.0,1002.0,999.0,958.0,1006.0,951.0,959.0,986.0,962.0,949.0,978.0,1022.0,1003.0,1005.0,1036.0,1021.0,1024.0,1037.0,992.0,979.0,1076.0,1102.0,1193.0,1150.0,1130.0,1163.0,1139.0,1137.0,1104.0,1148.0,1157.0,1069.0,1034.0,1065.0,1070.0,1122.0,1081.0,1100.0,1113.0,1101.0,1043.0,976.0,952.0,952.0,928.0,988.0,964.0,955.0,987.0,962.0,935.0,924.0,902.0,898.0,907.0,870.0,942.0,898.0,942.0,906.0,931.0,1107.0,1169.0,1194.0,1110.0,1094.0,1092.0,1160.0,1162.0,1154.0,1166.0,928.0,898.0,897.0,901.0,899.0,900.0,886.0,896.0,904.0,900.0
907,788.0,800.0,783.0,754.0,810.0,779.0,795.0,722.0,784.0,767.0,913.0,916.0,951.0,984.0,956.0,957.0,938.0,959.0,988.0,924.0,983.0,994.0,936.0,965.0,959.0,959.0,937.0,983.0,982.0,957.0,1022.0,997.0,1000.0,985.0,1017.0,968.0,1053.0,986.0,1013.0,1035.0,1203.0,1173.0,1114.0,1136.0,1078.0,1135.0,1129.0,1178.0,1089.0,1151.0,1010.0,1052.0,1101.0,1093.0,1164.0,1057.0,1035.0,1123.0,1099.0,1068.0,970.0,928.0,943.0,961.0,970.0,964.0,945.0,964.0,1000.0,961.0,920.0,946.0,913.0,921.0,897.0,908.0,921.0,926.0,885.0,924.0,1096.0,1134.0,1172.0,1129.0,1095.0,1137.0,1175.0,1102.0,1050.0,1129.0,911.0,921.0,953.0,956.0,928.0,957.0,927.0,918.0,962.0,924.0
908,805.0,790.0,776.0,764.0,746.0,799.0,740.0,754.0,781.0,760.0,947.0,990.0,986.0,987.0,1003.0,950.0,958.0,964.0,978.0,956.0,974.0,916.0,986.0,914.0,1024.0,963.0,998.0,985.0,947.0,987.0,1060.0,952.0,1060.0,1063.0,1015.0,1031.0,1007.0,1030.0,1040.0,991.0,1130.0,1125.0,1102.0,1142.0,1115.0,1128.0,1147.0,1153.0,1141.0,1115.0,1039.0,1109.0,1041.0,1120.0,1094.0,1078.0,1100.0,1078.0,1111.0,1065.0,944.0,978.0,928.0,988.0,969.0,967.0,967.0,951.0,936.0,974.0,887.0,927.0,944.0,905.0,858.0,894.0,887.0,940.0,908.0,927.0,1112.0,1219.0,1115.0,1114.0,1126.0,1094.0,1140.0,1122.0,1111.0,1153.0,920.0,851.0,932.0,885.0,923.0,921.0,907.0,885.0,899.0,913.0
909,733.0,769.0,789.0,786.0,763.0,819.0,760.0,791.0,806.0,795.0,938.0,974.0,953.0,939.0,920.0,985.0,960.0,945.0,968.0,941.0,973.0,925.0,951.0,981.0,996.0,989.0,997.0,939.0,1001.0,937.0,1039.0,1002.0,1041.0,1056.0,1025.0,1000.0,1034.0,1104.0,1022.0,1028.0,1137.0,1149.0,1118.0,1130.0,1135.0,1126.0,1107.0,1138.0,1085.0,1118.0,1109.0,1123.0,1102.0,1117.0,1089.0,1128.0,1087.0,1104.0,1066.0,1090.0,987.0,969.0,989.0,933.0,979.0,914.0,927.0,978.0,948.0,964.0,922.0,894.0,902.0,916.0,911.0,887.0,949.0,905.0,914.0,905.0,1104.0,1105.0,1133.0,1149.0,1102.0,1072.0,1114.0,1094.0,1135.0,1120.0,873.0,948.0,893.0,869.0,954.0,907.0,915.0,866.0,912.0,945.0
910,794.0,745.0,760.0,737.0,808.0,792.0,726.0,779.0,788.0,798.0,927.0,946.0,956.0,945.0,947.0,992.0,936.0,1004.0,971.0,937.0,963.0,1016.0,1012.0,992.0,1030.0,1000.0,986.0,988.0,977.0,981.0,1034.0,1001.0,1039.0,1001.0,988.0,1029.0,1012.0,1033.0,1020.0,1026.0,1148.0,1128.0,1157.0,1191.0,1140.0,1131.0,1114.0,1112.0,1114.0,1186.0,1061.0,1040.0,1049.0,1113.0,1086.0,1096.0,1118.0,1045.0,1074.0,1090.0,964.0,1013.0,947.0,942.0,954.0,958.0,1027.0,961.0,979.0,957.0,899.0,894.0,887.0,905.0,919.0,870.0,939.0,947.0,869.0,921.0,1104.0,1130.0,1156.0,1116.0,1131.0,1100.0,1103.0,1104.0,1159.0,1058.0,923.0,946.0,906.0,928.0,872.0,858.0,888.0,894.0,905.0,890.0
911,758.0,788.0,758.0,768.0,749.0,785.0,787.0,803.0,782.0,814.0,950.0,961.0,936.0,974.0,933.0,1019.0,931.0,962.0,962.0,909.0,986.0,916.0,957.0,979.0,1011.0,927.0,937.0,933.0,965.0,1011.0,1043.0,1014.0,1025.0,1042.0,1013.0,1007.0,1026.0,1012.0,1016.0,983.0,1084.0,1165.0,1119.0,1128.0,1169.0,1135.0,1142.0,1162.0,1139.0,1133.0,1095.0,1080.0,1129.0,1070.0,1082.0,1110.0,1080.0,1092.0,1060.0,1046.0,921.0,1008.0,1007.0,973.0,943.0,958.0,978.0,964.0,974.0,997.0,939.0,881.0,910.0,951.0,917.0,907.0,893.0,961.0,915.0,935.0,1070.0,1119.0,1125.0,1101.0,1127.0,1064.0,1200.0,1080.0,1139.0,1108.0,975.0,928.0,903.0,886.0,929.0,915.0,870.0,902.0,905.0,912.0
912,722.0,756.0,761.0,734.0,753.0,744.0,756.0,806.0,768.0,790.0,972.0,1000.0,970.0,967.0,933.0,982.0,938.0,953.0,988.0,926.0,1015.0,954.0,962.0,985.0,998.0,991.0,976.0,944.0,978.0,977.0,1039.0,1024.0,1015.0,1016.0,1006.0,1051.0,949.0,1006.0,981.0,1011.0,1170.0,1129.0,1163.0,1199.0,1124.0,1130.0,1191.0,1178.0,1161.0,1117.0,1096.0,1095.0,1096.0,1069.0,1086.0,1100.0,1114.0,1115.0,1076.0,1078.0,947.0,938.0,954.0,968.0,986.0,973.0,926.0,1004.0,950.0,972.0,884.0,928.0,884.0,898.0,939.0,869.0,905.0,874.0,916.0,912.0,1129.0,1159.0,1138.0,1101.0,1155.0,1087.0,1175.0,1075.0,1121.0,1105.0,841.0,877.0,923.0,933.0,893.0,899.0,907.0,917.0,916.0,963.0
913,803.0,731.0,746.0,779.0,787.0,773.0,801.0,821.0,791.0,775.0,974.0,928.0,952.0,1008.0,979.0,954.0,941.0,930.0,974.0,972.0,926.0,1011.0,1009.0,957.0,966.0,999.0,981.0,986.0,1004.0,993.0,1006.0,1003.0,1013.0,1000.0,968.0,1028.0,996.0,1057.0,996.0,1016.0,1125.0,1122.0,1142.0,1105.0,1128.0,1095.0,1046.0,1174.0,1108.0,1173.0,1086.0,1129.0,1084.0,1072.0,1057.0,1036.0,1115.0,1079.0,1100.0,1084.0,939.0,974.0,958.0,963.0,995.0,963.0,980.0,940.0,1009.0,938.0,893.0,913.0,885.0,908.0,929.0,907.0,936.0,880.0,904.0,914.0,1154.0,1116.0,1144.0,1100.0,1163.0,1143.0,1128.0,1089.0,1069.0,1112.0,910.0,934.0,932.0,982.0,902.0,927.0,916.0,917.0,904.0,871.0
914,758.0,781.0,767.0,771.0,779.0,739.0,764.0,769.0,734.0,774.0,920.0,919.0,926.0,956.0,920.0,954.0,975.0,970.0,967.0,937.0,983.0,1002.0,1003.0,1050.0,902.0,991.0,974.0,943.0,958.0,970.0,986.0,1054.0,1004.0,1023.0,1026.0,1055.0,1062.0,1026.0,1060.0,1060.0,1192.0,1127.0,1188.0,1138.0,1132.0,1121.0,1093.0,1125.0,1116.0,1117.0,1019.0,1065.0,1056.0,1084.0,1102.0,1077.0,1065.0,1119.0,1122.0,1036.0,1021.0,966.0,947.0,911.0,984.0,916.0,956.0,973.0,996.0,1004.0,911.0,886.0,951.0,883.0,909.0,907.0,926.0,927.0,930.0,934.0,1147.0,1143.0,1120.0,1170.0,1166.0,1156.0,1113.0,1128.0,1100.0,1137.0,875.0,919.0,904.0,883.0,951.0,904.0,916.0,893.0,872.0,879.0
915,789.0,767.0,805.0,757.0,766.0,755.0,742.0,780.0,727.0,761.0,953.0,956.0,973.0,911.0,978.0,963.0,999.0,949.0,985.0,1015.0,933.0,1018.0,971.0,943.0,936.0,964.0,1005.0,955.0,929.0,975.0,1043.0,1041.0,1021.0,1065.0,1007.0,1005.0,994.0,1000.0,1017.0,999.0,1176.0,1156.0,1097.0,1204.0,1123.0,1182.0,1128.0,1192.0,1113.0,1174.0,1035.0,1029.0,1051.0,1081.0,1121.0,1067.0,1070.0,1087.0,1133.0,1072.0,935.0,944.0,998.0,900.0,948.0,916.0,988.0,950.0,938.0,981.0,900.0,924.0,918.0,951.0,868.0,884.0,902.0,912.0,905.0,874.0,1111.0,1137.0,1161.0,1112.0,1165.0,1145.0,1124.0,1130.0,1173.0,1072.0,938.0,890.0,874.0,940.0,958.0,934.0,892.0,917.0,931.0,924.0
916,752.0,746.0,766.0,776.0,751.0,788.0,761.0,759.0,785.0,793.0,941.0,909.0,969.0,918.0,962.0,974.0,1006.0,922.0,966.0,1003.0,1031.0,947.0,994.0,1011.0,955.0,973.0,998.0,973.0,979.0,960.0,1011.0,1000.0,1013.0,1048.0,1087.0,1047.0,1005.0,1046.0,978.0,1003.0,1117.0,1174.0,1145.0,1129.0,1127.0,1101.0,1141.0,1141.0,1129.0,1136.0,1068.0,1100.0,1072.0,1069.0,1074.0,1058.0,1063.0,1116.0,1103.0,1081.0,934.0,1031.0,956.0,934.0,904.0,949.0,951.0,974.0,937.0,955.0,901.0,907.0,913.0,914.0,921.0,920.0,888.0,901.0,901.0,920.0,1121.0,1114.0,1129.0,1122.0,1123.0,1103.0,1114.0,1156.0,1150.0,1091.0,936.0,932.0,914.0,946.0,966.0,906.0,916.0,881.0,924.0,908.0
917,750.0,746.0,781.0,716.0,722.0,799.0,754.0,791.0,749.0,772.0,977.0,945.0,905.0,954.0,1026.0,967.0,929.0,907.0,973.0,983.0,1017.0,971.0,986.0,1024.0,986.0,948.0,986.0,973.0,926.0,983.0,986.0,968.0,995.0,1044.0,1026.0,1068.0,1051.0,993.0,1049.0,969.0,1131.0,1197.0,1162.0,1097.0,1077.0,1139.0,1163.0,1191.0,1156.0,1121.0,1096.0,1056.0,1088.0,1089.0,1084.0,1040.0,1086.0,1054.0,1053.0,1059.0,931.0,980.0,940.0,951.0,928.0,929.0,983.0,982.0,967.0,970.0,910.0,946.0,907.0,945.0,932.0,894.0,898.0,937.0,899.0,960.0,1103.0,1109.0,1168.0,1135.0,1151.0,1153.0,1092.0,1139.0,1121.0,1135.0,912.0,942.0,939.0,910.0,938.0,881.0,900.0,902.0,960.0,900.0
918,744.0,789.0,793.0,792.0,744.0,725.0,808.0,779.0,791.0,753.0,951.0,970.0,969.0,919.0,958.0,943.0,887.0,977.0,975.0,986.0,980.0,951.0,998.0,965.0,928.0,995.0,1000.0,981.0,968.0,960.0,1010.0,1007.0,1014.0,1055.0,1026.0,1051.0,996.0,987.0,1047.0,991.0,1137.0,1136.0,1100.0,1173.0,1146.0,1187.0,1139.0,1107.0,1154.0,1179.0,1130.0,1116.0,1105.0,1081.0,1136.0,1072.0,1092.0,1100.0,1040.0,1074.0,963.0,959.0,941.0,930.0,928.0,970.0,926.0,919.0,967.0,950.0,858.0,898.0,905.0,894.0,900.0,897.0,865.0,919.0,896.0,936.0,1112.0,1142.0,1137.0,1122.0,1179.0,1103.0,1186.0,1189.0,1114.0,1098.0,928.0,892.0,913.0,933.0,918.0,871.0,943.0,910.0,903.0,922.0
919,777.0,772.0,736.0,792.0,781.0,772.0,761.0,739.0,750.0,783.0,957.0,953.0,947.0,947.0,986.0,939.0,926.0,943.0,995.0,951.0,989.0,981.0,998.0,962.0,969.0,958.0,1010.0,979.0,969.0,967.0,1031.0,1010.0,1011.0,1024.0,990.0,1054.0,999.0,1027.0,1064.0,1055.0,1109.0,1122.0,1128.0,1117.0,1133.0,1145.0,1158.0,1120.0,1128.0,1145.0,1081.0,1118.0,1073.0,1099.0,1096.0,1032.0,1114.0,1097.0,1022.0,1064.0,968.0,944.0,960.0,948.0,942.0,968.0,962.0,965.0,937.0,976.0,882.0,889.0,963.0,927.0,917.0,877.0,934.0,929.0,915.0,912.0,1128.0,1132.0,1127.0,1117.0,1123.0,1154.0,1062.0,1144.0,1162.0,1092.0,893.0,940.0,934.0,934.0,927.0,913.0,919.0,924.0,910.0,904.0
920,755.0,762.0,753.0,771.0,801.0,761.0,773.0,718.0,778.0,769.0,953.0,957.0,942.0,899.0,945.0,965.0,935.0,952.0,932.0,981.0,972.0,973.0,980.0,970.0,929.0,978.0,956.0,1025.0,934.0,994.0,1000.0,1027.0,1014.0,991.0,969.0,978.0,1049.0,1027.0,1013.0,1006.0,1160.0,1116.0,1121.0,1202.0,1186.0,1115.0,1152.0,1102.0,1098.0,1154.0,1038.0,1097.0,1137.0,1126.0,1085.0,1098.0,1104.0,1077.0,1122.0,1061.0,996.0,966.0,954.0,917.0,989.0,971.0,958.0,959.0,957.0,935.0,894.0,939.0,928.0,911.0,915.0,915.0,897.0,978.0,920.0,938.0,1131.0,1143.0,1164.0,1144.0,1139.0,1110.0,1121.0,1092.0,1092.0,1107.0,917.0,881.0,881.0,930.0,905.0,923.0,900.0,939.0,1008.0,905.0
921,694.0,771.0,777.0,787.0,775.0,727.0,799.0,773.0,776.0,784.0,926.0,1006.0,946.0,913.0,925.0,992.0,938.0,974.0,988.0,950.0,1008.0,988.0,979.0,939.0,968.0,938.0,1016.0,967.0,967.0,977.0,1017.0,1082.0,1000.0,1007.0,1026.0,1018.0,994.0,992.0,1005.0,1025.0,1210.0,1080.0,1193.0,1140.0,1136.0,1144.0,1128.0,1121.0,1128.0,1144.0,1135.0,1059.0,1049.0,1129.0,1086.0,1062.0,1071.0,1103.0,1111.0,1077.0,945.0,940.0,962.0,963.0,957.0,948.0,947.0,987.0,1001.0,954.0,872.0,905.0,923.0,920.0,934.0,936.0,936.0,902.0,888.0,885.0,1110.0,1129.0,1099.0,1137.0,1143.0,1137.0,1107.0,1111.0,1126.0,1112.0,890.0,904.0,946.0,925.0,917.0,910.0,913.0,942.0,863.0,942.0
922,793.0,747.0,762.0,768.0,777.0,769.0,769.0,722.0,809.0,815.0,973.0,969.0,988.0,937.0,946.0,955.0,1005.0,966.0,963.0,956.0,995.0,917.0,973.0,1023.0,953.0,948.0,958.0,990.0,946.0,977.0,994.0,1026.0,1034.0,1016.0,1016.0,1007.0,1035.0,1049.0,1020.0,1002.0,1108.0,1140.0,1181.0,1097.0,1141.0,1159.0,1108.0,1159.0,1178.0,1141.0,1120.0,1100.0,1063.0,1089.0,1082.0,1081.0,1103.0,1081.0,1093.0,1096.0,952.0,978.0,915.0,982.0,981.0,965.0,960.0,1008.0,936.0,952.0,872.0,903.0,937.0,897.0,864.0,926.0,899.0,880.0,927.0,878.0,1104.0,1130.0,1126.0,1173.0,1147.0,1108.0,1099.0,1130.0,1120.0,1116.0,900.0,952.0,894.0,877.0,959.0,895.0,914.0,882.0,861.0,917.0
923,753.0,794.0,760.0,784.0,753.0,816.0,729.0,747.0,748.0,836.0,965.0,939.0,939.0,943.0,966.0,980.0,946.0,963.0,967.0,985.0,973.0,979.0,974.0,1001.0,969.0,1015.0,1021.0,989.0,983.0,954.0,1001.0,984.0,1025.0,1005.0,1027.0,1010.0,1002.0,1004.0,993.0,1029.0,1167.0,1137.0,1167.0,1178.0,1160.0,1100.0,1136.0,1165.0,1173.0,1126.0,1056.0,1071.0,1114.0,1109.0,1104.0,1071.0,1106.0,1090.0,1082.0,1028.0,925.0,959.0,965.0,970.0,908.0,934.0,985.0,980.0,924.0,937.0,931.0,930.0,896.0,850.0,926.0,873.0,917.0,874.0,906.0,898.0,1110.0,1134.0,1145.0,1122.0,1107.0,1174.0,1114.0,1147.0,1133.0,1124.0,932.0,937.0,883.0,894.0,946.0,840.0,894.0,905.0,943.0,938.0
924,788.0,764.0,791.0,796.0,834.0,766.0,785.0,793.0,733.0,787.0,953.0,965.0,970.0,973.0,972.0,966.0,992.0,960.0,933.0,975.0,960.0,988.0,961.0,1009.0,963.0,1018.0,938.0,996.0,967.0,1012.0,983.0,1028.0,993.0,1011.0,1057.0,994.0,1038.0,1051.0,1034.0,1027.0,1131.0,1138.0,1205.0,1104.0,1129.0,1150.0,1132.0,1170.0,1124.0,1133.0,1072.0,1112.0,1017.0,1086.0,1102.0,1026.0,1069.0,1060.0,1074.0,1057.0,984.0,931.0,975.0,971.0,957.0,962.0,964.0,972.0,988.0,948.0,907.0,949.0,951.0,898.0,879.0,903.0,938.0,892.0,943.0,931.0,1098.0,1106.0,1100.0,1143.0,1096.0,1101.0,1107.0,1102.0,1122.0,1081.0,941.0,883.0,906.0,867.0,881.0,930.0,890.0,868.0,933.0,906.0
925,777.0,775.0,783.0,770.0,761.0,775.0,806.0,775.0,759.0,747.0,988.0,978.0,990.0,960.0,962.0,981.0,981.0,961.0,955.0,958.0,925.0,1000.0,1014.0,1024.0,1009.0,957.0,976.0,1024.0,976.0,958.0,1022.0,1013.0,1065.0,1015.0,1027.0,995.0,1014.0,1032.0,1030.0,998.0,1131.0,1115.0,1169.0,1109.0,1126.0,1148.0,1132.0,1156.0,1191.0,1185.0,1067.0,1058.0,1052.0,1068.0,1104.0,1097.0,1078.0,1056.0,1076.0,1056.0,1002.0,914.0,950.0,982.0,949.0,966.0,966.0,957.0,940.0,986.0,890.0,926.0,883.0,855.0,917.0,868.0,879.0,882.0,898.0,947.0,1122.0,1181.0,1086.0,1153.0,1103.0,1135.0,1123.0,1144.0,1135.0,1076.0,893.0,904.0,878.0,921.0,911.0,892.0,902.0,876.0,888.0,944.0
926,805.0,768.0,777.0,737.0,779.0,724.0,755.0,794.0,788.0,744.0,964.0,941.0,951.0,974.0,890.0,932.0,944.0,951.0,962.0,952.0,949.0,927.0,937.0,1001.0,991.0,981.0,983.0,997.0,948.0,1003.0,1002.0,1015.0,1041.0,1017.0,1007.0,994.0,990.0,949.0,1057.0,1051.0,1083.0,1108.0,1129.0,1118.0,1135.0,1159.0,1078.0,1136.0,1115.0,1146.0,1086.0,1111.0,1097.0,1075.0,1119.0,1107.0,1110.0,1112.0,1061.0,1045.0,1019.0,987.0,970.0,907.0,999.0,978.0,970.0,1043.0,961.0,994.0,900.0,913.0,939.0,933.0,906.0,905.0,902.0,901.0,881.0,934.0,1100.0,1149.0,1096.0,1144.0,1111.0,1125.0,1140.0,1071.0,1156.0,1061.0,914.0,946.0,937.0,950.0,931.0,906.0,986.0,912.0,919.0,926.0
927,788.0,745.0,776.0,746.0,789.0,750.0,773.0,770.0,765.0,739.0,997.0,935.0,1012.0,979.0,932.0,993.0,985.0,979.0,941.0,986.0,946.0,992.0,963.0,955.0,951.0,968.0,987.0,980.0,981.0,979.0,1028.0,1031.0,968.0,1027.0,1080.0,1046.0,1040.0,1029.0,1031.0,990.0,1104.0,1122.0,1188.0,1125.0,1109.0,1120.0,1098.0,1149.0,1160.0,1170.0,1074.0,1116.0,1064.0,1078.0,1100.0,1024.0,1045.0,1062.0,1055.0,1070.0,1005.0,1007.0,961.0,968.0,941.0,1001.0,937.0,988.0,962.0,996.0,876.0,908.0,887.0,907.0,967.0,878.0,895.0,911.0,915.0,871.0,1110.0,1098.0,1123.0,1136.0,1110.0,1108.0,1156.0,1090.0,1113.0,1128.0,893.0,910.0,932.0,937.0,891.0,923.0,942.0,911.0,925.0,922.0
928,793.0,739.0,755.0,774.0,793.0,754.0,729.0,753.0,821.0,835.0,954.0,916.0,1003.0,896.0,1014.0,973.0,947.0,939.0,957.0,975.0,1016.0,994.0,989.0,985.0,949.0,962.0,955.0,997.0,970.0,933.0,1023.0,1057.0,995.0,1054.0,1063.0,1019.0,1027.0,1068.0,992.0,985.0,1121.0,1142.0,1169.0,1081.0,1176.0,1166.0,1144.0,1156.0,1157.0,1145.0,1082.0,1122.0,1087.0,1079.0,1034.0,1091.0,1060.0,1065.0,1051.0,1099.0,933.0,977.0,975.0,984.0,934.0,937.0,986.0,979.0,935.0,988.0,885.0,904.0,897.0,973.0,883.0,876.0,893.0,912.0,915.0,896.0,1115.0,1087.0,1135.0,1136.0,1112.0,1113.0,1166.0,1086.0,1152.0,1097.0,900.0,923.0,868.0,898.0,913.0,918.0,947.0,916.0,902.0,901.0
929,730.0,737.0,751.0,816.0,739.0,762.0,786.0,799.0,780.0,779.0,919.0,938.0,969.0,928.0,955.0,967.0,930.0,940.0,965.0,947.0,1026.0,1015.0,977.0,891.0,989.0,1007.0,967.0,965.0,974.0,965.0,1001.0,989.0,1049.0,1056.0,1080.0,1015.0,1022.0,1029.0,997.0,1006.0,1153.0,1140.0,1092.0,1126.0,1145.0,1124.0,1117.0,1145.0,1094.0,1158.0,1073.0,1113.0,1112.0,1085.0,1072.0,1058.0,1096.0,1004.0,1124.0,1067.0,1005.0,948.0,930.0,979.0,993.0,922.0,961.0,987.0,963.0,946.0,879.0,915.0,883.0,894.0,909.0,889.0,923.0,908.0,881.0,960.0,1151.0,1130.0,1166.0,1164.0,1104.0,1159.0,1107.0,1167.0,1118.0,1105.0,881.0,935.0,941.0,921.0,882.0,904.0,948.0,928.0,957.0,921.0
930,749.0,751.0,740.0,753.0,746.0,766.0,760.0,740.0,792.0,790.0,976.0,989.0,972.0,991.0,979.0,994.0,951.0,988.0,939.0,942.0,1002.0,941.0,981.0,955.0,1008.0,976.0,1064.0,964.0,967.0,1031.0,973.0,1052.0,1007.0,1059.0,1002.0,1034.0,968.0,967.0,1031.0,1020.0,1137.0,1168.0,1145.0,1150.0,1179.0,1152.0,1100.0,1170.0,1177.0,1110.0,1089.0,1086.0,1065.0,1064.0,1076.0,1078.0,1072.0,1046.0,1044.0,1076.0,941.0,936.0,943.0,945.0,994.0,917.0,1004.0,975.0,943.0,968.0,929.0,921.0,885.0,929.0,855.0,904.0,869.0,914.0,942.0,904.0,1112.0,1122.0,1144.0,1105.0,1136.0,1108.0,1141.0,1193.0,1108.0,1123.0,910.0,893.0,985.0,910.0,888.0,877.0,926.0,911.0,911.0,890.0
931,764.0,761.0,774.0,768.0,776.0,741.0,728.0,805.0,752.0,783.0,930.0,950.0,931.0,956.0,967.0,982.0,900.0,919.0,909.0,902.0,957.0,1006.0,961.0,972.0,935.0,1010.0,960.0,922.0,992.0,962.0,1011.0,1041.0,1072.0,1013.0,1041.0,1009.0,1041.0,1026.0,1024.0,1053.0,1172.0,1171.0,1116.0,1154.0,1175.0,1124.0,1126.0,1194.0,1141.0,1176.0,1110.0,1066.0,1099.0,1069.0,1073.0,1086.0,1108.0,1094.0,1059.0,1074.0,996.0,936.0,923.0,943.0,949.0,927.0,1029.0,968.0,927.0,975.0,866.0,929.0,910.0,903.0,914.0,886.0,930.0,945.0,925.0,892.0,1115.0,1121.0,1145.0,1168.0,1169.0,1123.0,1137.0,1096.0,1154.0,1066.0,894.0,877.0,936.0,916.0,860.0,919.0,892.0,899.0,969.0,970.0
932,756.0,782.0,761.0,774.0,750.0,774.0,806.0,817.0,795.0,781.0,972.0,959.0,967.0,932.0,933.0,944.0,938.0,959.0,932.0,970.0,972.0,949.0,995.0,960.0,975.0,1015.0,969.0,975.0,916.0,975.0,1018.0,1032.0,996.0,1046.0,1037.0,1015.0,1004.0,997.0,1066.0,1061.0,1111.0,1143.0,1101.0,1098.0,1171.0,1132.0,1136.0,1130.0,1099.0,1122.0,1114.0,1079.0,1115.0,1105.0,1050.0,1006.0,1095.0,1072.0,1055.0,1052.0,962.0,984.0,996.0,994.0,952.0,949.0,959.0,957.0,1018.0,987.0,882.0,923.0,919.0,913.0,911.0,899.0,910.0,889.0,904.0,879.0,1104.0,1091.0,1106.0,1105.0,1150.0,1127.0,1122.0,1139.0,1159.0,1082.0,925.0,918.0,915.0,938.0,929.0,949.0,913.0,937.0,908.0,946.0
933,784.0,728.0,791.0,776.0,761.0,766.0,755.0,801.0,760.0,760.0,939.0,942.0,963.0,956.0,929.0,965.0,948.0,972.0,948.0,972.0,1002.0,976.0,972.0,990.0,991.0,979.0,949.0,988.0,1005.0,982.0,1032.0,1064.0,997.0,1000.0,1019.0,1021.0,1024.0,968.0,1037.0,1031.0,1138.0,1108.0,1168.0,1144.0,1118.0,1175.0,1150.0,1228.0,1093.0,1113.0,1122.0,1109.0,1101.0,1115.0,1076.0,1083.0,1077.0,1060.0,1093.0,1099.0,932.0,972.0,949.0,948.0,914.0,944.0,1001.0,975.0,981.0,967.0,862.0,893.0,903.0,898.0,966.0,872.0,925.0,909.0,915.0,908.0,1089.0,1101.0,1102.0,1122.0,1120.0,1132.0,1085.0,1089.0,1126.0,1096.0,915.0,967.0,928.0,916.0,967.0,869.0,939.0,881.0,893.0,926.0
934,783.0,805.0,750.0,732.0,746.0,749.0,779.0,772.0,767.0,759.0,956.0,927.0,982.0,958.0,968.0,934.0,945.0,996.0,960.0,920.0,953.0,997.0,1010.0,967.0,997.0,962.0,942.0,981.0,997.0,981.0,1052.0,1082.0,1030.0,1038.0,1039.0,1016.0,1063.0,1001.0,1004.0,1028.0,1146.0,1127.0,1129.0,1116.0,1145.0,1115.0,1116.0,1158.0,1139.0,1154.0,1066.0,1118.0,1061.0,1107.0,1105.0,1104.0,1085.0,1062.0,1099.0,1048.0,992.0,961.0,966.0,943.0,968.0,982.0,952.0,978.0,992.0,989.0,867.0,851.0,920.0,938.0,874.0,898.0,920.0,891.0,885.0,899.0,1097.0,1122.0,1123.0,1104.0,1126.0,1163.0,1099.0,1128.0,1141.0,1171.0,903.0,868.0,905.0,963.0,893.0,882.0,954.0,905.0,866.0,902.0
935,787.0,732.0,744.0,784.0,775.0,747.0,799.0,769.0,801.0,767.0,923.0,964.0,957.0,978.0,942.0,951.0,958.0,942.0,940.0,919.0,963.0,968.0,1002.0,966.0,954.0,967.0,990.0,955.0,990.0,1072.0,1042.0,1043.0,999.0,993.0,1028.0,982.0,1017.0,1012.0,999.0,962.0,1138.0,1144.0,1160.0,1168.0,1144.0,1135.0,1107.0,1120.0,1097.0,1209.0,1104.0,1074.0,1073.0,1078.0,1065.0,1056.0,1068.0,1122.0,1078.0,1110.0,964.0,1004.0,967.0,943.0,963.0,986.0,965.0,1024.0,957.0,919.0,871.0,905.0,913.0,930.0,949.0,930.0,857.0,920.0,923.0,909.0,1142.0,1120.0,1171.0,1108.0,1164.0,1134.0,1131.0,1104.0,1138.0,1104.0,881.0,904.0,887.0,919.0,877.0,919.0,966.0,905.0,930.0,874.0
936,764.0,763.0,725.0,763.0,782.0,768.0,754.0,804.0,803.0,750.0,945.0,990.0,1048.0,1015.0,979.0,989.0,977.0,999.0,928.0,961.0,987.0,945.0,965.0,928.0,984.0,985.0,966.0,939.0,994.0,992.0,1031.0,1005.0,960.0,1019.0,958.0,1010.0,1008.0,988.0,1010.0,1003.0,1123.0,1156.0,1150.0,1105.0,1120.0,1154.0,1146.0,1167.0,1127.0,1114.0,1170.0,1054.0,1084.0,1104.0,1094.0,1058.0,1102.0,1087.0,1076.0,1084.0,900.0,1006.0,976.0,948.0,949.0,956.0,955.0,924.0,988.0,946.0,866.0,880.0,916.0,919.0,994.0,887.0,910.0,923.0,898.0,915.0,1108.0,1114.0,1157.0,1125.0,1107.0,1102.0,1137.0,1136.0,1097.0,1153.0,918.0,947.0,889.0,942.0,900.0,899.0,901.0,906.0,937.0,925.0
937,746.0,780.0,785.0,817.0,754.0,765.0,759.0,761.0,787.0,776.0,924.0,971.0,959.0,954.0,945.0,972.0,992.0,959.0,973.0,930.0,1030.0,970.0,1012.0,982.0,1002.0,957.0,970.0,949.0,1011.0,986.0,1051.0,1036.0,985.0,1028.0,1028.0,993.0,1046.0,1040.0,1031.0,1060.0,1125.0,1157.0,1150.0,1103.0,1210.0,1167.0,1147.0,1157.0,1155.0,1136.0,1089.0,1092.0,1056.0,1077.0,1072.0,1112.0,1077.0,1108.0,1037.0,1082.0,944.0,922.0,950.0,984.0,922.0,936.0,950.0,939.0,928.0,946.0,923.0,881.0,869.0,912.0,930.0,926.0,902.0,910.0,908.0,913.0,1073.0,1130.0,1135.0,1101.0,1090.0,1081.0,1109.0,1147.0,1115.0,1126.0,907.0,919.0,970.0,916.0,913.0,899.0,903.0,900.0,914.0,888.0
938,793.0,751.0,766.0,769.0,747.0,746.0,766.0,743.0,773.0,778.0,919.0,924.0,962.0,951.0,1006.0,916.0,936.0,969.0,980.0,977.0,1011.0,941.0,1009.0,974.0,999.0,970.0,999.0,994.0,923.0,957.0,989.0,1034.0,1021.0,1104.0,981.0,1058.0,1014.0,1023.0,1036.0,1069.0,1138.0,1139.0,1151.0,1156.0,1109.0,1147.0,1121.0,1162.0,1143.0,1089.0,1048.0,1066.0,1109.0,1064.0,1135.0,1095.0,1099.0,1037.0,1072.0,1091.0,953.0,1038.0,1006.0,911.0,937.0,967.0,1011.0,951.0,996.0,965.0,917.0,939.0,896.0,922.0,908.0,910.0,872.0,934.0,903.0,860.0,1106.0,1093.0,1088.0,1142.0,1139.0,1097.0,1123.0,1113.0,1085.0,1133.0,942.0,935.0,861.0,878.0,905.0,901.0,914.0,944.0,949.0,924.0
939,773.0,803.0,805.0,740.0,805.0,762.0,794.0,767.0,818.0,735.0,944.0,907.0,1007.0,937.0,926.0,900.0,986.0,966.0,950.0,993.0,969.0,980.0,964.0,972.0,917.0,1041.0,985.0,1030.0,986.0,927.0,995.0,1055.0,999.0,1034.0,1056.0,1020.0,1004.0,1022.0,1015.0,1022.0,1153.0,1176.0,1130.0,1167.0,1147.0,1118.0,1149.0,1111.0,1093.0,1119.0,1106.0,1095.0,1126.0,1072.0,1127.0,1093.0,1038.0,1074.0,1092.0,1121.0,922.0,986.0,949.0,951.0,959.0,984.0,945.0,975.0,980.0,999.0,904.0,850.0,908.0,922.0,921.0,909.0,905.0,914.0,902.0,879.0,1147.0,1105.0,1115.0,1115.0,1143.0,1054.0,1115.0,1106.0,1104.0,1122.0,900.0,902.0,867.0,959.0,864.0,928.0,936.0,908.0,925.0,922.0
940,767.0,760.0,801.0,750.0,740.0,787.0,789.0,751.0,777.0,763.0,932.0,964.0,951.0,1006.0,936.0,945.0,990.0,971.0,967.0,948.0,975.0,999.0,999.0,988.0,974.0,1035.0,984.0,947.0,994.0,992.0,980.0,996.0,1027.0,1032.0,1028.0,964.0,1014.0,994.0,1047.0,1076.0,1149.0,1141.0,1158.0,1114.0,1116.0,1113.0,1092.0,1123.0,1176.0,1112.0,1053.0,1081.0,1096.0,1116.0,1070.0,1111.0,1108.0,1156.0,1055.0,1126.0,988.0,987.0,968.0,964.0,1011.0,982.0,1010.0,929.0,969.0,920.0,900.0,928.0,903.0,868.0,926.0,894.0,879.0,916.0,883.0,894.0,1104.0,1117.0,1072.0,1154.0,1098.0,1081.0,1080.0,1136.0,1108.0,1113.0,967.0,887.0,897.0,874.0,969.0,899.0,914.0,948.0,887.0,892.0
941,756.0,748.0,775.0,774.0,746.0,740.0,777.0,772.0,780.0,800.0,912.0,973.0,961.0,1005.0,1025.0,930.0,972.0,967.0,958.0,965.0,983.0,993.0,965.0,930.0,970.0,1015.0,1025.0,964.0,1013.0,996.0,1012.0,1007.0,1027.0,1051.0,1006.0,1044.0,960.0,1026.0,1025.0,1047.0,1109.0,1192.0,1142.0,1158.0,1172.0,1111.0,1158.0,1123.0,1119.0,1090.0,1072.0,1058.0,1085.0,1079.0,1143.0,1034.0,1078.0,1118.0,1080.0,1067.0,992.0,976.0,988.0,967.0,957.0,983.0,934.0,961.0,968.0,947.0,915.0,905.0,931.0,889.0,878.0,920.0,943.0,907.0,897.0,914.0,1141.0,1110.0,1108.0,1133.0,1103.0,1118.0,1090.0,1148.0,1112.0,1092.0,922.0,897.0,893.0,879.0,863.0,916.0,924.0,883.0,911.0,923.0
942,810.0,745.0,729.0,782.0,794.0,786.0,799.0,748.0,764.0,778.0,888.0,966.0,933.0,1003.0,932.0,942.0,948.0,959.0,975.0,963.0,997.0,950.0,981.0,952.0,987.0,953.0,945.0,943.0,1017.0,964.0,1027.0,1023.0,989.0,989.0,1036.0,1026.0,999.0,1019.0,980.0,1049.0,1180.0,1129.0,1113.0,1180.0,1110.0,1164.0,1194.0,1159.0,1154.0,1125.0,1077.0,1106.0,1158.0,1072.0,1090.0,1056.0,1095.0,1082.0,1134.0,994.0,940.0,974.0,972.0,950.0,988.0,967.0,937.0,967.0,961.0,970.0,900.0,927.0,970.0,906.0,905.0,871.0,896.0,939.0,872.0,966.0,1087.0,1127.0,1143.0,1168.0,1122.0,1157.0,1139.0,1125.0,1085.0,1105.0,911.0,911.0,882.0,859.0,902.0,887.0,905.0,928.0,919.0,932.0
943,770.0,802.0,774.0,762.0,758.0,779.0,781.0,794.0,707.0,762.0,934.0,968.0,939.0,970.0,986.0,885.0,937.0,994.0,978.0,986.0,988.0,979.0,962.0,945.0,1003.0,970.0,937.0,934.0,1034.0,988.0,1001.0,994.0,1028.0,938.0,1000.0,1047.0,1034.0,1006.0,1037.0,1038.0,1157.0,1116.0,1140.0,1140.0,1154.0,1130.0,1121.0,1162.0,1157.0,1135.0,1084.0,1053.0,1096.0,1109.0,1044.0,1125.0,1058.0,1071.0,1094.0,1063.0,996.0,1004.0,957.0,998.0,1006.0,972.0,953.0,953.0,972.0,994.0,893.0,917.0,936.0,920.0,934.0,864.0,903.0,901.0,873.0,902.0,1118.0,1163.0,1126.0,1138.0,1080.0,1126.0,1206.0,1136.0,1109.0,1072.0,873.0,865.0,914.0,939.0,903.0,909.0,925.0,918.0,894.0,906.0
944,786.0,785.0,795.0,773.0,752.0,758.0,746.0,739.0,769.0,797.0,926.0,977.0,931.0,958.0,961.0,940.0,940.0,998.0,988.0,943.0,957.0,955.0,969.0,960.0,985.0,1012.0,1012.0,934.0,982.0,944.0,1021.0,989.0,1030.0,985.0,1061.0,1009.0,1021.0,1043.0,1064.0,1008.0,1138.0,1120.0,1104.0,1136.0,1175.0,1137.0,1155.0,1194.0,1148.0,1118.0,1064.0,1122.0,1110.0,1145.0,1051.0,1088.0,1072.0,1085.0,1048.0,1122.0,965.0,962.0,979.0,948.0,959.0,978.0,985.0,1005.0,920.0,941.0,947.0,851.0,895.0,913.0,902.0,895.0,890.0,848.0,859.0,893.0,1075.0,1158.0,1148.0,1141.0,1123.0,1094.0,1073.0,1087.0,1155.0,1189.0,939.0,941.0,912.0,900.0,897.0,899.0,962.0,932.0,919.0,889.0
945,789.0,774.0,775.0,807.0,770.0,793.0,776.0,783.0,782.0,775.0,972.0,963.0,969.0,925.0,933.0,943.0,989.0,952.0,923.0,935.0,957.0,985.0,987.0,996.0,1006.0,975.0,952.0,987.0,991.0,1008.0,1062.0,1056.0,1004.0,1021.0,1065.0,991.0,1022.0,978.0,1016.0,1029.0,1128.0,1174.0,1102.0,1142.0,1161.0,1206.0,1121.0,1137.0,1136.0,1115.0,1108.0,1124.0,1069.0,1064.0,1079.0,1095.0,1041.0,1091.0,1104.0,1071.0,925.0,941.0,984.0,942.0,944.0,905.0,988.0,964.0,902.0,930.0,872.0,857.0,920.0,945.0,885.0,888.0,920.0,924.0,903.0,919.0,1117.0,1068.0,1135.0,1102.0,1099.0,1104.0,1134.0,1114.0,1140.0,1178.0,888.0,917.0,932.0,921.0,924.0,906.0,913.0,938.0,956.0,882.0
946,748.0,765.0,794.0,771.0,780.0,781.0,774.0,762.0,763.0,787.0,922.0,959.0,920.0,978.0,959.0,959.0,957.0,946.0,956.0,983.0,978.0,981.0,985.0,989.0,998.0,964.0,1002.0,995.0,1000.0,962.0,1034.0,1015.0,1069.0,1046.0,988.0,1065.0,995.0,996.0,1070.0,1018.0,1183.0,1129.0,1122.0,1079.0,1169.0,1102.0,1152.0,1143.0,1135.0,1147.0,1107.0,1086.0,1098.0,1098.0,1080.0,1103.0,1042.0,1108.0,1080.0,1060.0,897.0,987.0,980.0,948.0,939.0,932.0,936.0,979.0,947.0,956.0,919.0,924.0,874.0,948.0,928.0,867.0,930.0,893.0,921.0,881.0,1131.0,1156.0,1125.0,1115.0,1115.0,1103.0,1139.0,1155.0,1072.0,1134.0,896.0,858.0,910.0,897.0,910.0,933.0,931.0,891.0,911.0,914.0
947,771.0,728.0,808.0,751.0,769.0,801.0,765.0,732.0,779.0,808.0,953.0,935.0,933.0,969.0,960.0,928.0,963.0,922.0,967.0,916.0,961.0,928.0,1017.0,990.0,996.0,1005.0,974.0,943.0,966.0,1025.0,1024.0,1013.0,1039.0,1009.0,1032.0,1009.0,1047.0,1034.0,1034.0,1001.0,1131.0,1153.0,1150.0,1159.0,1124.0,1118.0,1118.0,1184.0,1199.0,1119.0,1044.0,1064.0,1096.0,1084.0,1043.0,1042.0,1108.0,1091.0,1035.0,1120.0,971.0,1000.0,923.0,972.0,1015.0,934.0,934.0,1019.0,936.0,956.0,951.0,928.0,883.0,935.0,906.0,932.0,915.0,901.0,892.0,882.0,1088.0,1185.0,1109.0,1110.0,1110.0,1130.0,1137.0,1121.0,1128.0,1104.0,926.0,924.0,919.0,890.0,913.0,912.0,895.0,917.0,917.0,913.0
948,790.0,810.0,764.0,788.0,782.0,797.0,817.0,773.0,749.0,775.0,994.0,971.0,954.0,939.0,950.0,949.0,998.0,951.0,921.0,902.0,964.0,917.0,958.0,950.0,986.0,930.0,969.0,998.0,999.0,1025.0,1007.0,964.0,1052.0,988.0,1023.0,1010.0,993.0,1028.0,1039.0,1064.0,1109.0,1192.0,1175.0,1159.0,1201.0,1126.0,1141.0,1135.0,1196.0,1137.0,1040.0,1128.0,1063.0,1081.0,1063.0,1119.0,1085.0,1102.0,1081.0,1049.0,931.0,937.0,951.0,949.0,953.0,951.0,932.0,953.0,947.0,1004.0,913.0,905.0,871.0,948.0,883.0,902.0,908.0,905.0,872.0,877.0,1153.0,1149.0,1162.0,1120.0,1142.0,1099.0,1148.0,1102.0,1115.0,1096.0,922.0,882.0,924.0,948.0,882.0,930.0,866.0,918.0,930.0,914.0
949,769.0,830.0,793.0,733.0,776.0,724.0,774.0,798.0,752.0,768.0,994.0,973.0,939.0,1009.0,928.0,941.0,970.0,985.0,975.0,932.0,964.0,953.0,949.0,955.0,968.0,1034.0,915.0,965.0,993.0,1000.0,993.0,992.0,1008.0,1004.0,1010.0,1011.0,1022.0,1006.0,1053.0,1016.0,1168.0,1148.0,1152.0,1115.0,1171.0,1129.0,1157.0,1094.0,1138.0,1148.0,1066.0,1075.0,1098.0,1041.0,1102.0,1087.0,1078.0,1094.0,1063.0,1057.0,886.0,942.0,989.0,992.0,936.0,945.0,973.0,947.0,903.0,971.0,936.0,875.0,923.0,958.0,901.0,874.0,934.0,959.0,905.0,896.0,1108.0,1149.0,1100.0,1122.0,1127.0,1116.0,1154.0,1136.0,1113.0,1160.0,939.0,920.0,926.0,944.0,946.0,951.0,878.0,885.0,955.0,893.0
950,762.0,768.0,757.0,734.0,771.0,790.0,782.0,749.0,737.0,756.0,960.0,955.0,999.0,978.0,972.0,922.0,950.0,989.0,1005.0,1003.0,953.0,955.0,956.0,998.0,1006.0,969.0,951.0,1006.0,1005.0,956.0,1009.0,1007.0,1029.0,1022.0,1003.0,1057.0,1007.0,973.0,1038.0,979.0,1155.0,1131.0,1108.0,1146.0,1146.0,1098.0,1163.0,1122.0,1095.0,1148.0,1087.0,1061.0,1073.0,1067.0,1069.0,1088.0,1069.0,1109.0,1028.0,1071.0,893.0,942.0,982.0,981.0,959.0,992.0,949.0,913.0,963.0,1019.0,959.0,950.0,928.0,916.0,897.0,886.0,918.0,918.0,936.0,893.0,1111.0,1155.0,1134.0,1112.0,1119.0,1092.0,1138.0,1158.0,1108.0,1106.0,934.0,934.0,911.0,918.0,924.0,921.0,927.0,931.0,938.0,910.0
951,752.0,775.0,774.0,789.0,778.0,777.0,758.0,719.0,813.0,753.0,951.0,983.0,982.0,978.0,992.0,950.0,907.0,949.0,968.0,967.0,973.0,975.0,940.0,972.0,959.0,992.0,994.0,989.0,981.0,1012.0,999.0,1051.0,1048.0,1014.0,1022.0,1045.0,1060.0,1024.0,1005.0,1026.0,1151.0,1107.0,1113.0,1088.0,1124.0,1117.0,1097.0,1144.0,1185.0,1145.0,1097.0,1129.0,1136.0,1108.0,1073.0,1087.0,1070.0,1083.0,1050.0,1118.0,942.0,930.0,942.0,975.0,980.0,963.0,977.0,959.0,978.0,947.0,896.0,901.0,965.0,936.0,907.0,885.0,938.0,919.0,879.0,876.0,1089.0,1112.0,1088.0,1092.0,1143.0,1096.0,1120.0,1119.0,1098.0,1105.0,974.0,896.0,890.0,926.0,888.0,903.0,935.0,960.0,897.0,890.0
952,772.0,733.0,789.0,767.0,800.0,784.0,773.0,754.0,779.0,782.0,1000.0,956.0,959.0,972.0,905.0,943.0,917.0,905.0,952.0,918.0,968.0,1025.0,979.0,997.0,1016.0,991.0,983.0,1010.0,939.0,987.0,1012.0,1015.0,1020.0,1025.0,1024.0,1032.0,1058.0,995.0,991.0,1036.0,1103.0,1109.0,1093.0,1116.0,1140.0,1134.0,1126.0,1187.0,1173.0,1148.0,1074.0,1102.0,1041.0,1064.0,1080.0,1070.0,1076.0,1074.0,1066.0,1061.0,964.0,935.0,971.0,954.0,971.0,945.0,936.0,987.0,970.0,977.0,927.0,911.0,958.0,897.0,928.0,908.0,922.0,917.0,888.0,892.0,1121.0,1117.0,1144.0,1164.0,1057.0,1122.0,1143.0,1132.0,1144.0,1131.0,886.0,957.0,928.0,919.0,949.0,887.0,921.0,901.0,951.0,907.0
953,740.0,767.0,730.0,743.0,754.0,773.0,757.0,779.0,816.0,755.0,946.0,971.0,976.0,931.0,941.0,970.0,935.0,918.0,944.0,950.0,1018.0,958.0,993.0,970.0,1004.0,944.0,996.0,947.0,945.0,1001.0,1001.0,1046.0,1046.0,1040.0,1020.0,985.0,1067.0,1056.0,981.0,997.0,1135.0,1124.0,1156.0,1143.0,1122.0,1139.0,1122.0,1165.0,1123.0,1151.0,1099.0,1095.0,1080.0,1091.0,1127.0,1077.0,1065.0,1046.0,1087.0,1040.0,937.0,997.0,976.0,940.0,960.0,960.0,925.0,1007.0,940.0,972.0,899.0,936.0,907.0,947.0,928.0,915.0,913.0,896.0,929.0,903.0,1144.0,1061.0,1094.0,1159.0,1094.0,1136.0,1152.0,1104.0,1177.0,1151.0,906.0,909.0,922.0,907.0,921.0,917.0,922.0,945.0,912.0,918.0
954,739.0,775.0,842.0,766.0,777.0,814.0,794.0,746.0,778.0,769.0,936.0,1001.0,959.0,980.0,1011.0,1000.0,952.0,951.0,911.0,879.0,975.0,959.0,964.0,972.0,1002.0,959.0,990.0,1014.0,1007.0,1029.0,1026.0,1043.0,1012.0,1041.0,1026.0,997.0,1001.0,1018.0,993.0,1020.0,1131.0,1116.0,1168.0,1144.0,1139.0,1116.0,1144.0,1109.0,1183.0,1150.0,1096.0,1072.0,1064.0,1078.0,1111.0,1056.0,1057.0,1093.0,1085.0,1081.0,969.0,978.0,970.0,960.0,905.0,923.0,959.0,965.0,994.0,955.0,922.0,906.0,908.0,914.0,887.0,918.0,927.0,910.0,877.0,918.0,1129.0,1102.0,1130.0,1091.0,1130.0,1099.0,1121.0,1155.0,1157.0,1112.0,900.0,914.0,866.0,926.0,880.0,939.0,910.0,903.0,866.0,926.0
955,769.0,775.0,797.0,773.0,764.0,734.0,806.0,739.0,778.0,774.0,933.0,944.0,960.0,1002.0,940.0,946.0,926.0,940.0,940.0,926.0,970.0,994.0,993.0,1013.0,997.0,961.0,995.0,965.0,1034.0,948.0,1082.0,996.0,978.0,985.0,1010.0,1066.0,1044.0,1066.0,1019.0,1009.0,1112.0,1162.0,1102.0,1101.0,1121.0,1156.0,1122.0,1107.0,1107.0,1196.0,1029.0,1094.0,1080.0,1097.0,1072.0,1091.0,1090.0,1105.0,1070.0,1061.0,966.0,948.0,1012.0,936.0,995.0,960.0,942.0,943.0,1024.0,964.0,926.0,906.0,930.0,916.0,925.0,893.0,890.0,925.0,875.0,951.0,1119.0,1097.0,1110.0,1141.0,1147.0,1121.0,1107.0,1130.0,1115.0,1110.0,917.0,952.0,926.0,910.0,898.0,889.0,936.0,943.0,891.0,898.0
956,769.0,750.0,722.0,733.0,766.0,811.0,771.0,749.0,789.0,806.0,946.0,1006.0,975.0,945.0,964.0,954.0,938.0,961.0,959.0,931.0,998.0,1000.0,991.0,1011.0,948.0,953.0,1014.0,990.0,971.0,953.0,1010.0,1020.0,1021.0,1029.0,1033.0,968.0,1091.0,1022.0,969.0,1011.0,1134.0,1104.0,1156.0,1169.0,1200.0,1117.0,1143.0,1110.0,1117.0,1170.0,1067.0,1074.0,1103.0,1087.0,1086.0,1109.0,1065.0,1102.0,1090.0,1129.0,975.0,947.0,926.0,959.0,939.0,978.0,926.0,928.0,976.0,963.0,905.0,904.0,911.0,921.0,930.0,907.0,875.0,913.0,906.0,933.0,1151.0,1147.0,1131.0,1068.0,1095.0,1123.0,1099.0,1158.0,1152.0,1079.0,868.0,917.0,948.0,951.0,906.0,899.0,936.0,928.0,926.0,864.0
957,755.0,761.0,795.0,746.0,755.0,818.0,752.0,737.0,739.0,802.0,996.0,926.0,922.0,1001.0,971.0,945.0,937.0,988.0,975.0,954.0,1003.0,986.0,958.0,999.0,979.0,999.0,977.0,967.0,953.0,985.0,992.0,1015.0,1023.0,1052.0,1044.0,1026.0,1050.0,1027.0,1027.0,997.0,1128.0,1111.0,1096.0,1126.0,1110.0,1156.0,1093.0,1158.0,1139.0,1128.0,1086.0,1076.0,1136.0,1034.0,1052.0,1071.0,1127.0,1095.0,1078.0,1067.0,916.0,960.0,977.0,969.0,960.0,948.0,952.0,928.0,1000.0,966.0,934.0,948.0,938.0,903.0,931.0,901.0,945.0,896.0,919.0,919.0,1093.0,1149.0,1123.0,1122.0,1136.0,1097.0,1107.0,1160.0,1114.0,1126.0,921.0,939.0,918.0,920.0,930.0,859.0,917.0,901.0,912.0,898.0
958,746.0,734.0,810.0,733.0,765.0,766.0,781.0,748.0,764.0,772.0,954.0,984.0,967.0,1006.0,990.0,957.0,947.0,946.0,923.0,975.0,964.0,949.0,936.0,981.0,963.0,951.0,967.0,954.0,1027.0,994.0,1027.0,986.0,1065.0,1000.0,1021.0,979.0,998.0,1022.0,1026.0,1063.0,1144.0,1129.0,1101.0,1162.0,1176.0,1139.0,1157.0,1186.0,1125.0,1142.0,1040.0,1125.0,1059.0,1034.0,1060.0,1107.0,1124.0,1118.0,1080.0,1053.0,957.0,950.0,964.0,1018.0,939.0,952.0,955.0,938.0,986.0,933.0,900.0,926.0,923.0,903.0,920.0,939.0,930.0,892.0,911.0,894.0,1143.0,1160.0,1161.0,1135.0,1105.0,1091.0,1079.0,1123.0,1100.0,1112.0,949.0,926.0,903.0,899.0,929.0,941.0,919.0,929.0,915.0,903.0
959,796.0,740.0,738.0,755.0,768.0,825.0,792.0,819.0,794.0,739.0,960.0,974.0,971.0,958.0,965.0,953.0,943.0,938.0,958.0,964.0,966.0,953.0,1000.0,980.0,952.0,974.0,1043.0,989.0,923.0,968.0,1004.0,1025.0,1033.0,1005.0,1003.0,979.0,1011.0,1024.0,1020.0,1036.0,1154.0,1109.0,1103.0,1128.0,1160.0,1175.0,1155.0,1082.0,1176.0,1113.0,1057.0,1122.0,1077.0,1099.0,1092.0,1096.0,1066.0,1067.0,1086.0,1103.0,964.0,936.0,989.0,980.0,969.0,963.0,926.0,967.0,944.0,941.0,914.0,895.0,901.0,891.0,938.0,860.0,903.0,918.0,913.0,949.0,1111.0,1174.0,1099.0,1162.0,1130.0,1088.0,1124.0,1102.0,1116.0,1111.0,899.0,938.0,978.0,913.0,891.0,910.0,894.0,958.0,926.0,917.0
960,832.0,766.0,787.0,753.0,822.0,763.0,760.0,814.0,793.0,789.0,937.0,945.0,989.0,909.0,908.0,947.0,951.0,978.0,948.0,902.0,954.0,981.0,978.0,966.0,967.0,992.0,985.0,990.0,977.0,985.0,1032.0,1001.0,1073.0,998.0,1017.0,1009.0,966.0,1009.0,1046.0,981.0,1097.0,1129.0,1091.0,1174.0,1162.0,1115.0,1118.0,1146.0,1137.0,1157.0,1090.0,1035.0,1073.0,1155.0,1060.0,1090.0,1099.0,1075.0,1085.0,1084.0,990.0,986.0,938.0,965.0,989.0,955.0,1022.0,959.0,914.0,1004.0,874.0,967.0,882.0,932.0,955.0,907.0,892.0,900.0,908.0,862.0,1124.0,1140.0,1130.0,1109.0,1095.0,1139.0,1139.0,1109.0,1112.0,1101.0,898.0,918.0,949.0,905.0,897.0,905.0,925.0,887.0,937.0,976.0
961,794.0,769.0,773.0,756.0,739.0,749.0,820.0,797.0,747.0,767.0,1004.0,972.0,983.0,901.0,924.0,942.0,951.0,944.0,996.0,940.0,970.0,978.0,975.0,981.0,946.0,980.0,982.0,969.0,1010.0,952.0,1034.0,1027.0,1064.0,1019.0,1057.0,1009.0,1035.0,1041.0,982.0,1078.0,1122.0,1154.0,1137.0,1136.0,1131.0,1118.0,1175.0,1167.0,1199.0,1143.0,1059.0,1072.0,1051.0,1125.0,1098.0,1082.0,1071.0,1055.0,1061.0,1102.0,938.0,940.0,990.0,1007.0,990.0,944.0,921.0,980.0,969.0,930.0,910.0,887.0,889.0,947.0,930.0,915.0,888.0,881.0,894.0,852.0,1093.0,1112.0,1102.0,1087.0,1153.0,1184.0,1155.0,1128.0,1106.0,1139.0,907.0,958.0,928.0,906.0,901.0,894.0,856.0,905.0,891.0,934.0
962,751.0,820.0,819.0,815.0,769.0,719.0,749.0,796.0,829.0,740.0,998.0,970.0,968.0,894.0,937.0,963.0,1013.0,940.0,918.0,926.0,967.0,976.0,962.0,1019.0,987.0,980.0,947.0,1009.0,926.0,966.0,1009.0,1003.0,1033.0,1045.0,997.0,1045.0,1008.0,991.0,1027.0,1018.0,1114.0,1094.0,1155.0,1115.0,1157.0,1152.0,1121.0,1154.0,1183.0,1140.0,1059.0,1109.0,1050.0,1056.0,1063.0,1066.0,1120.0,1047.0,1074.0,1107.0,996.0,977.0,971.0,1001.0,964.0,970.0,959.0,988.0,948.0,941.0,878.0,837.0,868.0,905.0,961.0,902.0,915.0,916.0,897.0,893.0,1122.0,1131.0,1162.0,1133.0,1096.0,1102.0,1109.0,1102.0,1154.0,1133.0,936.0,954.0,903.0,884.0,940.0,917.0,913.0,928.0,898.0,969.0
963,754.0,756.0,790.0,763.0,785.0,767.0,746.0,775.0,805.0,796.0,948.0,959.0,947.0,867.0,944.0,949.0,972.0,912.0,928.0,920.0,980.0,1008.0,945.0,1001.0,983.0,960.0,1002.0,947.0,954.0,1002.0,1016.0,1039.0,1057.0,1041.0,1059.0,1018.0,973.0,988.0,1005.0,999.0,1117.0,1094.0,1123.0,1152.0,1174.0,1169.0,1178.0,1155.0,1132.0,1140.0,1099.0,1127.0,1136.0,1062.0,1123.0,1089.0,1084.0,1108.0,1048.0,1065.0,979.0,943.0,976.0,988.0,925.0,985.0,999.0,990.0,978.0,966.0,920.0,907.0,936.0,945.0,901.0,859.0,918.0,929.0,947.0,903.0,1118.0,1100.0,1095.0,1159.0,1071.0,1113.0,1126.0,1177.0,1133.0,1139.0,899.0,940.0,886.0,886.0,906.0,905.0,853.0,887.0,926.0,905.0
964,759.0,780.0,836.0,735.0,758.0,766.0,721.0,770.0,826.0,805.0,919.0,970.0,924.0,933.0,965.0,933.0,918.0,953.0,921.0,917.0,955.0,973.0,979.0,984.0,989.0,999.0,974.0,942.0,972.0,972.0,1046.0,1100.0,1040.0,1035.0,1057.0,1037.0,1013.0,1032.0,1030.0,1001.0,1165.0,1143.0,1162.0,1120.0,1123.0,1109.0,1126.0,1132.0,1154.0,1178.0,1067.0,1073.0,1082.0,1109.0,1054.0,1132.0,1135.0,1067.0,1109.0,1066.0,987.0,949.0,939.0,956.0,1063.0,952.0,961.0,1005.0,931.0,920.0,939.0,870.0,910.0,952.0,895.0,930.0,938.0,912.0,904.0,909.0,1080.0,1094.0,1144.0,1119.0,1078.0,1066.0,1127.0,1150.0,1114.0,1127.0,911.0,919.0,874.0,920.0,891.0,891.0,935.0,905.0,894.0,942.0
965,783.0,779.0,766.0,788.0,779.0,777.0,732.0,763.0,794.0,781.0,971.0,930.0,943.0,897.0,1009.0,929.0,938.0,963.0,968.0,998.0,958.0,953.0,948.0,963.0,922.0,939.0,971.0,959.0,967.0,1000.0,983.0,1080.0,995.0,987.0,1006.0,991.0,1052.0,1007.0,1007.0,1014.0,1132.0,1122.0,1137.0,1098.0,1180.0,1179.0,1162.0,1143.0,1100.0,1122.0,1068.0,1084.0,1150.0,1071.0,1049.0,1082.0,1073.0,1132.0,1111.0,1056.0,1001.0,952.0,957.0,1002.0,997.0,921.0,973.0,964.0,963.0,910.0,939.0,865.0,933.0,950.0,889.0,965.0,931.0,927.0,945.0,901.0,1119.0,1125.0,1139.0,1163.0,1112.0,1110.0,1138.0,1117.0,1112.0,1136.0,875.0,979.0,919.0,947.0,928.0,922.0,874.0,892.0,891.0,921.0
966,763.0,810.0,744.0,783.0,781.0,778.0,769.0,783.0,752.0,739.0,976.0,1006.0,962.0,984.0,983.0,931.0,952.0,967.0,953.0,956.0,960.0,992.0,965.0,973.0,992.0,994.0,953.0,985.0,975.0,972.0,1046.0,989.0,1057.0,985.0,1044.0,1091.0,1037.0,955.0,1023.0,1011.0,1180.0,1136.0,1149.0,1157.0,1131.0,1151.0,1131.0,1137.0,1173.0,1133.0,1035.0,1060.0,1089.0,1062.0,1040.0,1072.0,1082.0,1066.0,1084.0,1100.0,963.0,988.0,951.0,934.0,934.0,902.0,972.0,984.0,964.0,937.0,889.0,856.0,904.0,916.0,918.0,906.0,928.0,905.0,882.0,928.0,1114.0,1136.0,1114.0,1115.0,1136.0,1123.0,1137.0,1142.0,1127.0,1140.0,901.0,894.0,949.0,960.0,913.0,863.0,884.0,945.0,924.0,921.0
967,766.0,766.0,793.0,784.0,784.0,730.0,778.0,822.0,754.0,758.0,929.0,961.0,954.0,948.0,947.0,951.0,947.0,896.0,936.0,972.0,960.0,958.0,969.0,882.0,1023.0,980.0,922.0,987.0,1002.0,995.0,1063.0,985.0,1044.0,995.0,1000.0,1047.0,1011.0,1042.0,1012.0,1036.0,1132.0,1173.0,1136.0,1178.0,1151.0,1119.0,1162.0,1150.0,1130.0,1116.0,1059.0,1097.0,1114.0,1076.0,1048.0,1072.0,1105.0,1117.0,1113.0,1073.0,983.0,979.0,941.0,995.0,911.0,953.0,975.0,930.0,976.0,934.0,901.0,912.0,899.0,948.0,898.0,891.0,910.0,908.0,865.0,920.0,1131.0,1121.0,1109.0,1117.0,1168.0,1153.0,1143.0,1117.0,1154.0,1105.0,902.0,915.0,926.0,947.0,942.0,913.0,891.0,899.0,913.0,930.0
968,745.0,755.0,782.0,768.0,738.0,764.0,757.0,764.0,850.0,780.0,924.0,962.0,941.0,903.0,972.0,943.0,956.0,928.0,926.0,976.0,974.0,946.0,981.0,948.0,1005.0,951.0,963.0,991.0,952.0,970.0,1002.0,1021.0,1051.0,1034.0,1017.0,1031.0,1046.0,1052.0,1020.0,1079.0,1133.0,1181.0,1159.0,1149.0,1111.0,1131.0,1170.0,1131.0,1113.0,1169.0,1102.0,1179.0,1081.0,1093.0,1086.0,1035.0,1069.0,1076.0,1091.0,1049.0,968.0,961.0,1004.0,976.0,962.0,963.0,969.0,944.0,986.0,900.0,912.0,897.0,903.0,964.0,933.0,940.0,904.0,935.0,904.0,900.0,1127.0,1105.0,1135.0,1108.0,1097.0,1169.0,1085.0,1137.0,1120.0,1120.0,937.0,854.0,844.0,927.0,952.0,881.0,926.0,909.0,898.0,894.0
969,808.0,755.0,813.0,783.0,762.0,774.0,756.0,780.0,787.0,753.0,924.0,951.0,970.0,955.0,929.0,931.0,977.0,903.0,991.0,966.0,957.0,1006.0,955.0,1021.0,959.0,963.0,951.0,987.0,1007.0,971.0,1001.0,1006.0,1011.0,988.0,1021.0,1008.0,1029.0,1059.0,1024.0,1024.0,1138.0,1135.0,1130.0,1119.0,1146.0,1115.0,1121.0,1171.0,1126.0,1115.0,1064.0,1115.0,1075.0,1113.0,1072.0,1093.0,1085.0,1045.0,1072.0,1101.0,959.0,990.0,976.0,976.0,954.0,938.0,979.0,1001.0,964.0,948.0,933.0,929.0,894.0,884.0,965.0,900.0,889.0,939.0,914.0,937.0,1136.0,1112.0,1134.0,1095.0,1134.0,1163.0,1111.0,1097.0,1071.0,1106.0,905.0,861.0,925.0,938.0,930.0,922.0,948.0,885.0,907.0,915.0
970,770.0,768.0,776.0,789.0,770.0,786.0,783.0,759.0,771.0,775.0,1015.0,964.0,963.0,980.0,972.0,978.0,956.0,946.0,986.0,945.0,964.0,978.0,983.0,962.0,1004.0,934.0,930.0,929.0,971.0,949.0,965.0,1044.0,1017.0,996.0,988.0,981.0,1011.0,1026.0,1063.0,1025.0,1117.0,1137.0,1130.0,1155.0,1154.0,1088.0,1163.0,1171.0,1136.0,1129.0,1092.0,1058.0,1049.0,1089.0,1062.0,1060.0,1087.0,1095.0,1063.0,1068.0,927.0,1008.0,970.0,966.0,968.0,959.0,941.0,969.0,942.0,926.0,917.0,953.0,894.0,869.0,926.0,919.0,927.0,929.0,927.0,914.0,1115.0,1091.0,1144.0,1113.0,1150.0,1138.0,1133.0,1134.0,1084.0,1137.0,944.0,861.0,956.0,953.0,879.0,968.0,915.0,906.0,922.0,969.0
971,747.0,773.0,755.0,783.0,793.0,816.0,756.0,776.0,770.0,762.0,942.0,951.0,932.0,980.0,949.0,916.0,989.0,952.0,1013.0,964.0,955.0,924.0,992.0,983.0,993.0,916.0,939.0,971.0,964.0,997.0,1004.0,1033.0,1062.0,1051.0,1041.0,1050.0,1031.0,1032.0,1063.0,1045.0,1148.0,1118.0,1142.0,1085.0,1087.0,1140.0,1118.0,1137.0,1114.0,1095.0,1118.0,1084.0,1106.0,1067.0,1109.0,1051.0,1144.0,1090.0,1055.0,1074.0,908.0,1004.0,930.0,989.0,997.0,959.0,977.0,988.0,980.0,965.0,930.0,951.0,916.0,909.0,827.0,919.0,879.0,920.0,909.0,874.0,1141.0,1143.0,1132.0,1107.0,1131.0,1130.0,1105.0,1118.0,1134.0,1133.0,930.0,881.0,913.0,921.0,946.0,916.0,906.0,881.0,862.0,931.0
972,772.0,755.0,752.0,818.0,769.0,755.0,764.0,765.0,779.0,708.0,971.0,902.0,984.0,883.0,928.0,961.0,982.0,959.0,950.0,971.0,1011.0,963.0,1011.0,976.0,967.0,981.0,992.0,988.0,947.0,969.0,973.0,1004.0,1007.0,1043.0,1073.0,989.0,1029.0,1025.0,988.0,1010.0,1131.0,1142.0,1145.0,1186.0,1119.0,1138.0,1134.0,1117.0,1147.0,1196.0,1067.0,1129.0,1088.0,1122.0,1118.0,1041.0,1109.0,1095.0,1102.0,1082.0,944.0,1005.0,976.0,961.0,1004.0,954.0,946.0,929.0,923.0,989.0,935.0,900.0,920.0,879.0,868.0,949.0,912.0,945.0,904.0,891.0,1131.0,1145.0,1114.0,1046.0,1115.0,1124.0,1094.0,1152.0,1179.0,1088.0,888.0,916.0,881.0,960.0,911.0,922.0,884.0,889.0,941.0,931.0
973,741.0,793.0,790.0,729.0,763.0,804.0,772.0,745.0,793.0,763.0,977.0,922.0,977.0,987.0,989.0,928.0,948.0,944.0,954.0,958.0,1001.0,987.0,995.0,936.0,955.0,925.0,983.0,1000.0,957.0,979.0,1010.0,1018.0,997.0,1049.0,1018.0,1028.0,1026.0,1006.0,1021.0,995.0,1123.0,1131.0,1123.0,1072.0,1127.0,1156.0,1102.0,1141.0,1145.0,1106.0,1030.0,1102.0,1058.0,1110.0,1100.0,1051.0,1026.0,1090.0,1114.0,1119.0,960.0,954.0,1004.0,975.0,971.0,980.0,986.0,974.0,923.0,1014.0,971.0,909.0,938.0,953.0,918.0,910.0,948.0,938.0,924.0,913.0,1112.0,1113.0,1066.0,1088.0,1094.0,1118.0,1098.0,1111.0,1095.0,1103.0,900.0,935.0,936.0,977.0,939.0,916.0,962.0,916.0,936.0,884.0
974,759.0,819.0,761.0,735.0,712.0,767.0,757.0,755.0,802.0,755.0,877.0,975.0,946.0,978.0,970.0,947.0,936.0,1001.0,930.0,933.0,943.0,939.0,991.0,988.0,957.0,957.0,1003.0,929.0,980.0,985.0,1023.0,1012.0,1023.0,1007.0,1080.0,1035.0,1029.0,1002.0,986.0,990.0,1182.0,1158.0,1131.0,1149.0,1169.0,1151.0,1183.0,1123.0,1153.0,1131.0,1064.0,1054.0,1126.0,1102.0,1109.0,1060.0,1088.0,1052.0,1095.0,1020.0,962.0,970.0,980.0,950.0,960.0,1015.0,892.0,990.0,990.0,989.0,927.0,921.0,886.0,903.0,878.0,859.0,891.0,952.0,868.0,946.0,1151.0,1105.0,1141.0,1098.0,1104.0,1106.0,1137.0,1137.0,1144.0,1170.0,933.0,915.0,895.0,963.0,928.0,918.0,930.0,926.0,913.0,916.0
975,774.0,748.0,758.0,767.0,786.0,785.0,776.0,781.0,751.0,764.0,951.0,993.0,998.0,978.0,940.0,972.0,950.0,972.0,958.0,942.0,1036.0,966.0,1033.0,955.0,1044.0,958.0,1006.0,969.0,977.0,920.0,955.0,1051.0,1007.0,1089.0,1034.0,997.0,1009.0,1006.0,1030.0,1045.0,1138.0,1145.0,1148.0,1103.0,1134.0,1136.0,1084.0,1173.0,1121.0,1153.0,1051.0,1088.0,1091.0,1105.0,1055.0,1055.0,1071.0,1096.0,1067.0,1087.0,990.0,972.0,964.0,969.0,999.0,981.0,979.0,952.0,986.0,974.0,913.0,888.0,852.0,858.0,881.0,930.0,896.0,884.0,913.0,917.0,1105.0,1123.0,1145.0,1128.0,1105.0,1102.0,1147.0,1102.0,1149.0,1120.0,908.0,892.0,881.0,918.0,890.0,904.0,929.0,930.0,908.0,913.0
976,794.0,756.0,784.0,775.0,772.0,750.0,784.0,779.0,826.0,791.0,928.0,961.0,920.0,932.0,922.0,987.0,937.0,954.0,923.0,991.0,968.0,1024.0,994.0,938.0,1006.0,957.0,960.0,1005.0,999.0,991.0,1037.0,1006.0,1039.0,1069.0,1005.0,1011.0,1059.0,988.0,964.0,1002.0,1117.0,1110.0,1152.0,1101.0,1167.0,1131.0,1144.0,1100.0,1154.0,1136.0,1059.0,1072.0,1100.0,1073.0,1078.0,1094.0,1068.0,1077.0,1062.0,1065.0,996.0,975.0,989.0,1002.0,978.0,920.0,885.0,1024.0,948.0,920.0,914.0,906.0,864.0,931.0,883.0,933.0,928.0,909.0,901.0,924.0,1100.0,1135.0,1138.0,1128.0,1149.0,1153.0,1166.0,1108.0,1157.0,1071.0,910.0,921.0,894.0,922.0,908.0,880.0,914.0,925.0,926.0,949.0
977,776.0,765.0,781.0,784.0,815.0,783.0,779.0,815.0,785.0,743.0,950.0,895.0,943.0,945.0,914.0,943.0,929.0,953.0,978.0,975.0,969.0,992.0,978.0,956.0,907.0,969.0,954.0,977.0,944.0,993.0,1015.0,1014.0,993.0,1049.0,989.0,994.0,1037.0,994.0,1019.0,1037.0,1114.0,1152.0,1163.0,1083.0,1166.0,1088.0,1085.0,1133.0,1070.0,1171.0,1098.0,1137.0,1088.0,1092.0,1151.0,1130.0,1105.0,1087.0,1107.0,1075.0,958.0,968.0,988.0,949.0,922.0,961.0,975.0,969.0,953.0,925.0,885.0,906.0,917.0,921.0,959.0,943.0,919.0,917.0,926.0,921.0,1144.0,1118.0,1104.0,1148.0,1135.0,1088.0,1150.0,1125.0,1140.0,1116.0,914.0,916.0,921.0,946.0,908.0,921.0,914.0,902.0,940.0,882.0
978,767.0,743.0,740.0,718.0,806.0,787.0,778.0,763.0,827.0,744.0,971.0,954.0,958.0,968.0,959.0,973.0,937.0,968.0,949.0,946.0,916.0,981.0,986.0,1023.0,949.0,913.0,995.0,1036.0,940.0,1001.0,1053.0,1017.0,979.0,1048.0,988.0,990.0,1030.0,997.0,994.0,1043.0,1102.0,1125.0,1226.0,1143.0,1138.0,1125.0,1142.0,1100.0,1098.0,1121.0,1096.0,1087.0,1106.0,1086.0,1120.0,1162.0,1069.0,1090.0,1079.0,1085.0,991.0,977.0,974.0,942.0,974.0,952.0,943.0,959.0,994.0,942.0,917.0,941.0,882.0,895.0,928.0,871.0,927.0,885.0,937.0,887.0,1094.0,1105.0,1099.0,1130.0,1116.0,1115.0,1070.0,1118.0,1139.0,1119.0,919.0,934.0,921.0,915.0,889.0,931.0,959.0,957.0,908.0,950.0
979,806.0,756.0,803.0,783.0,736.0,764.0,779.0,762.0,817.0,804.0,946.0,922.0,978.0,953.0,953.0,936.0,936.0,983.0,954.0,955.0,1015.0,1016.0,919.0,1001.0,964.0,976.0,958.0,1001.0,954.0,975.0,1050.0,1072.0,992.0,1016.0,1023.0,1043.0,1078.0,1046.0,1019.0,1029.0,1102.0,1119.0,1150.0,1149.0,1143.0,1106.0,1145.0,1094.0,1100.0,1091.0,1040.0,1082.0,1086.0,1088.0,1123.0,1135.0,1096.0,1077.0,1069.0,1045.0,951.0,951.0,982.0,948.0,966.0,991.0,933.0,950.0,947.0,932.0,907.0,929.0,939.0,939.0,943.0,890.0,894.0,912.0,960.0,937.0,1089.0,1102.0,1127.0,1101.0,1103.0,1075.0,1140.0,1127.0,1136.0,1146.0,924.0,914.0,897.0,891.0,912.0,903.0,888.0,923.0,914.0,930.0
980,756.0,789.0,756.0,756.0,738.0,765.0,796.0,778.0,753.0,780.0,908.0,927.0,917.0,973.0,965.0,973.0,942.0,937.0,971.0,892.0,992.0,980.0,942.0,1005.0,954.0,947.0,969.0,938.0,993.0,981.0,1056.0,1006.0,1024.0,1040.0,1059.0,1060.0,990.0,1082.0,984.0,996.0,1132.0,1144.0,1102.0,1142.0,1178.0,1135.0,1137.0,1169.0,1182.0,1149.0,1111.0,1103.0,1073.0,1059.0,1083.0,1048.0,1083.0,1129.0,1078.0,1098.0,944.0,966.0,974.0,965.0,936.0,982.0,962.0,935.0,903.0,987.0,915.0,905.0,959.0,916.0,914.0,939.0,903.0,913.0,970.0,936.0,1122.0,1142.0,1171.0,1110.0,1109.0,1090.0,1127.0,1075.0,1124.0,1110.0,890.0,902.0,955.0,904.0,928.0,880.0,939.0,916.0,909.0,914.0
981,766.0,809.0,770.0,793.0,735.0,757.0,801.0,793.0,725.0,773.0,897.0,962.0,928.0,975.0,935.0,942.0,959.0,936.0,1008.0,951.0,1010.0,1002.0,955.0,941.0,1002.0,956.0,959.0,1022.0,1015.0,974.0,1035.0,1027.0,1062.0,1011.0,1056.0,1054.0,1047.0,1045.0,1022.0,1053.0,1121.0,1166.0,1153.0,1122.0,1169.0,1196.0,1080.0,1127.0,1106.0,1125.0,1086.0,1063.0,1093.0,1106.0,1064.0,1017.0,1099.0,1070.0,1127.0,1071.0,973.0,955.0,977.0,966.0,950.0,947.0,984.0,979.0,944.0,966.0,923.0,913.0,883.0,889.0,912.0,916.0,898.0,916.0,887.0,917.0,1104.0,1094.0,1137.0,1123.0,1113.0,1110.0,1095.0,1077.0,1138.0,1118.0,913.0,876.0,914.0,946.0,928.0,921.0,931.0,913.0,891.0,895.0
982,748.0,783.0,748.0,738.0,752.0,716.0,746.0,811.0,772.0,762.0,968.0,986.0,966.0,970.0,967.0,973.0,980.0,979.0,1005.0,921.0,1001.0,988.0,974.0,993.0,984.0,990.0,977.0,1011.0,937.0,1015.0,1045.0,1012.0,1046.0,1046.0,1062.0,988.0,1033.0,1059.0,1027.0,1037.0,1107.0,1142.0,1146.0,1178.0,1114.0,1143.0,1136.0,1124.0,1088.0,1157.0,1057.0,1040.0,1116.0,1073.0,1115.0,1110.0,1070.0,1056.0,1086.0,1100.0,927.0,948.0,967.0,918.0,945.0,983.0,1000.0,928.0,982.0,964.0,919.0,927.0,902.0,879.0,917.0,905.0,881.0,904.0,889.0,882.0,1119.0,1151.0,1086.0,1161.0,1128.0,1105.0,1112.0,1090.0,1148.0,1119.0,937.0,890.0,922.0,910.0,881.0,899.0,918.0,918.0,929.0,883.0
983,750.0,751.0,810.0,798.0,810.0,779.0,806.0,764.0,773.0,772.0,945.0,963.0,921.0,923.0,928.0,982.0,952.0,976.0,924.0,978.0,980.0,961.0,959.0,945.0,937.0,958.0,988.0,1015.0,962.0,951.0,1032.0,1026.0,1038.0,1020.0,1049.0,1016.0,1055.0,1010.0,1004.0,994.0,1113.0,1087.0,1174.0,1158.0,1116.0,1105.0,1143.0,1138.0,1177.0,1158.0,1073.0,1119.0,1088.0,1084.0,1114.0,1005.0,1077.0,1060.0,1107.0,1056.0,953.0,980.0,979.0,985.0,964.0,1012.0,926.0,982.0,951.0,981.0,917.0,908.0,879.0,903.0,918.0,896.0,900.0,919.0,882.0,938.0,1107.0,1128.0,1139.0,1119.0,1090.0,1140.0,1085.0,1116.0,1129.0,1132.0,959.0,944.0,886.0,933.0,942.0,922.0,923.0,901.0,950.0,880.0
984,750.0,771.0,791.0,793.0,791.0,754.0,771.0,785.0,741.0,811.0,962.0,991.0,962.0,945.0,949.0,929.0,968.0,969.0,968.0,940.0,954.0,987.0,998.0,999.0,968.0,951.0,1011.0,959.0,1001.0,970.0,1101.0,1026.0,1011.0,983.0,1005.0,999.0,1043.0,1057.0,1031.0,985.0,1114.0,1207.0,1137.0,1157.0,1187.0,1214.0,1168.0,1110.0,1121.0,1183.0,1136.0,1097.0,1063.0,1110.0,1076.0,1123.0,1038.0,1104.0,1087.0,1103.0,897.0,900.0,957.0,965.0,964.0,939.0,960.0,1009.0,976.0,964.0,910.0,889.0,912.0,894.0,935.0,882.0,885.0,892.0,933.0,902.0,1086.0,1141.0,1137.0,1131.0,1092.0,1126.0,1093.0,1119.0,1112.0,1098.0,917.0,853.0,907.0,890.0,905.0,892.0,918.0,877.0,890.0,886.0
985,794.0,744.0,768.0,755.0,753.0,792.0,752.0,757.0,803.0,741.0,948.0,975.0,977.0,984.0,1005.0,998.0,972.0,981.0,954.0,918.0,952.0,952.0,969.0,1016.0,974.0,967.0,995.0,1009.0,957.0,983.0,1008.0,995.0,1008.0,1014.0,1022.0,1001.0,1052.0,985.0,996.0,1071.0,1131.0,1139.0,1152.0,1094.0,1162.0,1130.0,1134.0,1176.0,1148.0,1112.0,1044.0,1136.0,1078.0,1089.0,1071.0,1072.0,1037.0,1028.0,1082.0,1071.0,972.0,968.0,996.0,920.0,939.0,903.0,1038.0,990.0,949.0,999.0,905.0,930.0,929.0,905.0,915.0,944.0,883.0,920.0,943.0,928.0,1178.0,1129.0,1117.0,1149.0,1122.0,1072.0,1109.0,1141.0,1076.0,1100.0,895.0,893.0,881.0,942.0,911.0,933.0,883.0,891.0,955.0,919.0
986,764.0,756.0,789.0,760.0,778.0,748.0,811.0,747.0,848.0,820.0,990.0,967.0,1028.0,932.0,979.0,938.0,914.0,934.0,1005.0,912.0,1015.0,984.0,998.0,1040.0,976.0,979.0,951.0,949.0,924.0,971.0,992.0,1009.0,986.0,1005.0,1005.0,993.0,1027.0,1074.0,1001.0,1008.0,1127.0,1136.0,1163.0,1100.0,1160.0,1152.0,1167.0,1160.0,1158.0,1175.0,1058.0,1150.0,1073.0,1048.0,1072.0,1126.0,1079.0,1118.0,1107.0,1009.0,957.0,942.0,982.0,982.0,985.0,959.0,953.0,914.0,937.0,987.0,931.0,897.0,910.0,916.0,918.0,917.0,916.0,929.0,875.0,931.0,1120.0,1116.0,1083.0,1148.0,1072.0,1106.0,1121.0,1123.0,1122.0,1133.0,875.0,904.0,864.0,938.0,932.0,892.0,915.0,926.0,885.0,899.0
987,779.0,756.0,798.0,857.0,728.0,749.0,799.0,793.0,830.0,746.0,944.0,973.0,1004.0,920.0,960.0,963.0,969.0,991.0,920.0,938.0,964.0,961.0,955.0,960.0,993.0,983.0,971.0,981.0,1013.0,986.0,1010.0,1011.0,1031.0,1000.0,1026.0,1036.0,1006.0,1026.0,1033.0,989.0,1112.0,1131.0,1095.0,1143.0,1143.0,1113.0,1070.0,1140.0,1087.0,1112.0,1065.0,1109.0,1080.0,1099.0,1105.0,1100.0,1099.0,1094.0,1076.0,1075.0,989.0,990.0,987.0,921.0,996.0,932.0,999.0,1009.0,967.0,1022.0,943.0,910.0,908.0,855.0,917.0,880.0,899.0,875.0,927.0,889.0,1143.0,1129.0,1116.0,1157.0,1098.0,1158.0,1135.0,1107.0,1114.0,1177.0,881.0,890.0,906.0,956.0,909.0,892.0,910.0,856.0,899.0,908.0
988,770.0,791.0,755.0,771.0,786.0,776.0,800.0,776.0,823.0,760.0,897.0,936.0,971.0,978.0,956.0,883.0,920.0,929.0,944.0,922.0,1019.0,982.0,1021.0,1010.0,1006.0,979.0,975.0,958.0,962.0,979.0,1017.0,1031.0,1013.0,990.0,1043.0,1018.0,1018.0,1035.0,1023.0,997.0,1137.0,1127.0,1112.0,1102.0,1156.0,1105.0,1150.0,1133.0,1143.0,1143.0,1074.0,1107.0,1134.0,1086.0,1110.0,1097.0,1070.0,1131.0,1054.0,1107.0,949.0,984.0,1006.0,1003.0,967.0,995.0,991.0,917.0,992.0,981.0,916.0,890.0,879.0,904.0,898.0,953.0,871.0,925.0,956.0,895.0,1183.0,1087.0,1104.0,1155.0,1070.0,1087.0,1105.0,1116.0,1069.0,1150.0,865.0,930.0,884.0,870.0,884.0,917.0,959.0,951.0,905.0,905.0
989,763.0,820.0,808.0,768.0,771.0,792.0,781.0,793.0,819.0,806.0,928.0,953.0,975.0,964.0,947.0,899.0,960.0,942.0,934.0,968.0,938.0,1020.0,1009.0,949.0,970.0,970.0,1024.0,999.0,967.0,944.0,990.0,961.0,986.0,1016.0,1031.0,1053.0,1034.0,1062.0,1040.0,1077.0,1142.0,1114.0,1178.0,1165.0,1098.0,1115.0,1129.0,1128.0,1156.0,1136.0,1127.0,1040.0,1049.0,1056.0,1107.0,1088.0,1063.0,1109.0,1090.0,1069.0,967.0,998.0,992.0,911.0,994.0,974.0,947.0,1014.0,941.0,970.0,897.0,935.0,926.0,965.0,975.0,932.0,885.0,846.0,916.0,845.0,1136.0,1088.0,1117.0,1198.0,1086.0,1121.0,1154.0,1112.0,1129.0,1108.0,937.0,942.0,839.0,874.0,901.0,866.0,879.0,865.0,877.0,917.0
990,733.0,795.0,812.0,778.0,757.0,757.0,741.0,812.0,756.0,799.0,958.0,953.0,923.0,946.0,921.0,903.0,937.0,981.0,937.0,1010.0,1028.0,985.0,989.0,978.0,1001.0,999.0,1008.0,997.0,1004.0,971.0,1001.0,1039.0,999.0,1013.0,989.0,1018.0,1038.0,1056.0,1060.0,1047.0,1130.0,1121.0,1150.0,1174.0,1104.0,1142.0,1173.0,1156.0,1128.0,1114.0,1116.0,1114.0,1102.0,1058.0,1094.0,1055.0,1112.0,1014.0,1107.0,1083.0,934.0,962.0,972.0,932.0,1012.0,1001.0,920.0,928.0,949.0,971.0,885.0,934.0,905.0,892.0,930.0,921.0,901.0,937.0,915.0,886.0,1114.0,1091.0,1114.0,1169.0,1167.0,1144.0,1121.0,1128.0,1109.0,1097.0,923.0,880.0,916.0,924.0,902.0,869.0,901.0,861.0,903.0,864.0
991,760.0,740.0,797.0,797.0,742.0,774.0,787.0,766.0,789.0,778.0,941.0,975.0,969.0,904.0,929.0,887.0,974.0,979.0,898.0,956.0,1033.0,974.0,998.0,969.0,1027.0,981.0,950.0,988.0,1006.0,984.0,1016.0,1032.0,1025.0,1007.0,1041.0,1019.0,1032.0,1058.0,1053.0,1056.0,1131.0,1219.0,1176.0,1187.0,1173.0,1171.0,1111.0,1114.0,1168.0,1137.0,1096.0,1099.0,1078.0,1081.0,1087.0,1087.0,1110.0,1047.0,1066.0,1045.0,996.0,929.0,945.0,959.0,913.0,968.0,977.0,975.0,924.0,957.0,911.0,958.0,928.0,890.0,905.0,891.0,897.0,925.0,907.0,902.0,1053.0,1102.0,1082.0,1149.0,1150.0,1135.0,1106.0,1089.0,1138.0,1112.0,887.0,840.0,884.0,919.0,905.0,893.0,910.0,933.0,916.0,915.0
992,796.0,789.0,759.0,770.0,729.0,804.0,723.0,770.0,749.0,809.0,971.0,921.0,943.0,952.0,939.0,957.0,955.0,963.0,994.0,932.0,1005.0,968.0,948.0,1028.0,1015.0,940.0,951.0,980.0,967.0,1000.0,1002.0,1058.0,1016.0,1015.0,1040.0,1043.0,1021.0,1080.0,1011.0,1040.0,1136.0,1141.0,1201.0,1173.0,1089.0,1146.0,1140.0,1126.0,1100.0,1132.0,1097.0,1085.0,1089.0,1080.0,1087.0,1046.0,1075.0,1055.0,1096.0,1073.0,985.0,968.0,942.0,914.0,952.0,927.0,967.0,938.0,960.0,933.0,905.0,892.0,918.0,918.0,919.0,919.0,902.0,927.0,948.0,871.0,1082.0,1122.0,1154.0,1094.0,1164.0,1124.0,1170.0,1120.0,1105.0,1115.0,847.0,927.0,905.0,919.0,937.0,903.0,948.0,916.0,936.0,939.0
993,781.0,773.0,770.0,719.0,719.0,756.0,773.0,780.0,766.0,725.0,941.0,979.0,917.0,988.0,973.0,965.0,941.0,980.0,963.0,914.0,968.0,951.0,1014.0,995.0,1024.0,965.0,1014.0,1009.0,977.0,1003.0,1020.0,1045.0,1016.0,1000.0,1020.0,1007.0,970.0,1033.0,996.0,1031.0,1161.0,1165.0,1146.0,1110.0,1171.0,1137.0,1119.0,1096.0,1163.0,1198.0,1068.0,1073.0,1106.0,1129.0,1109.0,1097.0,1057.0,1084.0,1134.0,1068.0,980.0,965.0,961.0,971.0,917.0,935.0,982.0,976.0,866.0,971.0,848.0,925.0,884.0,927.0,888.0,905.0,889.0,917.0,949.0,913.0,1136.0,1055.0,1130.0,1125.0,1124.0,1136.0,1194.0,1100.0,1149.0,1106.0,922.0,942.0,930.0,897.0,922.0,904.0,911.0,902.0,897.0,909.0
994,763.0,752.0,785.0,779.0,743.0,756.0,756.0,819.0,736.0,764.0,938.0,959.0,906.0,978.0,962.0,1006.0,969.0,924.0,890.0,936.0,970.0,1007.0,977.0,959.0,1003.0,1024.0,941.0,980.0,969.0,959.0,1019.0,1040.0,1017.0,1034.0,960.0,972.0,1000.0,1004.0,1062.0,1010.0,1148.0,1137.0,1193.0,1121.0,1146.0,1108.0,1163.0,1165.0,1140.0,1165.0,1081.0,1072.0,1087.0,1082.0,1105.0,1107.0,1069.0,1067.0,1122.0,1100.0,997.0,995.0,1011.0,984.0,980.0,988.0,991.0,931.0,945.0,953.0,928.0,913.0,875.0,891.0,893.0,861.0,891.0,951.0,927.0,916.0,1069.0,1090.0,1105.0,1136.0,1137.0,1087.0,1109.0,1133.0,1099.0,1119.0,913.0,910.0,916.0,898.0,935.0,899.0,961.0,904.0,967.0,914.0
995,797.0,725.0,769.0,764.0,736.0,817.0,773.0,788.0,733.0,817.0,906.0,963.0,969.0,942.0,923.0,990.0,990.0,885.0,956.0,947.0,973.0,969.0,1033.0,969.0,1023.0,943.0,1008.0,996.0,960.0,953.0,987.0,1053.0,1032.0,1052.0,1053.0,1016.0,1029.0,1053.0,1056.0,999.0,1136.0,1129.0,1098.0,1126.0,1123.0,1160.0,1127.0,1132.0,1103.0,1108.0,1071.0,1097.0,1083.0,1105.0,1102.0,1084.0,1046.0,1054.0,1106.0,1079.0,1026.0,960.0,957.0,976.0,965.0,939.0,924.0,970.0,971.0,977.0,896.0,935.0,894.0,881.0,960.0,910.0,918.0,931.0,942.0,907.0,1110.0,1111.0,1079.0,1136.0,1103.0,1047.0,1169.0,1161.0,1092.0,1144.0,927.0,931.0,962.0,911.0,875.0,907.0,865.0,907.0,938.0,908.0
996,794.0,825.0,724.0,761.0,823.0,831.0,774.0,784.0,764.0,713.0,1001.0,975.0,998.0,965.0,921.0,924.0,923.0,973.0,963.0,955.0,966.0,1008.0,941.0,983.0,961.0,932.0,957.0,984.0,1016.0,1003.0,1021.0,999.0,1081.0,971.0,955.0,1055.0,1043.0,1036.0,999.0,1049.0,1131.0,1081.0,1134.0,1164.0,1170.0,1109.0,1171.0,1134.0,1122.0,1165.0,1071.0,1102.0,1130.0,1064.0,1113.0,1118.0,1053.0,1049.0,1102.0,1087.0,980.0,935.0,940.0,965.0,984.0,906.0,986.0,967.0,1005.0,948.0,891.0,908.0,941.0,933.0,922.0,881.0,871.0,919.0,916.0,900.0,1103.0,1158.0,1102.0,1123.0,1128.0,1103.0,1147.0,1162.0,1096.0,1089.0,873.0,883.0,881.0,934.0,887.0,956.0,923.0,868.0,874.0,928.0
997,800.0,756.0,807.0,763.0,792.0,740.0,797.0,749.0,775.0,772.0,917.0,944.0,978.0,942.0,962.0,973.0,907.0,991.0,938.0,945.0,953.0,990.0,968.0,1006.0,997.0,998.0,970.0,980.0,991.0,986.0,1062.0,1026.0,1028.0,1027.0,1053.0,1048.0,1038.0,1054.0,1017.0,985.0,1119.0,1158.0,1119.0,1147.0,1146.0,1126.0,1155.0,1187.0,1160.0,1121.0,1002.0,1021.0,1012.0,1096.0,1075.0,1069.0,1120.0,1063.0,1070.0,1139.0,1003.0,984.0,957.0,978.0,934.0,934.0,946.0,933.0,1023.0,937.0,925.0,918.0,926.0,905.0,930.0,911.0,914.0,876.0,914.0,913.0,1138.0,1151.0,1120.0,1134.0,1087.0,1111.0,1085.0,1116.0,1118.0,1098.0,912.0,925.0,964.0,864.0,891.0,903.0,916.0,923.0,849.0,943.0
998,789.0,808.0,757.0,758.0,751.0,745.0,799.0,785.0,741.0,756.0,1019.0,960.0,959.0,926.0,975.0,1004.0,926.0,944.0,944.0,948.0,968.0,976.0,963.0,944.0,963.0,998.0,947.0,965.0,971.0,982.0,1001.0,1016.0,1062.0,1040.0,1055.0,966.0,1021.0,1053.0,1029.0,1016.0,1136.0,1126.0,1188.0,1153.0,1113.0,1116.0,1152.0,1159.0,1189.0,1157.0,1077.0,1083.0,1032.0,1119.0,1084.0,1097.0,1047.0,1139.0,1013.0,1050.0,940.0,927.0,930.0,976.0,965.0,957.0,967.0,959.0,1024.0,995.0,890.0,893.0,902.0,921.0,919.0,880.0,935.0,836.0,916.0,911.0,1117.0,1142.0,1141.0,1155.0,1135.0,1092.0,1192.0,1127.0,1149.0,1104.0,893.0,944.0,942.0,867.0,908.0,959.0,862.0,902.0,874.0,921.0
999,785.0,794.0,794.0,759.0,776.0,759.0,788.0,751.0,760.0,752.0,974.0,882.0,949.0,1006.0,980.0,982.0,962.0,934.0,975.0,996.0,950.0,978.0,989.0,949.0,985.0,954.0,957.0,948.0,986.0,949.0,1029.0,1033.0,988.0,1016.0,1050.0,1002.0,992.0,997.0,1004.0,1041.0,1177.0,1129.0,1116.0,1139.0,1103.0,1150.0,1153.0,1136.0,1138.0,1097.0,1113.0,1116.0,1091.0,1069.0,1069.0,1129.0,1030.0,1127.0,1080.0,1098.0,944.0,999.0,952.0,998.0,938.0,951.0,982.0,1007.0,987.0,978.0,897.0,845.0,905.0,882.0,887.0,887.0,883.0,914.0,879.0,922.0,1047.0,1115.0,1130.0,1157.0,1133.0,1073.0,1163.0,1119.0,1124.0,1099.0,913.0,981.0,963.0,882.0,949.0,925.0,939.0,935.0,915.0,909.0
1000,750.0,790.0,770.0,764.0,769.0,769.0,795.0,738.0,745.0,772.0,964.0,965.0,967.0,934.0,953.0,940.0,926.0,978.0,945.0,926.0,961.0,958.0,973.0,930.0,952.0,939.0,977.0,994.0,952.0,957.0,974.0,994.0,1068.0,1032.0,1065.0,1048.0,1022.0,1014.0,1034.0,1013.0,1098.0,1176.0,1116.0,1144.0,1109.0,1119.0,1185.0,1148.0,1168.0,1154.0,1124.0,1113.0,1081.0,1088.0,1081.0,1117.0,1084.0,1067.0,1129.0,1110.0,988.0,972.0,974.0,989.0,958.0,973.0,971.0,917.0,941.0,976.0,913.0,882.0,903.0,870.0,933.0,887.0,895.0,906.0,911.0,859.0,1149.0,1168.0,1134.0,1188.0,1126.0,1088.0,1119.0,1162.0,1124.0,1161.0,904.0,850.0,892.0,914.0,926.0,934.0,876.0,942.0,895.0,908.0
